idx,prediction
0,"تمكنت فرق الإطفاء الفرنسية من السيطرة على الحريق الضخم الذي شب في كاتدرائية نوتردام التاريخية في وسط العاصمة باريس، والذي أدى إلى انهيار برجيها الأماميين وسقفها، فيما أعلن الرئيس الفرنسي أن ""الأسوأ تم تجنبه""."
1,أفادت مصادر أمنية وطبية عراقية بسقوط قذائف هاون في محافظتي الانبار ونينوى غربي العراق.
2,أعلن الائتلاف الوطني السوري المعارض أن أي حل سياسي للنزاع المستمر في سوريا يجب أن يبدأ برحيل الرئيس بشار الأسد، في رفض غير مباشر لدعوة روسيا والولايات المتحدة إلى حوار بين الطرفين المتقاتلين يضع حدا للنزاع.
3,في مباراة ظلت نتيجتها معلقة حتى اللحظات الأخيرة فرض ليفركوزن التعادل الإيجابي 4  4 على لقاء هانوفر مع ضيفه بايرليفركوزن اليوم الأحد في المرحلة السابعة عشر من الدوري الألماني لكرة القدم.
4,يبدو أن رغبة ريال مدريد في الحصول على خدمات نجم المنتخب الويلزي غاريث بيل قد تصل به إلى حد جعله اغلي لاعب في التاريخ. تقارير صحفية تشير إلى أن توتنهام وضع سقفا لن يتنازل عنه وهو 120 مليون يورو للتخلي عن بيل.
5,"تحطمت غواصة يتم التحكم فيها عن بعد في أعماق البحار شمال شرق نيوزيلندا، حسبما ذكر موقع ""ذا ستاف"" نقلا عن المخرج السينمائي ومستكشف المحيطات جيمس كاميرون الذي تبرع بالغواصة التي استخدمها."
6,قتل نائب في برلمان إقليم خيبر القبلي شمال غربي باكستان في هجوم شنه مسلحون على منزله يوم عيد الفطر.
7,توفي الأديب والكاتب الصحفي المصري أنيس منصور عن عمر ناهز 87 عاما بعد إصابته بالتهاب رئوي وشرخ بين فقرات الظهر.
8,شنت جبهة بوليساريو المدعومة من الجزائر هجوما صاروخيا على مواقع الجيش المغربي في منطقة الكركرات المتنازع عليها بين المغرب وجبهة البوليساريو.
9,اعتقلت الشرطة الفرنسية رجلين يشتبه في صلتهما بمؤامرة مزعومة لتجنيد فرنسي للقتال في سوريا.
10,دعا الرئيس اليمني السابق علي عبد الله صالح التحالف بقيادة السعودية إلى وقف الهجمات ورفع الحصار عن اليمن لتمهيد الطريق أمام إنهاء الحرب المستمرة منذ قرابة ثلاثة أعوام. يأتي ذلك في وقت تدور فيه اشتباكات في صنعاء بين أنصار صالح والحوثيين.
11,خدع رجلان هنديان نفسيهما في مدينة مومباي الهندية للحصول على المصباح السحري.
12,في إطار منتدى التعاون الاقتصادي لدول آسيا والمحيط الهادي إيبك اتفق زعماء هذه الدول على تحديد أهداف واضحة للحد من الانبعاث المسببة لظاهرة الاحتباس الحراري، لكنهم اتفقوا من حيث المبدأ على أن الدول الغنية والفقيرة تحتاج إلى خفض الانبعاث.
13,قررت الولايات المتحدة إعادة فتح 18 سفارة من سفاراتها التسعة عشر التي أغلقت هذا الشهر بسبب مخاوف من احتمال وقوع هجمات إرهابية بداية من يوم غد الأحد، فيما حذر الرئيس الأمريكي من تنامي خطر تنظيم القاعدة.
14,في الوقت الذي يقبل الكثير من الناس على شراء كميات كبيرة من الأطعمة اعتقادا منهم أنها ستقوي جهاز مناعتهم وتمنحهم حماية إضافية، قدمت خبيرة التغذية الألمانية مجموعة من النصائح الغذائية في زمن كورونا.
15,"أعلنت شركة شيفروليه عن سحب نحو 2,44 مليون سيارة من الأسواق الأمريكية بسبب عيوب في المصابيح الأمامية، ومفاتيح التشغيل."
16,"فرضت السلطات في النمسا حظرا لمدة ثلاثة أيام على مدونتها بعد أن نشرت صورا لها وهي ترتدي فستان ""درندل"" على موقع التواصل الاجتماعي فيسبوك."
17,يرى رئيس اتحاد أرباب العمل الألماني، إنغو كرامر، أن النقص في العمالة المتخصصة هو التحدي الأكبر للاقتصاد، موضحا أنه في ثلاثينيات القرن الحالي سيتراجع عدد الأفراد في سن العمل بواقع ستة ملايين فرد.
18,"اعتقلت السلطات البلجيكية أربعة أشخاص بعد مداهمة عدة منازل في العاصمة بروكسل، فيما عثرت النيابة على أدلة بأن الرجل الذي فجر قنبلة في محطة للقطارات في بروكسل قبل مقتله، كان متعاطفا مع تنظيم ""داعش""."
19,"شن مسلحو تنظيم ""الدولة الإسلامية"" هجوما انتحاريا فجر الثلاثاء على مقر اللواء 17 في الشرطة الاتحادية في منطقة الثرثار في محافظة صلاح الدين."
20,استعاد بوروسيا مونشنغلادباخ موقعه في صدارة الدوري الألماني لكرة القدم (بوندسليغا) بعد فوزه على بايرن ميونيخ 2  1 في الجولة الرابعة عشر من المسابقة. فيما سحق دورتموند ضيفه فورتونا دوسلدورف بخمسة أهداف نظيفة.
21,قتل 20 جنديا عراقيا على الأقل في هجوم شنه مسلحون على قاعدة عسكرية في محافظة نينوى شمالي العراق.
22,بدأ الناخبون في نيجيريا الإدلاء بأصواتهم في الجولة الثانية من الانتخابات الرئاسية التي جرت الأحد.
23,تشهد مدينة هانوفر الألمانية فعاليات معرض هانوفر الدولي لهذا العام 2011 الذي يعد حجم مشاركة الشركات فيه مقياسا لمستوى الازدهار الاقتصادي، حيث يناقش القائمون على المحطات النووية ورواد متنجي طاقة الرياح والطاقة الشمسية والطاقة الحيوية مستقبل الطاقة النووية
24,"اتهم رئيس المفوضية الأوروبية اليونان ب""إذلال الشعب اليوناني بأكمله""، وذلك في أول رد فعل له على مقترحات الاتحاد الأوروبي الرامية إلى زيادة الضرائب على الأدوية والكهرباء."
25,انتخبت فنزويلا عضوا جديدا في مجلس حقوق الإنسان التابع للأمم المتحدة، في خطوة مثيرة للجدل تأتي على الرغم من أن جماعات معنية بحقوق الإنسان ومعارضين للحكومة كانت تحض الدول على التصويت ضدها.
26,تنطلق في العاصمة السعودية الرياض أعمال قمة مجلس التعاون لدول الخليج العربية، وسط ترقب لما ستسفر عنه الجهود المبذولة لإنهاء الخلاف مع قطر. وكان من المقرر عقد قمة هذا العام في الإمارات.
27,أعلن رئيس الوزراء الماليزي نجيب عبد الرزاق أن الطائرة الماليزية المفقودة أنهت رحلتها في جنوب المحيط الهادي بعد أقل من ساعة على إقلاعها من كوالالمبور في طريقها إلى بكين.
28,أظهرت النتائج الرسمية لانتخابات برلمان ولاية بافاريا الألمانية أن الحزب المسيحي الاجتماعي البافاري والحزب الاشتراكي الديمقراطي هما أبرز الخاسرين في الانتخابات، متكبدا خسارة قدرها 10%، وفقا لنتائج الانتخابات.
29,وصل رئيس المجلس العسكري الانتقالي في السودان الفريق أول عبدالفتاح البرهان إلى القاهرة ليلتقي الرئيس المصري عبد الفتاح السيسي في أول زيارة له خارج البلاد منذ اندلاع الاحتجاجات الشعبية في السودان.
30,وصلت الناشطة الصحراوية أمينتو حيدر إلى مطار مدينة العيون، كبرى مدن الصحراء الغربية، على متن طائرة قادمة من جزيرة لانثاروتي الإسبانية، حيث كانت مضربة عن الطعام منذ أكثر من شهر، احتجاجا على منعها من العودة إلى وطنها.
31,"ذكرت مجلة ""دير شبيغل"" الألمانية أن ألمانيا تريد حماية الجنود الألمان، وعددهم نحو 250 جنديا، خلال مهمتهم في الأردن عبر حصانة تامة من الملاحقة الجنائية."
32,قال جو بايدن، نائب الرئيس الأمريكي، إن الولايات المتحدة ستعاقب ولي العهد السعودي محمد بن سلمان على خلفية مقتل الصحفي جمال خاشقجي.
33,تعتبر أشجار البامبو من أنسب أنواع الأشجار المستخدمة بغرض إعادة تشجير الغابات المطرية. وهي تمتص كميات كبيرة من غاز ثاني أكسيد الكربون، تفوق تلك التي تمتصها الغابات العادية ب 40 مرة.
34,"تعد وجبة ""الماول تاشن"" من أشهر الوجبات الشعبية في ألمانيا، إذ تقدم مع بعض حلقات البصل والبطاطس بالزبدة. تعرفوا على مكونات هذه الوجبة وطريقة إعدادها."
35,"تتنافس ستة عشر مدينة أوروبية على لقب ""عاصمة أوروبا البيئية"" للمرة الأولى في تاريخها، وذلك في إطار التنافس على هذا اللقب الذي تنظمه المفوضية الأوروبية سنويا."
36,قال نشطاء سوريون إن القوات الحكومية استعادت السيطرة على قاعدة المسطومة الاستراتيجية في محافظة إدلب شمال غربي البلاد.
37,منحت جائزة نوبل للطب للبريطاني روبرت ادواردز، الذي ابتكر تقنية التلقيح الاصطناعي، والتي ساهمت في معالجة العقم الذي يطال شريحة كبيرة من البشر بنسبة تفوق 10% من الأزواج.
38,خلصت دراسة دولية إلى أن النشاط الجسماني يطيل العمر ويحد من الأمراض سواء كان بارتياد صالات الألعاب الرياضية أو السير إلى العمل أوإنجاز الأعباء المنزلية اليومية كغسل الملابس أو الاعتناء بالحدائق.
39,"توصلت دراسة حديثة إلى أن تناول عنصر الزنك مع بعض الأطعمة: مثل القهوة والشوكولاتة والشاي يحمي من الإصابة ب""الإجهاد التأكسدي""، المسؤول جزئيا عن الإصابة بالشيخوخة وانخفاض متوسط العمر."
40,قال الجيش التركي إن مسلحين من حزب العمال الكردستاني هاجموا دورية عسكرية في ولاية فان جنوب شرقي البلاد.
41,بدأت في مدينة أمبرغ بجنوبي ألمانيا محاكمة أربعة لاجئين بتهمة الاعتداء على عدد من المارة عشوائيا قبل أربعة أشهر. ويواجه المتهمون عقوبة الحبس مع وقف التنفيذ لمدد تتراوح بين ستة شهور وعام ونصف العام.
42,توفيت الممثلة الأمريكية أوليفيا فونتين، التي لعبت دور البطولة في أفلام عدة للمخرج ألفريد هيتشكوك، عن عمر يناهز 91 عاما.
43,"وافق مجلس الولايات الألمانية ""البوندسرات"" على اتفاقية تبادل المعلومات الحساسة بين ألمانيا والولايات المتحدة والخاصة بالأشخاص المشتبه في صلتهم بالإرهاب. وطالب المجلس بإجراء المزيد من المفاوضات مع واشنطن حول هذا الشأن."
44,تمكن مئات المهاجرين من عبور الحدود اليونانية المقدونية، بعد أن تمكنوا من الوصول إلى آخر الشريط الشائك الذي أقامته مقدونيا. بيد أن الجيش المقدوني طوقهم ويعمل على إعادتهم إلى اليونان.
45,دعا رئيس مؤتمر الأساقفة الألمان الكاردينال راينهارد ماركس إلى التمييز بين الإرهاب والإسلام، معتبرا أن الإرهابيين يريدون التحريض ضد الأديان والقضاء على جميع جهود السلام.
46,أعلن أولي هونيس، رئيس نادي بايرن ميونيخ الألماني لكرة القدم، استقالته من منصبه كرئيس للمجلس الاستشاري للنادي، وذلك بعد قرار محكمة المدينة بسجنه ثلاث سنوات ونصف السنة لتهربه من دفع ضرائب قدرت بحوالي 27 مليون يورو.
47,"أكدت الولايات المتحدة على أهمية مواصلة مهمة الجيش الألماني في مكافحة تنظيم ""داعش"" الإرهابي، وطالبت في خطاب للمفتش العام للجيش بمواصلة المهمة. يأتي ذلك في إطار جولة يقوم بها وزير الخارجية الألماني."
48,لأول مرة منذ 125 عاما في تاريخ كوكاكولا، قررت الشركة اليابانية لصناعة المشروبات الكحولية إنتاج مشروب يحتوي على الكحول.
49,قالت شرطة سكوتلاند يارد البريطانية انها تحقق مع مقدم البرامج التلفزيونية وجيمي سافيل، الذي توفي العام الماضي، للاشتباه في ارتكابه انتهاكات جنسية ضد الاطفال.
50,قالت كريستين لاغارد، رئيسة صندوق النقد الدولي، إن اليونان وإسبانيا على رأس قائمة مباحثات الصندوق مع شركائها في خطة الإنقاذ المالي.
51,قالت الأمم المتحدة إن عدد القتلى الذين سقطوا في المعارك بين مسلحي حركة طالبان والقوات الحكومية في أفغانستان تجاوز عام 2014.
52,بدأت في مدينة جينان الصينية محاكمة الأمين العام السابق لمنظمة الحزب الشيوعي الصيني، بو، بتهمة تلقي رشى من رجلي أعمال.
53,طالب سفراء الدول الدائمة العضوية في مجلس الأمن التابع للأمم المتحدة الحكومة السودانية بعدم السماح بعودة القتال في إقليم دارفور.
54,قررت الولايات المتحدة رفع قيمة المكافأة التي كانت قد خصصتها لمن يدلي بمعلومات عن زعيم شبكة حقاني المرتبطة بتنظيم القاعدة في افغانستان الى 5 ملايين دولار.
55,"قتل أربعة أشخاص على الأقل وأصيب 20 آخرون في انفجار وقع في الضاحية الجنوبية معقل حزب الله في العاصمة اللبنانية بيروت، وفق ما أفادت مصادر أمنية وشهود عيان. فيما تبنت ""جبهة النصرة في لبنان"" العملية."
56,"وصف الأطباء الذين يعالجون الرئيس الأمريكي دونالد ترامب من مرض كوفيد-19 ب""عدم المسؤولية""، وذلك قبل ساعات من ظهوره بشكل مفاجئ في موكب سيارات خارج المستشفى لتحية مؤيديه."
57,كشفت شركة مايكروسوفت عن حزمة جديدة من التحديثات الأمنية لبرنامج متصفحها الشهير انترنت إكسبلورر. وتهدف هذه الحزمة إلى سد الثغرات الأمنية التي يستغلها قراصنة الانترنت لشن هجمات ضد مستخدمي الكمبيوتر وخاصة في اليابان وتايوان.
58,قال الجيش الإسرائيلي إن قذيفة هاون سقطت بالقرب من قاعدة للجيش في وسط هضبة الجولان، وذلك في اطار النزاع الداخلي الدائر في سوريا.
59,دخل مينو رايولا عالم كرة القدم من أوسع أبوابه عندما كان يستعد لتمديد عقد حارسه الشاب جيانلويجي دوناروما. لكن الأمر لم يخلو أيضا من الإثارة، حيث يتقاضى رايولا أجرا على كل تمديد لعقود اللاعبين الذين يشرف عليهم.
60,أعلنت المفوضية العليا للاجئين التابعة للأمم المتحدة أن أكثر من مليون مهاجر ولاجىء دخلوا اليونان منذ كانون الثانييناير 2015.
61,"قال وزير المالية السعودي محمد الجدعان إن تسويات قضايا الفساد ستساهم في تمويل الأوامر الملكية لدعم المواطنين، وتوقع أن يكون عام 2018 ""فارقا وإيجابيا"" خاصة على صعيد الاقتصاد غير النفطي."
62,لقي شخصين على الأقل مصرعهما في قصف مدفعي واشتباكات عنيفة في تعز بجنوب اليمن، فيما غادر مبعوث الأمم المتحدة اليمن لاطلاع مجلس الأمن على نتائج جهود لم تكن مثمرة فيما يبدو لتسوية الأزمة في الدولة التي يطالب فيها محتجون بتنحي الرئيس صالح.
63,"أطلقت مجموعة ""جنرال موتورز"" أكبر منتج سيارات في الولايات المتحدة، تطبيقا جديدا للسيارات يتيح للسائق شراء أي شيء يريده سواء كان طعاما أو وقودا أو حجز غرفة في فندق دون أن يغادر السيارة."
64,يواصل أعضاء حزب كاديما الحاكم في إسرائيل الإدلاء بأصواتهم لاختيار زعيم جديد للحزب خلفا لوزيرة الخارجية تسيبي ليفني ووزير النقل شاؤول موفاز. استطلاعات الرأي تتوقع فوز موفاز بأكثر من 40 في المائة.
65,نفت السلطات المصرية وجود أي حالات جديدة للإصابة بفيروس كورونا في البلاد، وذلك بعد أيام من إعلانها عن عزل ثلاث حالات لمواطنين صينيين بعد عودتهم من مصر.
66,"دعا الأمين العام للأمم المتحدة أنطونيو غوتيريش من العراق إلى تضامن دولي أوسع مع أهالي الموصل الذين عانوا لسنوات تحت حكم ""داعش"" وأشهرا من ويلات المعارك. كما ذكر أنه ليس هناك ما يكفي من الموارد من اجل أن يعيش أهالي الموصل في ظروف إنسانية."
67,المنتخب الألماني لكرة القدم يحقق فوزا ساحقا على نظيره الإماراتي بسبعة أهداف لهدفين في لقاء ودي أقيم على ملعب آل مكتوم في دبي. هدف الفوز جاء بعد أيام قليلة من الأداء المخيب الذي قدمه الألمان أمام الصين.
68,"في أول تجربة أمومة لها، التهمت اللبؤة ""كيغالي"" صغيريها بالكامل والبالغ عمرهما بضعة أيام في حديقة حيوان مدينة لايبزيغ شرقي ألمانيا، فيما تداول رواد مواقع التواصل الاجتماعي الخبر."
69,خلصت دراسة علمية إلى أن القطط البرية الكبيرة تواجه تهديدا مستمرا بسبب قلة الموارد الطبيعية والصيد الجائر غير الشرعي.
70,مانويل فينتسهايمر، أحد أكبر المواهب في فريق الناشئين تحت 19 عاما لدى بايرن ميونيخ، ويحلم باللعب أمام سيلتيك غلاسغو في دوري أبطال أوروبا، في مباراة الليلة بدوري أبطال أوروبا.
71,في إطار موسم 100 امرأة الذي تتناول فيه بي بي سي قضايا المرأة، تسلط بي سي الضوء على معاناة المرأة في ميناء جدة.
72,تعد صناعة قلوب السيارات الكهربائية من أهم التحديات التي تواجه شركات صناعة السيارات، إذ توفر المعرفة والخبرات اللازمة لصناعة قلوب السيارات، والتي يتطلب إنتاجها خليطا معينا من المواد الكيميائية الخاصة لتتمتع البطارية بأداء متميز ومتانة عالية.
73,رغم الآمال الكبيرة التي تحدو كل من جورجيا وأوكرانيا للانضمام إلى حلف الناتو ودعم الولايات المتحدة لهما في هذا الإطار، فإن المراقبين يذهبون إلى القول إن اجتماع وزراء خارجية الدول الأعضاء في الحلف في بروكسل لن يشهد عرض مسار سريع للحصول على العضوية.
74,قصفت طائرات تابعة للتحالف الذي تقوده السعودية مطار عدن جنوبي اليمن مما أدى إلى مقتل 12 شخصا على الأقل.
75,"قال أحمد أحمد، مدير شبكة ""نت بلوكس"" لمراقبة أنشطة الإنترنت، إن السلطات المصرية حجبت عددا من المواقع الإخبارية، من بينها موقعي ""بي بي سي"" و""الحرة"" الأمريكيتين."
76,قال المستشار الألماني السابق، كول، إنه يريد خفض عدد الأتراك في ألمانيا إلى النصف في غضون أربع سنوات.
77,هاجم مسلحون يشتبه في انتمائهم لجماعة بوكو حرام المتشددة قاعدة عسكرية في شمال شرق نيجيريا.
78,"بحث ولي ولي العهد السعودي مع رئيس هيئة الأركان العامة اليمنية جهود ""تحرير مدينة عدن"" من مقاتلي حركة ""أنصار الله""، أو الحوثيين، وأنصار الرئيس المخلوع علي عبد الله صالح. يأتي ذلك بعد أن أحرزت المقاومة الشعبية تقدما نحو مناطق جديدة في مديرية كريتر."
79,"وصف أحد كبار مستشاري ولي ولي العهد السعودي، الأمير محمد بن سلمان، اللقاء الذي تم بين الرئيس الأمريكي، دونالد ترامب، والأمير محمد، بأنه ""يشكل نقلة كبيرة للعلاقات بين البلدين في كافة المجالات السياسية والعسكرية والأمنية والاقتصادية""."
80,"وقع الرئيس الأمريكي دونالد ترامب وشركة بوينغ صفقة ""غير رسمية"" لطائرتين جديدتين من ""Air Force One"" بتكلفة تقدر ب3.9 مليار دولار، لتحل محل الطائرة الحالية، التي كانت في الخدمة منذ رئاسة جورج بوش الأبن."
81,"كشفت دراسة بريطانية حديثة أن ركلات الجنين أثناء ""نوم حركة العين السريعة""، قد تسمح له بتشكيل خريطة جسدية لنفسه، وتمكينه في النهاية من استكشاف البيئة المحيطة به."
82,اعلنت اسرائيل انها اختبرت بنجاح نظام الدفاع الصاروخي حيتس-3 المضاد للصواريخ القصيرة والمتوسطة المدى.
83,كشفت دراسة سويدية أن الأزمات القلبية تحدث في كثير من الأحيان عندما تنخفض درجات الحرارة. الدراسة ربطت بين التعرض للنوبات القلبية وانخفاض درجة حرارة الجو والضغط الجوي وزيادة سرعة الرياح وتراجع فترات سطوع الشمس.
84,"ناقشت صحف بريطانية عدة قضايا، من بينها ""غضب في بيروت بعد تفويت تحذيرات بشأن ""قنبلة عائمة""، و""فشل"" السلطات اللبنانية في التعامل مع المخزونات المتفجرة، علاوة على ""فشلها في التعامل"" مع الشحنة التي يحتمل أن تكون مميتة."
85,نزح عشرات الآلاف من سكان مدينة حوث الواقعة في محافظة عمران شمالي اليمن، بعد أن سيطر مسلحون حوثيون عليها.
86,"استحوذت شركة فيسبوك على شركة ""بروتو جيو"" التي طورت تطبيقا رياضيا يعتمد على المجسات داخل أجهزة المحمول لرصد الأنشطة البدنية للمستخدم."
87,أعرب واين روني مهاجم فريق مانشستر يونايتد الانجليزي عن رغبته في المشاركة في نهائيات كأس العالم المقبلة في البرازيل.
88,اعترفت شركة صناعة السيارات الألمانية أودي، وهي شركة تابعة لعملاق السيارات الألماني فولكسفاغن، بأن المحركات التي تصنعها احتوت على برمجيات تعتبر غير قانونية في الولايات المتحدة.
89,اجتاحت موجة من الأمطار الغزيرة مناطق متفرقة من قطاع غزة، ما أدى إلى انقطاع التيار الكهربي في بعض المناطق.
90,اعلن الجيش العراقي عن مقتل قائد الفرقة السابعة في الجيش العراقي مع اربعة ضباط اخرين وعشرة جنود خلال اقتحامهم معسكرا لتنظيم القاعدة في الأنبار.
91,"لم تكن النساء وحدهن بطلات ""الأسباب الغريبة"" لقطع العلاقات العاطفية، إذ ذكرت تقارير صحفية أن سيدة قررت الانفصال عن حبيبها لأنه ""لم يتشاجر معها كثيرا"" في حين انفصل آخر عن حبيبته لأنها كانت أقصر منه وكان يتضايق عندما يضطر للانحناء لتقبيلها"
92,توقع مدرب بايرن ميونيخ الألماني يواكيم هاينكيس أن يلحق مهاجم بوروسيا دورتموند الدولي البولندي روبرت ليفاندوفسكي بزميله ماريو غوتسه الذي انتقل قبل أيام إلى النادي البافاري مقابل 40 مليون يورو.
93,"قالت منظمة الصحة العالمية إن السلالة الجديدة من فيروس كورونا التي اكتشفت العام الماضي في الهند هي ""سلالة مثيرة للقلق""."
94,حذر رئيس جهاز المخابرات الداخلية الألمانية من أن المتطرفين قد يستغلون وضع الهجرة الذي يتسم بالفوضى أحيانا. كما حذر من أن الإسلاميين المتطرفين قد يسعون لتجنيد مهاجرين شبان.
95,لا شك أن شخصية المعلم وطريقة تعامله قد تترك بصمة فارقة في شخصية طلابه ومسارهم الدراسي، قصة المدرسة الإسبانية فيرونيكا دوكي، التي لجأت إلى طريقة مبتكرة لإيصال المعلومة لطلابها الصغار.
96,"أدت حكومة التوافق الفلسطينية اليمين القانونية اليوم الاثنين أمام الرئيس الفلسطيني محمود عباس، وفق ما أعلنت الرئاسة الفلسطينية. وكان رئيس الوزراء الإسرائيلي نتانياهو حض المجتمع الدولي على عدم ""التسرع"" والاعتراف بحكومة التوافق الفلسطينية."
97,دعا رئيس الوزراء العراقي نوري المالكي زعماء العشائر في مدينة الفلوجة الى الانسحاب الفوري من المدينة.
98,"وصف الرئيس التركي رجب طيب أردوغان عزل قطر بأنه ""لا إنساني ومخالف للتعاليم الإسلامية""، فيما أعلن المغرب إرسال طائرات محملة بمواد غذائية إلى الدوحة."
99,كشف فريق من الباحثين من المركز الألماني لأمراض التآكل العصبي في توبنغن، عن أن فيروس كورونا لا يصيب الجهاز التنفسي فقط، بل من الممكن أن يصيب أعضاء أخرى في جسم الإنسان. وبينت الأبحاث قدرة الفيروس على تقييد إنتاج الحيوانات المنوية.
100,تمكن الجيش الصومالي من تحرير أربعة عمال إغاثة كانوا قد اختطفوا في مخيم داداب في كينيا.
101,صوت مجلس النواب الليبي لصالح وقف المشاركة في الحوار الوطني الذي ترعاه الأمم المتحدة.
102,شنت طائرات أمريكية غارات جوية على مواقع تابعة لتنظيم جبهة النصرة في سوريا، حسب نشطاء.
103,قال السفير بدر عبد العاطي المتحدث الرسمي باسم وزارة الخارجية المصرية إن مصر ستدرس فكرة إنشاء قوة عربية مشتركة لمواجهة التنظيمات الإرهابية.
104,قد يبدو الأمر غريبا للوهلة الأولى، لكن باحثين توصلوا إلى نتيجة مفادها أن تناول الشوكولاته قد يكون له تأثير ملموس على شعورنا بالسعادة. فما هي هذه الحقيقة؟ وما هي الأسباب التي تدفع البعض لتناولها؟
105,ناقشت صحف عربية تطورات الأوضاع في محافظة إدلب السورية بعد العمليات العسكرية التي تشنها القوات الحكومية مدعومة بغطاء جوي روسي.
106,تعرض صحفيو بي بي سي في إيران لتهديدات من قبل السلطات الإيرانية.
107,الجلوس مع شخص مدخن ليست مسألة مزعجة فحسب، لكنها شديدة الخطورة على الصحة أيضا، وقد تؤدي إلى سرطان الرئة ومعظم الأمراض التي يعاني منها المدخنون.
108,"أوصت الهيئة الاستشارية العلمية الوطنية للأمن البيولوجي بحذف بعض التفاصيل الأساسية من المطبوعة الخاصة بدراسات فيروس الإنفلونزا ""إتش5 إن1""."
109,في أول جمعة بعد استقالة الرئيس عبد العزيز بوتفليقة، خرج مئات الآلاف من المحتجين يحملون لافتات ويدعون لتغيير جذري إلى شوارع الجزائر العاصمة، فيما أفادت تقارير بإقالة مدير المخابرات في علامة أخرى على حدة الاضطرابات عقب استقالة بوتفليقة.
110,"أعلنت الصين أنها نجحت ولأول مرة في استخراج ""جليد قابل للاحتراق"" وهو أحد مصادر الطاقة المختزنة في أعماق البحار ويعتبر مصدرا واعدا لاستخراج الغاز الطبيعي. الخبراء لا يريدون المبالغة في شأن هذا المصدر الجديد."
111,"أعلن المنتج المصري محمد علي عن بدء التحضير لمسلسله الجديد ""ال فرعون"" في شهر رمضان المقبل، نافيا أن تكون الشخصية حقيقية أو ترمز إلى شخص بعينه وإنما هي تعبر عن نوعية من البشر."
112,ذكرت صحيفة الخليج الإماراتية أن محاكمة مجموعة تضم 30 إماراتيا ومصريا متهمين بالانتماء إلى جماعة الإخوان المسلمين ستبدأ في الخامس من تشرين الثانينوفمبر المقبل.
113,من المتوقع أن يصوت البريطانيون في الاستفتاء على الخروج من الاتحاد الأوروبي في الثالث والعشرين من يونيوحزيران المقبل.
114,عقد ممثلون عن الحكومة السورية والمقاتلين الأكراد اجتماعا في مدينة الحسكة شمال شرقي سوريا، لبحث وقف إطلاق النار في المدينة.
115,أفادت الأنباء الواردة من اليمن بأن مسلحي تنظيم القاعدة في جنوب البلاد قد غادروا منطقة الحوطة الواقعة في محافظة أبين جنوبي البلاد.
116,حذر المجلس النرويجي للاجئين من أن نحو 50 ألف شخص محاصرين في مدينة الفلوجة العراقية يواجهون خطر المجاعة.
117,أعلنت السلطات الأمنية في منطقة عسير جنوب غرب السعودية أن عمليات ملاحقة المجهولين تتم وفق آلية مخطط لها بمتابعة مباشرة من أمير المنطقة فيصل بن خالد بن عبد العزيز.
118,"أدانت الولايات المتحدة بشدة الهجوم الذي تعرض له سفيرها في سوريا روبرت فورد واعتبرته ""غير مبرر""، داعية مجلس الشيوخ إلى تأكيد تعيينه بما يسمح له بمواصلة مهمته ""الشجاعة""."
119,كشف وزير الداخلية الألماني عن وجود شبكة من المشتبه بهم الذين اعتقلوا في وقت سابق من هذا الشهر ونسبت إليهم تهمة التخطيط لتنفيذ تفجيرات إرهابية في ألمانيا قد تكون ممتدة لسوريا ودول أخرى في أوروبا.
120,يعتبر الكمون من أكثر المواد الغذائية شعبية في العالم، نظرا لتأثيره الإيجابي على عملية الهضم، كما أنه يساعد على التخلص من السموم المعوية، إضافة إلى فوائده العلاجية الأخرى. فما هي هذه الفوائد؟
121,اعترف زعيم كوريا الشمالية كيم جونغ أون بتعمده إطلاق صاروخ نحو اليابان.
122,أطلقت 85 مجموعة سورية تضم ناشطين سلميين حملة تطالب العالم بالمساعدة على وقف البراميل المتفجرة التي يلقيها النظام السوري فوق مناطق مختلفة وتشجيع محادثات سلام كوسيلة وحيدة لوقف التطرف الذي أفرزته الأزمة السورية.
123,اعلن المدير الفني للمنتخب الارجنتيني لكرة القدم خوسيه مانويل سابيلا القائمة النهائية لمنتخب بلاده لخوض نهائيات كأس العالم 2014 في البرازيل.
124,شهدت الجولة 21 من الدوري الألماني لكرة القدم هذا الموسم أكبر عدد لركلات الجزاء المهدرة في تاريخ المسابقة التي بدأت عام 1963، حيث جرى أهدار سبع ركلات من بينها خمس في يوم واحد.
125,مع اقتراب فصل الصيف وانتهاء موسم الدراسة في مختلف الدول، تنظم المؤسسات التعليمية والترفيهية العديد من الأحداث التي تجمع الآباء والأبناء لقضاء أوقات ممتعة ومفيدة.
126,"حثت رئيسة بعثة الاتحاد الأوروبي في فرنسا الرئيس الفرنسي فرانسوا هولاند على ""الضغط"" من أجل السماح بنقل مخيم للمهاجرين من مدينة كاليه إلى بريطانيا."
127,"وصل عدد المبعدين عن الأراضي السعودية خلال الستة الأشهر الماضية إلى 400,000 مهاجر غير شرعي بحسب بيانات المنظمة الدولية للهجرة منهم 130,000 من جنسيات غير يمنية (أفارقة)."
128,كشفت تقارير صحفية أن شركة الخطوط الجوية القطرية أصبحت الراعي الجديد لنادي بايرن ميونيخ الألماني، وذلك بعد أن كانت متعاقدة مع البافاري لستة عشر سنة كاملة. الشركة القطرية ستنضم إلى فئة الصفوة بين هؤلاء الرعاة.
129,وقع الرئيس البولندي، أندريه دودا، على قانون يجرم اتهام بولندا بالتواطؤ في الجرائم النازية التي ارتكبت أثناء خضوع البلد للاحتلال في الحرب العالمية الثانية.
130,بعد فوزه التاريخي في الانتخابات الأمريكية، انبرى باراك أوباما على الفور في التحضير لتسلم منصبه الجديد في 20 كانون ثان يناير 2009. ومن المقرر أن يجتمع أوباما مع مسؤولين من جهاز الاستخابارات الأمريكي ليقف على أخر المستجدات والتهديدات التي تواجه الولايات المتحدة.
131,أعلنت الشرطة البريطانية مقتل رجل ونقل ثمانية أشخاص إلى المستشفى بعدما قامت شاحنة صغيرة بدهس مارة بالقرب من مسجد في شمال لندن، موضحة أن شرطة مكافحة الإرهاب تتولى التحقيق في هذه القضية.
132,"قالت وكالة الأنباء الرسمية الإيرانية إن عنصرين من الحرس الثوري الإيراني كانا منتشرينين في العراق كمستشارين في الحرب ضد تنظيم ""الدولة الإسلامية"" قتلا بضربة من طائرة أميركية بدون طيار."
133,"في مايوأيار 2015، كان الرئيس الأمريكي السابق باراك أوباما أول رئيس خصصص له حساب @POTUS اختصارا ل ""رئيس الولايات المتحدة الأمريكية"" على تويتر. ومنذ ذلك الحين فقد استخدم هذا الحساب للتواصل مع متابعيه في أنحاء مختلفة من العالم."
134,"قالت المرشحة الديمقراطية للانتخابات الرئاسية الامريكية، هيلاري كلينتون، في بيان اصدرته السبت إنها نادمة على قولها إن منافسها الجمهوري، دونالد ترامب، ""اهانة للملايين من الامريكيين المدهشين والمثابرين""."
135,"أكد رئيس المجلس الأوروبي هيرمان فان رومبوي أن الاتحاد الأوروبي لا يسعى إلى توسيع نفوذه في أوكرانيا، فيما دعا الرئيس الروسي إلى احترام ""تعهده"" الاستمرار في نقل ""إمدادات"" الغاز إلى أوروبا."
136,دعا قادة الدول الإسلامية في ختام قمتهم المنعقدة في القاهرة إلى إجراء حوار جاد بين الحكومة والمعارضة في سوريا حول نقل سلمي للسلطة لإنهاء الحرب الأهلية الدائرة منذ نحو عامين.
137,أعلن مكتب الإحصاءات الوطني البريطاني أن الاقتصاد البريطاني انكمش بنسبة 0.3 في المائة في الربع الأخير من العام الماضي.
138,نشرت منظمة العفو الدولية صورا تفصيلية لضحايا الهجوم الذي شنته جماعة بوكو حرام الإسلامية المتشددة على قريتين في شمال شرق نيجيريا.
139,بعد تعرضها لحادثة دهس جعلتها طريحة الفراش في المستشفى لسنتين متواصلتين، أطلقت الشابة اللبنانية مي العنان لشجاعتها من أجل إنشاء مارثون في لبنان.
140,كشف موقع شبيغل الإلكتروني أن الهجمات التي استهدفت موقعين انتاجيين لشركة آرامكو السعودية الأسبوع الماضي تمت بأسلحة إيرانية الصنع على الأرجح وبدرجة عالية من الثقة. وحلل الخبير كل الصور والأدلة التي قدمتها السعودية في عرضها الصحافي بعد الهجمات.
141,قال الرئيس التركي رجب طيب اردوغان إن بلاده لن تسمح بقيام كيان كردي في شمالي سوريا.
142,في ألمانيا يحكم الكبار الناخبون الشباب الذين تصل أعمارهم حتى 30 سنة، وفرصهم ضئيلة تقريبا، لأن الغالبية من أجيال آبائهم وأجدادهم كبيرة ومرتاحة، كما يرى فولفغانغ غروندينغير في تعليقه التالي.
143,"قالت الشرطة الألمانية إنها داهمت منزل شقيقين من سوريا على صلة بتنظيم ""الدولة الإسلامية"" للاشتباه في تخطيطهما لشن هجوم. ولم يقدم المدعون المزيد من المعلومات عن طبيعة الجريمة التي يشتبه بأن الشقيقين كانا يعدان لارتكابها واكتفوا بوصفها بأنها ""عمل تخريبي خطير ينطوي على عنف""."
144,"بعد التفجير الإرهابي الذي وقع أمام مقر المعهد القومي للأورام بمنطقة منيل الروضة بالقاهرة، والذي راح ضحيته 20 قتيلا على الأقل، أعلنت السلطات المصرية عن مقتل ""إرهابيين"" خلال عملية نفذتها قوات الأمن ضد ""أوكار إرهابية"" لحركة حسم."
145,تسعى دول الخليج العربية والأردن إلى وضع نجل الرئيس اليمني السابق علي عبد الله صالح وزعيم الحوثيين على القائمة السوداء، إلى جانب فرض حظر أسلحة ناجع على الحوثيين الذين يسيطرون على معظم أنحاء اليمن.
146,خلصت دراسة علمية حديثة إلى أن الأطفال الذين يستخدمون الأجهزة التي تعمل شاشاتها باللمس بشكل يومي، ينخفض معدل نومهم بمقدار 15 دقيقة، مقابل كل ساعة يمضونها في استخدام تلك الأجهزة.
147,انتقد النجم الأرجنتيني ليونيل ميسي المدير الرياضي لفريق برشلونة الإسباني إريك ابيدال، الذي قال إن الكثير من اللاعبين لم يكونوا راضين عن إقالة المدرب فالفيردي.
148,"وافق البرلمان الألماني على تمديد مهمة طائرات الاستطلاع الألمانية ""تورنادو"" وطائرت التزويد بالوقود عبر الجو العاملة في سوريا حتى نهاية آذار  مارس المقبل، لما تثيره هذه العملية من جدل كبير في ألمانيا."
149,أكد رئيس الوزراء البريطاني ديفيد كاميرون أن وزير المالية السابق جورج أوزبورن لن يغادر منصبه.
150,"كشف وزير الخارجية الفلسطيني رياض المالكي أن واشنطن لم تجدد أوراق عمل مكتب منظمة التحرير الفلسطينية في واشنطن في الوقت المحدد، ""وهذا ما لم يحدث"" منذ الثمانينات، فيما حذرت الرئاسة الفلسطينية من عواقب إغلاق المكتب."
151,"قال الأمين العام للأمم المتحدة أنطونيو غوتيريش إن ""وجود تحقيق ذي مصداقية، ومعاقبة المذنبين، أمر أساسي"" في قضية مقتل الصحافي السعودي جمال خاشقجي."
152,طالب المؤتمر الوطني العام (البرلمان) الليبي الحكومة الأمريكية بضرورة تسليم المواطن الليبي نزيه الرقيعي الملقب بأبو أنس الليبي فورا إلى السلطات الليبية، فيما أكد وزير الخارجية الأمريكي أن اعتقال الليبي في عملية خاصة هو عمل قانوني.
153,قال والي محافظة هاتاي التركية المحاذية لسوريا إن 22 جنديا تركيا قتلوا في غارات جوية في محافظة إدلب، فيما قال مسؤول تركي رفيع إن تركيا قررت عدم منع اللاجئين السوريين من الوصول إلى أوروبا.
154,"تظاهر عشرات الآلاف من أنصار حركة حماس في قطاع غزة احتجاجا على ما وصفوه ب""التنازلات"" التي قدمتها السلطة الفلسطينية على الجانب الإسرائيلي."
155,"حذر المدير العام لمنظمة الصحة العالمية، آنتوني بانبري، من أن العالم ""سيواجه وضعا غير مسبوق على الإطلاق لا توجد لدينا خطة لمواجهته""."
156,تقوم المستشارة الألمانية ميركل ووزير ماليتها فولفغانغ شويبله بمداخلة أمام مجلس النواب الذي تبدو موافقته مضمونة لها بالرغم من المعارضة المتزايدة التي تواجهها في معسكرها المحافظ.
157,ذكرت وسائل إعلام تركية أن السلطات التركية وزعيم حزب العمال الكردستاني المسجون عبد الله أوجلان اتفقا في مفاوضاتهما الأخيرة على مبدأ وقف القتال المستمر منذ 1984 بين الجانبين.
158,ذكرت وكالة الأنباء الرسمية السورية أن دمشق والأمم المتحدة توصلتا إلى اتفاق حول خروج المدنيين ودخول المساعدات الإنسانية إلى أحياء البلدة القديمة المحاصرة منذ أكثر من 600 يوم.
159,بدأت مجموعة 5+1 المعنية بالملف النووي الإيراني جولة جديدة من المحادثات في كازاخستان.
160,حذر وزير المالية الألماني، جيدو شيوبله، الولايات المتحدة من أن تخلفها عن سداد التزاماتها المالية أمر يصعب تقدير عواقبه.
161,قال الرئيس الفرنسي فرانسوا هولاند إنه حان الوقت لاحترام قانون الجمهورية، الذي يسمح بزواج المثليين في فرنسا.
162,كشفت دراسة حديثة عن أن الرجال يكذبون ضعف النساء، كما أن واحدا من بين كل عشرة رجال يعتقد أنه يجيد الكذب. وبينت الدراسة أن الهروب من التواصل بالعين أكبر وسيلة تفضح الكذب بنسبة 64 بالمئة يليه تأخر الردود بنسبة 50 بالمئة.
163,صوت البرلمان اليمني على قانون يمنع استخدام الطائرات من دون طيار لشن هجمات في اليمن، وذلك بعد قصف قامت به طائرة من هذا النوع الخميس الماضي أوقع العديد من الضحايا المدنيين.
164,مع ارتفاع درجات الحرارة في مصر هذا العام، يزداد الإحساس بالعطش خلال شهر رمضان، خاصة مع ارتفاع أسعار المواد الغذائية بصورة كبيرة. دويتشه فيله حاورت عددا من سكان القاهرة حول هذه الظاهرة.
165,تمكن مقاتلو حزب الله اللبناني من السيطرة على سلسلة جبال في جرود عرسال اللبنانية، بحسب ما أفادت به وسائل إعلام لبنانية.
166,بعد أن بات أصغر هداف في تاريخ البطولة ب17 عاما وشهرين، أعلن مهاجم فريق برشلونة البرازيلي رودريغو غوز عن رغبته في الانتقال إلى صفوف فريق سانتوس البرازيلي.
167,أعلن المتحدث باسم الرئاسة في بوروندي أنه تم اعتقال الميجر جنرال غوديفرويد نيومباري الذي قاد محاولة انقلاب على الرئيس وإنه وغيره من الضباط الذين كانوا وراء المحاولة سيمثلون أمام القضاء. فيما قال شاهد إن جثة رجل شوهدت ملقاة على الأرض.
168,تمكن فريق شالكه من التأهل إلى نهائي كأس ألمانيا لكرة القدم للمرة الأولى منذ عشر سنوات بعد فوزه على غريمه التقليدي بايرن ميونيخ بهدف دون مقابل في المباراة التي جمعت بين الفريقين في برلين.
169,توفي الممثل المصري الراحل محمود صالح عن عمر يناهز 82 عاما بعد صراع مع مرض السرطان.
170,أعلن مكتب الإحصاء الاتحادي الألماني أن عدد المهاجرين إلى ألمانيا ارتفع بنسبة 13 بالمائة مقارنة مع عام 2011. كما ارتفع عدد المهاجرين من دول جنوب وشرق أوروبا، والتي تأثرت بشدة من الأزمة المالية وأزمة الديون.
171,قتل ما لا يقل عن 30 شخصا على الأقل في هجوم شنه انفصاليون موالون لروسيا على قافلة مساعدات روسية في مدينة لوهانسك شرقي اوكرانيا.
172,اتهمت منظمة العفو الدولية، المعنية بحقوق الإنسان، الجيش الإسرائيلي باستخدام القوة المميتة ضد الفلسطينيين في الضفة الغربية والقدس.
173,يعتبر ماراثون بوسطن أحد أقدم وأعرق ماراثون في العالم ويحظى بمتابعة مئات الآلاف من الجماهير التي تصطف سنويا في شوارع بوسطن من ضاحية هوبكينتون إلى وسط المدينة لمتابعة السباق.
174,كشف تقرير لوكالة رويترز أن خطة الرئيس الأمريكي دونالد ترامب الاقتصادية للسلام في الشرق الأوسط، التي يبلغ حجمها 50 مليار دولار، تتضمن إقامة صندوق استثمار عالمي لدعم اقتصاديات الفلسطينيين والدول العربية المجاورة.
175,في ألمانيا توجد العديد من النوافذ لاستقبال المواليد الذين لا ترغب أمهاتهم في الاحتفاظ بهم. ورغم أن الهدف منها هو إنقاذ أرواح بريئة من الموت، إلا أن هذه النوافذ تثير جدلا داخل ألمانيا وخارجها.
176,حكمت محكمة جزائية ألمانية على رجل بالسجن مع إيقاف التنفيذ لمدة عام وتسعة أشهر بتهمة الاعتداء الجنسي على فتاة (13 عاما) وإنتاج مواد إباحية للأطفال.
177,قضت محكمة في ولاية فرجينيا الأمريكية بدفع تعويض قدره 5.4 ملايين دولار لشركة جونسون آند جونسون، المصنعة لمساحيق تالك للأطفال.
178,أسفرت سلسلة من الانفجارات في محطات مترو أنفاق العاصمة المصرية القاهرة عن إصابة عدد من الأشخاص.
179,أخلت النيابة العامة في مرسيليا الفرنسية سبيل رئيس الاتحاد الإفريقي لكرة القدم، أحمد أحمد، بعد استجوابه من قبل مكتب مكافحة الفساد التابع للشرطة القضائية الفرنسية، على خلفية شبهات فساد.
180,داهمت الشرطة التركية مكتب هيئة الإغاثة الإنسانية في مدينة كليس شمالي البلاد، بحسب ما أفادت به تقارير.
181,بعد عشرة أيام على تسميم الجاسوس الروسي السابق سيرغي سكريبال وابنته، أعلنت رئيسة الوزراء البريطانية سلسلة عقوبات ضد روسيا بينها طرد 23 دبلوماسيا وتجميد العلاقات الثنائية معتبرة موسكو مسؤولة عن ذلك.
182,أصدر قاضي التحقيق بالمحكمة العسكرية بتونس بطاقة ايداع بالسجن في حق وزير الداخلية الأسبق، وسفير تونس الحالي بالمغرب، ناجم الغرسلي ضمن تحقيقات موضوعها التآمر على أمن الدولة الداخلي.
183,رفض مجلس صيانة الدستور الإيراني طلبات الترشح للانتخابات الرئاسية التي كان من المقرر إجراؤها في شهر يونيو حزيران المقبل.
184,"في لقاء مع صحيفة ""تاغ تسايتنوغ"" الألمانية كشف رئيس نادي بايرن ميونيخ أولي هونيس عن أمنياته في عيد الميلاد، والتي كان من ضمنها فوز النادي بلقب دوري الأبطال أو بلقب الدوري."
185,اعلنت الولايات المتحدة مضاعفة مساعداتها الامنية التي تقدمها لليمن في العام المالي 2009 الى اكثر من الضعف.
186,عشية زيارته إلى إسرائيل للمشاركة في احتفالات الذكرى الستين لقيام الدولة العبرية، أعرب الرئيس بوش عن عدم تفاؤله بشأن مستقبل الشرق الأوسط، معتبرا أن الوضع السياسي على أرض الواقع في المنطقة جد مأساوي.
187,هدد وزير الداخلية الإيطالي ماتيو سالفيني بإعادة نحو 180 مهاجرا عالقين منذ ثلاثة أيام قبالة جزيرة لامبيدوزا إلى ليبيا في حال لم يتم التوصل إلى حل أوروبي لاستقبالهم.
188,قتل ما لا يقل عن 64 شخصا على الأقل في هجوم نفذه مسلحون على مسجد في العاصمة النيجيرية أبوجا.
189,"بعد بث برنامج ""شباب توك"" حلقة حول وضع النساء في السودان، تعرضت المذيعة السودانية وئام شوقي إلى هجوم شفوي من قبل مقدم البرنامج جعفر عبد الكريم."
190,أثار رئيس الهيئة الدينية في السعودية، الشيخ عبد اللطيف آل الشيخ، انتقادات واسعة على مواقع التواصل الاجتماعي في المملكة العربية السعودية.
191,"اتهمت منظمة الأمم المتحدة للتربية والعلم والثقافة (اليونسكو) تنظيم ""الدولة الإسلامية"" بتدمير الآثار القديمة في سوريا."
192,في اليوم الثالث على تنصيبه أمينا عاما لحلف شمال الأطلسي (الناتو)، قام أندرس فوج راسموسين بزيارة لأفغانستان. يأتي ذلك في وقت سجلت فيه أعمال العنف مستويات قياسية منذ سقوط نظام طالبان.
193,قال مسؤولون كوريون جنوبيون إن المجند الكوري الجنوبي الذي كان قد اطلق النار على رفاقه على الحدود مع كوريا الشمالية يوم السبت قد اصيب بجروح.
194,استعاد شتوتغارت توازنه في الدوري الألماني لكرة القدم (بوندسليغا) بعد فوزه على دورتموند 5-1 اليوم السبت في الجولة 11 من البطولة. بينما عدل بايرن ميونيخ تأخره للمباراة الخامسة على التوالي ليكتفي بالتعادل 1-1 مع مضيفه أونيون برلين.
195,عاد ألبوم الموسيقى التصويرية لفيلم (فروزن) ليتصدر قائمة مجلة بيلبورد الأسبوعية، ليصبح أول ألبوم لموسيقى تصويرية يحتل المركز الأول بالقائمة لأكثر من خمسة أسابيع في 15 عاما.
196,أثار منح الكاتبة والمحامية الإسرائيلية فليسيا لانغر لوسام الاستحقاق الألماني انتقادات شديدة داخل إسرائيل ولدى شخصيات يهودية في ألمانيا. ورغم ذلك تباينت ردود الفعل في تقييم موقف ألمانيا تجاه الصراع الشرق أوسطي.
197,قالت السلطات الكويتية إنها سترفع دعوى قضائية ضد خادمة إثيوبية اتهمتها بمحاولة الانتحار.
198,"قررت شركة غوغل الأمريكية وقف خدمة ""غوغل للأخبار"" في إسبانيا بسبب قانون يفرض عليها دفع رسوم ترخيص."
199,"قالت وزيرة الخارجية الإسرائيلية السابقة تسيبي ليفني إنها لن تتخلى عن الأمل في السلام في إسرائيل، مشيرة إلى أن الديموقراطية الإسرائيلية تتعرض لهجوم وأن ""السلام أصبح كلمة قذرة""، في إشارة إلى حكم اليمين بزعامة نتانياهو."
200,بعد دقائق قليلة من إعلان المحكمة الأمريكية إدانة الشرطية آمبر غاير بالسجن 10 سنوات بتهمة قتل جارها عن طريق الخطأ، قام أخ الضحية بتصرف لا يتكرر كثيرا. فما هو هذا التصرف؟
201,أدى رئيس الوزراء الليبي المعترف به دوليا عبد الله الثني وحكومته اليمين الدستورية اليوم الأحد بعد أن وافق مشرعون على تشكيلة الحكومة الجديدة التي تضم 12 وزيرا من أبرزهم اختيار محمد الدايري وزيرا للخارجية وعمر السنكي وزيرا للداخلية
202,قالت وزيرة الداخلية البريطانية أمبر رود إن المشتبه به في تنفيذ اعتداء مانشستر كان تحت رقابة الأجهزة الأمنية، فيما أعلن وزير الداخلية الفرنسي أن محققين بريطانيين أبلغوا السلطات الفرنسية أن المشتبه به سافر إلى سوريا.
203,أثارت قضية إزالة تمثال كريستوفر كولومبس جدلا واسعا عبر مواقع التواصل الاجتماعي في العالم العربي.
204,"قال الصحفي التركي عادل يغيت لوكالة الأنباء الألمانية إنه تبلغ بأن عليه مغادرة البلاد بحلول كانون الثانييناير القادم. وكان يغيت قد ارتدى قميصا يحمل عبارة ""الحرية للصحافيين في تركيا""."
205,حققت طبعات جديدة من أولى مغامرات الساحر الصغير هاري بوتر نجاحا كبيرا في سوق الكتب البريطانية، إذ ساعدت طبعات خاصة من أولى كتب السلسلة في زيادة إيرادات دار النشر بنسبة 15 بالمئة.
206,حذفت شركة متخصصة في منتجات العناية الشخصية إعلانا على موقع التواصل الاجتماعي فيسبوك بعد أن أثار موجة من الجدل على مواقع التواصل الاجتماعي.
207,قال مسؤولون صينيون إن طفلة تبلغ من العمر ثلاث سنوات أصيبت بفيروس انفلونزا الطيور في العاصمة بكين.
208,"يعتزم أعضاء من حزب ""البديل من أجل ألمانيا"" المعارض تأسيس رابطة على مستوى ألمانيا مطلع شهر تشرين الأول أكتوبر المقبل، فيما تساءلت الرئيسة السابقة للمجلس الأعلى لليهود في ألمانيا عن ""كيف يمكن لأشخاص يهود أن يبرروا لأنفسهم ذلك""."
209,في خطوة تشكل علامة فارقة في المساواة بين الجنسين في كرة القدم الألمانية، ستدير الشرطية القادمة من هانوفر مباراة هيرتا برلين أمام فيردر بريمن ضمن منافسات المرحلة الثالثة في دوري الرجال، وهو ما سيزيد حتما من نسب المشاهدة لهذه المباراة بالذات.
210,انتخب صادق خان، ابن المهاجر الباكستاني، عمدة للندن، ليكون أول عمدة مسلم يتولى هذا المنصب في عاصمة غربية كبرى، في وقت طاولت انتقادات الأساليب التي لجأ إليها خصمه خلال الحملة الانتخابية.
211,"في ختام قمة لدول مجلس التعاون الخليجي، قال وزير الخارجية السعودي عادل الجبير إن بلاده ""لا نسلم مواطنينا""، وذلك في إشارة إلى تركيا. كما أصدر القضاء التركي مذكرتي توقيف بحق النائب السابق لرئيس الاستخبارات السعودية."
212,تناولت الصحف الألمانية في تعليقاتها الحديث عن تدخل عسكري غربي محتمل في سوريا ردا على الاتهامات الموجهة للنظام السوري باستخدام الأسلحة الكيميائية في 21 آباغسطس بريف دمشق.
213,ذكرت وسائل إعلام إيرانية أن مسلحين هاجموا ضريح الإمام الخميني أحدهم كان يحمل حزاما ناسفا فجره بعد اشتباكات مع رجال الأمن، فيما تحدثت أنباء أخرى موازية عن إطلاق نار داخل مجلس الشورى الإيراني.
214,"قال نائب الرئيس الأمريكي مايك بنس إنه لا يتمتع ب ""سلطة أحادية"" لرفض أصوات المجمع الانتخابي، رافضا بذلك جهود الرئيس ترامب لإلغاء هزيمته في انتخابات تشرين الثاني  نوفمبر الماضي."
215,وصلت الشرطة إلى موقع احتجاج في مدينة برمنغهام في المملكة المتحدة بعد أن صعد أربعة نشطاء إلى سطح بناية مصنع طائرات بدون طيار.
216,"قال الرئيس الإيراني حسن روحاني إن الضربات الجوية التي يشنها التحالف الدولي بقيادة الولايات المتحدة ضد تنظيم الدولة الإسلامية في سوريا ""غير قانونية""."
217,قتل أكثر من 100 شخص في سلسلة تفجيرات بسيارات مفخخة استهدفت مناطق في سوريا، حسب نشطاء.
218,تأهل المنتخبان التونسي والغاني إلى الدور ربع النهائي من بطولة كأس الأمم الأفريقية لكرة القدم المقامة حاليا في مصر.
219,قضايا عديدة جذبت اهتمام مستخدمي مواقع التواصل الاجتماعي في العالم العربي، أبرزها عملية استخراج كنز في المغرب، ومعركة الحديدة في اليمن، وجدل في تونس حول تقرير لجنة الحريات الفردية والمساواة حول مقترحات إصلاحية.
220,فازت عارضة الأزياء الأمريكية الحسناء زوزيبيني بلقب ملكة جمال الكون لعام 2019 بعد منافسة شرسة مع ملكة جمال بورتوريكو، ماديسون أندرسون، والمكسيك.
221,توصل طرفا النزاع في اليمن إلى اتفاق لوقف إطلاق النار في مدينة عدن، بحسب ما ذكرته الأمم المتحدة.
222,قتل شخصان على الأقل في إطلاق نار في مقهى في العاصمة الأسترالية، سيدني، بحسب ما ذكرته الشرطة.
223,في ظل الانتشار الهائل لوسائل التواصل الاجتماعي، صار من الشائع أن تجد شخصا يمشي منكسا رأسه متصفحا موقع تويتر أو لمراجعة بريده الالكتروني، لكن الضرر النفسي الناجم عن كتابة رسائل نصية أثناء المشي يحدث بشكل أكثر تكرارا.
224,"كشف تقرير لمجلة ""دير شبيغل"" الألمانية أن شركات أوروبية تمنح إمكانيات لتنظيم ""داعش"" من أجل نشر دعايته على الشبكة العنكبوتية، ما وصفه التقرير بأنه ""عار على أوروبا""."
225,أدى إضراب المراقبين لحركة الطيران في فرنسا إلى إلغاء ربع الرحلات المقررة، ودفع باريس وبرلين إلى دعوة بروكسل لتأجيل مشروع السماء المفتوحة المعروض بعد ظهر اليوم أمام البرلمان الأوروبي.
226,"توعد الرئيس الأوكراني بترو بوروشنكو الانفصاليين الموالين لروسيا ""برد ملائم"" على إسقاطهم طائرة عسكرية أوكرانية ما أدى إلى مقتل 49 شخصا كانوا على متنها."
227,قتل متظاهر سوداني في اشتباكات مع الشرطة في العاصمة السودانية الخرطوم، حسبما أفاد شهود عيان.
228,"قال ناطق باسم حركة طالبان في مقابلة مع بي بي سي إن مسلحي الحركة ""يسيطرون على كل مكان"" في افغانستان، فيما تخشى القوات الغربية مبارحة قواعدها."
229,بعد عام من النزاع السياسي الداخلي بين حكومة فؤاد السنيورة وحزب الله، جاءت نتائج الانتخابات النيابية في لبنان مبشرة بتحول لبنان إلى إيران ثانية، كما يرى المحلل السياسي بيتر فليبصلاح شرارة في تعليقه التالي.
230,بعد 26 ساعة من الفوز على البرازيل والتتويج بلقب بطولة العالم للمرة الثانية على التوالي عاد الفريق الألماني للسيدات إلى أرض الوطن بعد رحلة جوية استمرت 11 ساعة من شانغ هاي الصينية إلى فرانكفورت.
231,"يزور الرئيس الأمريكي باراك أوباما السعودية الأسبوع المقبل للمشاركة في اجتماع مع قادة دول مجلس التعاون الخليجي، فيما بحث ولي ولي العهد السعودي مع وزير الخارجية الأمريكي ""تطورات الأوضاع في الشرق الأوسط""."
232,أعلن نادي شالكه الألماني لكرة القدم أن مدربه الايطالي روبرتو دي ماتيو استقال من منصبه بعد مراجعة لحصيلة الموسم مع المدير الرياضي هورست هيلدت.
233,"أصدرت محكمة سعودية حكما بالسجن ثماني سنوات و500 جلدة على سعودي ولبناني بعد اتهامهما بالمشاركة في ""تهريب فتاة سعودية إلى بيروت وتنصيرها""."
234,"حذر وزير الخزانة البريطاني جورج أوزبورن من أن المملكة المتحدة سوف تستقبل ""آلاف"" اللاجئين السوريين الذين فروا من الصراع الدائر في بلادهم."
235,قال وزير الخارجية التركي مولود تشاووش أوغلو إن بلاده لن تسمح باستيراد أي كميات من النفط دون موافقة الحكومة الاتحادية في بغداد.
236,في السنوات الأربع الأخيرة خصصت الحكومة الألمانية مبلغ 160 مليون يورو لدعم الرياضة، لكن هذه الأموال لا تكفي لتثبيت ألمانيا على سجل الذهب الأولمبي، كما يرى مراقبون. فما هي السياسة المتبعة في بريطانيا؟
237,هدد الاتحاد الأوروبي بتخطي روسيا وأوكرانيا فيما يتعلق بالحصول على احتياجات الكتلة الأوروبية من الغاز الطبيعي، إذا تواصلت المخالفات التي تشهدها إمدادات الغاز الروسي التي تمر عبر أوكرانيا إلى أوروبا.
238,حظرت شركة غوغل مقاطع الفيديو التي يدعو فيها المعارض الروسي البارز ألكسي نافالني إلى الاحتجاج على رفع سن التقاعد.
239,عثر فريق دولي من العلماء على طائفة مذهلة من الحفريات الجيدة الحفظ التي اكتشفت شمال شرق الصين على مدار العقدين الماضيين تمثل إطلالة فريدة على الحياة قبل 160 مليون سنة.
240,قرر الرئيس المصري المؤقت عدلي منصور مد حالة الطوارئ في جميع أنحاء البلاد لمدة شهرين اعتبارا من يوم الخميس الموافق 12 سبتمبرأيلول 2013.
241,فرضت السلطات المصرية غرامة على نادي الزمالك بسبب حضور جماهيره مباراة في الدوري الممتاز لكرة القدم.
242,اتهمت منظمة هيومن رايتس ووتش الحقوقية جماعة الحوثيين في اليمن بإغلاق أربع منظمات في العاصمة صنعاء في نيسان  أبريل الماضي لارتباطها على ما يبدو بحزب الإصلاح، وهو حزب مقرب من الإخوان المسلمين.
243,بعد سيطرة الحوثيين على صنعاء، يتجه الحوثيون نحو عدن، فيما يرى الباحث السياسي اليمني محمد عبده العبسي أن هذا التحرك يهدف إلى إسقاط شرعية الرئيس عبد ربه منصور هادي. DW عربية حاورت العبسي حول أسباب توجه الحوثيين نحو عدن.
244,يبدو أن انتقال نيمار إلى باريس سان جيرمان في صفقة قياسية يقلق مسؤولي فريق برشلونة. المدير المالي والاستراتيجي للنادي الكتالوني بانشو شرودر يرى أن صفقة نيمار قد تجعل كل شيء ممكنا في عالم كرة القدم.
245,فيردر بريمن يتأهل إلى دور ال 32 للدوري الأوروبي على رأس المجموعة ال 12. هيرتا برلين يلحق بركب الفرق المتأهلة في لقاء ضمن منافسات المجموعة الرابعة حقق فوزا ثمينا ومفاجئا على شبورتنغ لشبونة.
246,شهدت العاصمة العراقية بغداد سلسلة تفجيرات بسيارات مفخخة أسفرت عن مقتل 39 شخصا على الأقل وإصابة أكثر من 120 آخرين، فيما حذر رئيس الحكومة نوري المالكي من أن العراق يمر بمرحلة تحد شامل في مجالات السياسة والأمن والاقتصاد.
247,اختتمت وكالة الطيران والفضاء الأمريكية (ناسا) رحلة فضائية استغرقت سبعة أعوام ونصف العام إلى كوكب قزم لم يكتشف من قبل يدور في فلكه ضمن حزام الكويكبات الواقع بين كوكبي المريخ والمشترى.
248,أصبح السباح التونسي أسامة الملولي أول سباح يفوز بألقاب أولمبية وعالمية داخل الأحواض وفي المياه المفتوحة معا، وذلك بعدما انتزع ذهبية سباق خمسة كيلومترات في بطولة العالم المقامة في برشلونة الإسبانية.
249,دافع رئيس الوزراء البريطاني السابق، توني بلير، عن قراره تأجيل نشر تقرير لجنة التحقيق في حرب العراق لعام 2003 إلى ما بعد الانتخابات العامة.
250,استأنفت حركة طالبان الأفغانية مفاوضاتها مع الحكومة الأفغانية بعد توقف دام ستة أيام.
251,"أيدت محكمة النقض أعلى محكمة مدنية في مصر حكما سابقا ضد الناشط المصري علاء عبد الفتاح في قضية ""أحداث مجلس الشورى"". وكانت محكمة جنايات جنوب القاهرة أصدرت حكمها بسجن عبد الفتاح وأحمد عبد الرحمن بالسجن المشدد خمس سنوات."
252,تداول مستخدمو مواقع التواصل الاجتماعي في الأردن مقطع فيديو يظهر لحظة الاعتداء على فتى يبلغ من العمر 16 عاما في مدينة الزرقاء.
253,قرر الاتحاد الدولي لكرة القدم (الفيفا) اعتماد تقنية خط المرمى احد الانظمة المقترحة لتطبيق هذه التقنية في الملاعب.
254,قررت الولايات المتحدة رفع السرية عن الأمير محمد بن سلمان، ولي العهد السعودي، بعد أن خلص تقرير المخابرات الأمريكية إلى أن ولي العهد وافق على قتل الصحفي جمال خاشقجي.
255,مددت الولايات المتحدة إغلاق بعض بعثاتها الدبلوماسية في عدد من الدول العربية، بما في ذلك مصر والأردن والسعودية وبنغلاديش.
256,"أصدر مفتي المملكة العربية السعودية الشيخ عبد العزيز آل مبارك فتوى تحرم على النساء مراجعة الاطباء دون ""محرم""."
257,أعرب مسؤولون أمريكيون وأوروبيون عن تفاؤلهم بالتوصل إلى اتفاق خلال الجلسة الثانية من المحادثات النووية الايرانية في جنيف.
258,"أعربت سهير بلحسن رئيسة الفيدرالية الدولية لحقوق الإنسان عن قلقها الشديد من تدهور وضع الناشطة الصحراوية أميناتو حيدر، التي دخلت إضرابها عن الطعام أسبوعه الرابع، مطالبة الحكومة المغربية ب""التحلي"" بالمسؤولية."
259,ألقت السلطات في سنغافورة القبض على فتى يبلغ من العمر 16 عاما، للاشتباه في تخطيطه لتنفيذ هجوم على مسجدين في البلاد.
260,ذكرت تقارير صحفية أن فريق بايرن ميونخ الألماني اقترب من التعاقد مع لاعب خط الوسط الفرنسي كورينتين توليسو. توليسو، البالغ من العمر 22 عاما، سيجتاز الفحص الطبي الإلزامي ليوقع بعدها على العقد.
261,أعلنت قيادة العمليات المشتركة في العراق الاثنين ان القوات العراقية تمكنت من استعادة السيطرة على مدينة الرطبة الواقعة على الحدود مع الاردن.
262,حذر العاهل المغربي، الملك محمد السادس، من أن الائتلاف الحكومي في البلاد قد يتفكك في حال إصرار حزب الاستقلال على موقفه.
263,"بدأت شركة ""رويوبوت"" الامريكية بالتنقيب عن النفط في المياه العميقة في خليج المكسيك."
264,بعث شاب فلسطيني برسالة إلى الرئيس الأمريكي باراك أوباما عبر فيها عن أمله في أن تكون زيارته في ولايته الثانية فرصة لتحريك عملية السلام في الشرق الاوسط.
265,رغم تحذيرات الأمم المتحدة ومنظمات إغاثية من تفشي فيروس كورونا المستجد في اليمن، إلا أن نحو 90 بالمائة من سكان البلاد يتعاطون نبتة القات طيلة ثلاث إلى أربع ساعات يوميا.
266,تعتزم الإمارات استخدام طائرات بدون طيار لتوصيل الوثائق الرسمية والطرود إلى مواطنيها في إطار جهود لتحديث الخدمات الحكومية، وهو ما يعتبر أول مشروع من نوعه في العالم.
267,يصوت البرلمان الألماني على مشروع قانون يمنع ارتداء النقاب في الأماكن العامة.
268,اعلنت الرئاسة المصرية ان اسلام عفيفي، رئيس تحرير صحيفة الدستور، سيخلى سبيله الخميس على ذمة القضية التي يحاكم فيها بتهمة نشر معلومات كاذبة والتحريض على زعزعة استقرار البلاد.
269,أصدرت محكمة سعودية احكاما بالاعدام على ستة اشخاص ادينوا بالتخطيط للهجوم الذي استهدف شركة امريكية في مدينة ينبع.
270,قررت محكمة العدل الأوروبية أن اللاجئين الذين وصلوا إلى أوروبا من دون ذويهم يحتفظون بحقهم في لم شمل الأسرة حتى لو كانوا قد بلغوا سن الرشد خلال عملية طلب اللجوء. فما الذي جاء في القرار؟
271,قتل 16 شخصا على الأقل بينهم ثلاثة أطفال وسيدتان في غارة جوية استهدفت قرية ذات غالبية كردية في محافظة الحسكة في شمال شرق سوريا، حسب ما أعلن المرصد السوري لحقوق الإنسان.
272,"وافقت الجمعية العامة للأمم المتحدة على مشروع قرار يطالب طرفي الصراع في سوريا بوقف أعمال العنف فورا، كما دعا إلى مفاوضات تشمل ""الائتلاف الوطني لقوى الثورة المعارضة""، الذي قدم على أنه محاور يتمتع بصفة تمثيلية."
273,في أول اتصال هاتفي بينهما منذ تولي رئيس الوزراء الإسرائيلي منصبه قبل أسبوعين، أكد نتانياهو على ضرورة عمل الجانبين كل ما يمكن من أجل دفع عملية السلام، فيما يقوم العاهل الأردني بزيارة إلى واشنطن نهاية الشهر الجاري.
274,قتل ضابطان بالجيش اللبناني وجندي وأصيب آخرون في اشتباكات في مدينة صيدا الساحلية بجنوب لبنان بين أتباع شيخ سني سلفي مناهض لتدخل حزب الله الشيعي في سوريا والجيش اللبناني.
275,أعلنت السلطات التونسية تعليق رحلات الخطوط الإماراتية في المطارات التونسية في ظل خلاف أزمة متصاعدة بعد منع تونسيات من السفر إلى الإمارات. وتسبب الإجراء في حالة من السخط والغضب في تونس.
276,"حذر الرئيس اليمني عبد ربه منصور هادي من أن الحوثيين سيحاصرون العاصمة صنعاء في حال لم يستجب الحوثيون لمطالب ""الإجماع الوطني"" التي نصت عليها مخرجات الحوار الوطني."
277,وجه المدير الفني لفريق مانشستر يونايتد الإنجليزي لكرة القدم جوزيه مورينو انتقادات حادة للاعبي الفريق ليوك سمولنغ وشو لتراجع دورهما في الفريق.
278,"حثت جامعة الدول العربية في ختام اجتماع لوزراء الخارجية العرب في القاهرة الدول الأعضاء على اتخاذ التدابير الضرورية ضد تنظيم ""الدولة الإسلامية""."
279,قرر الاتحاد الألماني لكرة القدم الإبقاء على مدرب المنتخب يوآخيم لوف في منصبه، وذلك في ختام اجتماع عقد في فرانكفورت بين كبار المسؤولين والمدرب.
280,وصل وفد قيادي كبير من حركة المقاومة الإسلامية (حماس) إلى العاصمة الأردنية عمان في زيارة تستغرق يوما واحدا.
281,قالت الأمم المتحدة إن أكثر من مليون شخص فروا من جنوب السودان إلى أوغندا خلال العام الماضي.
282,اهتم مستخدمو مواقع التواصل الاجتماعي في العالم العربي بعدد من القضايا التي تصدرت اهتماماتهم خلال الساعات الماضية.
283,تستضيف العاصمة العراقية بغداد مؤتمرا للمصالحة الوطنية بمشاركة ممثلين عن جميع القوى السياسية والدينية والعشائر السنية.
284,انقلبت شاحنة محملة بمواد كيماوية في أحد القطارات في الولايات المتحدة، بحسب مسؤولين.
285,"اعتبرت السلطة الفلسطينية قرار غواتيمالا نقل سفارتها إلى القدس ""عمل مخز"" وغير قانوني، فيما رحب رئيس الوزراء الإسرائيلي بالقرار واصفا إياه ب ""المهم""."
286,حقق الإسباني فرناندو الونسو أسرع زمن للفة في حلبة الصخير الصحراوية في البحرين، فيما حل الألماني سيباستيان فيتل والاسترالي مارك ويبر ثنائي رد بول في المركزين الثاني والثالث على الترتيب.
287,احتج فريق الرولينغ ستونز الغنائي في الولايات المتحدة على استخدام مرشح الحزب الجمهوري، دونالد ترامب، لموسيقاه في حملته الانتخابية.
288,"رحب المجتمع الدولي ب""خطوته الكبيرة الهادفة إلى توحيد الوطن والشعب""، فيما حث رئيس الوزراء الإسرائيلي المجتمع الدولي على عدم ""التسرع"" والاعتراف بحكومة التوافق الوطني الفلسطينية القادمة المدعومة من حركة حماس."
289,أعلنت شركة فولكسفاغن الألمانية للسيارات الرياضية الفارهة أن مبيعاتها قفزت عام 2012 بنسبة 11.2 بالمائة لتصل إلى 9.07 مليون سيارة. يأتي ذلك في ظل الظروف الصعبة التي يمر بها الاقتصاد العالمي.
290,بعد رحلة هروب شاقة دامت أكثر من شهر، قررت اللاجئة السورية بسمة العودة إلى ألمانيا. رحلة الهروب كانت صعبة، لكن المهرب أقنعها بالعدول عن فكرتها والعودة إلى أوروبا.
291,"قال رئيس الوزراء الإسرائيلي بنيامين نتنياهو إنه ""أقر بالجواب المكتوب المقدم باسمي"" في إشارة إلى مذكرة قدمها محاموه إلى المحكمة الشهر الماضي."
292,قال السيناتور الامريكي البارز لندسي غراهام إن عدد ضحايا الغارات التي يشنها الجيش الامريكي باستخدام طائرات بدون طيار قد يصل إلى 4700 شخص.
293,فاز بوريس جونسون، النائب المحافظ والمؤيد لخروج بريطانيا من الاتحاد الأوروبي، حتى بدون اتفاق، في الدورة الثانية من عملية اختيار خليفة لتيريزا ماي من بين ستة مرشحين من بينهم دومينيك راب.
294,صادق مجلس الشيوخ الأمريكي على تعيين القاضي المحافظ بريت كافانو عضوا في المحكمة العليا، لتنتهي بذلك أسابيع من السجالات والمواجهات السياسية الشرسة التي تخللتها اتهامات للقاضي بارتكاب اعتداء جنسي.
295,تشهد برامج الاستعراض التلفزيونية رواجا كبيرا بين الشباب، لاسيما الذين تتراوح أعمارهم بين التاسعة و الثانية والعشرين، لاسيما بعد أن أصبحت هذه البرامج مصدر إزعاج للكثير من العائلات.
296,بعد ساعات من عودة ثلاثة أميركيين أفرجت عنهم كوريا الشمالية، أعلن الرئيس الأمريكي دونالد ترامب أن القمة التاريخية المقررة مع زعيم كوريا الشمالية كيم جونغ أون ستعقد في 12 حزيرانيونيو المقبل.
297,شن الجيش الإسرائيلي غارات جوية على قطاع غزة ردا على إطلاق صاروخين من القطاع على جنوب إسرائيل.
298,أنهى المئات من أهالي البصرة تظاهراتهم التي خرجت احتجاجا على تردي الخدمات، فيما نفى مجلس المحافظة وجود عمليات غلق لأي منفذ حدودي بسبب التظاهرات التي تشهدها المحافظة.
299,ارتفعت حصيلة ضحايا حرائق الغابات بالقرب من العاصمة اليونانية أثينا إلى 50 قتيلا بعد العثور على 26 جثة أخرى، وفقا لما ذكره الصليب الأحمر ومسؤول محلي.
300,أعلن البابا فرنسيس قداسة 800 مسيحي قتلوا بضرب العنق في 1480 لرفضهم التخلي عن ديانتهم واعتناق الإسلام بأمر من القائد العثماني أحمد باشا. وتندرج عملية الاستيلاء على جزيرة رودوس بعد سقوط القسطنطينية في العام 1453.
301,أعلنت الشرطة الألمانية ارتفاع حصيلة المصابين في هجوم نفذه رجل يحمل بلطة ليل الخميس في محطة القطارات الرئيسية بمدينة دوسلدورف إلى تسعة مصابين، فيما لا تزال الدوافع خلف الهجوم لا تزال مجهولة.
302,"أعلن قيادي بارز في المعارضة الأوكرانية عزمه تنظيم إضراب عام في البلاد احتجاجا على ""التدخل الروسي"" في شؤون البلاد."
303,وصلت السودانية، مريم يحي إبراهيم اسحق، إلى روما، في زيارة هي الأولى من نوعها منذ أكثر من عامين.
304,احتشد عشرات الآلاف من المحتجين في مدينة الحسيمة شمالي المغرب في مسيرات احتجاجية.
305,في ظل المنافسة الشديدة بين شركات السيارات الكبرى على بيع منتجاتها، أفردت كبرى شركات صناعة السيارات مساحات ضخمة لعرض منتجاتها في معرض فرانكفورت الدولي للسيارات.
306,قالت منظمة هيومان رايتس ووتش المعنية بحقوق الإنسان إن السلطات المصرية اعتقلت أو داهمت منازل أقارب 14 معارضا، ونهبت ممتلكات أو أتلفتها في خمسة منها.
307,كشفت دراسة أعدها المركز الدولي لأبحاث السرطان التابع لمنظمة الصحة العالمية أن استهلاك الكحول يتسبب في وفاة أكثر من 700 ألف شخص سنويا. كما يزيد من احتمالية الإصابة بسرطان الثدي بشكل خاص.
308,قال عمدة مدينة سلوفيانسك شرقي اوكرانيا إن مسلحي الانفصاليين الموالين لروسيا يحتجزون اربعة مراقبين تابعين لمنظمة الامن والتعاون في اوروبا.
309,قال الرئيس النيجيري، غودلاك جوناثان، إنه لا يمكن منح عفوا عن أعضاء جماعة بوكوحرام الإسلامية المتشددة في البلاد.
310,قالت مصادر امنية لبنانية إن الطيران الحربي الاسرائيلي شن غارتين على جرود النبي شيت بالقرب من الحدود اللبنانية-السورية.
311,"ذكرت مصادر أمنية عراقية أن تنظيم ""الدولة الإسلامية"" أحكم سيطرته على منطقة المضيف شرقي الرمادي بعد انسحاب القوات العراقية منها. يأتي هذا فيما ذكرت الشرطة العراقية أن 52 شخصا قتلوا غالبيتهم العظمى من التنظيم في سلسلة حوادث عنف متفرقة."
312,"قال وزير الخارجية المصري أحمد أبو الغيط إن ""الوضع الحالي بين الشمال والجنوب سيؤدي إلى إنفصال الجنوب""."
313,من بين الأسباب التي تدفع الرجال للالتزام بالصمت أثناء الخروج المشترك لتناول الطعام أو التنزه، لكن خبراء العلاقات الزوجية يرون أن التزام السيدات الصمت قليلا قد يدفع الرجال إلى المشاركة في الحديث.
314,أنقذ النجم المخضرم ميروسلاف كلوزه المنتخب الألماني من السقوط في فخ الخسارة أمام نظيره الغاني ليقوده لتعادل صعب 22 في الجولة الثانية بالمجموعة السابعة لنهائيات كأس العالم لكرة القدم المقامة حاليا بالبرازيل.
315,أظهرت دراسة جديدة أن نسبة الشباب الذين يستخدمون الكومبيوتر بصورة مرضية في ألمانيا تصل إلى 17 في المائة، وأن 4 في المائة فقط من اليافعين يفرطون في استخدام الكومبيوتر إلا لدى نسبة ضئيلة من الشباب.
316,قتل اربعة من عناصر الشرطة العراقية واصيب عشرة آخرون بجروح في اشتباكات مع مسلحين مجهولين في منطقة السيدية ذات الغالبية السنية في العاصمة بغداد.
317,يسعى مدرب المنتخب الألماني يواخيم لوف إلى تجربة ثلاثي جديد في مباراة ودية تقام على الاستاد الأولمبي في برلين بعد غد الأربعاء 19 نوفمبرتشرين الثاني. المباراة ستشهد مشاركة ثلاثة لاعبين أساسيين من المنتخب الإنجليزي.
318,قالت وزيرة الدفاع الألمانية أورزولا فون دير لاين إن بلادها تعتزم الإبقاء على قواتها في تركيا لحين انتهاء الأزمة السورية، كما حذرت المجتمع الدولي من إهمال الأوضاع في سوريا في ظل الانشغال بأزمة شبه جزيرة القرم ونزاعات أخرى.
319,"اتهم رئيس الوزراء الإثيوبي، آبي أحمد، جبهة تحرير شعب تيغراي بارتكاب ""جرائم حرب"" في إقليم تيغريين."
320,أيدت محكمة النقض المصرية حكما بالسجن المشدد لعشر سنوات على الشرطيين اللذين أدينا سابقا بقتل الناشط خالد سعيد الذي أدت قضيته إلى زوبعة في مواقع التواصل الاجتماعي وغلى إشعال الانتفاضة التي أطاحت بالرئيس الأسبق حسني مبارك عام 2011.
321,وجه الرئيس الفرنسي ماكرون والمستشارة الألمانية أنغيلا ميركل رسالة مشتركة إلى الرئيس الروسي فلاديمير بوتين، طالبا منه الموافقة على مشروع قرار لمجلس الأمن الدولي لإقرار هدنة في سوريا.
322,عقد رئيس الوزراء الفلسطيني رامي الحمد لله اجتماعا مع مسؤولين من حركة حماس في قطاع غزة لبحث سبل إعادة إعمار القطاع.
323,صودرت مجموعة من المتعلقات الشخصية المشرفة على التحقيق في قضية مقتل الطالب الإيطالي جوليو ريجيني.
324,أعلنت وحدات حماية الشعب الكردية في شمال سوريا أنها ستنتشر في بعض المواقع الحدودية مع تركيا في إطار اتفاق مع الحكومة السورية لدخول القوات السورية منطقة عفرين.
325,"اشتعلت مواقع التواصل الاجتماعي في المغرب غضبا بعد انتشار مقاطع فيديو على موقع يوتيوب، تظهر نساء بملابس شفافة أثناء تنظيف المنزل، و""رجلي سيد الرجال""."
326,تأهل نادي تشيلسي الانجليزي الى المباراة النهائية لبطولة دوري ابطال اوروبا لكرة القدم بعد فوزه على بازل السويسري بثلاثة أهداف لهدف واحد.
327,قامت الشرطة الألمانية صباح اليوم الجمعة بتفتيش عدد من المنازل الخاوية في نفس المبنى السكني الذي كان يقطن فيه تونسي يشتبه في قيامه بتصنيع أسلحة بيولوجية، وذلك بعد أن تم العثور على مادة الريسين السامة في شقته.
328,"قالت شركة نايكي للملابس الرياضية إنها سحبت منتجها من الأسواق الفرنسية بسبب ""تهديدات غير مسبوقة""."
329,كشفت دراسة حديثة أن الكثير من الشركات في ألمانيا تعمل لديها موظفون من أصول مهاجرة، فيما تعتبر غالبية الشركات أن ضعف المعرفة باللغة الألمانية يمثل عقبة كبيرة أمام توظيف أشخاص من أصول أجنبية.
330,قررت المحكمة الإدارية في هولندا وقف محاكمة النائب الهولندي اليميني المتطرف خيرت فيلدرز، المتهم بالتحريض على الكراهية والعنصرية، بسبب اتهامه للمحكمة بالتحيز.
331,قاد الساحر الأرجنتيني ليونيل ميسي فريقه برشلونة لفوز قاتل 3  2 على مضيفه ريال مدريد في المرحلة الثالثة والثلاثين من الدوري الأسباني لكرة القدم، ليعزز صدارته لقائمة هدافي الكلاسيكو.
332,أصيب اثنان من رجال الشرطة السعودية في حريق نشب في سجن بمدينة بريدة شمال شرقي المملكة.
333,"ألقت الشرطة الإيطالية القبض على عدة أشخاص في منطقة ""أبروتسو"" وسط البلاد، بتهمة ارتكاب جرائم مالية وتمويل الإرهاب. ويتضمن المشتبه بهم ثمانية تونسيين ومواطنين إيطاليين، بينهم إمام مسجد ومستشار ضرائب إيطالي."
334,انتقد وزير الخارجية الروسي سيرغي لافروف قرار الأمم المتحدة سحب الدعوة التي وجهت لإيران لحضور مؤتمر جنيف 2 للسلام.
335,من المتوقع أن يفوز السياسيون المنتمون إلى التيار الليبرالي في الانتخابات البرلمانية المقبلة في الكويت.
336,اندلعت اشتباكات بين قوات الأمن ومتظاهرين في مدينة سيدي بوزيد، شرقي تونس، بحسب ما أعلنته وزارة الداخلية.
337,نفى رئيس الاتحاد البحريني لكرة القدم الشيخ سلمان بن ابراهيم آل خليفة التهم الموجهة اليه في قضية انتهاكات حقوق الانسان.
338,أعلن القائد العسكري للقوات الموالية للرئيس اليمني عبد ربه منصور هادي بدء عملية عسكرية واسعة لاستعادة السيطرة على مدينة عدن من أيدي الحوثيين وحلفائهم.
339,"قالت شركة أرامكو السعودية إنها عزلت جميع أنظمتها الإلكترونية عن الخارج في أعقاب هجوم بفيروس ""شامون"" الذي أصاب أجهزة الكمبيوتر فيها."
340,"وافقت بلدية القدس على بناء 50 وحدة سكنية جديدة في مستوطنة هار حوما (جبل ابو غنيم) و28 وحدة اخرى في مستوطنة ""راموت"" شمال المدينة."
341,قتل خمسة أشخاص وأصيب 100 آخرون في اشتباكات ضارية جرت أمس الأربعاء في العاصمة الليبية طرابلس بين كتيبة متحالفة مع الجيش وقوة أمن تضم ميليشيات شاركت في الإطاحة بمعمر القذافي.
342,استعاد هوفنهايم جراح هامبورغ إثر سلسلة من النتائج المخيبة، فيما حقق شالكه فوزا ثمينا على فولفسبورغ في ختام منافسات الأسبوع التاسع عشر من الدوري الألماني لكرة القدم.
343,استهل رئيس الحكومة اليونانية ألكسيس تسيبراس زيارته إلى موسكو بوضع إكليل من الزهور على قبر الجندي المجهول قبل لقائه بالرئيس الروسي فلاديمير بوتين. وتتزامن الزيارة مع المفاوضات مع دائينيها، الاتحاد الأوروبي وصندوق النقد الدولي.
344,أعلن نادي بايرن ميونيخ الألماني لكرة القدم أن احتفالات الفريق بتتويجه بطلا للدوري الألماني (بوندسليغا) ستقام على مدار يومين متعاقبين. كما سيتم ازدواج احتفالات الفريق مع فريق السيدات بالنادي الذي قد يتوج باللقب ذاته في دوري السيدات.
345,"رحل أسطورة كرة القدم الأرجنتيني دييغو أرماندو مارادونا عن عالمنا بعد رحلة طويلة حافلة. رحلة حافلة مليئة بالتحديات والمفاجآت، لكن ""يد الله"" اختارته ليعم الحزن الأرجنتين والعالم."
346,قال نيكولاس مادورو، نائب الرئيس الفنزويلي، إن الرئيس هوغو تشافيز، الذي يعالج من مرض السرطان، قد إجتمع بوزرائه في الثاني والعشرين من الشهر الماضي.
347,شنت طائرات حربية إسرائيلية غارات جوية على قطاع غزة، حسب مصادر فلسطينية.
348,وصل الرئيس الافغاني الجديد اشرف غني الى اسلام آباد يوم الجمعة في اول زيارة يقوم بها الى افغانستان منذ توليه منصبه.
349,أفادت مصادر أمنية وطبية في العاصمة العراقية بغداد بمقتل 16 شخصا على الأقل وإصابة العشرات في تفجير انتحاري استهدف سوقا شعبيا في منطقة الكرادة شرقي بغداد.
350,"وصفت مقررة الأمم المتحدة الخاصة بحالات الإعدام خارج القضاء أو بإجراءات موجزة أو تعسفا، في حديث مع DW، محاكمة السعودية لقتلة الصحفي جمال خاشقجي ب""المهزلة"". فيما اعتبرت تركيا الحكم ""إنصافا له ولعائلته""."
351,بدأت في القاهرة جلسات إعادة محاكمة الرئيس المصري السابق حسني مبارك ونجليه ووزير داخليته حبيب العادلي في قضية قتل المتظاهرين.
352,صادرت سلطات الجمارك الفرنسية لوحة للفنان الأسباني بابلو بيكاسو من على متن سفينة كانت تحمل علم بريطانيا.
353,يجتمع وزير الخارجية الأمريكي مايك بومبيو ورئيس هيئة الأركان المشتركة الجنرال جوزيف دانفورد والقائم بأعمال وزير الدفاع باتريك شاناهان أمام مجلس الشيوخ بكامل هيئته للإدلاء بإفادات سرية بشأن الموقف مع إيران.
354,أثارت النائبة في البرلمان المصري، آمنه نصير، جدلا واسعا عبر مواقع التواصل الاجتماعي بعد تصريحاتها المثيرة للجدل حول زواج المسلمة من غير المسلم.
355,قال المدير السابق لنادي مانشستر يونايتيد الانجليزي لكرة القدم ديفيد مويز إنه واثق من ان فريقه سينهي الموسم المقبل قرب قمة الدوري الانجليزي الممتاز.
356,في أول يوم له في السلطة، اتخذ الرئيس الأمريكي جو بايدن خطوات لتوسيع نطاق الفحوص والتطعيم وزيادة الالتزام باستخدام الكمامات. كما فرض إجراء يلزم كل من يسافر إلى الولايات المتحدة من الخارج بإجراء فحص فيروس كورونا قبل ركوب الطائرة ودخول الحجر الصحي عند الوصول.
357,"أحال قاض ألماني نزاعا قضائيا بين سيدة محجبة وسلسلة ""مولر"" لمستحضرات التجميل وأدوات التنظيف التي تعمل لديها إلى التحكيم. وقد استدعى القرار ردود فعل منتقدة من ممثلي الجالية المسلمة في أوروبا."
358,يسعى المنتخب الهولندي إلى تعزيز صدارته للمجموعة الخامسة في دور المجموعات ضمن منافسات كأس العالم 2010، بل ولنيل لقب البطولة برمتها. بيد أن هذا المنتخب عادة ما يواجه مشاكل عدة في البطولات الكبرى، ويقصى بشكل مفاجئ من دوري ربع النهائي للبطولة.
359,يعاني كثيرون من الصداع النصفي في فصلي الربيع والخريف. ورغم اختلاف الطقس، إلا أن قلة النوم أو الجفاف قد يسببان هذا النوع من الصداع. فكيف يمكن التغلب عليه بدون أدوية؟
360,كشف كارل هاينس-رومينيغه، رئيس مجلس إدارة نادي بايرن ميونيخ الألماني لكرة القدم، عن عدم وجود أي تواصل بشأن لاعب خط الوسط الإسباني تياغو ألكانتارا مع ليفربول بطل إنجلترا.
361,"قالت فاليري آموس، مسؤولة الشؤون الإنسانية في الأمم المتحدة، إن الوضع الإنساني في سوريا ""يتدهور بشكل خطير""."
362,قالت منظمة هيومان رايتس ووتش المعنية بحقوق الانسان إن كوريا الشمالية اطلقت قمرا اصطناعيا جديدا في الثامن من شباط  فبراير الجاري.
363,"وصل وزير الخارجية الألماني فرانك فالتر شتاينماير اليوم إلى إسرائيل في زيارة تستغرق يومين يلتقي خلالها مع القادة الإسرائيليين والفلسطينيين. الوزير الألماني شدد على أهمية الحفاظ على أمن إسرائيل وضمان حصول الفلسطينيين على دولة ""مبدءان لا ينفي أحدهما الآخر""."
364,بعد الهجمات الإرهابية التي شهدتها العاصمة الفرنسية باريس في نوفمبرتشرين الثاني الماضي، والتي أسفرت عن مقتل أكثر من 130 شخصا وإصابة أكثر من مئة آخرين، أصبحت النظرة إلى المسلمين في فرنسا نظرة ريبة.
365,"في الوقت الذي يواصل فيه النجم البرتغالي كريستيانو رونالدو توهجه الكروي برفقة فريق يوفنتوس، ذكرت تقارير صحفية أن النجم البرتغالي طلب من إدارة ""السيدة العجوز"" التحرك بسرعة من أجل ضم متوسط ميدان مانشستر يونايتد بول بوغبا. فكيف ذلك؟"
366,أعلنت منظمة الخوذ البيضاء في سوريا أنها حصلت على جائزة نوبل البديلة بسبب التزامها في الحرب الدائرة في سوريا. المنظمة تطالب منذ سنوات بوقف العمليات العسكرية وإيجاد حل لحماية السكان المدنيين من العنف.
367,في الوقت الذي تزداد فيه فرص الإنسان في البقاء على قيد الحياة، توصلت دراسة حديثة إلى أن العمر المتوقع للإنسان قد يطول أكثر، وأن الأشخاص الذين يبلغون 105 أعوام لديهم فرصة جيدة للبقاء على مدى خمس سنوات أخرى على الأقل.
368,لا تزال أفلام التيار النسوي في العالم العربي تطرح طرحا مغايرا لعدد كبير من قضايا المرأة. ورغم أن هذه الأفلام تعكس الصورة البسيطة والدقيقة لحياة النساء، فإنها تمنح قطاعا كبيرا من النساء صوتا يعبر عن قصصهن بنزاهة أكبر ويكرس لهن مساحة حرمن منها طويلا.
369,وزير الدفاع الألماني يوزيف يونج يؤكد على أهمية إجراء انتخابات ديمقراطية في باكستان على خلفية تزايد حدة الأوضاع في البلاد في الوقت الحالي، فيما حذر سياسي ألماني من وقوع باكستان في حالة من الفوضى.
370,"قال مبعوث الأمم المتحدة إلى سوريا ستافان دي ميستورا إن محادثات السلام في جنيف ""ليست النهاية وليست إخفاقا""."
371,وافق حزب الخضر الألماني على إجراء مباحثات خاصة ومشتركة مع الحزب الديمقراطي الحر لتشكيل ائتلاف حكومي، وذلك بعد أن دعا إلى توحيد الصف في المحادثات الاستكشافية لتشكيل ائتلاف ثلاثي بين حزبه وبين التحالف المسيحي والحزب الليبرالي.
372,أجرى وزير الخارجية الأمريكي جون كيري محادثات مع رئيس الوزراء الإسرائيلي بنيامين نتنياهو في القدس.
373,يرى مصمم الأزياء الألماني الشهير فولفغانغ يوب أن ملابس المستشارة الألمانية أنغيلا ميركل تناسب سياستها بامتياز، مشيرا إلى أنها لن تبدو على نحو جيد إذا اختارت زيا آخر غريبا عما اعتادت عليه.
374,"ينطلق اليوم الجمعة مهرجان برلين السينمائي بفيلم ""نحبك هادي"" للمخرج التونسي محمد بن عطية، الذي تدور أحداثه عن قصة أم متسلطة تجبر ابنها على الزواج المرتب له."
375,قصة الشاب التشيلي كالين كوروسيو آكونا، التي تدور أحداثها في أدغال بوليفيا وغاباتها الكثيفة، هي أقرب ما تكون إلى سيناريوهات الأفلام السينمائية. ورغم أن تفسيراتها تبقى جزءا من ثقافتنا، إلا أن السكان المحليين يعتقدون أنها أقرب إلى الخيال.
376,انتقدت إيران بشدة تصريحات الرئيس الأمريكي باراك أوباما بشأن البرنامج النووي الإيراني.
377,أغلقت السلطات التركية موقع التواصل الاجتماعي تويتر للتواصل الاجتماعي في أعقاب اتهامات بالفساد.
378,أعلن مكتب رئيس الوزراء الإسرائيلي بنيامين نتانياهو إلغاء جلسة تفاوضية كانت مقررة مساء الأربعاء مع الفلسطينيين، وذلك بعد ساعات من إعلان حركة حماس ومنظمة التحرير الفلسطينية عن اتفاق مصالحة بينهما.
379,ألقت السلطات الأمريكية القبض على مايكل كوهين، المحامي الشخصي للرئيس الأمريكي، دونالد ترامب، بتهمة دفع أموال لعارضة في مجلة بلاي بوي.
380,"دعت الولايات المتحدة الجيش التايلاندي إلى احترام ""المبادئ الديمقراطية"" والالتزام بما أعلنه عن عدم قيامه بانقلاب بعد إعلانه الأحكام العرفية في البلاد كلها أمس الثلاثاء."
381,أدانت الولايات المتحدة التفجير المزدوج الذي وقع في الضاحية الجنوبية لبيروت وأسفر عن مقتل العشرات.
382,أفرجت السلطات الروسية عن رجل الأعمال الثري ميخائيل خودوركوفسكي، الذي كان معتقلا منذ عشر سنوات، وذلك بعد ساعات من صدور مرسوم العفو الذي أصدره الرئيس فلاديمير بوتين. وشتاينماير يرحب بالعفو.
383,تمكن المسلحون المناوئين للحكومة العراقية من السيطرة على عدد من المعابر الحدودية مع سوريا والأردن.
384,قال مسؤولون في الحكومة القبرصية إنهم لن يناقشوا خفض الودائع المصرفية في البلاد قبل الموعد المحدد لذلك.
385,طرحت شركة مايكروسوفت نسخة تجريبية لخدمة الترجمة الفورية للمكالمات التي تجري على سكايب، وتعتبر هذه المرة الأولى التي تقدم فيها الشركة هذا الابتكار التكنولوجي الجديد في الولايات المتحدة.
386,أعلنت الشرطة الألمانية أن ثمانية أشخاص، بينهم سبعة أطفال، لقوا حتفهم إثر اندلاع حريق هائل في مبنى سكني ببلدة باكنانغ في جنوب غرب ألمانيا، فيما يبحث المحققون عن احتمال إلقاء اللوم على سخان في إحدى الشقق بالمبنى.
387,افادت الانباء الواردة من السودان ان بعض اعضاء الحزب الحاكم في البلاد قد طردوا من مراكز الاقتراع بعد انتهاء عمليات الاقتراع.
388,قال وزير الطاقة الروسي إن بلاده مستعدة لإمداد تركيا بالغاز، رغم العقوبات الاقتصادية المفروضة عليها.
389,في الوقت الذي تشهد فيه بعض الدول العربية نقاشا حادا حول دور بعض القنوات الدينية في تأجيج الصراعات الطائفية، يرى خبراء أن الاستثمار في هذا القطاع لم يتلاشى في وجه الانتقادات الموجهة لتلك القنوات.
390,بطل الدوري فريق فولفسبورغ يفوز على شتوتغارت بهدفين مقابل لا شيء في المباراة الافتتاحية للموسم الكروي 2009  2010 في المباراة التي أقيمت أمام 30 ألف مشجع. بطل الدوري يينس ليمان تألق مجددا بتصديه لكرة سددها المهاجم البرازيلي غرافيتي.
391,"نشرت جماعة ""بوكو حرام"" النيجيرية المتشددة صورا لمسلحيها في شمال شرقي البلاد."
392,تعرض سترة سوداء شهيرة ارتداها المغني الراحل مايكل جاكسون خلال أولى جولاته الغنائية المنفردة في مزاد الشهر المقبل وقد تباع بسعر يصل إلى 100 ألف دولار.
393,"""أنا منقذها""، هكذا وصف تامي فايسنبيرغ، رجل طويل القامة، العلاقة التي جمعته بصديقته التي كانت تعاني من ""تبعية عاطفية"" شديدة. فما هي أسباب هذه التبعية؟"
394,لأول مرة في تاريخ تصفيات كأس العالم يشارك المنتخب الفلسطيني لكرة القدم تحت راية فلسطينية ونشيد وطني فلسطيني في مباراة رسمية على أرضه ضمن تصفيات كاس العالم في تايلاند.
395,قررت شركة هندوستان موتورز الهندية لصناعة السيارات تعليق إنتاج سيارة الأجرة (أمباسادور) في مصنعها في ولاية كولكاتا.
396,ذكرت صحيفة ألمانية أن المحاكم الألمانية سجلت حتى الثلاثين من حزيرانيونيو الماضي أكثر من 320 ألف قضية يتم النظر فيها، بينما لم يكد العدد المسجل في العام السابق يصل إلى 69 ألف قضية.
397,"أعرب الرئيس الأمريكي باراك اوباما عن أمله في أن تغير إيران سلوكها ""الشائن"" بعد التوقيع على الاتفاق النووي مع الدول الكبرى، مشيرا إلى أنه لا يراهن على ذلك. كما أكد على أهمية أن تكون إيران جزءا من حل الأزمة السورية."
398,أصيب جنديان هنديان في حادث إطلاق نار في إقليم كشمير المتنازع عليه بين الهند وباكستان.
399,"أصدرت محكمة بلجيكية حكما بالسجن 20 عاما على دبلوماسي إيراني بعد إدانته بالتخطيط لهجوم كان سيستهدف تجمعا لمعارضين للنظام الإيراني قرب باريس العام 2018، في عقوبة رحب بها المدعون. وإيران تدين ""بشدة"" الحكم."
400,بدأت في العاصمة الليبية طرابلس جلسات الاستماع في محاكمة رجل يشتبه في صلته بالتفجيرات التي وقعت في كينيا وتنزانيا عام 1998.
401,أفادت الأنباء الواردة من اليمن بأن طائرات التحالف الذي تقوده السعودية قصفت مواقع للحوثيين وحلفائهم في مدينة عدن، جنوبي البلاد.
402,تحتفل مصر هذا العام بالذكرى الخامسة والعشرين لثورة الخامس والعشرين من ينايركانون الثاني التي أطاحت بالرئيس السابق حسني مبارك.
403,دافع الرئيس الامريكي دونالد ترامب عن قرار مكتب التحقيقات الاتحادي عدم توجيه اي تهم جنائية الى وزيرة الخارجية السابقة هيلاري كلينتون وذلك بعد ساعات قليلة من اعلان مكتب التحقيقات عدم توجيه تهم جنائية لها.
404,في ختام مباريات المرحلة 26 من الدوري الألماني لكرة القدم (بوندسليغا) أفلت فريق فولفسبورغ من كمين ضيفه فورتونا دوسلدورف وانتزع منه تعادلا ثمينا 11 الجمعة في افتتاح مباريات هذه المرحلة.
405,"أصدرت محكمة الاستئناف بالدار البيضاء أحكاما بالسجن النافذ والغرامة على 52 ناشطا من الحراك الشعبي في منطقة الريف بشمال المغرب في إطار ما سمي ""الحراك الشعبي""."
406,أعربت الولايات المتحدة عن تأييدها الكامل للرئيس العراقي فؤاد معصوم كضامن للدستور العراقي.
407,"أعلن محرك البحث العملاق ""غوغل"" عن توسيع نطاق خدمته الخاصة بوسائل النقل ""غوغل فلايتس"" ليشمل خطوط السكك الحديدية الألمانية (دويتشه بان) حتى يتمكن المسافرون من المقارنة بين زمن وتكاليف الرحلات الجوية ورحلات القطارات."
408,"""طواعية وآمن وفي كرامة""، هذه هي الشروط المطلوبة لعودة اللاجئين السوريين إلى الجزء الشمالي من سوريا، حسب الأمم المتحدة. لكن هل سيعود اللاجئون فعلا طواعية؟ وما هي الدول الأوروبية التي تساند هذه الخطوة؟"
409,"بعد يومين من انفجار سيارتين مفخختين في بلدة الريحانية التركية على الحدود مع سورية، حذر وزير الدفاع الألماني مجددا من التدخل العسكري في الصراع السوري، مستبعدا إمكانية التحكم ""من الخارج"" بشكل جيد في مجريات الأمور."
410,قالت المفوضية السامية لشؤون اللاجئين التابعة للأمم المتحدة إن عدد اللاجئين الذين وصلوا إلى ماليزيا قد تجاوز المليون شخص.
411,أعلنت وزارة الآثار المصرية أنها عثرت على ثماني مقابر أثرية في ملوي بمحافظة المنيا تمثل بداية كشف عن جبانة جديدة ترجع إلى نهاية العصور المصرية القديمة وبداية العصر البطلمي.
412,تحدث البابا بنديكت السادس عشر عن أبرز الوقائع في فترته الباباوية التي استمرت لنحو ثماني سنوات، وذلك خلال عظته العامة الأخيرة عشية دخول موعد استقالته حيز التنفيذ.
413,قال الرئيس الروسي، فلاديمير بوتين، إن بلاده أحبطت هجوما إرهابيا في مدينة سانت بطرسبرغ في عام 2017.
414,"أعلنت جماعة الإخوان المسلمين أنها ستتعاون مع السلطات البريطانية بكل شفافية في المراجعة التي أمر رئيس الوزراء ديفيد كاميرون بإجرائها، إلا أنها ستطعن في ""أي محاولة غير ملائمة لتقييد نشاطها"" أمام القضاء البريطاني."
415,تكثف السلطات المصرية تحقيقاتها مع المتهم بقتل سائحتين ألمانيتين طعنا بالسكين وإصابة أربع أخريات من أوروبا الشرقية، فيما سارع وزير الخارجية الألماني إلى إدانة الإعتداء.
416,"حذر مسؤولون عراقيون من أن مدينة الموصل التي يسيطر عليها مسلحو تنظيم ""الدولة الإسلامية في العراق والشام"" (داعش) قد تسقط في أيدي القوات العراقية في غضون أيام."
417,قالت وسائل إعلام رسمية صينية إن سيارتين مفخختين انفجرتا في سوق في مدينة أورومتشي شمال غربي الصين.
418,"أعلن المرصد السوري لحقوق الإنسان أن 31 عنصرا من حزب الله قتلوا منذ الأحد في مدينة القصير السورية، فيما نفى الجيش الإسرائيلي ""مزاعم سوريا بأن قواته دمرت مركبة إسرائيلية في مرتفعات الجولان""."
419,في عام 2005، قدم طالب لجوء أفغاني إلى ألمانيا بتأشيرة قانونية، لكنه لم يتم ترحيله إلى بلده، والسبب هو إضرامه النار بشكل متعمد في الشقة التي كان يقطنها. فما هو السبب؟
420,أفاد المرصد السوري لحقوق الإنسان أن قصفا لقوات النظام السوري أسفر عن مقتل وإصابة أكثر من 50 شخصا على الأقل في مدينة حلب ومدينة دوما في الغوطة الشرقية لدمشق. فيما يعقد مسؤولون في الحكومة السورية وأكراد اجتماعا ثانيا لمواصلة محادثات حول هدنة.
421,قتل سبعة من عناصر قوة حفظ السلام التابعة للأمم المتحدة في دارفور في حادث وقع قرب قاعدة عسكرية في اقليم جنوب دارفور.
422,قال حزب المؤتمر من أجل الجمهورية الحاكم في تونس إنه سينسحب من الحكومة إذا لم يغير وزيرا الخارجية والعدل.
423,مع بدء تكشف حقيقة ما جرى في إيران، قال مبعوث الولايات المتحدة الخاص لشؤون إيران برايان هوك إن عدد قتلى الاحتجاجات الأخيرة أكبر بكثير مما تم الحديث عنه حتى الآن. في غضون ذلك اتهمت بريطانيا وفرنسا وألمانيا إيران بتطوير صواريخ باليستية.
424,اندلعت اشتباكات بين متظاهرين وقوات الشرطة في العاصمة البرازيلية ريو دي جانيرو احتجاجا على ارتفاع منسوب المياه في نهر ريو نيغرو.
425,"يبدو أن رحيل كريستيانو رونالدو عن القلعة المدريدية قد زاد من حدة الانتقادات التي يتعرض لها رئيس ""الأبيض الملكي"" فلورنتينو بيريز بسبب بيعه لكريستيانو رونالدو، الذي كان يتوقع أن ينهي مسيرته الكروية في مدريد."
426,من المعروف أن ضبط النفس هو القدرة على فعل شيء يفيد أهدافك بعيدة المدى، بدلا من شيء ربما يرضي رغباتك الآنية أو قصيرة المدى. لكن كيف يمكن تحقيق ذلك؟
427,ارتفع معدل التضخم في مصر خلال شهر أغسطسآب الماضي إلى مستوى قياسي بلغ 16.4 في المئة، حسب بيانات رسمية.
428,في أول رد فعل رسمي ألماني على صفقات الأسلحة الأمريكية المخطط توريدها للشرق الأوسط، قال وزير الخارجية شتاينماير إن زيادة التسلح في هذا الموقف المتوتر في الشرق الأوسط لن يكون هو الحل.
429,"تظاهر الآلاف في العاصمة البريطانية لندن احتجاجا على الغارات الجوية التي يشنها التحالف الدولي الذي تقوده الولايات المتحدة ضد تنظيم ""الدولة الإسلامية"" (داعش) في سوريا."
430,حذر مكتب التحقيقات الفيدرالي الأمريكي (أف بي آي) من استخدام الطائرات دون طيار في عمليات خطف رهائن.
431,حدد الرئيس الأمريكي باراك أوباما قواعد استخدام الطائرات بدون طيار خارج مناطق الحروب مع اتخاذ خطوات لمنع وقوع ضحايا بين المدنيين وتركيز الهجمات على الأهداف الإرهابية التي تشكل تهديدا مباشرا.
432,أثار معتقل فلسطيني في سجون النظام السوري، يدعى محمد الأخرس، موجة من ردود الفعل على مواقع التواصل الاجتماعي في سوريا.
433,دافع السياسي الهولندي اليميني المتطرف خيرت فيلدرز عن تصريحاته التي أدلى بها أمام حشد من أنصاره في مدينة لاهاي الهولندية.
434,"فاز فريق من أعضاء فرقة الروك الأمريكية ""Got Talent"" في مسابقة عالمية لاكتشاف المواهب."
435,دعا بيتر ليمبورغ، المدير العام لمؤسسة DW، السلطات في إيران إلى مزيد من الشفافية، وإنهاء إجراءات الرقابة على الانترنت، وذلك بعد حجب موقع DW في نسخته الفارسية.
436,أعلنت جماعة أنصار الله الحوثية في اليمن الإفراج عن جميع السجناء البهائيين المحتجزين لديها. ورحب التحالف الذي تقوده السعودية بدعوة الأمم المتحدة لوقف إطلاق النار في اليمن لمحاربة تفشي فيروس كورونا.
437,قالت مصادر امنية وطبية عراقية إن ثلاثة اشخاص قتلوا واصيب 11 بجروح في هجمات متفرقة في العاصمة بغداد.
438,اتهم الرئيس السوري بشار الأسد رئيس الحكومة التركية رجب طيب أردوغان بالكذب في كل ما يتعلق بالأزمة السورية منذ بدايتها، فيما حذر الأردن من تفجر الوضع في سوريا.
439,قال الجيش الإسرائيلي إنه أصاب ثلاثة أهداف ردا على انتهاك طائرة سورية بلا طيار للمجال الجوي الإسرائيلي أمس الأربعاء قبل إسقاطها فوق شمال إسرائيل.
440,"لا يكاد يمر يوم دون الإعلان عن أحداث عنف جديدة في العراق، إلا أن وسائل الإعلام تتجاهل أخبار ""العنف في العراق""، كما يرى راينر زوليش في تعليقه التالي."
441,أظهرت القمة العشرون لجامعة الدول العربية في دمشق للعالم تشرذم الدول الأعضاء، وعدم قدرتها على إيجاد حلول لمشاكلها، كما أظهرت عدم قدرة بعض الدول العربية على إيجاد حل لمشاكلها.
442,ذكرت وسائل إعلام ألمانية أن ألمانيا ستطرد أربعة دبلوماسيين روس على خلفية اتهام روسيا من قبل بريطانيا بالوقوف وراء تسميم العميل الروسي المزدوج السابق سيرغي سكريبال في مدينة سالزبري البريطانية.
443,"بعد نحو أربع ساعات من توقيفها بتهمة الإساءة للإسلام، استجوبت السلطات السعودية الناشطة سمر بدوي، شقيقة المدون رائف بدوي المحكوم بالسجن والجلد بتهمة ""الإساءة للإسلام""، بحسب ما أعلنت الناشطة."
444,اعترف طياران امريكيان باستخدام حاسوبيهما في قمرة القيادة اثناء رحلة جوية استغرقت خمس ساعات.
445,يرى المحلل السياسي التونسي عادل لطيفي في حوار مع DW عربية أن تركيا قد تكون هي المستفيد الأول من قضية اختفاء الصحفي السعودي جمال خاشقجي. فما مدى استفادة تركيا من هذه القضية؟
446,أعلنت المفوضية العليا المستقلة للانتخابات في العراق السماح للمشمولين بقرارات الهيئة العليا للمساءلة والعدالة بالمشاركة في الانتخابات التشريعية المقررة في السابع من آذارمارس المقبل والتي يتنافس فيها 6500 مرشح ومنهم مستقلون ضمن 12 ائتلافا
447,اندلعت اشتباكات بين الشرطة ومتظاهرين في مدينة ريو دي جانيرو البرازيلية.
448,أقر الرئيس الأمريكي دونالد ترامب ثلاثة قرارات للكونغرس بوقف صفقات أسلحة تقدر بمليارات الدولارات إلى حلفاء للولايات المتحدة تشمل السعودية والإمارات اللتين تخوضان حربا في اليمن منذ خمس سنوات.
449,"حذرت القيادة العامة للقوات المسلحة في مصر من انزلاق البلاد إلى ""نفق مظلم من الصراع أو الاقتتال أو التجريم أو التخوين أو الفتنة الطائفية أو انهيار مؤسسات الدولة""."
450,"كشفت إحصائيات الشرطة الألمانية عن تراجع عدد الجرائم في البلاد على نحو غير مسبوق منذ عام 1992. يأتي هذا في وقت شهدت فيه جرائم العداء للسامية تصاعدا عام 2017 بلغ نسبة 2,5 بالمائة ليصل عددها إلى 1504 جريمة."
451,في الوقت الذي يعاني فيه العالم من جائحة كورونا، يحاول بعض الناس الحفاظ على صحتهم الجسدية والعقلية من خلال اتباع بعض العادات الغذائية. فما هي هذه العادات وكيف يمكن الحفاظ عليها؟
452,يعاني سكان منطقة الحوض المنجمي (جنوب غرب تونس) من موجة عطش شديدة هي الأسوأ في تاريخ تونس. DW عربية جالت في شوارع هذه المنطقة ورصدت معاناة سكان المنطقة.
453,"""الحب ليس له عمر"" و""الحب لا يعترف بالإعاقة"" عبارة جذبت عشرات الملايين لمشاهدتها على موقع يوتيوب."
454,قتل اربعة جنود روس في هجوم شنه متمردون على قافلة عسكرية في شمال القوقاز، حسبما اعلنت الشرطة الروسية.
455,"قال الرئيس التركي رجب طيب اردوغان إن العفو عن بعض القادة العسكريين الذين اعتقلوا عقب محاولة الانقلاب الفاشلة ""لمرة واحدة فقط""."
456,نفى الرئيس اليمني عبدربه منصور هادي الأنباء التي تحدثت عن إجراء تعديل وزاري في حكومة الوفاق الوطني، أو التمديد لولايته المحددة بسنتين.
457,أعلنت وزارة الداخلية السودانية أنها اعتقلت 600 شخص لمشاركتهم في التظاهرات المناهضة للحكومة التي تهز البلاد منذ خمسة أيام، فيما قالت قناة سكاي نيوز عربية إن السودان أغلق مكتبها وصادر أجهزة ومنع مراسلها من العمل.
458,"رشحت الممثلة البريطانية انجلينا هيثواي والفريد هج جاكمان لجائزتي افضل ممثلة وافضل ممثل عن دورهما في الفيلم الغنائي ""البؤساء""."
459,قتل ما لا يقل عن 100 شخص في هجوم شنه مسلحون من قبيلة لونوير على مربى ماشية في ولاية جونقلي الواقعة في شرق جنوب السودان.
460,انتقدت تركيا الولايات المتحدة بسبب إبرامها اتفاقا مع قوات سوريا الديمقراطية، التي تقاتل مسلحي تنظيم الدولة الإسلامية.
461,في ثاني عملية من نوعها منذ التوصل إلى تهدئة حدودية بين الجانبين هذا الشهر، أعلن التحالف العربي الذي تقوده السعودية الإفراج عن تسعة سعوديين محتجزين مقابل 109 يمنيين يرجح أنهم من الحوثيين وحلفائهم.
462,"تعهد الرئيس النيجيري غودلاك بوخاري بمحاربة حركة ""بوكو حرام"" الإسلامية المتشددة في البلاد."
463,وافقت المفوضية الفيدرالية للتجارة في الولايات المتحدة على إجراء تحقيق مع شركات التواصل الاجتماعي، فيسبوك، وتويتر، ويوتيوب، وسناب شات، وريديت، وديسكورد.
464,"توفي رئيس تحرير مجلة ""شارلي إبدو"" الفرنسية الساخرة، جان شاربونييه، عن عمر يناهز 47 عاما، وذلك بعد أن هاجم ملثمون مقر المجلة ببندقيتي كلاشينكوف، وصاحوا ""الله أكبر""."
465,زادت قيمة انتقال اللاعب المصري محمد صلاح من نادي ليفربول الإنجليزي إلى نادي روما الإيطالي.
466,قالت الشرطة الأمريكية إن المشتبه به الرئيسي في جريمة قتل أربعة أشخاص في مدينة فرينسو بولاية كاليفورنيا، أطلق النار على رجل أبيض، في وقت مبكر من صباح الثلاثاء.
467,"هل تعلم أن تجميد الآيس كريم في الثلاجة وتسخين الطعام في بعض الأجهزة قد يسبب لك الكثير من المشاكل؟ موقع ""فرويند"" الألماني يقدم خمسة أشياء خاطئة قد نقوم بها مع خطوات بسيطة للغاية لتجاوز الأمر وتصحيحه."
468,تعد عملية نضج التفاح من العمليات الطبيعية الأولى التي يقوم بها الإنسان منذ آلاف السنين. لكن العلماء يحذرون من أن تخزين التفاح في مكان بارد قد يؤخر نضجه.
469,"أعلن الجيش الأمريكي مقتل 54 مدنيا في ضربات جوية نفذها التحالف الذي تقوده الولايات المتحدة ضد أهداف تابعة لتنظيم ""الدولة الإسلامية"" في العراق وسوريا. فيما أفاد تقرير للأمم المتحدة بمقتل ما مجموعه 926 عراقيا نتيجة للإرهاب والعنف والنزاع المسلح."
470,قال مسؤولون في أيسلندا إن الحمم البركانية التي ثارت مساء الجمعة في جبل فاجرادالسفيال، كانت تزحف في طريقها إلى الأسفل بعد الانفجار.
471,أدى الأمير فيصل بن فرحان آل سعود اليمين أمام العاهل السعودي الملك سلمان بن عبد العزيز ليكون سفيرا معينا لدى ألمانيا، في وقت تمر فيه العلاقات بين ألمانيا والسعودية بمرحلة برود، على خلفية مقتل الصحفي السعودي جمال خاشقجي.
472,قتل 15 شخصا على الأقل بينهم تسعة أطفال في قصف للطيران السوري على حي شيخ مقصود في حلب، فيما بدأ رئيس الحكومة السورية المؤقتة غسان هيتو مشاوراته لتشكيل أعضاء حكومته التي من المتوقع أن يعلن عن تشكيلتها خلال الاسابيع المقبلة.
473,"فاز الفيلم اليمني ""ليس للكرامة جدران"" بجائزة الاوسكار عن فئة الأفلام الوثائقية القصيرة."
474,أفادت الأنباء الواردة من الصومال بأن مسلحين من حركة الشباب الإسلامية المتشددة اشتبكوا مع قوات الأمن في بلدة برافا القريبة من العاصمة مقديشو.
475,شن طيران التحالف الذي تقوده السعودية سلسلة من الغارات الجديدة ضد مواقع المتمردين الحوثيين بالرغم من الهدنة الإنسانية التي أعلنتها الأمم المتحدة في اليمن والتي سرعان ما انهارت.
476,شنت طائرات روسية غارات جوية على مناطق تسيطر عليها المعارضة في سوريا، بحسب نشطاء.
477,لا يكفي أن يكون الوجه جميلا حتى يعلق في الذاكرة، بل على النقيض فإن الوجوه الأقل جمالا وجاذبية تظل في الذاكرة وتترك أثرا أكبر من تلك الوجوه التي تبدو جميلة وجذابة.
478,قال رئيس الوزراء الاسرائيلي السابق ايهود اولمرت إنه وافق على مشروع لبناء ثلاثة فنادق في القدس الغربية.
479,دافع لاعب كرة القدم الألماني، مسعود أوزيل، عن طريقة تعامل الاتحاد الألماني مع صورته مع الرئيس التركي، رجب طيب أردوغان.
480,في مقابلة حصرية ضمن برنامج 100 امرأة، التقت بي بي سي بسمورة التي تشغل منصب الأمينة العامة للاتحاد الدولي لكرة القدم الفيفا.
481,أعادت السلطات الليبية فتح معبر رأس جدير الحدودي مع تونس بعد إغلاقه لعدة أشهر بسبب المعارك بين قوات الحكومة الليبية ومسلحي المعارضة.
482,واصل فريق كولونيا مسلسل السقوط في الدوري الألماني لكرة القدم (بوندسليغا) بعدما خسر أمام شتوتغارت في افتتاح الجولة الثامنة من البطولة. وتقام يومي السبت والأحد بقية مباريات الجولة الثامنة.
483,واصل برشلونة حامل اللقب انطلاقته نحو التتويج بلقب دوري الدرجة الأولى الإسباني لكرة القدم للمرة الخامسة في سبع سنوات بعد فوزه 2- صفر على ريال سوسيداد وتعادل ريال مدريد صاحب المركز الثاني مع فالنسيا السبت.
484,لا يختلف اثنان على أن كأس إفريقيا إحدى المناسبات التي تجمع منتخبات تمثل دولا جمعتها أو تجمعها حاليا نزاعات، لكن هذه النزاعات هي حدودية بالأساس، بينما يعود بعضها إلى الاختيارات السياسية في قضايا معينة.
485,قال دبلوماسيون في الأمم المتحدة إن الحكومة اليمنية وافقت على المشاركة في محادثات السلام مع الحوثيين في جنيف.
486,تقدمت النيابة العامة في تونس بطلب استئناف للحكم الذي أصدرته محكمة تونسية بالسجن لمدة سنتين مع وقف التنفيذ على 20 شخصا بتهمة مهاجمة السفارة الأمريكية في العاصمة تونس.
487,"فازت المحامية الكاميرونية أليس نكوم بجائزة ""الأمل"" لحقوق المثليين جنسيا في بلادها."
488,"قررت النيابة العامة الفرنسية استمرار احتجاز الأكاديمي السويسري طارق رمضان، أستاذ الدراسات الإسلامية في فرنسا، وذلك بعد يومين من توقيفه بتهمة ""الاغتصاب واغتصاب شخص ضعيف""."
489,قتل 15 شخصا، على الأقل، في انفجار عبوتين ناسفتين، استهدفا مركزا انتخابيا في مدينة اللطيفية، شمالي بغداد.
490,أطلقت الشرطة التركية الغاز المسيل للدموع لتفريق حشد من عدة آلاف من النساء تجمعن وسط إسطنبول مساء الجمعة للاحتفال باليوم العالمي للمرأة. وتتهم الناشطات حكومة رجب طيب أردوغان بعدم بذل جهود كافية لمكافحة العنف بحق النساء.
491,"في الوقت الذي عبر فيه المهاجم الأرجنتيني كارلوس تيفيز عن رغبته في مغادرة الدوري الصيني نهاية الموسم، أكد مدرب شنغهاي شينخوا وو جينغوي أنه لن يسمح لتيفيز باللعب حتى يصبح ""جاهزا بدنيا""."
492,رفعت سيدة مصرية دعوى قضائية ضد صاحب دار لرعاية الأيتام في مصر تتهمه فيها بتعذيب وسب عدد من الأطفال.
493,تراجعت الصادرات الألمانية إلى تركيا العام الماضي بنسبة 10%، وفق ما أعلن رئيس شعبة التجارة الخارجية في غرفة التجارة والصناعة الألمانية، فولكر تراير، موضحا أن ثقة الشركات الألمانية في تركيا كمركز اقتصادي لا تزال متضررة.
494,قدم رئيس إفريقيا الوسطى الانتقالي ميشال جوتوديا ورئيس وزرائه نيكولا تيانغاي استقالتيهما، على ما أعلن المشاركون في القمة الطارئة للمجموعة الاقتصادية لدول وسط إفريقيا المنعقدة في نجامينا.
495,تفاعل رواد مواقع التواصل الاجتماعي في عدد من الدول العربية مع المصالحة الخليجية التي أعلن عنها أمير قطر الشيخ تميم بن حمد آل ثاني.
496,"فاز الفيلم الساخر ""باد لاك بانغينغ أور لوني بورن"" للمخرج الروماني رادو جود بجائزة ""الدب الذهبي"" التي يمنحها مهرجان برلين السينمائي الدولي (البرليناله) لأفضل فيلم."
497,اعلنت زعيمة المعارضة البورمية اونغ سان سو تشي انها ستتوجه الى عدد من الدول الاوروبية للمشاركة في الجولة الاولى من جولتها الاوروبية.
498,أهدرت غانا فرصة التأهل إلى نهائيات كأس العالم لكرة القدم 2018 في روسيا بعد تعادلها بدون أهداف مع أوغندا في الجولة الأخيرة من منافسات المجموعة الخامسة.
499,أصدر الرئيس الفرنسي فرانسوا هولاند العدد الخاص من مجلة شارلي إبدو الفرنسية الساخرة.
500,ندد مفوض الأمم المتحدة لحقوق الإنسان بسلسلة تجاوزات نسبت إلى الجيش التركي في جنوب شرق البلاد تشمل إطلاق نار على مدنيين عزل وترك أكثر من مئة شخص يحترقون حتى الموت.
501,"ألقت السلطات الأوكرانية القبض على 20 شخصا من بينهم عضو في حزب ""سفوبودا"" اليميني المتطرف بتهمة إلقاء قنبلة يدوية على متظاهرين في العاصمة كييف."
502,"بدأ المشرفون على المسلسل التلفزيوني الليبي ""دراجنوف"" مراحل التصوير الأولى استعدادا لعرضه في شهر رمضان القادم على القنوات الليبية والعربية. ويهدف المسلسل إلى دمج التفاصيل السياسية والاجتماعية لإبراز الفجوة التي حدثت في العلاقات الاجتماعية إبان الثورة."
503,قال ضابط في البحرية الاسرائيلية لبي بي سي إنه يتوقع ان تعترض البحرية الاسرائيلية قافلة الحرية التي كانت قد اعترضتها يوم امس في المياه الدولية.
504,قتل أربعة أشخاص، بينهم طفلتان، في هجوم استهدف كنيسة قبطية في منطقة الوراق بمحافظة الجيزة المصرية.
505,ذكرت صحيفتان ألمانيتان أن المشتبه به في قتل المراهقة الألمانية سوزانا وصل إلى مطار فرانكفورت الليلة الماضية، فيما لم تعلق وزارة العدل الاتحادية ولا وزارة الداخلية في ولاية هيسن ولا مصادر الشرطة الاتحادية على هذه المعلومات.
506,قال وزير الخارجية الأمريكي جون كيري إنه لا توجد خلافات كبيرة بين مجموعة الخمسة زائد واحد وإيران بشأن برنامجها النووي.
507,كشفت دراسة إسبانية حديثة عن فوائد صحية للطماطم تم الكشف عنها في دراسة نشرت نتائجها حديثا. الدراسة ذكرت أن مضادات الأكسدة الموجودة في الطماطم تساهم في محاربة أمراض القلب.
508,بعد ساعات من اعتقاله، قال وزير الأمن البريطاني إن قائد السيارة التي دهست المارة في ممر للمشاة أمام البرلمان البريطاني عند ويستمنستر بريج، جاء في الأصل من دولة أخرى، لم يكشف عنها.
509,رفضت الحكومة السورية طلبا من عدد من المحامين الدوليين بإدخال معونات إنسانية إلى سوريا دون موافقة الحكومة.
510,"أطلقت مجموعة ""فيرجين غالاكتيك"" الأمريكية للسياحة والسفر مشروعا جديدا يهدف إلى توفير رحلات سياحية إلى الفضاء للجميع عبر رحلات تجارية."
511,حذر الرئيس الإيراني محمود أحمدي نجاد من خطة إسرائيلية للقيام بعملية عسكرية جديدة في قطاع غزة في حال استمرار الهجمات الصاروخية على الأراضي الإسرائيلية انطلاقا من قطاع غزة.
512,حصلت الشرطة السويسرية على بيانات من مكتب الأمين العام للاتحاد الدولي لكرة القدم (فيفا) جيروم فالكي والمسؤول المالي ماركوس كاتنر.
513,أعلن رئيس الوزراء الاسترالي سكوت موريسون أن بلاده تعترف رسميا بالقدس الغربية عاصمة لإسرائيل وأكد دعم بلاده لمبدأ حل الدولتين الذي يشمل إعلان القدس الشرقية عاصمة لدولة فلسطينية.
514,"أكد وزير الداخلية الألماني هورست زيهوفر أنه سيطلب منه تفسيرا لتصريحاته التي أدلى بها مؤخرا لصحيفة ""بيلد"" الألمانية، والتي أعرب فيها عن تشككه إزاء حدوث مطاردة ممنهجة للأجانب في مدينة كمنيتس خلال المظاهرات اليمينية الأخيرة."
515,أثار اختيار ملك تايلاند للإقامة في فندق بضاحية غارميش بارتنكيرشن بولاية بافاريا الألمانية جدلا واسعا في ألمانيا، حيث أن اللوائح المعلنة لمنع انتشار فيروس كورونا أغلقت النشاط السياحي.
516,"في حوار مع مجموعة ""ريداكسيون نيتسوورك"" الإعلامية، تحدثت الصحفية السابقة سابينه كيم عن حياة أسطورة الفورمولا واحد ميشائيل شوماخر وعن الحياة الرياضية لأسطورة الفورمولا واحد."
517,تشهد العديد من دول العالم سباقا من أجل التغلب على فيروس كورونا المستجد.
518,"حكمت محكمة إيرانية على الأكاديمي صادق زيباكلام بالسجن لمدة 18 شهرا بتهمة ""الدعاية ضد نظام الجمهورية الإسلامية ونشر معلومات كاذبة""، وذلك في إشارة إلى مقابلته مع DW."
519,حذرت منظمة هيومان رايتس ووتش من أن سياسة الاحتواء التي ينتهجها الاتحاد الأوروبي في جزيرة ليسبوس اليونانية تفاقمت من معاناة طالبي اللجوء المستمرة منذ فترة طويلة.
520,ضمن بايرن ميونيخ الألماني تأهله إلى ثمن نهائي دوري أبطال أوروبا بعد فوزه على أولمبياكوس اليوناني بأربعة أهداف دون مقابل في ميونيخ ضمن الجولة الخامسة من منافسات المجموعة السادسة. برشلونة يسحق روما بسداسية.
521,بثت الشرطة الإسرائيلية شريطا مصورا يظهر سيارة مرسيدس فضية اللون تسير عدة مرات فوق جسد الفلسطيني الملقى على الأرض.
522,بعد الانقلاب العسكري على الرئيس المصري السابق محمد مرسي، بدأ الشباب في تنظيم الإخوان المسلمين في مصر في حوار مع DW. فما هي أسباب هذا الانقسام بين الأجيال الشابة داخل التنظيم؟
523,في الوقت الذي يواصل فيه فريق بنفيكا البرتغالي تألقه في الآونة الأخيرة، انتقلت نجمة البوب العالمية مادونا إلى العاصمة البرتغالية لشبونة من أجل مشاهدة اللحظات الكروية الأولى في مسيرة ابنها الذي تبنته منذ عدة سنوات.
524,شنت جماعة الحوثي المدعومة من إيران هجمات صاروخية على منشآت نفطية تابعة لشركة أرامكو السعودية ومواقع عسكرية في المملكة. يأتي ذلك بعد أيام من طرح الرياض مبادرة لوقف إطلاق النار في أنحاء اليمن.
525,قال المدير التنفيذي السابق لشركة آبل، جون سكالي، إن الشركة بحاجة إلى إعادة شراء الأسهم أو إخراج حصص من الأرباح.
526,"""السوبر ستار الحقيقيون لألمانيا: خمسون مشروع وفكرة لعالم الغد"" هو عنوان كتاب أطلقته مبادرة اقتصاد السوق الاجتماعي الجديد الألمانية، ويهدف الكتاب إلى التعريف بهؤلاء الشباب الذين يعملون في صمت داخل معاملهم ومختبراتهم."
527,"كشف تقرير لمنظمة الأمم المتحدة للطفولة ""يونيسيف"" أن أطراف الصراع في سوريا أرسلت نحو 900 قاصر، ربعهم دون 15 عاما، إلى ساحات القتال في العام الماضي، محذرة من أن عدم الحصول على العلاج النفسي الجيد يؤدي في الغالب إلى بطء تعافي مصابي الحرب."
528,كشف تقرير صحفي أن التونسي أنيس عامري، منفذ هجوم الدهس في برلين العام الماضي، كان يستكشف أماكن أخرى لاستهدافها على الأرجح، وذلك استنادا إلى ملفات الادعاء العام والشرطة الجنائية.
529,لمحو قراصنة صينيون عشرات المواقع التي تعرضت للقرصنة من قبل قراصنة في الصين.
530,"قال محافظ حمص ل""بي بي سي"" إن الحكومة السورية أفرجت عن 103 ""مسلحين"" اعتقلوا لأسباب أمنية، مؤكدا أنه جرى إطلاق سراحهم بعد ذلك."
531,"أعرب وزير شؤون خروج بريطانيا من الاتحاد الأوروبي عن استعداده لتكثيف العمل من أجل إحراز تقدم في مفاوضات ""الانفصال النهائي"" بين الجانبين."
532,"وافق الكنيست الإسرائيلي على مشروع قانون لحل المجلس في خضم أزمة داخل الائتلاف المنقسم بقيادة رئيس الوزراء بنيامين نتنياهو، فيما وصف غانتس حكومة الوحدة بأنها ""الأسوأ في تاريخ إسرائيل"". لكن لا يزال مشروع القانون بحاجة لاجتياز ثلاث عمليات تصويت ليصبح قانونا."
533,ألقت السلطات في جمهورية الدومينيكان القبض على طيارين فرنسيين يشتبه في أنهما ساعدا على هروبهما.
534,اتهم أمير قطر تميم بن حمد آل ثاني السعودية والإمارات والبحرين ومصر بمحاولة عرقلة استضافة بلاده لكأس العالم لكرة القدم في 2022، مؤكدا أن الدول المقاطعة ليست مهتمة بحل الأزمة مع بلاده.
535,قالت الشرطة الألمانية إن حريقا اندلع فجر الاثنين في مأوى للمشردين وطالبي اللجوء في بلدة ماركغرونينغن القريبة من مدينة شتوتغارت بجنوب ألمانيا. واستبعدت الشرطة أن يكون الحريق متعمدا.
536,في الوقت الذي يستعد فيه نجم أرسنال مسعود أوزيل لخوض مباراته الدولية رقم 50 أمام إيرلندا، أعرب يوآخيم لوف، المدير الفني للمنتخب الألماني، عن تفاؤله بأن نجم خط وسطه لن يجد صعوبة في التأقلم مع الأجواء في أرسنال.
537,"رغم الخسارة الكبيرة التي مني بها فريق أتلتيكو مدريد أمام غريمه ريال مدريد في ذهاب الدور نصف النهائي لدوري الأبطال، إلا أن المدير الفني ل""الميرنغي"" سيميوني ألمح إلى إمكانية حدوث شيء أقرب إلى المستحيل في مباراة العودة."
538,قالت راهبات في قرية معلولا السورية لبي بي سي إن مسلحي المعارضة دخلوا القرية في وقت سابق من هذا الشهر، بعد قتال عنيف مع القوات الحكومية.
539,نعرض عليكم مجموعة من أبرز الصور التي التقطت في ميدان الطرف الأغر في لندن.
540,يعتبر الكمون من النباتات العشبية التي تحوي بذورها على مادة الكومينول، التي تساهم في تخفيف الوزن وتنظيف الجسم من فضلات الطعام الضارة، كما يساعد على الوقاية من نزلات البرد وتحسين التنفس.
541,نجح نادي برشلونة الإسباني في خطف مهاجم جديد من ريال مورسيا، بعد أن نجح في تسجيل ثلاثة أهداف في مرمى فريق من الدرجة الثالثة في ذهاب الجولة الرابعة من بطولة كأس ملك إسبانيا.
542,"بدأت في مدينة دريسدن الألمانية محاكمة ثمانية أعضاء في مجموعة من اليمين المتطرف وصفت بأنها ""إرهابية"" بعد التسبب بسلسة هجمات شنت في 2015 ضد لاجئين وخصوم سياسيين."
543,قالت منظمة الأمم المتحدة للطفولة (اليونيسف) إن أكثر من مئة طفل قتلوا في هجمات شنها متمردون في ولاية الوحدة في جنوب السودان.
544,أعلنت وزارة الداخلية المصرية عن ضبط 22 من عناصر الإخوان بحوزتهم فرد خرطوش و6 طلقات من ذات العيار وعدد من زجاجات المولوتوف وأسلحة بيضاء في محافظات متفرقة من البلاد.
545,رحل الصادق المهدي، زعيم حزب الأمة القومي السوداني، عن عمر ناهز 86 عاما، بعد صراع مع المرض، تاركا خلفه إرثا سياسيا حافلا بالأحداث المفصلية في تاريخ السودان. فمن هو الصادق المهدي؟
546,قالت مصادر فلسطينية لبي بي سي إن الرئيس الفلسطيني محمود عباس اتفق مع حركة حماس على تشكيل حكومة وحدة وطنية.
547,فشلت مذكرة لحجب الثقة عن رئيس جنوب إفريقيا جاكوب زوما في البرلمان مع وقوف نواب الحزب الوطني الإفريقي الحاكم في صف زعيمهم رغم الانقسامات المتزايدة والانتقادات الشرسة لحكمه.
548,اتفقت الحكومتان الامريكية واليابانية على نقل قاعدة فوتينما الجوية المثيرة للجدل في جزيرة اوكيناوا الى قواعد خارج اليابان.
549,خلصت دراسة علمية حديثة الى ان عدد المصابين بمرض السكري في العالم ارتفع من 153 مليون شخص الى 347 مليون شخص في تلك الفترة.
550,"قالت منظمة ""مراسلون بلا حدود"" إن ""حرية الصحافة لم تكن مهددة على النحو الذي هي عليه اليوم""، مشيرة إلى أن مصر والبحرين تزج بالصحفيين في السجن مع إبقائهم خلف القضبان لمدد طويلة إلى حد مفرط""."
551,حذر علماء من أن السلالة الجديدة من مرض الملاريا التي ظهرت في جنوب شرق آسيا قد تنتقل إلى مناطق أخرى من العالم.
552,أطلقت السلطات البحرينية سراح الناشط الحقوقي نبيل رجب بعد قضائه أكثر من نصف المدة في السجن.
553,اتفق وزراء خارجية الدول ال 19 المشاركة في محادثات فيينا بشأن الأزمة السورية على تحديد موعد لبدء محادثات بين الحكومة السورية والمعارضة.
554,قتل شخص وأصيب 50 آخرون في اشتباكات بين قوات الأمن ومحتجين في مدينة تطاوين، جنوبي البلاد، بحسب ما ذكره مسؤولون.
555,رغم الاختلافات الموسمية والإقليمية بما في ذلك ذوبان الغطاء الجليدي في منطقة القطب الشمالي وتزايد الجليد بشكل كبير في نصف الكرة الأرضية الجنوبي، سجلت درجة حرارة الأرض في عام 2013 أعلى من أي وقت مضى.
556,دعا رجل الدين الشيعي مقتدى الصدر، رئيس الوزراء العراقي عادل عبد المهدي إلى الاستقالة وإجراء انتخابات مبكرة تحت إشراف أممي. يأتي ذلك في وقت ارتفع فيه عدد قتلى الاحتجاجات المستمرة منذ ثلاثة أيام على فساد الحكومة إلى حوالي 44 قتيلا.
557,أعلن الجيش الإسرائيلي أن طائراته قصفت أهدافا لمسلحين في قطاع غزة، بعد سقوط صاروخ من القطاع الساحلي على جنوب إسرائيل. يأتي ذلك في وقت تشهد فيه الحدود بين إسرائيل وقطاع غزة حالة من الهدوء.
558,"في أجواء عاصفية في بريطانيا، تزوجت الأميرة يوجيني، حفيدة الملكة إليزابيث والابنة الثانية للأمير أندرو وسارة، دوقة يورك صديقها جاك بروكسبانك في ""كنيسة سانت جورج"" في قلعة وندسور."
559,قال الرئيس الروسي فلاديمير بوتين إن بلاده ستشتري الغاز الروسي من خط الانابيب الذي كان من المفترض ان ينقله الى عدة دول في جنوب وشرق اوروبا.
560,"أعلنت شركة نايكي للملابس الرياضية أنها اختارت لاعب كرة القدم الأمريكي، كولن كايبرنيك، ليكون أحد الوجوه الإعلانية للشركة في الذكرى الثلاثين لإطلاق شعارها "" Just Do It""."
561,استعاد مانشستر يونايتد صدارة الدوري الإنجليزي الممتاز لكرة القدم (البريميير ليغ) بعد فوزه على ضيفه مانشستر سيتي بثلاثة أهداف مقابل هدفين.
562,أفادت الأنباء الواردة من القدس بوقوع انفجارات في مدينة إيلات الإسرائيلية.
563,"بدأت اليوم الثلاثاء محاكمة شاب سوري بتهمة الاعتداء على إسرائيلي يرتدي (كيباه) في برلين. واعترف المتهم أمام المحكمة في الوقت نفسه أن خلفية الهجوم على أساس ""معاداة السامية""."
564,"انفجرت عبوتان ناسفتان في مدخل مسجد ""السيد البدوي"" في مدينة طنطا بمحافظة الغربية المصرية."
565,أدانت الأمم المتحدة القمع الدموي للاحتجاجات ضد الحكومة السودانية في عدة مدن البلاد والتي طالبت بمكافحة غلاء المعيشة وتحسين أوضاع الفقراء من المواطنين. في غضون ذلك أصدر مجلس الوزراء السوداني قرارا بزيادة أجور العاملين بالقطاع العام.
566,"افتتح وزير الداخلية الألماني الجديد هانس بيتر فريدريش ""مؤتمر الإسلام"" في دورته السادسة وسط خلاف حول موقع الإسلام و""الشراكة الأمنية"" في ظل التصريحات الأخيرة المثيرة للجدل."
567,أصدرت محكمة إيطالية حكما بالسجن لمدة عام واحد بحق رئيس الوزراء الأسبق سيلفيو برلسكوني بعد إدانته بتسريب معلومات من تحقيق قضائي سري سعيا لتدمير خصم سياسي.
568,عرضت صور بالأشعة السينية وتقارير طبية لأسطورة هوليوود الراحلة مارلين مونرو للبيع في مزاد بمدينة لوس أنجليس الأمريكية.
569,"مبادرة ""الصندوق السعيد"" التي انطلقت من هايدناو بولاية ساكسونيا شرقي ألمانيا عام 2015 لاقت ترحيبا كبيرا من قبل اللاجئين في ألمانيا. فما هي هذه المبادرة؟ وما هي أهدافها؟"
570,"وافق مجلس العموم البريطاني بأغلبية 397 صوتا مقابل 223 على شن غارات جوية ضد تنظيم ""الدولة الإسلامية"" في سوريا بعد نقاش دام أكثر من 10 ساعات."
571,"تعرضت غرفة الكنوز بمتحف ""القبو الأخضر- Grnes Gewlbe"" التابع للقصر التاريخي في مدينة دريسدن الألمانية للاقتحام والسرقة من قبل مجهولين في الصباح الباكر من يوم الاثنين."
572,بعد مقتل حاكم مقاطعة كاسل (فالتر لوبكه) في مطلع حزيرانيونيو الجاري، طالبت رابطة الصحفيين الألمان الشرطة بالتعامل مع تهديدات يمينيين متطرفين ضد صحفيين وساسة محليين، أعربوا علنا عن تأييدهم لسياسة استقبال اللاجئين.
573,"رغم أنه لم ييأس، إلا أنه استطاع أن يحجز لنفسه مكانة في التشكيلة الأساسية لكتبيه ""الغانرز""المدججة بالنجوم. إنه لوكاس توريرا الذي لفت إليه الأنظار بشدة خلال أدائه القوي مع منتخب أورجواي في مونديال روسيا 2018."
574,"شدد قادة دول مجلس التعاون الخليجي على ضرورة حل الأزمة في سوريا واليمن سياسيا، كما أدانوا التصريحات ""العدائية والعنصرية"" ضد المسلمين واللاجئين السوريين بعد أيام من دعوة ترامب بمنع دخول المسلمين إلى الولايات المتحدة."
575,قبل أيام قليلة من إجراء الانتخابات الرئاسية الروسية، قدم المرشح الأكثر حظوظا للفوز بترشيح الحزب الديمقراطي في الانتخابات، ديميتري ميدفيدف وعودا انتخابية تشمل إجراء إصلاحات واسعة النطاق.
576,"ضرب إعصار ""فلورنس""، الذي تم تخفيض تصنيفه إلى عاصفة مدارية، ولاية نورث كارولاينا الأمريكية، مخلفا خمسة قتلى، بينهم أم وطفلها الرضيع، بعد ساعات من وصوله إلى اليابسة على الساحل الجنوبي الشرقي من الولايات المتحدة."
577,"اعلن المدعي العام الايطالي باولو كاسيزي ان التحقيق في اغتيال رئيس الوزراء اللبناني السابق رفيق الحريري ""حقق تقدما ملموسا"" في تحضير القضية التي سوف تقدم مرتكبي الجريمة الى العدالة."
578,"تعتبر كلمة ""بوهاويسي"" من أكثر كلمات التيوانيين استخداما في الحياة اليومية في تايوان، حيث تعد من أكثر اللغات التي تستخدم في العالم."
579,أظهر استطلاع للرأي أن نحو ثلثي الألمان لا يؤيدون بقاء المستشارة الألمانية أنغيلا ميركل في منصبها لولاية رابعة، وذلك في مؤشر على أن تعاملها مع أزمة المهاجرين لا يزال يؤثر على شعبيتها.
580,أعلن وزير الدفاع الأمريكي، آشتون كارتر، عن تشكيل قوة عمليات خاصة في العراق لاستهداف مسلحي تنظيم الدولة الإسلامية وقياداتهم.
581,دافعت هيئة محلفين في الولايات المتحدة عن الشرطي السابق جورج فلويد، الذي قتل في حادث إطلاق نار في مايوأيار الماضي.
582,"تعد منطقة ""الغابة السوداء"" من أكثر المناطق جاذبية وسحرا في ألمانيا، غير أن نهر الدانوب لا يخلو من سحر الطبيعة الخلابة، ما يجعل جولة بالدراجة الهوائية أفضل السبل لاستكشاف جمال هذه المنطقة الخلابة."
583,طور فريق من الباحثين في مركز علاج الاكتئاب بجامعة ميشيغان الأمريكية تطبيقا جديدا يعمل على الهواتف الذكية يتعرف على حالة نفسية المريض عن طريق أسلوب حديثه ونبرة صوته عن حالته النفسية.
584,عين ملك تايلاند، واشيرالونغكون، أول حارسة شرفية له منذ ما يقارب مئة عام.
585,وقع رئيس الوزراء العراقي حيدر العبادي مذكرة تفاهم مع الأمم المتحدة لإشراك محققين دوليين في ملفات الفساد الكبرى ذات الأولوية. وتطال اتهامات الفساد وزراء ومسؤولين كبار ونواب في البرلمان بينهم رئيس البرلمان سليم الجبوري.
586,"تعتزم الحكومة الإيرانية إغلاق تطبيق ""إنستغرام"" المشهور لنشر الصور والفيديو، الذي استخدمه المتظاهرون المناهضون للحكومة كوسيلة تواصل رئيسية بينهم."
587,"رفعت منظمة نمساوية دعوى قضائية ضد موقع التواصل الاجتماعي ""فيسبوك"" بتهمة انتهاك قوانين الخصوصية."
588,"شن أكثر من ألفي شخص موالين لروسيا هجوما على مقر الشرطة في مدينة أوديسا جنوب أوكرانيا إثر أعمال عنف أوقعت نحو أربعين قتيلا، فيما أعلن رئيس الوزراء الأوكراني أن أعمال العنف في اوديسا هي جزء من ""خطة روسية لتدمير أوكرانيا""."
589,"في حوار مع DW قال كريس وودز، خبير شؤون الشرق الأوسط، إن الغارات الجوية التي يشنها التحالف الدولي ضد تنظيم ""داعش"" في سوريا أدت إلى مقتل 33 مدنيا، بينهم نساء وأطفال."
590,قال الرئيس التنفيذي لبايرن ميونيخ الألماني كارل-هاينز رومينيغه إن ريال مدريد مرشح لبلوغ نصف نهائي دوري أبطال أوروبا لكرة القدم على حساب ناديه، وذلك عشية مباراة الإياب التي تجري الثلاثاء بين الفريقين.
591,قالت الممثلة البريطانية أليسون نيوتون إنها لا ترى أي دور للمثلين السود في الأعمال الدرامية التاريخية في بريطانيا.
592,بدأت المحكمة العليا في مدينة فرانكفورت محاكمة شاب سوري ظهر في صور أمام رؤوس مقطوعة في سوريا. وكان الادعاء العام قد حرك الدعوى ضد المتهم في شباط فبراير الماضي.
593,"دعت بريطانيا وفرنسا وألمانيا إلى ""إنهاء التصعيد العسكري"" في شمال غرب سوريا، فيما أفاد المرصد السوري بوقوع اشتباكات عنيفة بين قوات النظام من جهة، وهيئة تحرير الشام من جهة ثانية، في منطقة جبل الأكراد في ريف اللاذقية الشمالي."
594,"أعربت الولايات المتحدة عن ""قلقها"" إزاء تصريحات أدلى بها الرئيس المصري محمد مرسي في شريط فيديو بثته مؤسسة الأبحاث حول وسائل الإعلام في الشرق الأوسط، والتي وصف فيها اليهود بأنهم ""مصاصي الدماء مشعلي الحروب.. أحفاد القردة والخنازير""."
595,أكد وزير الخارجية الليبي محمد عبد العزيز أن السلطات الجزائرية أبلغت نظيرتها الليبية رسميا بمغادرة بعض أفراد عائلة العقيد الراحل معمر القذافي الأراضي الجزائرية مؤخرا باتجاه سلطنة عمان حيث حصلوا على حق اللجوء السياسي.
596,شهدت قلعة وندسور مراسم زواج الأميرة يوجيني حفيدة ملكة بريطانيا على جاك بروكسبانك بحضور حشد من المشاهير وأفراد العائلة المالكة من بينهم ابن عمها الأمير هاري وزوجته ميغان اللذان تزوجا في نفس المكان.
597,رفض الرئيس التركي رجب طيب أردوغان الانتقادات الدولية بشأن القرار المثير للجدل بإعادة الانتخابات على بلدية إسطنبول المتنازع عليها، التي فاز بها حزب الشعب الجمهوري المعارض الرئيسي.
598,قال مسؤولون مصريون إن السلطات تجري مفاوضات مع خاطفي الجنود السبعة في شبه جزيرة سيناء لتأمين الإفراج عنهم.
599,"استحوذت شركة آبل الأمريكية على شركة ""بيتس"" المتخصصة في صناعة أجهزة الكمبيوتر والهواتف المحمولة."
600,أعلن قصر الإليزيه أن الرئيس الفرنسي إيمانويل ماكرون اتفق مع نظيره التركي رجب طيب أردوغان على العمل من أجل إعداد خارطة طريق دبلوماسية حول سوريا في الأسابيع المقبلة.
601,"استحوذت شركة ياهو الأمريكية على تطبيق ""صاملي"" الجديد، الذي يستخدم في كتابة المقالات الصحفية والأخبار."
602,قالت قوات حفظ السلام التابعة للأمم المتحدة في لبنان إن اثنين من أربعة أنفاق تم اكتشافها قرب الحدود اللبنانية الإسرائيلية عبرا الخط الأزرق، ما ينتهك قرار الأمم المتحدة الذي أنهى الحرب بين جماعة حزب الله وإسرائيل في 2006.
603,أعلن الجيش الأمريكي إسقاط طائرة عسكرية سورية كانت تسقط قنابل قرب مقاتلين تدعمهم الولايات المتحدة في سوريا، فيما اندلعت اشتباكات للمرة الأولى في سوريا بين قوات النظام السوري والتحالف العربي الكردي المدعوم من واشنطن.
604,قال المرصد السوري لحقوق الانسان المعارض ومقره بريطانيا إن طائرات حربية سورية قصفت مناطق متفرقة في سوريا يوم أمس السبت.
605,"حصل مطعم ""ميرازور"" الفرنسي على المركز الأول في قائمة أفضل 50 مطعما في العالم، التي تصدرها مجلة ""ميشلان"" المختصة بتصنيف المطاعم حول العالم."
606,"ذكرت صحيفة ""الحياة"" اللندنية أن وزير الدفاع المصري عبد الفتاح السيسي اتخذ قراره بالترشح في الانتخابات الرئاسية المقبلة، وذلك بعد دراسة دقيقة لردود الفعل الغربية المتوقعة خصوصا الأمريكية."
607,قال الجيش السوداني إن قواته شنت هجوما كاسحا على معسكر لمتمردي الحركة الشعبية لتحرير السودان في ولاية جنوب كردفان.
608,قضت محكمة صينية بإدانة شركة غلاكسو سميث كلاين، أكبر شركة في العالم، بالرشوة الممنهجة.
609,تعتبر القدس من أقدم المدن في العالم، وقد تعرضت للغزو والتدمير وإعادة البناء مرات ومرات، وهي واحدة من أقدم مدن العالم. وفيما تتناول أغلب القصص عن هذه المدينة الصراع بين أصحاب ديانات مختلفة فإنهم جميعا يوحدهم تقديس وتبجيل هذه المدينة المقدسة.
610,وجهت الشرطة البلجيكية نداء للحصول على شهادات تتعلق بالرجلين اللذين يعتقد أنهما نفذا التفجيرين الانتحاريين في مطار بروكسل. ويشتبه في أنهما استأجرا شققا في بلجيكا ليختبئ فيها أعضاء المجموعة التي نفذت اعتداءات باريس.
611,"قالت منظمة الصحة العالمية إن ""الرغبة المفرطة في ممارسة الجنس"" قد تعادل إدمان الكحول أو الهيروين."
612,قالت الشرطة الإسرائيلية إن صاروخا أطلق من قطاع غزة أدى إلى اندلاع حريق في مبنى في مدينة سديروت جنوب إسرائيل، فيما شنت الطائرات الإسرائيلية غارات على مواقع لفصائل فلسطينية في قطاع غزة.
613,قال رئيس الوزراء الاسرائيلي بنيامين نتنياهو إنه يشعر بقلق عميق حول أمن اسرائيل، وذلك قبيل توجهه الى الولايات المتحدة في مستهل جولة تشمل عددا من الدول الغربية.
614,أعلنت ثلاث وكالات أممية اليوم الاثنين أن أكثر من 100 ألف شخص يواجهون الجوع في أنحاء من جنوب السودان، فيما قالت حكومة جنوب السودان إن أكثر من ثلاث سنوات من الحرب في البلاد أدت إلى مجاعة في أقسام منها.
615,"أكد حافظ قايد السبسي، نجل الرئيس التونسي، أن صحة والده بدأت تتحسن إثر ""الوعكة الحادة"" التي تعرض لها ونقل على إثرها للمستشفى العسكري. وقال حافظ إن الوضع الصحي للرئيس بدأ في التحسن."
616,"أثار نائب رئيس الشرطة والأمن في إمارة دبي، الفريق ضاحي خلفان، موجة من الانتقادات على مواقع التواصل الاجتماعي بسبب تغريدات اعتبرها فيها قطر ""جزءا لا يتجزأ من الإمارات""."
617,قالت وزارة الداخلية في أوكرانيا إن حريقا شب في مقر نقابات العمال في مدينة اوديسا، شرقي البلاد.
618,"قال وزير الدفاع الأمريكي اشتون كارتر أمام لجنة القوات المسلحة بمجلس النواب إن بلاده مستعدة لتوسيع دور قوات العمليات الخاصة التي تقاتل تنظيم ""الدولة الإسلامية"" في سوريا."
619,تحتفل عارضة الأزياء البريطانية كيت موس بعيد ميلادها الأربعين وسط اهتمام إعلامي بالغ. ورغم مرور 26 عاما على دخولها عالم الموضة، ما تزال موس تتربع على عرش عالم الموضة في أوروبا.
620,بدأ مبعوث الأمم المتحدة إلى سوريا، ستافان دي مستورا، مباحثاته مع ممثلين عن الحكومة السورية.
621,"أعلنت نجمة تلفزيون الواقع الأمريكية كيم كارداشيان توقف برنامج ""كيب أب ويز ذا كارداشيانز"" بعد مرور 14 عاما على انطلاقه."
622,قال الرئيس الفرنسي فرانسوا هولاند إن بلاده مستعدة لتدريب آلاف الجنود الأفارقة كمساهمة منها في خلق قوة أمنية إقليمية.
623,لقي 20 شخصا مصرعهم وأصيب العشرات في حادث تصادم قطارين في محافظة أسيوط، جنوبي مصر.
624,"ربطت صحيفة ""فيدوموستي"" الروسية بين إعلان المستشارة الألمانية أنغيلا ميركل أنها لن تترشح مجددا لرئاسة الحزب المسيحي الديمقراطي والممارسات السياسية الروسية."
625,"اعلنت وزارة الدفاع الامريكية (البنتاغون) انها ستطلب من الكونغرس تمويلا لبطاريات جديدة من نظام ""القبة الحديدية"" الاسرائيلي."
626,عقد الرئيس الفنزويلي، هوغو شافيز، اجتماعا طارئا مع قادة حزبه، في العاصمة كراكاس، لمناقشة تدهور حالته الصحية.
627,قالت الشرطة الهولندية إنها اعتقلت سائق شاحنة لتوصيل الطلبات صدمت رواد حفل فقتلت واحدا وأصابت ثلاثة، فيما أغلقت الشرطة الشارع الذي حدثت فيه الواقعة وتم اعتقال شخص مشتبه به.
628,الساعات الطويلة التي نقضيها في مكان العمل تؤثر على ساعات العمل الطويلة. بعض النصائح يمكنها أن تساعد في تحسين هذه الساعات التي تقضيها داخل الشركة أو المصنع أو المستشفى وغيرها من أماكن العمل.
629,"قال وزير الخارجية السوداني إبراهيم غندور إن مصر تتخوف من سد النهضة الإثيوبي لأنه ""سيمكن السودان من استخدام كامل حصته في مياه نهر النيل التي كانت تمضي لمصر على سبيل الدين منذ عام 1959""."
630,أطلق سراح صحفيين اسبانيين كانا قد اختطفا في سوريا قبل تسعة اشهر.
631,عادت الكهرباء إلى بعض المناطق في باكستان بعد انقطاع مفاجئ في التيار الكهربائي.
632,يتزحلق الزوار على الجليد هذا العام في أحد أطول مسارات التزحلق المفتوحة في أوروبا. ورغم أن درجات الحرارة تعدت هذا الحد، إلا أن مسارا للتزحلق بقي مفتوحا للزوار.
633,سيطر مسلحو تنظيم الدولة الإسلامية على بلدات وقرى محيطة بمدينتي أعزاز ومارع في ريف حلب الشمالي.
634,تناولت الصحف البريطانية الصادرة صباح اليوم عددا من القضايا، من بينها إعادة افتتاح دور السينما في بريطانيا، ومحادثات بين مسؤولين سعوديين وإيرانيين في محاولة لإصلاح العلاقات بين الخصمين الإقليميين.
635,"فازت عائشة محمد بلقب مسابقة ""مسلمة وورلد"" لأجمل امرأة في العالم."
636,اكتسح المنتخب الفرنسي نظيره السويسري 5 2 في الجولة الثانية لمباريات المجموعة الخامسة لكأس العالم لكرة القدم المقامة حاليا بالبرازيل، في الوقت الذي واصل فيه المنتخب الفرنسي تألقه بعدما سجل كريم بنزيمة الهدف الرابع للفريق الأزرق.
637,قبل عشر سنوات كان انهيار بنك ليمان براذرز صدمة مازالت ارتداداتها مستمرة إلى يومنا هذا، وكان ذلك تصعيدا إضافيا للأزمة المالية التي بدأت قبل عام من الانهيار. كيف حصل ذلك؟ وما هي العواقب المباشرة؟
638,قالت المفوضية السامية للأمم المتحدة لشؤون اللاجئين إن تدفق مسلمي الروهينغا إلى بنغلاديش مستمر، حيث عبر ما لايقل عن 73 ألف شخص إلى دكا، فيما حذر الأمين العام للأمم المتحدة من كارثة إنسانية.
639,عبر الممثل الأمريكي الشهير، إليوت بيج، عن سعادته البالغة بعودته إلى الحياة الطبيعية.
640,قال المتحدث باسم وزارة الدفاع المصرية، أفيخاي أدرعي، إن القوات المسلحة المصرية تقوم بالتنسيق مع الجانب الإسرائيلي بشأن إخلاء بعض المناطق على الشريط الحدودي مع قطاع غزة.
641,قالت مصادر استخبارية مصرية إن تركيا بدأت اتصالاتها الدبلوماسية مع مصر على المستوى الاستخباراتي، وعلى مستوى وزارة الخارجية.
642,قتل شاب فلسطيني في غارة جوية إسرائيلية على مدينة غزة، بحسب ما أفاد به مسؤولون فلسطينيون.
643,"أعرب وزراء خارجية الاتحاد الأوروبي عن قلقهم إزاء ""التدهور الكبير"" للوضع في ليبيا، بعد الصدامات الدامية في الأيام الأخيرة، فيما يستعد الجيش الأمريكي لتدريب ""خمسة آلاف إلى ثمانية آلاف جندي ليبي"" في بلغاريا."
644,شنت مقاتلات تركية سلسلة من الغارات الجوية على مواقع تابعة لحزب العمال الكردستاني في شمالي العراق.
645,"أعلن وزير الخارجية الإيراني أن بلاده توصلت إلى تسوية مع القوى الكبرى بخصوص نحو 60 في المئة من القضايا المتعلقة بالأنشطة النووية الإيرانية، غير أن مفوضة الشؤون الخارجية في الاتحاد الأوروبي أكدت أن ""قدرا كبيرا من العمل المكثف سيكون مطلوبا للتغلب على الخلافات القائمة""."
646,وافق أعضاء في مجلس النواب الأمريكي على المضي قدما في دراسة مشروع قانون يطالب المرأة الحامل بالحصول على موافقة كتابية من جانب الأب قبل إجراء عملية الإجهاض.
647,تعادل سلبي مخيب مع مضيفه أوغسبورغ في المرحلة الخامسة عشرة من الدوري الألماني لكرة القدم (بوندسليغا)، فيما فاز بايرن ميونيخ على بوروسيا دورتموند بهدف دون رد. ويتصدر بايرن ميونيخ المسابقة بفارق عشر نقاط عن أقرب مطارديه.
648,أعلن بوريس جونسون عن تعيين ساجد جاويد المصرفي السابق ووزير الداخلية في حكومة تيريزا ماي، وهو منصب استراتيجي في سياق بريكست خصوصا في حال إقرار الخروج من الاتحاد من دون اتفاق، ما من شأنه إثارة اضطرابات اقتصادية حادة.
649,بعد الجزائر، رفع الاتحاد الأوروبي المغرب من قائمته للبلدان الآمنة خارج أوروبا التي يسمح بالسفر غير الضروري منها، لتبقى تونس الدولة العربية الوحيدة في القائمة.
650,عندما يسافر المرء في رحلة بالطائرة، يجد نفسه فجأة في مواجهة مع مجلة تابعة لشركة مصر للطيران.
651,"من المنتظر طرح نحو مليار و400 مليون جهاز جديد في مختلف أنحاء العالم، حسب تقديرات المنظمة الأوروبية لتقنية المعلومات ""أيتو""، أي بزيادة قدرها 8,5 بالمائة عن عام 2010. جيل ""سمارت تلفون"" و""الانترنت المتحرك"""
652,أعلن الجيش الإسرائيلي بدء عملية عسكرية واسعة النطاق في قطاع غزة.
653,"أكدت السلطات اللبنانية وفاة المواطن اللبناني الياس نعمة الله نتيجة اصابته بفيروس ""H1N1""."
654,قال وزير الخارجية الإيراني إن المحادثات بين الولايات المتحدة وإيران في لوزان السويسرية انتهت دون التوصل إلى اتفاق.
655,استؤنفت الاحتجاجات في بغداد ومدن جنوب العراق حيث قطع متظاهرون طرقات وجسورا بالإطارات المشتعلة لممارسة ضغوط على الحكومة والبرلمان لتنفيذ إصلاحات سياسية يطالبون بها منذ أكثر من ثلاثة أشهر.
656,"أعرب المطرب المصري علي الحجار عن حزنه لعودة ""البيروقراطية"" لمؤسسات الدولة المصرية بعد ثورة 25 يناير، التي انطلقت للقضاء على الروتين. وقال الحجار إن الرقابة المصرية ترفض إصدار التصاريح اللازمة لإصدار ألبومه الجديد."
657,تأهل المنتخب الروسي إلى نصف نهائي كأس الأمم الأوروبية لكرة القدم للمرة الأولى منذ انهيار الاتحاد السوفيتي، إثر فوزه على نظيره الهولندي بثلاثة أهداف مقابل هدف واحد. الدب الروسي قطف البرتقالة الهولندية.
658,#بي_بي_ترندينغ_يرندينغ: شاب سوري يصور مسلسلات بكاميرا هاتفه وبمشاركة جيرانه في التمثيل.
659,أطلقت الشرطة التركية الغاز المسيل للدموع وخراطيم المياه لتفريق محتجين في مدينة ديار بكر، جنوب شرقي البلاد.
660,"دافع جون برينان، كبير مستشاري مكافحة الإرهاب للرئيس باراك أوباما ومهندس استراتيجية استخدام الطائرات بدون طيار، أمام لجنة تابعة لمجلس الشيوخ الأمريكي عن استخدام تلك الطائرات ضد ""الإرهابيين"" حول العالم."
661,كشف رئيس هيئة حماية الدستور في ألمانيا أن مؤسسته ليس لديها معلومات كافية عن وضع الإسلاميين المتشددين في ألمانيا، مشيرا إلى تزايد الخطر الناجم عن العائدين من أماكن الحرب في سوريا والعراق بصورة مستمرة.
662,"حذر الرئيس الروسي فلاديمير بوتين الولايات المتحدة من أن التدخل العسكري في سوريا يمكن أن يزعزع الاستقرار في المنطقة ويلحق الضرر ب""نظام كامل للقانون الدولي"". كما وجه تحذيرا ""مباشرا"" إلى الشعب الأمريكي."
663,"حذر وزير الداخلية الألماني فولفغانغ شويبله من أن الإسلاميين ""الذين لديهم استعداد للعنف"" يشكلون تهديدا حقيقيا للأمن في ألمانيا، فيما أعرب عن قلقه إزاء تزايد نشاط اليمين المتطرف في البلاد."
664,تشير التوقعات إلى أن تسمية دونالد ترامب مرشحا على الأرجح للحزب الجمهوري هذا الصيف ستقدم الرئاسة على طبق من فضة للديمقراطية هيلاري كلينتون لكن الأمر قد لا يكون بهذه السهولة نظرا لأدائه الذي فاق التوقعات في كل مرحلة.
665,قالت وزارة الدفاع الأمريكية (البنتاغون) إن طائرة إيرانية بدون طيار اقتربت من سفينة تابعة للبحرية الأمريكية في الخليج.
666,اختطفت جماعة بوكو حرام أكثر من 100 تلميذة في مدينة دابشي شرقي نيجيريا، حسبما قال سكان محليون.
667,يشهد قطاع تكنولوجيا المعلومات في الضفة الغربية طفرة في السنوات الأخيرة، بعد أن أصبح الكثير من المستثمرين يطلقون مشاريعهم بهذا المجال فيها، ما يفتح آفاقا جديدة أمام الشباب الفلسطيني.
668,"شكلت مجموعات من المعارضة الكويتية ائتلافا واسعا أسمته ""ائتلاف المعارضة"" ليضم معظم أطرافها، وطالبت بإصلاحات سياسية جذرية من بينها الاعتراف بالأحزاب والتعددية السياسية."
669,مع حلول الليل، تتجمع أعداد كبيرة من المهاجرين واللاجئين في ساحة فيكتوريا وسط أثينا. ورغم أن اليونان منحت حق اللجوء لعشرات الآلاف من الأشخاص في العامين أو الثلاثة أعوام الماضية، إلا أن الكثيرين يعانون من مشاكل نفسية وجسدية.
670,بعد عام من التعلم عن بعد والتباعد الاجتماعي داخل الفصول الدراسية بسبب جائحة كورونا، تقوم مدرسة في إسبانيا بتعليم تلاميذها على الشاطئ في محاولة للجمع بين الهواء النقي وطريقة جديدة للتعليم.
671,"بعد فوز حزب ""البديل من أجل ألمانيا"" الشعبوي في الانتخابات التشريعية في ألمانيا، يصبح شعار ""نحن الشعب"" في نهاية المطاف عبارة موجهة في يأسها ليس فقط للسياسيين، بل أيضا لملايين الناس الذين اختاروا طريق الهجرة."
672,"بدأت وحدات حماية الشعب الكردي في مدينة عين العرب السورية استعداداتها للمشاركة في القتال ضد مسلحي تنظيم ""الدولة الاسلامية""."
673,"يواجه مشجعو بايرن ميونيخ، الذين يحضرون مبارياته على ملعبهوخارجه، معركة مختلفة تماما. ففي عام 2019، تم تنظيم حدث في ميونيخ بعنوان ""قطر وحقوق الإنسان وبايرن ميونيخ: يدا بيد، أفواه مغلقة""."
674,تعهد الرئيس الأمريكي باراك أوباما بمواصلة العمل من أجل تعزيز التشريعات حول الأسلحة النارية وذلك بعد لقائه عائلات ضحايا مجزرة نيوتن في ولاية كونيتيكت.
675,كشف لاعب خط وسط فريق ريال مدريد الألماني توني كروس عن إمكانيات فريقه وقدرته على حصد الألقاب، مشيرا إلى أن سر نجاح ريال مدريد يكمن في روح الفريق والعمل الجماعي.
676,"نشر تنظيم ""الدولة الاسلامية"" في النسخة الأخيرة من نشرته ""دابق"" التي يصدرها باللغة الانجليزية صورة للطفل السوري آلان يحيون ذكراه على ساحل مدينة الرباط."
677,فازت شابة فلبينية بلقب ملكة جمال العالم للعام الجاري 2013، وذلك في المسابقة التي أقيمت في إندونيسيا، فيما فشلت كل من ملكة جمال فرنسا وملكة جمال غانا في الوصول إلى التصفيات النهائية.
678,"لم يكن المخرج الألماني غيورغ فيلهلم بابست يتوقع أن يحول مسرحية ""أوبرا القروش الثلاثة"" إلى فيلم سينمائي، إلا أن ذلك لم يمنعه من تحويل الفكرة إلى منتج أو ""سلعة""."
679,البلوغ المبكر لدى السيدات يزيد من احتمالات الإصابة بأمراض القلب بنسبة 10% مقارنة باللاتي بلغن في وقت لاحق. عقاقير التنحيف قد تكون من أخطر الأسباب التي تؤدي للإصابة بأمراض القلب.
680,هدد الرئيس الأوغندي، يويري موسيفيني، بانسحاب قواته من جنوب السودان، إذا لم يوافق على مقترحات وقف إطلاق النار.
681,"قال الرئيس الروسي فلاديمير بوتين إنه اضطر للعمل على ""إنقاذ حياة"" الرئيس الأوكراني فيكتور يانوكوفيتش، وذلك في شريط فيديو بثه التلفزيون الروسي."
682,أعلن زيغمار غابرييل، نائب المستشارة ووزير الاقتصاد الألماني، أن اجتماعا وزاريا للجنة الاقتصادية الألمانية الإيرانية سيعقد أوائل العام القادم في طهران بعد فترة طويلة من عدم النشاط. في غضون ذلك دافع عن حق إسرائيل في ضمان أمنها.
683,قال رئيس الوزراء الاسرائيلي بنيامين نتنياهو إنه سيأمر بتجميد أو ابطاء وتيرة الاستيطان في الاراضي الفلسطينية المحتلة كجزء من صفقة تهدف الى استئناف مفاوضات السلام مع الفلسطينيين.
684,"في اليوم الثاني من قمة الأمن النووي التي تستضيفها واشنطن يناقش قادة سبعة وأربعون دولة سبل ضمان أمن المواد الانشطارية للحيلولة دون استيلاء جماعات إرهابية عليها. القمة تبحث سبل مكافحة ""إرهاب نووي"""
685,بعد مسيرة حافلة وأرقام قياسية على مستوى ألمانيا لم يحطم أغلبها حتى الآن، توارى أسطورة الكرة الألمانية السابق غيرد مولر عن الأنظار. فما هي قصته مع بايرن ميونيخ؟
686,قالت الحكومة الإسرائيلية إن ناقلة نفط ليبية تسربت كميات كبيرة من النفط الخام إلى مياهها الإقليمية في شرق البحر المتوسط.
687,قالت السلطات الهندية إن سبعة من عمال السكك الحديد لقوا مصرعهم في حادث انفصال قطار عن قاطرة في ولاية بيهار.
688,وضعت الشرطة البريطانية خططا لحماية المدارس من استخدام السكاكين في بعض المناطق، وذلك في محاولة للحد من هذه الظاهرة.
689,أثار إدراج التربية الإسلامية في مناهج المدارس الابتدائية الألمانية تساؤلات عدة دفعت ببعض الولايات الألمانية إلى منعه منذ سنوات من أن يكون من ضمن مناهج مدارسها. فما هي أسباب هذا المنع؟
690,منحت السلطات في بريطانيا تراخيص تصدير تحف فنية قيمتها 278 مليون جنيه إسترليني، وذلك بسبب القيود المفروضة على تصدير هذه الأعمال القيمة.
691,ردت روسيا على طرد دبلوماسيين روس من برلين، على خلفية تسميم الجاسوس الروسي السابق سيرغي سكريبال، باستخدام غاز سام، في أوائل الشهر الجاري. كما أعلنت باريس أنها ستطرد دبلوماسيين فرنسيين ردا على قرار مماثل.
692,"في الوقت الذي انطلقت فيه الاحتجاجات في لبنان مساء الخميس 17 تشرين الأولأكتوبر الماضي، عاد مصطلح ""صحافة المواطن"" إلى الواجهة لسرعته في تبادل المعلومات ومقاطع الفيديو."
693,أعلنت الحكومة الفنزويلية وفاة الرئيس هوغو تشافيز عن 58 عاما في مستشفى عسكري في كاراكاس. وكان نائب الرئيس نيكولاس مادورو قد طرد ملحقين عسكريين أميركيين من السفارة الأميركية في كراكاس بعد اتهامهما بالتآمر.
694,يسعى مجلس الأمن الدولي إلى مراقبة تنفيذ قرارات مؤتمر برلين حول ليبيا الذي عقد في 19 يناير كانون الثاني. غير أن هناك ثلاثة أعضاء دائمين لدى المجلس يواصلون خرق قرارات المؤتمر وهم روسيا والصين وفرنسا.
695,تختلف أنواع العطور ومكوناتها واستخداماتها. وبالرغم من هذا الاختلاف والتنوع في عالم العطور، فإن شيئا واحدا يجمع البشر في هذا الاستخدام، ألا وهو الرغبة في بقاء رائحة العطر لأطول مدة ممكنة.
696,احتلت مصر المرتبة الأولى في قائمة الدول العربية الأكثر تعرضا للتحرش الجنسي، حسب دراسة أجرتها مؤسسة تومسون رويترز.
697,اقتحم متظاهرون غاضبون، ينتمون إلى التيار الصدري، المنطقة الخضراء في العاصمة العراقية بغداد للمرة الثانية خلال أقل من شهر.
698,أصدرت محكمة العدل الأوروبية قرارا يلزم هنغاريا وسلوفاكيا باستقبال لاجئين، وذلك تزامنا مع انقضاء المهلة التي وضعتها المفوضية الأوروبية لتلزم البلدين على القبول بقاعدة توزيع اللاجئين.
699,"قال وزير الآثار المصري إن لفظة ""نب عا"" الهيروغليفية المنقوشة على التمثال والتي تعني ""الذراع القوية"" هي أحد أسماء الملك بسماتيك الأول، مؤكدا أنه ""لا يمكن أن نؤكد 100 بالمائة"" أن التمثال يرجع للملك."
700,رغم الانتقادات الكبيرة التي تعرض لها المانشافت بسبب الخروج المرير من الدور الأول في مونديال روسيا 2018، مازال المدرب يواخيم لوف مهددا بالإقالة من منصبه، حسب تقرير لصحفية بيلد الواسعة الانتشار.
701,أثار تمثال لأستاذ جامعي في كلية ديفيس في ولاية نيويورك جدلا واسعا بين الطلبة.
702,توفيت في لندن أكبر معمرة ناجية من المحرقة، عن عمر يناهز 110 عاما. وكانت عازفة البيانو الموهوبة قد نقلت إلى المستشفى يوم الجمعة الماضي بعد تعرضها لمشاكل صحية.
703,أعلن الحزب الشيوعي في الصين عزل السياسي الصيني سان زينغشاي من منصبه.
704,نفى نادي بايرن ميونيخ بطل الدوري الألماني لكرة القدم، صحة الأخبار التي تحدثت عن توقيعه عقدي اتفاق مع مهاجم غريمه بوروسيا دورتموند البولندي روبرت ليفاندوفسكي.
705,تواجه السلطات الصحية في المملكة العربية السعودية تحديا كبيرا يتمثل في صعوبة توفير العدد الكافي من لقاح انفلونزا الخنازير، في وقت يتوافد فيه الاف من الحجاج الى مكة لبدء اعمال الحج لهذا العام.
706,أعلنت حركة النهضة الإسلامية في تونس أنها مستعدة للحوار بشأن تشكيل حكومة وحدة وطنية أو حكومة إنقاذ، في ما يبدو أنه استجابة لضغوط المعارضة العلمانية لكنها لن تقبل دعوة المعارضة لحل المجلس التأسيسي معتبرة ذلك خطا أحمر.
707,فاز زلماي رسول، وزير الخارجية السابق في أفغانستان، في الجولة الأولى من الانتخابات الرئاسية، بحسب ما ذكره مسؤولون.
708,بدأ مسلحو المعارضة السورية في الوصول إلى مدينة حمص المحاصرة، بموجب اتفاق لوقف إطلاق النار مع الحكومة.
709,كشفت دراسة حديثة أن النساء اللواتي لا يردن النوم عاريات هن أكثر عرضة للإصابة بالتهابات في المهبل. فما هي أسباب ذلك؟
710,قررت إدارة البنك المركزي الألماني تقليص صلاحيات عضو مجلس إدارة البنك تيلو زارتسين، الذي أثار جدلا واسعا في ألمانيا بسبب تصريحاته التي اعتبرت معادية للأجانب.
711,بدأ الناخبون في نيجيريا الإدلاء بأصواتهم في انتخابات برلمانية ورئاسية، وذلك في الجولة الأولى من هذه الانتخابات التي تشهدها البلاد منذ عام 1960.
712,تعرض ثلاثة صحافيين يعملون في القناة الألمانية العامة الأولى (آ.ر.د) لاعتداء من قبل مواطنين مصريين في القاهرة أثناء تصوير مشاهد للتفجير الذي استهدف مديرية أمن العاصمة.
713,حث الرئيس الأمريكي باراك أوباما الكونغرس على الموافقة على التدخل العسكري في سوريا.
714,في خطوة لمكافحة أمراض القلب والسكتة الدماغية، وضعت السلطات الصحية في مدينة نيويورك صورة ملاحة طعام صغيرة على قوائم الوجبات التي تحتوي على تركيز عال من الصوديوم وذلك في خطوة تهدف إلى الحد من ارتفاع نسبة الملح في الطعام.
715,"كشفت شركة ""نامكو بانداي"" للألعاب النقاب عن مجموعة جديدة من ألعاب الفيديو التي ستطرح في الأسواق هذا الخريف، حيث تتيح إمكانية أن يتحالف اللاعبون لمواجهة الوحوش أم مساندة بعضهم البعض خلال اللعبة سواء إن كانوا يلعبون على نفس الجهاز أو يتواصلون عبر شبكة الانترنت."
716,"انتقدت منظمة ""برو أزول"" المعنية بالدفاع عن حقوق اللاجئين خطة وزير الداخلية الألماني زيهوفر الرامية إلى تحويل ألمانيا إلى دولة ترحيل للاجئين. كما انتقدت مقترح إرجاء دفع المساعدات الاجتماعية لطالبي اللجوء."
717,أقر إسلاموي في لندن بأنه أعد لتنفيذ هجوم بقنبلة في شارع أوكسفورد ستريت التجاري الشهير ومهاجمة حفل لالتون جون في العاصمة البريطانية.
718,في الوقت الذي يعاني فيه لاعب المنتخب الألماني غيرد مولر من مرض الزهايمر منذ تسعة أعوام، بات مولر حبيس إحدى دور الرعاية بالقرب من مدينة ميونيخ الألمانية. فما هي قصة هذا اللاعب؟
719,"نفى الاتحاد الدولي لكرة القدم (الكاف) الاتهامات التي وجهتها له شركة تاكتيكال ستيل الفرنسية للملابس الرياضية ب""الانتقام"" من رئيسه الملغاشي أحمد أحمد."
720,"مع دخول عملية ""عاصفة الحزم"" في اليمن أسبوعها الثاني، انسحب الحوثيون من مواقع في وسط المدينة الجنوبية الساحلية بعد ضربات جوية نفذتها طائرات التحالف بقيادة السعودية فجر اليوم الخميس."
721,أعلن الرئيس المصري عبد الفتاح السيسي أن إعلان شرم الشيخ اعتمد مبدأ إنشاء قوة عسكرية عربية مشتركة، مشيرا إلى تشكيل فريق رفيع المستوى من رؤساء أركان القوات المسلحة لبحث المسائل المتعلقة بتشكيل تلك القوة.
722,أفادت مصادر امنية وطبية في العراق بمقتل خمسة مدنيين واصابة اكثر من ثلاثين آخرين في هجمات متفرقة استهدفت مناطق متفرقة من العاصمة بغداد.
723,أعلنت شركة ايرباص الأوروبية لصناعة الطائرات فوزها بأول طلبية من الخطوط الجوية اليابانية لتدخل آخر سوق كبيرة تهيمن عليها منافستها بوينغ، بعد أن ألقى تأجيل تسليم الطائرة 787 دريملاينر بظلاله على شركة صناعة الطائرات الأمريكية.
724,شهدت المرحلة 22 من الدوري الألماني لكرة القدم فوز ليفركوزن على أوغسبورغ بهدفين مقابل هدف، فيما عزز فريق دوسلدورف حظوظه في البقاء في دوري الأضواء بفوزه خارج ملعبه على غرويتر فورت.
725,فاز باستيان شفاينشتايغر، نجم فريق بايرن ميونخ، بلقب أفضل لاعب لعام 2013، بعد أن أدلى 527 صحفيا رياضيا بأصواتهم لاختيار أفضل لاعب ولاعبة ومدرب كرة قدم في هذا الموسم.
726,فجر انتحاري نفسه في مقر وزارة الداخلية الأفغانية، وسط العاصمة كابول.
727,قالت الشرطة الأمريكية إنها تحقق في تفجيرين وقعا في ماراثون بوسطن في ساعة مبكرة من صباح الجمعة.
728,قضت محكمة يونانية ببقاء زعيم حزب النازيين الجدد في البلاد نيكوس ميخالولياكوس قيد الاعتقال انتظارا لمحاكمته بتهمة الضلوع في قتل موسيقي.
729,"بعد قرار الحكومة اليونانية إغلاق المصارف إلى غاية يوم الجمعة، أصبحت النقود ""نادرة"" في البلاد، ما دفع البعض إلى التفكير في بدائل أخرى، غير أن البعض الآخر يخشى من انهيار نظام بطاقات الائتمان."
730,"تشهد حركة ""تمرد"" المصرية حالة من الانقسام داخل صفوفها بعد إعلان عدد من قياداتها عزمهم خوض الانتخابات البرلمانية المقبلة."
731,"تضاربت الأنباء حول ما إذا كان ""الجيش الوطني"" اليمني، التابع لحكومة الشرعية المدعومة من السعودية، هو المسؤول عن هذا الكمين أم تنظيم ""أنصار الشريعة"" المرتبط بتنظيم القاعدة الإرهابي."
732,قال أحد مراقبي الانتخابات في أفغانستان إن مراقبي الأمم المتحدة انسحبوا من عملية مراجعة الأصوات في الانتخابات الرئاسية المتنازع عليها.
733,دعا الرئيس المصري عبد الفتاح السيسي المصريين إلى المشاركة بكثافة في الاستفتاء على الدستور الجديد للبلاد.
734,"في حوار مع مجلة ""بلاي بوي"" كشف مهاجم بايرن ميونيخ روبرت ليفاندوفسكي عن خطط أكثر وضوحا في هذا الاتجاه، معلنا أنه سيشارك مع مواطنه آدام ماليش، معتزل رياضة القفز على الجليد، في رالي باريس-دكار."
735,أظهرت دراسة ألمانية حديثة أن الصداع قد يكون أحد الأعراض الأولية للإصابة بالتصلب اللويحي، الأمر الذي أثار اهتماما عالميا وستكون له آثار كبيرة في تشخيص هذا المرض وعلاجه مستقبلا.
736,أعلنت وزارة الداخلية الألمانية أن ثمانية مدربين من الشرطة الفيدرالية سيعودون إلى السعودية نهاية الشهر الجاري لاستئناف مهمة تدريب قوات حرس الحدود السعودية. وكانت منظمة مراسلون بلا حدود قد أعلنت عن عدم تفهمها لنية برلين استئناف التعاون الأمني مع الرياض.
737,أودعت السلطات القضائية في تونس حوالي عشرة عناصر من العائدين من ألمانيا السجن لتورطهم في قضايا إرهابية، وفق ما أعلن متحدث باسم القطب القضائي لمكافحة الإرهاب سفيان السليطي.
738,"قال الجيش الأوكراني إن الإجراءات التي قدمها الرئيس، فيكتور يانوكوفيتش، لإنهاء الأزمة السياسية في البلاد ""غير كافية""."
739,أكدت شرطة نيويورك احتجاز شخص عقب وقوع انفجار عند منطقة بورت اثورتي بالقرب من ميدان تايمز سكوير في نيويورك خلال ساعة الذروة اليوم الاثنين. وقالت إدارة المطافئ إنه لا يوجد مصابون بإصابات خطيرة.
740,أعلن العاهل الأردني الملك عبد الله الثاني إنهاء ملحقي أراضي الباقورة والغمر من اتفاقية السلام مع إسرائيل.
741,كشف تقرير إعلامي أن الخطاب المثير للجدل الذي بعث به وزير الداخلية الألماني هورست زيهوفر إلى ممثلي الاتحاد الأوروبي في مفاوضات خروج بريطانيا، لم يتم بالتشاور داخل الحكومة الألمانية.
742,أفادت مصادر أمنية وطبية مصرية بمقتل خمسة أشخاص بينهم سيدة وطفلان جراء سقوط قذيفتين هوتا على منطقة الفتيتات جنوبي الشيخ زويد في محافظة شمال سيناء.
743,وضع القضاء الباكستاني الرئيس السابق برويز مشرف قيد الإقامة الجبرية ليومين على الأقل احتياطيا على خلفية تهم تتعلق بالإرهاب، وذلك بعد أن احتجزه الحرس الخاص في محكمة إسلام آباد العليا.
744,توصل فريق من الباحثين الألمان إلى أن مادة تستخدم في الطب الصيني التقليدي يمكن أن تضمن نجاحا فعالا للراغبين في خفض وزنهم. فما هي هذه المادة وكيف تعمل؟
745,قالت وزارة الداخلية المصرية إن السلطات منعت الرئيس المعزول محمد مرسي من زيارة أحد المحامين في مدينة الإسكندرية الساحلية.
746,أعلن الرئيس الفرنسي فرانسوا أولاند عدم ترشحه للانتخابات الرئاسية الفرنسية المقبلة، وذلك بعد أقل من عشرة بالمئة من نوايا التصويت خلال الدورة الأولى من الاقتراع. وانتقد أولاند انشقاق اليسار في مواجهة التحديات أمام الأحزاب المحافظة واليمين المتطرف.
747,بعد انتظار دام أكثر من 24 عاما، رزق زوجين من ولاية تينيسي الأمريكية بطفلة تتمتع بصحة جيدة، ولدت من جنين مجمد لحوالي 24 سنة. فما هي قصة هذا الجنين؟
748,أعلنت أندريا ناليس، رئيسة الحزب الاشتراكي الديمقراطي، الشريك الثالث في الائتلاف الحاكم بألمانيا، أن حزبها لم يقرر بعد ما إذا كان سيقبل الاتفاق بين الحزب المسيحي الديمقراطي والحزب البافاري بشأن الهجرة الذي يشمل إقامة مراكز إيواء مؤقتة.
749,قال وزير المالية الألماني أولاف شولتس إن الاتحاد الأوروبي سيرد بقوة على قرار الرئيس الأمريكي دونالد ترامب فرض رسوم جمركية جديدة على واردات الصلب والألومنيوم.
750,"أعلنت السلطات الصينية خفض عدد وفيات فيروس كورونا المستجد إلى أقل من 1400 بسبب تعداد بعض الحالات مرتين، في حين اتهمت الولايات المتحدة الصين ب""بعدم الشفافية"" في ملف الوباء."
751,يواجه مستخدمو تطبيقات المراسلة عبر الإنترنت في أستراليا مشكلة في تشفير رسائلهم.
752,قتل شخص في صدامات مذهبية بين العرب المالكيين والامازيغ الاباضيين في بلدة بريان شمال ولاية غرداية التي تقع على مسافة 600 كيلومتر جنوب الجزائر، وفق ما أفاد به تقرير إخباري.
753,قال الأسباني خوان ماتا، لاعب فريق مانشستر يونايتد الانجليزي لكرة القدم، إنه يشعر بأنه جزء مهم من الفريق.
754,قررت الحكومة الإسرائيلية السماح لأحفاد يهود الفلاش مورا الذين يعيشون في معسكرات للاجئين في السودان بالقدوم إلى البلاد.
755,بعد وفاة زوجها بسبب الايدز، يتهمن بعد وفاة أزوجاهن بممارسة الدعارة خوفا على سمعة العائلة، ما دفع بعض النساء المغربيات للتكتم على المرض. DW عربية حاورت بعضهن.
756,ارتفعت حصيلة ضحايا التفجيرات والقتل في العراق اليوم الجمعة إلى 51 قتيلا، بينهم 18 بعد خطفهم من قبل مجموعة مسلحة ترتدي بزات قوات الأمن، في أعمال عنف جديدة تذكر بالنزاع الطائفي الذي شهدته البلاد قبل سنوات.
757,"كانت الكاتبة الألمانية ماريون دونهوف من أبرز مؤسسي صحيفة ""دي تسايت"" الألمانية المرموقة، إذ كانت أول من ألفت مقالا ترسم فيه لقوات الاحتلال الإنجليزية معالم السياسة التي يجب إتباعها في ألمانيا بعد زوال ديكتاتورية هتلر."
758,قال رئيس نادي ريال مدريد فلورينتينو بيريز إنه طلب من رئيس نادي توتنهام هوتسبير الانجليزي الحصول على مبلغ 250 مليون يورو (250 مليون دولار) من أجل التعاقد مع مهاجم توتنهام هاري كين.
759,اختطف مسلحون مجهولون مسؤولين حكوميين في بلدة تيساليت شمال شرقي مالي.
760,"أعلنت شركة فيسبوك أنها تعتزم التوسع في برنامج التعرف على الأنماط السلوكية ليشمل دولا أخرى بعد نجاح تجارب في الولايات المتحدة للكشف عمن لديهم نوايا للانتحار. البرنامج يبحث عن عبارات دالة كأسئلة من قبيل ""هل أنت بخير؟"""
761,قامت الشرطة الألمانية بعمليات تفتيش عن مشتبه بهم آخرين محتملين في أعقاب القبض على شخصين أمس الخميس وضبط قنبلة مصنوعة محليا خلال مداهمة استهدفت شقة وسيارة في بلدة شمال مدينة فرانكفورت.
762,تعهد رئيس الوزراء اليوناني أليكسيس تسيبراس بالعمل من أجل إنقاذ بلاده من أزمتها الاقتصادية.
763,دعا وزير الخارجية التركي مولود جاويش أوغلو نظيره الألماني زيغمار غابرييل إلى مواصلة علاقاتهما بصداقة وتعاون مثلما كان الحال منذ 300 عام، وذلك في مستهل زيارة يقوم بها إلى ألمانيا.
764,"انتقد وزير الخارجية الألماني غيدو فيسترفيله الأحكام التي أصدرتها محكمة مصرية بحق عاملين بمؤسسة كونراد أديناور الألمانية، معتبرا إياها ""ضربة قاسية ضد المجتمع المدني ودولة الحق والقانون في مصر""."
765,"ندد الأمين العام للأمم المتحدة بقطع المياه عن حلب، كبرى مدن الشمال السوري، مطالبا ""كل الأطراف بضمان عودة إمدادات المياه بشكل دائم"". ومنذ أيام عادت المياه إلى بعض أجزاء المدينة التي كانت تعد العاصمة الاقتصادية لسوريا قبل اندلاع النزاع."
766,رغم الانتقادات الحادة التي تواجهها الأخيرة في الغرب بسبب ملف حقوق الإنسان، ينصح رئيس المعهد الألماني للسياسيات الدولية والأمن الحكومة الألمانية بالالتزام بمنطق الحوار مع أنقرة.
767,"ناقشت صحف بريطانية عدة قضايا من بينها ""اغتيال العالم النووي الإيراني محسن فخرزاده"" الذي قالت إنه مدبر بشكل دقيق ما أدى إلى تصاعد التوتر في الشرق الأوسط خاصة بعد اتهام طهران صراحة لإسرائيل بالوقوف وراء العملية."
768,"دعا وزير الخارجية الإيراني، محمد جواد ظريف، دول الخليج إلى ""التكاتف ضد التهديد المشترك""."
769,حطم العداء الكيني جيفري كيبسانغ الرقم القياسي العالمي السابق في سباق برلين الدولي للدراجات (رولان غاروس) في زمن قدره ساعتين و21 دقيقة و12 ثانية.
770,فرقت قوات الأمن التونسية سلفيين حاولوا نصب خيام للدعوة وتوزيع منشوراتهم في مدينتي تطاوين ومدنين في جنوب شرق البلاد. يأتي ذلك عقب صدامات بين قوات الأمن ومئات السلفيين في جنوب غرب العاصمة تونس.
771,قتل عشرة أشخاص، على الأقل، في هجوم شنه مسلحون على كنيستين في العاصمة الكينية نيروبي.
772,أعلن الرئيس الروسي، فلاديمير بوتين، عزمه الترشح في الانتخابات الرئاسية المقررة في مارسآذار المقبل.
773,حذر أسطورة كرة القدم الألمانية فرانس بكنباور من أن فريق بايرن ميونيخ لن يستسلم بعد الهزيمة الثقيلة التي تلقاها في مباراة الذهاب بأربعة أهداف دون رد في نصف نهائي دوري أبطال أوروبا.
774,قضت محكمة الأمور المستعجلة في مصر بوقف تنفيذ أحكام القضاء الإداري التي تبطل اتفاقية تعيين الحدود بين مصر والسعودية.
775,وصل أول دفعة من اللاجئين السوريين المبعدين من اليونان إلى مدينة هانوفر الألمانية، بحسب ما أعلنته السلطات.
776,كشفت الشرطة البريطانية أن الهجوم الذي وقع في لندن في 3 حزيرانيونيو كان يمكن أن يكون أكثر دموية، إذ أن المهاجمين اختاروا شاحنة تزن سبعة أطنان ونصف، قبل أن يعودوا ويختاروا شاحنة أصغر حجما.
777,"لقي شخص مصرعه في حريق نشب في نزل للاجئين في مدينة ""بامبرغ"" شرقي ألمانيا، فيما لا تزال أسباب الحريق غير واضحة لحد الآن."
778,قال الجيش الجزائري إنه تمكن من تحرير أربع رهائن أجانب وستمائة من الجزائريين المحتجزين في منشأة عين أميناس للغاز الطبيعي.
779,حث وزير الخارجية البريطاني، جيرمي هانت، إيران على الإفراج عن مواطنة بريطانية متهمة بالتجسس.
780,شن الجيش اليمني غارات جوية على مواقع المسلحين الحوثيين في محافظة عمران شمالي البلاد.
781,الزيارة المرتقبة لرئيس الوزراء التركي رجب طيب اردوغان إلى ألمانيا تثير الكثير من الجدل بين الجالية التركية في ألمانيا، كما أن الاستقطاب الحاصل بين أنصار اردوغان ومعارضيه يقسم أيضا الجالية التركية.
782,دعا الحوثيون في اليمن إلى تشكيل لجنة دولية محايدة للتحقيق في الانتهاكات التي يرتكبها التحالف الذي تقوده السعودية في اليمن.
783,تمكن الجراحون في مدينة فريمان بنيوكاسل الأمريكية من استئصال الورم الخبيث الذي امتد من الحوض إلى فخذي رجل يبلغ من العمر 58 عاما.
784,قتل 15 شخصا على الأقل في تفجير انتحاري استهدف اجتماعا لعلماء دين في بلدة عرسال اللبنانية، بحسب ما ذكرته وسائل إعلام لبنانية.
785,قال ناشطون سوريون إن اشتباكات عنيفة تدور في أحياء يسيطر عليها مسلحو المعارضة في مدينة حلب وريف دمشق منذ الخميس.
786,قالت السلطات الكاميرونية إنها ألقت القبض على 12 طفلا يشتبه في انتمائهم لحركة بوكو حرام المتشددة.
787,اكتشف علماء في سويسرا جزيئا حيويا قادرا على التعرف على المتغيرات المختلفة لفيروس الأنفلونزا، ما يتيح لهم التحكم في الاستجابة المناعية للأشخاص المصابين بالمرض.
788,تنطلق اليوم الأحد أعمال القمة العربية في مدينة الظهران السعودية، وسط خلافات بين السعودية وقطر حول عدة مواضيع، هي الحرب في سوريا التي تستعد لضربة غربية محتملة على خلفية هجوم كيميائي اتهمت دمشق بتنفيذه، ومستقبل القدس قبل شهر من نقل السفارة الأميركية اليها.
789,يعتبر الزهايمر من الأمراض التي تصيب الدماغ، لكن الخبراء ينصحون باتباع بعض القواعد الصحية للمحافظة على صحة الدماغ حتى في سن الشيخوخة. فكيف ذلك؟
790,اقتحمت قوات الأمن المصرية مقر نقابة الصحفيين في العاصمة القاهرة، وألقت القبض على اثنين من الصحفيين.
791,أعلن الاتحاد الألماني لكرة القدم أن كل لاعب سينال 350 ألف يورو مكافأة في حال احتفاظ المنتخب بلقب كأس العالم في روسيا الصيف المقبل، وهي المكافأة الأكثر أهمية التي سيحصل عليها لاعبو المنتخب الألماني في نهائيات كأس العالم.
792,ابتلع رجل أعمال في سنغافورة قطعا ذهبية يبلغ وزنها 33 غراما وحضر بها إلى الهند في الثامن والعشرين من الشهر الماضي، إلا أنه لم يتمكن من إخراجها بعد أن استقرت في أمعائه الدقيقة رغم أنه شرب كميات كثيرة من المياه ومسهلات الهضم.
793,قضت محكمة القضاء الإداري المصرية بوقف إجراء الانتخابات التشريعية التي كان من المقرر أن تبدأ هذا الشهر، وذلك بعد صدور حكم بعدم دستورية نص في قانون الدوائر الانتخابية.
794,اندلعت مواجهات بين شبان فلسطينيين وقوات الأمن الإسرائيلية في القدس ومدن الضفة الغربية المحتلة، بعد صلاة الجمعة، فيما دعا شيخ الأزهر الفلسطينيين إلى القيام بانتفاضة جديدة.
795,"قال رئيس الوزراء التركي بن علي يلدريم إن ""ترحيل"" هولندا لوزيرة الأسرة والسياسات الاجتماعية التركية فاطمة بتول صيان قايا أمر ""غير مقبول""، فيما وصفت الحكومة الهولندية قدوم قايا بأنه عمل ""غير مسؤول""."
796,اتفق زعماء دول الاتحاد الأوروبي على منع شركات الطيران في التكتل من استخدام المجال الجوي لبيلاروسيا، متعهدين بفرض عقوبات اقتصادية عليها.
797,أطلقت الحكومة الألمانية موقعا إلكترونيا على شبكة الانترنت، اسمه، حقائق للمهاجرين، وذلك لمواجهة الشائعات والأخبار الكاذبة بشأن اللجوء في ألمانيا. وتنشر المعلومات على الموقع باللغات العربية والفرنسية والانجليزية.
798,"أعلنت أوركسترا برلين ""فيلهارمونيك"" الموسيقية ذائعة الصيت عزمها تعيين قائد جديد لها خلفا للبريطاني سيمون راتل."
799,سقط عشرات القتلى والجرحى في مواجهات هي الأعنف بمحافظة عمران شمال العاصمة صنعاء بين الحوثيين وأفراد اللواء 310 والمحسوب على حزب الإصلاح (التابع للإخوان المسلمين). يأتي ذلك فيما قتل ستة جنود في هجوم نفذه مسلحون من القاعدة في الجنوب.
800,"ذكر المرصد السوري لحقوق الإنسان أن اشتباكات اندلعت بين قوات الفيلق الخامس المدعوم من روسيا والذي انتشر في ريف حماة الشمالي حيث قام باعتقال عنصار مما يعرف بالميليشيات الموالية للنظام أو ""الشبيحة""."
801,"بمناسبة الذكرى السبعين لإقرار الجمعية العامة للأمم المتحدة ""الإعلان العالمي لحقوق الإنسان"" شدد المقرر الخاص للأمم المتحدة على أن جرائم القتل ترتكبها ""بشكل متزايد (...) الجريمة المنظمة"" ولكن ترعاها شركات دولية تعمل بشكل خاص في قطاع التعدين."
802,قالت رئيسة الوزراء الدانماركية إن الهجمات التي وقعت في العاصمة كوبنهاغن يوم الاثنين ستزيد الدانمارك قوة واتحادا.
803,استأنفت الإمارات العربية المتحدة أعمال سفارتها في العاصمة اليمنية صنعاء بعد تعليقها بسبب سيطرة الحوثيين على السلطة.
804,ارتفعت حصيلة تفجير سيارة مفخخة في سوق شعبي بمنطقة خان بني سعد شمال شرق بغداد يوم أمس الجمعة إلى أكثر من 100 قتيل و17 مفقودا، وفق ما أكده مسؤول كبير في المنطقة.
805,التقى الرئيس الأمريكي جورج بوش مع الرئيس الروسي فلاديمير بوتين في مسعى لتخفيف حدة التوتر في العلاقات بين البلدين، لاسيما على خلفية الخطط الأمريكية لإقامة درع صاروخي في شرق أوروبا والخلافات بينهما حول كيفية التعامل مع الطموحات النووية الإيرانية.
806,أعلن المدعي العام الألماني هارالد رانغه بدء إجراءات التحقيق في الاشتباه في التنصت على الهاتف المحمول للمستشارة الألمانية أنغيلا ميركل من قبل أجهزة استخباراتية.
807,تعرض تطبيق انستغرام للتواصل الاجتماعي إلى هجوم إلكتروني واسع النطاق.
808,يعيش عدد من الأزواج في ألمانيا مفترقين كي يتسنى لهم الاحتفاظ بوظائفهم، وذلك طبقا لنتائج دراسة جديدة أجريت في ألمانيا. فما هي أسباب العيش في مكانين متباعدين؟
809,النقرس مرض يصيب المفاصل ويندرج ضمن أمراض الأيض أي الاستقلاب، فعند الإصابة به يترسب حمض اليوريك في شكل حبات كريستال صغيرة في المفاصل والأنسجة، ما يؤدي إلى شعور شديد بالألم. فكيف يمكن علاج هذا المرض؟
810,قال الشيخ عيسى قاسم، نائب رئيس الوزراء البحريني، إن بلاده لن تقبل باتفاق تطبيع العلاقات العربية مع إسرائيل.
811,لدغة النحل أو الدبابير قد تؤدي إلى احمرار وتورم مؤلم في الجلد، وقد يصل نصف قطر هذا التورم إلى 10 سنتيمترات وينحسر خلال يوم واحد. ولكن كيف يمكن الوقاية من هذه اللدغة؟ وما هي أعراضها؟
812,أكدت دراسة أمريكية أن طول فترة الرضاعة الطبيعية مرتبط بتراجع خطر الإصابة بمرض السكري حتى بعد عشرات السنين. وأوصى أطباء الأطفال بألا ترضع الأمهات أولادهن إلا بشكل طبيعي حتى يصبح عمرهم ستة أشهر.
813,قتل ثلاثة اشخاص على الأقل في هجوم نفذه مسلحان فلسطينيان في بلدة كريات غات جنوبي اسرائيل.
814,"في الوقت الذي تعاني فيه اليمن من ""سوء التغذية الحاد الوخيم""، تحاول بعض الأمهات كسر حاجز الخروج إلى الرصيف لشراء ما يكفي من وجبات الطعام الضرورية لأطفالهن. DW عربية تجولت في شوارع العاصمة اليمنية صنعاء ورصدت معاناة الأمهات."
815,"دعت وزيرة الخارجية الأمريكية، هيلاري كلينتون، إسرائيل والفلسطينيين إلى استئناف مفاوضات السلام ""من دون شروط مسبقة""، كما عبرت عن تأييدها لتحقيق هدف الفلسطينيين في إقامة دولة فلسطينية قابلة للحياة في حدود 1967."
816,تصاعدت حدة هتافات المحتجين في ميدان التحرير في القاهرة وفي مدن السويس والإسكندرية والمنصورة وجنوب البلاد ضد المجلس العسكري الذي يتولى إدارة شؤون البلاد، فيما وافق شرف على قبول استقالة نائبه يحيى الجمل.
817,بعد اعترافها لأول مرة بميولها الجنسية المثلية في كلمة متلفزة أذيعت أثناء حفل توزيع جوائز جولدن جلوب لعام 2013، قالت الممثلة جودي فوستر إنها تزوجت من صديقتها المصورة الكسندرا هيديسون.
818,قال وزير الخارجية الأمريكي، جون كيري، إن الرئيس الأفغاني المنتهية ولايته، حامد كرزاي، حقق تقدما كبيرا في الجولة الثانية من الانتخابات الرئاسية.
819,فاز العداء البريطاني أندي فرح ببطولة العالم للمسافات الطويلة في لندن للمرة الثالثة على التوالي.
820,زار المعلق الرياضي الشهير حفيظ دراجي والدة نجم كرة القدم المصري السابق محمد أبو تريكة في قرية ناهيا في محافظة الجيزة المصرية، وذلك في إطار زيارته لمنزلها في مصر.
821,"تباينت تعليقات الصحف الأوروبية حول إعلان رئيس إقليم كاتالونيا كارليس بوتشيمون عن ""اعلان الاستقلال"" عن مدريد، فيما اعتبرته بعض الصحف الأوروبية بمثابة ""الضربة الكارثية ضد الديمقراطية""."
822,عينت الجمعية العامة للأمم المتحدة 14 عضوا جديدا في مجلس حقوق الإنسان التابع للمنظمة الدولية.
823,أدانت دول مجلس التعاون الخليجي استيلاء الحوثيين على السلطة في اليمن.
824,قالت وزارة الداخلية البريطانية إن أكثر من نصف النساء الأسيويات اللواتي قلن إنهن ضحايا العنف المنزلي في بريطانيا رحلن إلى بلدانهن بسبب تعرضهن لضغوط عائلية وخوفهن من الانتقام.
825,"ندد مفوض الأمم المتحدة لحقوق الإنسان بما قال إنها ""حملة إبادة وحشية"" ضد المدنيين المحاصرين في الغوطة الشرقية في سوريا، فيما دعا الأمين العام للأمم المتحدة إلى وقف فوري للقتال."
826,"كثف الجيش العراقي قصفه لمدينة الفلوجة استعدادا لهجوم بري لاستعادة السيطرة عليها من مسلحين استولوا عليها قبل شهر، فيما قتل ثلاثة جنود في هجوم ل""داعش"" استهدف نقطة تفتيش للجيش العراقي بالقرب من قضاء الحويجه غربي كركوك."
827,بعد تعادله القاتل مع المنتخب المغربي 22 في الجولة الأخيرة من مباريات المجموعة الثانية في مونديال روسيا، تأهلت البرتغال إلى دور الستة عشر رغم تعادلها مع إيران في المجموعة نفسها.
828,رفع عدد من المحامين المصريين دعوى قضائية أمام محكمة القضاء الإداري في مصر ضد قرار الحكومة المصرية إحالة اتفاقية ترسيم الحدود البحرية بين مصر والسعودية إلى البرلمان.
829,كشفت دراسة حديثة أن البيانات الخاصة بالمواطنين الأوروبيين المخزنة على خوادم في الشبكة العنكبوتية العالمية ليست في مأمن من الوصول إليها من قبل طرف ثالث. لكن كيف يتم تخزين هذه البيانات؟ وما مدى الأمان الذي تتمتع به؟
830,قال وزير الخارجية الأمريكي جون كيري إن محادثاته مع رئيس الوزراء العراقي نوري المالكي لم تتناول مفهوم حكومة انقاذ وطني.
831,"قال رئيس هيئة قناة السويس، محمد ربيع، إن سفينة الحاويات العملاقة ""إيفر غيفن"" التي جنحت في قناة السويس المصرية، قد تخسر نحو مليار دولار، إذا لم يتم الانتهاء من ملف التعويضات."
832,"بعد سبعة مواسم كروية سيطر فيها بايرن ميونيخ على بطولة الدوري الألماني سيطرة تامة، يبدو أن الصراع الآن بين عملاقي البطولة الألمانية ""وصل إلى بعد جديد""، فقد استثمر بايرن ما يقرب من ربع مليار يورو في التعاقد مع لاعبين جدد للموسم المقبل."
833,أعلن الاتحاد الألماني لقطاع النقل الجوي أنه يعتزم فرض وجود شخصين داخل قمرة قيادة الطائرات وذلك بعد تحطم طائرة الايرباص ايه320 في جبال الألب في كارثة تبين أن مساعد الطيار تسبب بها عمدا.
834,أسدل الستار رسميا على الدوري الألماني لكرة القدم لموسم 2012 2013، بعد أن بلغ اليوم مرحلته الرابعة والثلاثين (الختامية) وتوج بلقبه فريق بايرن ميونيخ قبل نحو ثمانية مراحل من انتهاء الدوري.
835,أعلن البنك المركزي الأوروبي أن اقتصاد منطقة اليورو حقق نموا بنسبة 0.3 في المئة في الربع الثاني من العام الحالي.
836,توعدت الحكومة الأردنية تنظيم الدولة الإسلامية بقتل الطيار الأردني، معاذ الكساسبة، الذي قتل يوم 3 يناير كانون الثاني.
837,"قال الرئيسان التركي، رجب طيب أردوغان، والفرنسي، إيمانويل ماكرون، إن ""الخيارات الأخيرة لا تسمح بأي تقدم في مفاوضات انضمام تركيا إلى الاتحاد الأوروبي""."
838,بعد مرور 33 عاما على تولي الرئيس اليمني السابق علي عبد الله صالح السلطة، أحكم خلالها قبضته على السلطة وناصب الحوثيين العداء، وشن حروبا ضدهم، قبل تنحيه في شباط فبراير 2012 بعد 11 شهرا من الاحتجاجات ضد نظامه.
839,وجهت النيابة العامة في برلين تهمة نقل معلومات تتعلق بممتلكات البوندستاغ الألماني إلى الاستخبارات الروسية، وفق ما أعلن الادعاء العام في مقره بمدينة كارلسروه.
840,بعد كارثة غرق مركب يحمل مئات المهاجرين في طريقهم إلى أوروبا قبالة السواح الليبية، يستعد الاتحاد الأوروبي لتنفيذ عمل عسكري ضد مهربي اللاجئين في البحر الأبيض المتوسط. فهل سيحمي هذا المشروع الأوروبي نفسه من احتمال هجمات مضادة؟
841,فاز رسام الكاريكاتير الألماني غيرهارد ميستير بجائزة أفضل لوحة كاريكاتير لعام 2012. ورغم تمتعه بشهرة عالمية كبيرة، إلا أنه لا يتمتع بحيز كبير من الحرية، كما هو الشأن في باقي الدول الأوروبية.
842,لا يزال أكثر من ثلاثة آلاف شخص ينتظرون منذ ساعات طويلة، في منطقتين قريبتين من حلب، من أجل إكمال طريقهم إلى وجهاتهم النهائية بعد إجلائهم من بلدات محاصرة، وفق ما أفاد المرصد السوري لحقوق الإنسان.
843,"فشل فريق باريس سان جيرمان الفرنسي في نقل توهجه المحلي إلى ""القارة العجوز"" وتحديدا إلى مسابقة دوري أبطال أوروبا، التي تعد الهدف الأهم بالنسبة للفريق الباريسي. فهل سيقصي برشلونة من البطولة؟"
844,تشهد الجولة الثالثة من الدور الأول لمسابقة دوري أبطال أوروبا لكرة القدم غدا الثلاثاء مباريات قمة قد تحدد هوية وملامح طليعة المتأهلين إلى الدور الثاني.
845,"تنطلق اليوم الخميس في جنيف المحادثات النووية بين مجموعة 5+1 وإيران. وفيما كانت لهجة الجانب الغربي أكثر تحفظا، قال المتحدث باسم وزيرة خارجية الاتحاد الأوروبي إن ""المحادثات النووية معقدة وتدخل في مرحلة جدية""."
846,شهد عدد من الولايات الأمريكية اليوم الثلاثاء أول خسوف كامل للقمر تشهده الولايات المتحدة. وشوهد الخسوف في كثير من مناطق البلاد واعتمد ذلك على أحوال الطقس المحلية.
847,أجرى العاهل الأردني الملك عبد الله الثاني محادثات مع اللواء الليبي المتقاعد خليفة حفتر، الذي عين قائدا للجيش الليبي الشهر الماضي.
848,ارتفع عدد القتلى جراء انهيار مبنى مكون من ثمانية طوابق في بنغلاديش إلى 82 شخصا على الأقل، فيما يحاول رجال الإطفاء والجيش العثور على ناجين بين الأنقاض مستخدمين المعدات والرافعات.
849,تظاهر عشرات الآلاف في العاصمة الهندية نيودلهي احتجاجا على ما وصفوه بفضيحة بيع مناجم فحم في البلاد.
850,"أعلن تنظيم ""أنصار بيت المقدس"" مسؤوليته عن إطلاق صاروخ على مدينة إيلات الإسرائيلية في وقت مبكر من صباح الثلاثاء."
851,"بدأت اللجنة الدولية للصليب الأحمر عملية ""توزيع كبرى"" لحصص غذائية على جانبي خطوط المواجهة في مدينة حلب السورية لأول مرة منذ أكتوبر تشرين الأول، فيما تقترب القوات النظامية من فك الحصار عن سجن حلب المركزي."
852,"أثار وزير الخارجية الأمريكي جون كيري ردود فعل متباينة على مواقع التواصل الاجتماعي في مصر بعد أن اتهم جماعة الإخوان المسلمين ب""سرقة الثورة"" التي أطاحت بالرئيس السابق حسني مبارك."
853,انتهت مباراة برشلونة وأتلتيكو مدريد في الدوري الإسباني لكرة القدم بالتعادل بدون أهداف في ملعب كالديرون معقل الأخير في العاصمة مدريد.
854,رفضت الحكومة السودانية طلبا تقدمت به منظمة العفو الدولية بتسليم الرئيس السوداني عمر البشير وباقي المطلوبين لدى المحكمة الجنائية الدولية.
855,"حذر الرئيس الفرنسي إيمانويل ماكرون تركيا من ""التصريحات الحربية"" الصادرة عن أنقرة بشأن إقليم ناغورنو كاراباخ المتنازع عليه."
856,يعقد الاتحاد الدولي لكرة القدم (الفيفا) اجتماعا طارئا لمناقشة مزاعم الفساد في حق استضافة بطولتي كأس العالم 2022 وقطر 2022.
857,"أمر رئيس الوزراء العراقي حيدر العبادي وزير الداخلية محمد سالم الغبان ""بملاحقة العناصر التي اعتدت على القوات الأمنية والمواطنين وأعضاء مجلس النواب وإحالتهم إلى القضاء لينالوا جزاءهم العادل""."
858,استقبل اللبنانيون الرئيس الفرنسي، إيمانويل ماكرون، في مطار بيروت بحفاوة بالغة.
859,"قالت شركة ياهو إنها لن تتغاضى عن استخدام برنامج ""ياهو للمحادثة"" لتبادل الصور عبر الكاميرا."
860,"يتعرض المسيحيون في سوريا لتهديدات من قبل جماعات إسلامية متطرفة، ما يدفعهم للنزوح والهجرة إلى أوروبا. ويرى بعض الخبراء أن الجماعات المتطرفة لا تهدد المسيحيين فقط و""إنما المسلمين المعتدلين أيضا""."
861,طالبت اللجنة الأوروبية لحقوق الإنسان الدول الأعضاء في الاتحاد الأوروبي بسن قوانين تجرم التلاعب بأسعار الفائدة.
862,تختلف درجة حرارة الجسم من شخص لآخر. ورغم اختلاف درجات الحرارة، إلا أن لكل منا طريقته الخاصة في التعبير عن الإحساس بالبرودة، كما يوضح الدكتور يواخيم لاتش من كلية كولونيا للرياضة.
863,"هاجمت مجموعة تتكون من ثمانية إلى عشرة رجال صاحب كشك صغير وعاملا في سوق عيد الميلاد ببلدة ""آرنشتات"" الألمانية، بسبب أصل العامل، الذي ينحدر من سوريا."
864,فيما تتجه الأنظار إلى مدينة إدلب السورية ووضع المدنيين فيها، ذكرت تقارير إعلامية أن تركيا دعت روسيا وإيران إلى المشاركة في قمة جديدة بخصوص سوريا، تنعقد في السابع من أيلولسبتمبر المقبل.
865,اختار مصطفى أديب، الذي كلفه الرئيس اللبناني بتشكيل حكومة جديدة بعد ضمان تأييد أغلبية النواب له، أن يبدأ مهمته الصعبة من شارع الجميزة المتضرر جراء انفجار المرفأ المروع، حيث تجول سيرا على الأقدام متبادلا أطراف الحديث مع السكان.
866,أعلن جون كاسيس، حاكم ولاية أوهايو الأمريكية، انسحابه رسميا من السباق للترشح عن الحزب الجمهوري لخوض الانتخابات الرئاسية، وذلك بعد 24 ساعة من انسحاب سيناتور تكساس تيد كروز بعد الفوز الكبير لترامب في الانتخابات التمهيدية.
867,كشف تقرير إخباري أن رئيس الاتحاد الألماني لكرة القدم فريتز كيلر ونائبه الأول بيتر بيترز سيشاركان في الجلسة المصغرة مع يوآخيم لوف المدير الفني للمنتخب، وذلك قبل اجتماعه المقرر في الرابع من كانون أولديسمبر المقبل مع إدارة الاتحاد.
868,قالت اللجنة العلمية الأممية الخاصة ببحث تأثيرات الإشعاع الذري في تقريرها الختامي اليوم الأربعاء في فيينا أنه من المحتمل إصابة الأطفال الذين تعرضوا لمستويات مرتفعة من الإشعاع الناجم عن محطة فوكوشيما بسرطان الغدة الدرقية مستقبلا.
869,"دعا الأمين العام للأمم المتحدة مجلس الأمن الدولي إلى إنهاء حالة الشلل في الشأن السوري والقيام بتحرك ""مفيد"" لوقف العنف في سوريا والذي أدى إلى مقتل نحو 70 ألف شخص. في غضون ذلك أغلق محتجون في لبنان المعبر الحدودي مع سوريا."
870,طالب الرئيس الأمريكي باراك أوباما إيران بأن تنظر للدبلوماسية كوسيلة لحل النزاع حول برنامجها النووي، مشيرا إلى الدروس المستفادة من محاولات التخلص من الأسلحة الكيماوية.
871,"حظر وزير الداخلية الألماني نشاط جمعية ""أيتام لبنان"" التي تتخذ من مدينة إيسن مقرا لها، وذلك بسبب تقديم الجمعية منذ سنوات دعما بالمليارات لمؤسسة ""شهيد"" التي تمول بدورها حزب الله."
872,في الوقت الذي يحتفل فيه شفاينشتايغر بعيد ميلاده الثالث والثلاثين، وجه صحفي أمريكي سؤالا إلى النجم الألماني يطلب منه الفوز على ريال مدريد في مباراة ودية بالولايات المتحدة.
873,ناشدت الحكومة الهولندية السفير الهولندي في اليمن للإفراج عن صحفيين هولنديين اختطفا في اليمن.
874,"قررت القيادة العامة للقوات المسلحة العراقية إطلاق اسم ""لبيك يا عراق"" على العمليات العسكرية التي تقوم بها ضد تنظيم الدولة الإسلامية في محافظتي صلاح الدين والأنبار."
875,"في الوقت الذي يعتقد فيه البعض أن ذلك النحل القاتل قد وصل إلى جزر بورتوريكو، يعتقد آخرون أن ذلك النوع من النحل الذي يطلق عليه اسم ""القاتل"" قد يكون قاتلا أيضا."
876,هاجم مسلحون مجهولون مكتب المدعي العام في مدينة دونيتسك شرقي أوكرانيا.
877,ارتفع عدد ضحايا انفجار بركان في اليابان الى 31 شخصا على الاقل.
878,"على قمة جبل ""بلاناي"" في قلب النمسا، سلم المستشار النمساوي، سيباستيان كورتس، القيادة إلى رئيس وزراء بلغاريا، المنقضية رئاستها للاتحاد الأوروبي، في حدثين غير مبالغ فيهما."
879,تأهل فريق بوروسيا دورتموند إلى نهائي كأس ألمانيا لكرة القدم بعد فوزه الثمين بهدفين نظيفين على ضيفه فولفسبورغ في الدور نصف النهائي للمسابقة. وشهدت المباراة تألق البولندي روبرت ليفاندوفسكي، الذي سيرحل عن دورتموند الصيف المقبل.
880,ألقت السلطات البريطانية القبض على رجلين في مطار غاتويك بتهمة المشاركة في القتال في سوريا.
881,"كشف تقرير صادر عن المكتب الاتحادي لمكافحة الجريمة (بي. كي.أي) أن عام 2016 شهد أكثر من 347 اعتداء على نزل اللاجئين في مناطق مختلفة من ألمانيا، بينها ثلاث حالات وصفت ""بمحاولة القتل العمد"" و37 حالة من ""الحريق المتعمد""."
882,"دعا وزير الخارجية الألماني جميع أطراف الأزمة السياسية في أوكرانيا إلى التحلي ببعد النظر وتجنب القيام ""بأعمال استفزازية قد تكون تداعياتها مميتة""، فيما رحبت واشنطن بالإفراج المفاجئ عن رئيسة الوزراء السابقة يوليا تيموشينكو."
883,بعد مرور عام على إعلان الرئيس الأمريكي باراك أوباما نيته إغلاق معسكر غوانتانامو، اصطدم صاحب القرار بقوة على أرض الواقع، كما يرى المحلل السياسي دانييل شيشكيفيتز.
884,بعد مرور أسبوع على اتفاق الولايات المتحدة وروسيا على عقد مؤتمر في محاولة لوقف الحرب الأهلية في سوريا، شككت صحف ألمانية في جدوى عقد مؤتمر دولي حول الأزمة السورية نظرا لشحنة الصواريخ الروسية.
885,دعا الرئيس الروسي، فلاديمير بوتين، إلى تأجيل الاتسفتاءات المزمع إجراؤها في 11 مايوأيار من أجل توسيع الاستقلال الذاتي، جنوبي أوكرانيا.
886,في حوار مع DW أكد رئيس البرلمان الألماني  بونديستاغ على أن مصر دولة مهمة بالنسبة للتطور صوب الديمقراطية في العالم العربي، كما أكد على أهمية العلاقات والحوار السياسي معها.
887,"كشف النجم البرتغالي كريستيانو رونالدو عن السر وراء احتفاله بتسجيل الأهداف في شباك الخصوم بطريقة فريدة بالتسجيل، إذ يقفز عاليا ويفتح ذراعيه ثم يقول كلمته الشهيرة ""نعم""."
888,ألقت الشرطة الإسبانية القبض على عشرات الأشخاص للاشتباه بانتمائهم لشبكة تتاجر بالبشر.
889,أعلن البيت الأبيض أن الرئيس الأمريكي دونالد ترامب يتطلع إلى العمل مع الكونغرس بشأن إيجاد بديل عن قانون الرعاية الصحية الذي أقره الجمهوريون.
890,قضت المحكمة الدستورية العليا في مصر بوقف قرار الرئيس محمد مرسي بعودة مجلس الشعب للعمل بعد حله، وأمرت بتنفيذ حكمها السابق ببطلان قانون انتخابات مجلس الشعب، الذي جرت بموجبه الانتخابات.
891,استدعت وزارة الداخلية المصرية مدير مكتب وكالة رويترز العالمية في القاهرة للتحقيق معه في بلاغ يتهمه فيه بنشر أخبار كاذبة عن مقتل الباحث الإيطالي جوليو ريجيني.
892,فجر انتحاريان نفسيهما بالقرب من مسجدين للسنة في الضاحية الجنوبية للعاصمة اللبنانية بيروت، مما أسفر عن مقتل 39 شخصا على الأقل.
893,حذر الرئيس السوري بشار الأسد من أن الدول العربية والإقليمية والغربية التي دعمت الإرهاب ستدفع هي الأخرى ثمنا غاليا.
894,أعلن رئيس الحزب الاشتراكي الديمقراطي مارتن شولتس تخليه عن منصب وزير الخارجية في الحكومة الائتلافية المرتقبة، معتبرا أن النقاش حول شخصه سوف يؤثر على تصويت قاعدة الحزب على مصير الائتلاف مع التحالف المسيحي.
895,بدأت تركيا محادثات مع الاتحاد الأوروبي تهدف إلى تخفيف القيود المفروضة على دخول الأتراك إلى الاتحاد.
896,"نفذت القوات الأمريكية ضربة جوية في سوريا استهدفت ""الجهادي جون"" الذي يشتبه في ظهوره في مقاطع فيديو نشرها تنظيم ""الدولة الإسلامية"" لعمليات قطع رؤوس رهائن."
897,قتل جندي فرنسي في هجوم مسلح استهدف دورية أمنية في العاصمة باريس.
898,من أجل فهم كيفية تأثير الغيوم على المناخ تم البدء في مشروع دولي يهدف إلى تقديم معلومات دقيقة حول الغيوم المحملة بالأمطار وإضافتها على النماذج الموجودة على أجهزة الحاسوب الخاصة بالتنبؤ الجوي.
899,يرى رئيس المجلس الأعلى لليهود في ألمانيا جوزيف شوستر أن الهجمات الإرهابية التي وقعت في باريس وكوبنهاغن دفعت كثيرا من الناس لإعادة التفكير في أسلوب التعامل مع الأجانب.
900,"اتهم المتحدث باسم القوات المسلحة الليبية التابعة لمجلس النواب المنتخب، العقيد أحمد المسماري، قطر بنقل ""مسلحي داعش"" من سوريا إلى ليبيا، مضيفا أن الدعم المالي القطري مستمر في ليبيا."
901,"قال مكتب النائب العام السويسري إنه يحقق مع الأمين العام السابق للاتحاد الدولي لكرة القدم، جيروم فالكه، فيما يتعلق ب ""أفعال مختلفة من سوء الإدارة الجنائية""."
902,"""سعوديون على شبكات التواصل الاجتماعي""، سلسلة خاصة من بي بي سي تسلط الضوء على حياة المتحولين جنسيا في السعودية."
903,اخلت محكمة بحرينية سبيل 28 طبيبا كانوا قد اعتقلوا تحت سلطة الاحكام العرفية في العاصمة المنامة.
904,قالت السعودية إنها تحقق في مزاعم بأن ولي العهد السعودي محمد بن سلمان كان وراء اختراق هاتف رئيس شركة أمازون جيف بيزوس.
905,تظاهر عشرات الآلاف من سكان العاصمة اليمنية صنعاء ومدن أخرى احتجاجا على ما وصفوه بالاستيلاء على المعسكرات والمخازن التابعة لقوات الحرس الجمهوري.
906,يبدو أن السعودية باتت قوة صامتة داخل مجلس التعاون الخليجي بعد أن تعاظم نفوذها السياسي بشكل بات يطرح الكثير من الأسئلة حول إمكانية خروجها من الجلباب السعودي، ليس فقط عبر امتلاكها وجهات نظر تخالف الرياض بل أيضا في تحركها على أرض الواقع.
907,احتجت ماليزيا على تقارير عن قيام دبلوماسيين استراليين باعتراض اتصالات هاتفية ومعلومات لحساب الولايات المتحدة الأمريكية.
908,يعاني الكثير من الأشخاص من الإجهاد في العمل، وهو ما يؤدي إلى زيادة العبء عليهم واستنفاد طاقتهم، لذلك ينصح خبراء ألمان باتباع ثلاثة تمارين بسيطة للتغلب على هذا الإجهاد.
909,يواصل الناخبون المصريون الإدلاء بأصواتهم في اليوم الثاني والأخير من الانتخابات الرئاسية، التي يتوقع أن يفوز بها وزير الدفاع السابق عبد الفتاح السيسي، وسط توقعات بفوز منافسه حمدين صباحي.
910,قال المرصد السوري لحقوق الانسان المعارض ومقره بريطانيا السبت ان القوات الحكومية السورية تمكنت من السيطرة على موقع الكبر الاستراتيجي في محافظة دير الزور شرقي البلاد.
911,على مدى أربعة أيام متتالية، من 18 إلى 21 من الشهر الجاري، يفتح معرض لايبزغ الدولي للكتاب أبوابه لهواة الأدب وعشاق الفن والراغبين على التعرف على الجديد في عالم الأدب بمختلف أنواعه وأجناسه.
912,قتل 13 شخصا على الأقل في غارة شنتها طائرة أمريكية بلا طيار على معقل للمتشددين في شمال غربي باكستان.
913,"قال الرئيس الروسي، فلاديمير بوتين، إن بلاده تحتاج إلى ""مستويات جديدة للتنمية""، وذلك في أول تعليق له منذ توليه السلطة."
914,نفت قطر الاتهامات التي وجهت لها بخصوص إدارة حملة سرية للنيل من المرشحين الآخرين لاستضافة كأس العالم لكرة القدم عام 2022. وقالت اللجنة العليا للمشاريع والإرث إنها خضعت للتحقيق بشكل كامل وكشفنا عن كل المعلومات المتعلقة بملفنا.
915,تناولت صحف عربية زيارة وزير الخارجية الأمريكي مايك بومبيو إلى العراق، والتي تأتي في إطار عملية إعادة تموضع السياسة الأمريكية في الشرق الأوسط بعد ردود الفعل على قرار الرئيس الأمريكي الانسحاب من سوريا.
916,نجح علماء ألمان في تطوير مادة فعالة تثبط من عملية موت الخلايا العصبية في الدماغ، ما يفتح آفاقا جديدة في علاج مرض الزهايمر، الذي يعاني منه ربع مليون شخص في ألمانيا.
917,قالت إيران إنها توصلت إلى اتفاق مؤقت مع القوى الست الكبرى بشأن برنامجها النووي، وذلك قبيل انطلاق جولة جديدة من المحادثات في فيينا.
918,فيردر بريمن يفوز على باير ليفركوزن بهدف يتيم أحرزه لاعب خط الوسط مسعود أوزيل في مباراة مثيرة أقيمت أمام نحو 74 ألف مشجع في الملعب الأولمبي في برلين. دييغو يودع بريمن بلقب ثمين قبل انتقاله إلى يوفنتوس تورين.
919,ينطلق اليوم ماراثون بوسطن في ولاية ماساتشوستس الأمريكية وسط إجراءات أمنية مشددة.
920,لا يزال الغموض يكتنف مستقبل مهاجم فريق بروسيا دورتموند روبرت ليفاندوفسكي بعدما أعلن المدير الفني للفريق يروغن كلوب أن فريقه لم يتلق لحد الآن أي عرض رسمي من قبل فريق بايرن ميونيخ.
921,قالت مفوضية اللاجئين التابعة للأمم المتحدة إن عدد النازحين من العرب السنة في العراق تجاوز 65 ألف شخص.
922,قتل 15 مدنيا في قصف جوي شنته قوات النظام في مدينة معرة النعمان في محافظة إدلب في شمال غرب سوريا، وفق حصيلة جديدة للمرصد السوري لحقوق الإنسان.
923,"أوقفت الشرطة الألمانية ثلاثة أشخاص على خلفية قطع فعاليات مهرجان ""روك آم رينغ"" الموسيقي في ولاية ""راينلاند بفالتس"" المجاورة مساء أمس الجمعة على خلفية وجود تهديد إرهابي."
924,كشف تقرير صادر عن منظمة الشفافية الدولية أن الفساد ازداد سوءا في معظم الدول العربية منذ انتفاضات الربيع العربي عام 2011 رغم أن الغضب على فساد المسؤولين كان سببا رئيسيا في تفجيرها.
925,"قالت جماعة ""أنصار المسلمين"" المتشددة في نيجيريا إنها قتلت سبعة من الرهائن الذين اختطفتهم في نيجيريا."
926,بعد خسارة بايرن ميونيخ في المرحلة 33 من الدوري الألماني أمام فرايبورغ، وجه المدير الرياضي لنادي فولفسبورغ انتقادات لاذعة لمدربه جوزيب غوارديولا، الذي قال إن بايرن لم يستمر في التمسك بالفوز خلال مبارياتهم الأخيرة في الدوري.
927,قررت السلطات السودانية إغلاق ثلاثة مراكز ثقافية إيرانية في العاصمة الخرطوم، بحسب ما أفاد به مصدر في وزارة الخارجية.
928,"يبدو أن أزمة سباق فرنسا الدولي للدراجات (تور دي فرانس) لم تنته عند ذلك بل اتخذت مسارا آخرا، فقد أستغنى فريق ""رابوبانك"" عن خدمات حامل القميص الأصفر مايكل راسموسن، حامل القميص الأحمر."
929,يوجد في مركز الأبحاث التابع لجامعة هانوفر غرف مخصصة لنوع من العناكب يعيش عادة في أمريكا الجنوبية ويطلق عليه اسم نيفيلا أو عنكبوت الحرير الذهبي، ويصل طول أنثى هذا العنكبوت إلى 4 سنتيمترات.
930,تفاعل رواد مواقع التواصل الاجتماعي في عدد من الدول العربية مع رسم وجه جورج فلويد في برلين، الذي رسم وجهه بالأسود.
931,"عثرت بعثة أثرية تابعة لجامعة لند السويدية على عشرات المقابر الأثرية في مصر، تعود إلى عهد الملكين ""تحتمس الثالث"" و""أمنحوتب الثاني""."
932,أكد الأمين العام للأمم المتحدة بان كي مون دعمه لطموحات الشعب المصري، ودعا إلى حوار سلمي يشمل كل الأطراف في الطيف السياسي للتوصل إلى طريق للمضي قدما.
933,يعتبر تساقط الشعر من الأمراض الشائعة التي تصيب الرجال والنساء على حد سواء. لكن الخبراء ينصحون بعدم اللجوء إلى طرق علاجية دون استشارة الطبيب. فما هي الأسباب وراء ذلك؟
934,"نجحت مركبة الفضاء الروسية ""سويوز"" في نقل طاقم جديد مكون من ثلاثة أفراد إلى محطة الفضاء الدولية بعد رحلة استغرقت ست ساعات."
935,أثارت دموع تيريزا ماي، رئيسة وزراء بريطانيا السابقة، تعاطفا كبيرا في العالم، إذ أظهرت دراسة حديثة أن آراء الناس عن البكاء تؤثر على مدى استعداده للبكاء وعلى حالة الشخص النفسية بعد البكاء.
936,أجرى وزير الدفاع الامريكي تشاك هيغل محادثات مع الرئيس المصري عبد الفتاح السيسي في العاصمة الامريكية واشنطن.
937,"عقد وفدان من الوكالة الدولية للطاقة الذرية والجمهورية الإيرانية اجتماعا ""بناء جدا"" في العاصمة النمساوية فيينا."
938,يواجه المنتخب الجزائري نظيره الانجليزي في الجولة الثانية من منافسات المجموعة الاولى في نهائيات كأس العالم لكرة القدم في جنوب افريقيا.
939,اعلنت حركة المقاومة الاسلامية (حماس) ان اكثر من مئتي فلسطيني اجتازوا الحدود المصرية يوم السبت قادمين من قطاع غزة.
940,اعتقلت السلطات في جنوب افريقيا عشرة مشجعين من الارجنتين كانوا يحاولون دخول البلاد للمشاركة في نهائيات كأس العالم 2014 في البرازيل.
941,حصل لاعب كرة القدم الأسترالي السابق براد سميث على تعويض بقيمة 10 ملايين دولار أمريكي من شركة تأمين خاصة بعد تعرضه لإعاقة في المخ.
942,"خلص تقرير أعدته اللجنة الدولية للتغير المناخي التابعة للأمم المتحدة إلى أن ارتفاع درجة حرارة الأرض ""أقل بكثير"" من درجتين مائويتين فوق مستويات ما قبل العالم الصناعي، بينما تسعى إلى تشديد الهدف إلى 1.5 درجة."
943,"ذكرت صحيفة ""بيلد آم زونتاغ"" الألمانية استنادا إلى تقرير داخلي لوزارة الداخلية أنه من المخطط أن يتلقى أطفال نساء ""داعش"" الألمانيات رعاية من أفراد لعائلتهم ومؤسسات اجتماعية عقب عودتهم إلى ألمانيا."
944,اتهم الرئيس السوري بشار الأسد بعض الدول بتقديم مزيد من السلاح والدعم إلى المجموعات المعارضة، وذلك في إشارة إلى تركيا. يأتي ذلك في وقت حصدت فيه الغارات الجوية، التي يعتقد أن الطائرات الروسية نفذتها اليوم الأحد، أرواح 18 مدنيا.
945,"دعا المتحدث باسم شؤون الدفاع بالكتلة البرلمانية للاتحاد المسيحي الديمقراطي، الذي تنتمي إليه المستشارة ميركل، إلى مواصلة مشاركة سلاح الجو الألماني في التحالف الدولي ضد تنظيم ""داعش"" في سوريا والعراق."
946,أعلن الجيش التركي مقتل جندي في هجوم استهدف نقطة مراقبة في محافظة إدلب شمالي سوريا. يأتي ذلك بعد يوم واحد من إعلان رئاسة هيئة الأركان العامة للجيش بدء إقامة نقطة مراقبة رابعة في منطقة خفض التصعيد في إدلب.
947,كشف تقرير لمنظمة الأمم المتحدة للأغذية والزراعة (الفاو) وبرنامج الغذاء العالمي عن ارتفاع عدد الأشخاص الذين يعانون من سوء التغذية خلال السنوات العشر الماضية ليصل إلى أكثر من 100 مليون شخص.
948,أعلن وزير الخارجية الفرنسي جان-إيف لودريان أن المجلس الأوروبي سيخصص في المقام الأول للمسألة التركية والتوتر في شرق البحر المتوسط، وبخاصة درس فرض عقوبات على أنقرة.
949,قررت إدارة الأغذية والعقاقير الأمريكية تغيير حظر التبرع بالدم للرجال الذين يمارسون الجنس مع رجال آخرين.
950,أعلن الجيش النيجيري أنه أنقذ أكثر من 234 من النساء والأطفال من معسكرات تابعة لجماعة بوكو حرام الإسلامية المتشددة في شمال شرق البلاد.
951,أعلنت الولايات المتحدة أنها ستفرض عقوبات على إيران بسبب برنامجها للصواريخ الباليستية.
952,قال وزير الآثار المصري إن بلاده اكتشفت أدلة أخرى على أن غرفة سرية - يعتقد البعض أنها موقع الدفن الذي لم يعرف بعد للملكة نفرتيتي- ربما تكون موجودة وراء قبر الملك توت عنخ آمون.
953,تعرض القمر لأول خسوف له في عام 2014، وهو أول خسوف كامل للقمر.
954,"تعتبر رياضة لو جونغ ""Lu Jong"" رياضة مستوحاة من حركات بعض الحيوانات كالثيران والصقور والخيول والإوز البري. ورغم أن ممارستها لازالت محدودة، إلا أن الخبراء يؤكدون على أهمية هذه الرياضة في علاج الأمراض."
955,لا يزال هاتف آي فون إكس يتصدر قائمة مبيعات الهواتف الذكية في العالم، إذ تجاوزت مبيعات هذا الهاتف قرابة 250 مليون نسخة حول العالم. فما هي أسباب هذا النجاح الساحق الذي حققته شركة نوكيا قبل سنوات؟
956,قتل خمسة أشخاص على الأقل وأصيب عشرات آخرون في هجوم شنه مسلحون على مبنى مديرية الأمن في مدينة ميدان شار عاصمة مقاطعة ورداك الأفغانية.
957,"قالت وكالة الفضاء الأمريكية ""ناسا"" إن تلسكوبها العملاق ""في إل بي ايه"" قادر على تحديد مكان كوكب زحل بدقة."
958,"أعلن رئيس المفوضية الأوروبية جان كلود يونكر أن الاتحاد الأوروبي سيضاعف مساهماته في قوة مجموعة دول الساحل ""جي5""، متعهدا بمبلغ إضافي قيمته 50 مليون يورو."
959,أعلن الاتحاد الألماني لكرة القدم أنه سيتخذ قراره بشأن الاستعانة بتكنولوجيا خط المرمى في مباريات الدوري الألماني البوندسليغا في آذار مارس المقبل.
960,قال مسؤولون أستراليون إن امرأة توفيت بعد إصابتها بست شظايا من رصاصة أطلقتها الشرطة، أو شظاياها، ارتدت من سطح صلب إلى جسمها.
961,مثل سيب بلاتر رئيس الاتحاد الدولي لكرة القدم الموقوف أمام لجنة القيم التابعة للفيفا للنظر في إمكانية رفع الإيقاف عنه. يأتي ذلك بعد يوم واحد من كشف السلطات السويسرية عن تلقي طلب من الإدعاء الألماني بالبحث عن أدلة تتعلق بحصول ألمانيا على حق استضافة مونديال 2006.
962,قال باحثان أمريكيان في مجال أمن المعلومات إن بعض الأجهزة الطبية، التي تستخدم في المجالات الإدارية متصلة بالإنترنت، تعرضت للاختراق بالفعل.
963,دعت مصر مجلس الأمن الدولي إلى عقد جلسة طارئة لمناقشة تطورات أزمة مسلمي الروهينغا في ميانمار، فيما أعلنت الحائزة على جائزة نوبل للسلام اونغ سان سو تشي خططا لحضور الجمعية العامة للأمم المتحدة في وقت لاحق هذا الشهر.
964,تحطمت طائرة عسكرية امريكية من طراز بوينغ 777 قرب قاعدة عسكرية في فرجينيا، مما اسفر عن مقتل قائدها ومساعده.
965,"توج البريطاني لويس هاميلتون سائق مرسيدس بلقب سباق ""جائزة إيطاليا الكبرى"" ضمن بطولة العالم لسباقات سيارات فورمولا-1 بعد فوزه بالمركز الأول في التجارب الرسمية للسباق الإيطالي محققا فوزه رقم 69."
966,قال الجيش الشعبي لتحرير السودان إن طائرات الهليكوبتر التابعة للقوات المسلحة السودانية هاجمت موقعا عسكريا جنوبي البلاد مما أسفر عن اصابة أربعة جنود واثنين من المدنيين.
967,صادرت الشرطة في أيسلندا أجهزة كمبيوتر كانت تستخدم كخوادم في عمليات إصدار العملات المشفرة.
968,أفادت مصادر امنية وطبية في العاصمة العراقية بمقتل 15 شخصا على الاقل في هجومين انتحاريين استهدفا نقطة تفتيش للجيش والمتطوعين في بلدة جرف الصخر السنية.
969,الجلوس لفترات طويلة يتسبب في مشاكل صحية عديدة، فما هي هذه المخاطر وما هي الحلول البسيطة التي يمكن أن تخفف من هذه المخاطر؟
970,تستعد مدينة كوبلنتس الألمانية لإبطال مفعول قنبلة من مخلفات الحرب العالمية الثانية، في الوقت الذي يستعد فيه عشرات الآلاف من المواطنين للإجلاء غدا الأحد لنفس السبب.
971,تلقى الرئيس الصيني الجديد، شي جين بينغ، رسالة من عشرات الناشطين، يطالبون فيها بإطلاق سراح المنشق الصيني، ليو كسياوبو، الذي حكم عليه بالسجن لمدة 11 سنة بتهمة التحريض على قلب النظام.
972,تأهل فريق الرجاء البيضاوي المغربي لكرة القدم للدور التالي في بطولة كأس العالم للأندية المقامة في المغرب بعد فوزه على فريق أوكلاند سيتي النيوزيلندي بهدف مقابل لاشيء في المباراة التي أقيمت على ملعب مراكش.
973,حذر صندوق النقد الدولي من أن استمرار التوسع في الاستدانة عبر بيع أذون الخزانة والسندات لتغطية عجز الموازنة من شأنه أن يؤثر سلبا على عملية الإقراض الذي يمكن أن توفره البنوك للقطاع الخاص المستثمر.
974,بدأت الحكومة الألمانية مرحلة مواجهة التهديد القادم من العالم الافتراضي، وذلك من خلال إنشاء مركز للدفاع الالكتروني يتبع المكتب الاتحادي الألماني لتقنية الأمن والمعلومات BSI، ويعتبر هذا المركز نواة الاستراتيجية الأمنية لجهاز التوجيه والدفاع.
975,هل ستنجح قوات النظام السوري في استعادة السيطرة على آخر معاقل المعارضة المسلحة في الجنوب؟ وهل ستنجح هذه القوات في إعادة السيطرة على الأرض؟ وما مدى تأثير ذلك على المشهد السياسي والعسكري في سوريا؟
976,تمكنت القوى الأمنية اللبنانية من كشف هوية مجموعة أشخاص يؤلفون أخطر شبكة للاتجار بالنساء في لبنان وتوقيفهم في محلة جونيه. كما اعتقلت طبيبا وممرضة كانا يعملان لصالح الشبكة ويقومان بإجهاض الفتيات.
977,قد تسرع إصابتنا بالشيخوخة، إذ توصلت دراسة حديثة إلى أن الخلايا التائية (المعروفة ب T cells) تلعب دورا أساسيا في ضمان مناعة الجسم لمقاومة مسببات الأمراض التي قد تصيبه. فكيف ذلك؟
978,أكدت الشرطة الألمانية أن التحذير من وجود قنبلة في سوق الكريسماس في مدينة بوتسدام كان بغرض ابتزاز شركة البريد السريع (دي إتش إل DHL) وذلك وفقا للشواهد الأولية التي جمعها المحققون.
979,تدخل الجيش السوري في مدينة القامشلي الواقعة شمال شرقي البلاد بعد اشتباكات عنيفة بين القوات الحكومية ومسلحي المعارضة.
980,يلقي الرئيس الأمريكي جورج بوش اليوم كلمة سيقر فيها بأن تكلفة حرب العراق كانت عالية لكنه ينتظر أن يحذر من انسحاب متسرع للقوات الأمريكية من العراق. بوش متفائل بتحقيق مكاسب في العراق.
981,حذرت دراسة طبية من أن تناول الحوامل مسكنات الألم بصفة منتظمة ولفترات طويلة يعرضن للخطر مستويات هرمون التستوستيرون لدى أولادهم ما يسبب لهم مشاكل تناسلية في مراحل لاحقة من حياتهم.
982,نجح نجم فولفسبورغ كيفين دي بروين في كسر رقم قياسي بتسجيل 21 هدفا في مباريات الدوري الألماني هذا الموسم ليتقاسمه مع نجم بايرن ميونيخ الكبير فرانك ريبيري. ورغم أن ديبروين يملك عقدا حتى عام 2019 إلا أن تألقه جعله محط أنظار أكبر الأندية الألمانية والأوروبية.
983,"حظرت الصين استخدام نظام التشغيل ""ويندوز 8""، وهو أحدث نظام تشغيل أصدرته شركة مايكروسوفت، على أجهزة الحاسوب الجديدة في الحكومة المركزية."
984,قال الرئيس الأمريكي باراك أوباما إنه لا يزال هناك الكثير من العمل الذي يتعين انجازه لإنهاء استخدام الأسلحة الكيمياوية السورية.
985,من المعروف أن لغة الجسد تكشف الكثير من الحقائق عن الكذب، لكن خبراء تحليل لغة الجسد يرون أن هناك بعض المؤشرات التي تكشف عن الكذب في الحياة اليومية من خلال لغة الجسد، فما هي؟
986,أعلن نادي بوروسيا دورتموند الألماني غياب لاعب خط الوسط إلكاي غوندوغان عن بطولة أمم أوروبا (يورو 2016) التي ستقام بفرنسا بسبب إصابته في الركبة خلال التدريبات.
987,"أعلنت مصادر أمنية مصرية مقتل تسعة عناصر ""إرهابية"" في تبادل لإطلاق النار أثناء مداهمة أمنية بمنطقة العجوزة بالجيزة."
988,اتفق وزراء خارجية 11 دولة عربية وغربية في ختام اجتماعهم في العاصمة القطرية الدوحة على تقديم الدعم العسكري والسياسي للمعارضة السورية.
989,"انتقدت وزيرة الخارجية الباكستانية ما وصفته ب""تسريب معلوماتي"" من قبل أجهزة استخبارات باكستانية إلى حركة طالبان في أفغانستان."
990,أظهرت دراسات حديثة أن إهمال الاعتناء بأسنانهم في الحياة اليومية أو يهملون مواعيد تنظيف الأسنان لدى الطبيب المتخصص، يزيد من احتمال التعرض لنوبات قلبية أو جلطات.
991,قرر وزراء خارجية دول الاتحاد الأوروبي تعليق تراخيص تصدير التجهيزات الأمنية والأسلحة إلى مصر، على خلفية الأحداث الدامية التي شهدتها البلاد عقب فض الجيش لاعتصامات مؤيدي تحالف الشرعية بقيادة جماعة الإخوان المسلمين.
992,قال محامي الرئيس التنفيذي لشركة نيسان، كارلوس غصن، إنه كان يتعين على المدعين اليابانيين إثبات إدانة موكله لا أن يثبتوا براءته.
993,قالت حركة الجهاد الاسلامي في قطاع غزة يوم الاحد إن ثلاثة من قادتها قتلوا في غارة جوية اسرائيلية في الاسبوع الماضي.
994,قتل جندي أمريكي في انفجار قنبلة في كابول.
995,بعد خروج فريق باريس سان جيرمان على يد المدرب زين الدين زيدان وكتيبته من دور الستة عشر لنسخة بطولة دوري أبطال أوروبا، من المنتظر أن تشهد نهاية الموسم الجاري زوبعة من التغييرات على جميع المستويات، بدء بالمدرب الإسباني أوناي إيمري.
996,أفرجت السلطات اليمنية عن الرهينة الفرنسية، التي كانت قد اختطفت في مارس آذار الماضي.
997,أوقف الاتحاد الدولي لكرة القدم (الفيفا) المسؤول عن تقييم عروض استضافة بطولتي كأس العالم 2018 و2022 اللتين منحتا إلى روسيا وقطر على التوالي.
998,يبدو أن إبداع نجم برشلونة ليونيل ميسي وتلاعبه بالخصوم قد أصاب أيضا بعض من رفاقه السابقين، الذين لعبوا معه لسنوات طويلة. الدولي الإسباني سيسك فابريغاس استعاد شريط ذكرياته مع صديقه المقرب ليونيل ميسي.
999,اندلعت اشتباكات بين الشرطة ومتظاهرين في العاصمة اليونانية أثينا بعد يوم واحد من بدء إضراب عام احتجاجا على سياسة التقشف التي تنتهجها الحكومة.
