idx,prediction
0,"قالت فرق الإطفاء الفرنسية إنها تمكنت من السيطرة على الحريق الضخم الذي اندلع في كاتدرائية نوتردام التاريخية في باريس، فيما أعلن الرئيس الفرنسي ماكرون أن ""الأسوأ تم تجنبه""، واعداً بإعادة بناء المعلم التاريخي."
1,أفادت مصادر أمنية وطبية في محافظتي الانبار ونينوى العراقيتين بسقوط قذائف هاون على احد مراكز الاقتراع في محافظتي الانبار ونينوى.
2,أعلن الائتلاف الوطني السوري المعارض أن أي حل سياسي للنزاع المستمر منذ 26 شهرا يجب أن يبدأ برحيل الرئيس بشار الأسد، في رفض غير مباشر لدعوة روسيا والولايات المتحدة إلى حوار بين الطرفين المتقاتلين لوضع حد للنزاع.
3,تعادل هانوفر مع ضيفه بايرليفركوزن في ختام الجولة 17 من البوندسليغا، الأخيرة قبل العطلة الشتوية، فيما سقط لايبزيغ وصيف الموسم الماضي أمام هرتا برلين في ختام الجولة 17 من البوندسليغا، قبل العطلة الشتوية.
4,أعلن مدرب ريال مدريد كارلو انشيلوتي أن فريقه يتفاوض مع لاعب الوسط جاريث بيل من توتنهام هوتسبير الانجليزي، فيما تثار تكهنات بأن اللاعب سيحطم الرقم القياسي للانتقالات في عالم كرة القدم.
5,"تحطمت غواصة يتم التحكم فيها عن بعد، عندما كانت تستكشف خندقا في أعماق البحار شمال شرق نيوزيلندا، حسبما ذكر موقع ""ذا ستاف"" الإخباري."
6,قتل نائب في البرلمان الباكستاني في هجوم شنه مسلحون على منزله في إقليم بلوشستان الواقع على الحدود مع أفغانستان.
7,توفي الأديب والكاتب الصحفي المصري أنيس منصور عن عمر ناهز 87 عاماً بعد إصابته بالتهاب رئوي وشرخ بين فقرات الظهر. وقد استوحى منصور من رحلاته الكثير من الأعمال الأدبية، كما استوحى من رحلاته الكثير من الأعمال الأدبية.
8,قالت جبهة بوليساريو إن صاروخا أطلق من أراضيها على منطقة صحراوية في الصحراء الغربية، مما أسفر عن مقتل شخص واحد على الأقل.
9,"قال وزير الداخلية الفرنسي إن السلطات اعتقلت شخصين يشتبه في صلتهما بـ""تنظيم إرهابي"" على الحدود مع الجزائر."
10,دعا الرئيس اليمني السابق علي عبد الله صالح التحالف بقيادة السعودية إلى وقف الهجمات ورفع الحصار عن اليمن لتمهيد الطريق أمام إنهاء الحرب المستمرة منذ قرابة ثلاثة أعوام. يأتي ذلك في وقت تدور فيه اشتباكات بين أنصار صالح والحوثيين.
11,تمكن رجلان من خداع رجلين في الولايات المتحدة، بعد أن خدعا مصراً من المصباح، بحسب تقارير.
12,اتفق زعماء دول آسيا والمحيط الهادي في منتدى التعاون الاقتصادي لدول آسيا والمحيط الهادي على أهداف محددة للحد من الانبعاث المسببة لظاهرة الاحتباس الحراري، إلا أنهم اتفقوا من حيث المبدأ على ضرورة خفض الانبعاث المسببة لهذه الظاهرة.
13,قررت الولايات المتحدة إعادة فتح 18 سفارة من سفاراتها في اليمن واليمن وباكستان بسبب مخاوف من احتمال وقوع هجمات إرهابية، فيما نبهت الإدارة الأمريكية مواطنيها إلى ضرورة تفادي السفر إلى باكستان.
14,في الوقت الذي يواصل فيه فيروس كورونا انتشاره في أرجاء متفرقة حول العالم، يحاول الكثيرون شراء كميات كبيرة من الطعام اعتقادا منهم أنها ستقوي جهاز المناعة لديهم، لكن خبراء التغذية يقدمون مجموعة من النصائح الغذائية في زمن كورونا.
15,أعلنت شركة بي أم دبليو الألمانية لصناعة السيارات أنها ستوقف عمليات سحب السيارات من الأسواق بسبب عيوب في المصابيح الأمامية.
16,حجب موقع التواصل الاجتماعي، فيسبوك، فتاة نمساوية من ولاية بافاريا، بسبب إساءتها استخدام ألفاظ مسيئة في مدونتها.
17,قال رئيس اتحاد أرباب العمل الألماني إن بلاده ستعتمد على هجرة العمالة الأجنبية المتخصصة إليها خلال الأعوام المقبلة، مضيفاً أن توفير الرعاية اللازمة في المستشفيات سيتطلب استقدام أطباء وممرضين مهاجرين.
18,"أعلنت السلطات البلجيكية أنها اعتقلت أربعة أشخاص بعد مداهمة عدة منازل في العاصمة بروكسل، فيما عثرت النيابة العامة على أدلة بأن الرجل الذي فجر قنبلة في محطة للقطارات في بروكسل قبل مقتله، كان متعاطفا مع تنظيم ""داعش""."
19,قالت القوات الأمنية العراقية إنها تمكنت من صد هجومين استهدفا مقر اللواء 17 في الشرطة الاتحادية في منطقة الثرثار في محافظة صلاح الدين، شمالي العراق.
20,حقق بوروسيا مونشنغلادباخ فوزاً ساحقاً على بايرن ميونيخ في الجولة الرابعة عشر من الدوري الألماني لكرة القدم (بوندسليغا)، فيما حقق دورتموند فوزاً ساحقاً على دوسلدورف بخمسة أهداف نظيفة.
21,قتل مسلحون 20 جنديا عراقيا على الأقل في هجوم على قاعدة عسكرية في محافظة نينوى شمالي العراق.
22,بدأ الناخبون في نيجيريا الادلاء بأصواتهم في الانتخابات الرئاسية التي تجرى الأحد.
23,يشارك نحو 6500 شركة من 65 دولة من 65 دولة في معرض هانوفر الدولي للتكنولوجيا هذا العام، الذي يعد أكبر معرض دولي في مجال تكنولوجيا الطاقة الشمسية في العالم. المعرض يسلط الضوء على ابتكارات تقنية جديدة لزيادة كفاءة إنتاج الطاقة.
24,"اتهم رئيس المفوضية الأوروبية الحكومة اليونانية بمحاولة ""إذلال"" الشعب اليوناني، وذلك بعد إتهامه إياها برفض تقديم إعفاءات من الديون."
25,"في خطوة مثيرة للجدل انتخبت فنزويلا من بين 14 عضواً جديداً لعضوية مجلس حقوق الإنسان التابع للأمم المتحدة، في خطوة أثارت جدلاً دولياً. واشنطن اعتبرت الانتخابات ""أحراجاً للأمم المتحدة ومأساة للشعب الفنزويلي""."
26,تنطلق اليوم الثلاثاء في العاصمة السعودية الرياض أعمال قمة مجلس التعاون لدول الخليج، وسط ترقب لما ستسفر عنه الجهود المبذولة لإنهاء الخلاف مع قطر.
27,أعلن رئيس الوزراء الماليزي نجيب عبد الرزاق أن الطائرة الماليزية المفقودة أنهت رحلتها في جنوب المحيط الهادي، موضحاً أن موقعها الأخير كان في وسط المحيط الهندي غرب بيرث (الاسترالية).
28,أظهرت النتائج الرسمية لانتخابات برلمان ولاية بافاريا الألمانية أن الحزب المسيحي الاجتماعي البافاري الحاكم والحزب الاشتراكي الديمقراطي هما أبرز الخاسرين في الانتخابات، فيما دعا الأمين العام للحزب إلى التركيز على انتخابات ولاية هيسن.
29,في أول زيارة له للخارج بصفته رئيسا للمجلس العسكري الانتقالي، توجه الفريق أول عبدالفتاح برهان إلى القاهرة ليلتقي الرئيس المصري عبدالفتاح السيسي. الزيارة تأتي قبل أيام من إضراب عام دعا إليه قادة الاحتجاجات في السودان.
30,وصلت الناشطة الصحراوية أمينتو حيدر إلى مطار مدينة العيون المغربية على متن طائرة قادمة من جزيرة لانثاروتي الإسبانية، حيث كانت مضربة عن الطعام منذ أكثر من شهر، فيما رحب الرئيس الفرنسي بقرار السلطات المغربية.
31,"ذكرت مجلة ""دير شبيغل"" الألمانية أن ألمانيا تريد حماية الجنود الألمان خلال مهمتهم في الأردن عبر حصانة تامة من الملاحقة الجنائية، وذلك بعد أن رفضت تركيا زيارة وفد من لجنة الدفاع بالبرلمان الألماني لجنود الجيش الألماني."
32,قال الرئيس الأمريكي جو بايدن إنه يعتزم إصدار بيان بشأن مقتل الصحفي السعودي جمال خاشقجي في قنصلية بلاده في إسطنبول في أكتوبر/تشرين الأول الماضي.
33,تعتبر أشجار البامبو (الخيزران) من أنسب أنواع الأشجار المستخدمة بغرض إعادة تشجير الغابات المطرية بزرع أشجار البامبو (الخيزران) من أنسب أنواع الأشجار المستخدمة لإعادة تشجير الغابات.
34,"تعتبر وجبة ""المول تاشن"" من الوجبات المفضلة لدى الكثير من الناس في ألمانيا، إذ تعتبر من الوجبات المفضلة لدى الكثيرين. ولكن ما هي هذه الوجبة؟ وما هي الوصفة الأصلية لتحضيرها؟"
35,"منحت المفوضية الأوروبية مدينة هامبورغ لقب ""عاصمة أوروبا البيئية""، وهو اللقب الذي يطمح إليه أكثر من نصف سكان العالم. لكن ما الذي يجب فعله لجعل المدينة الخضراء أكثر ملائمة للحياة اليومية للناس؟"
36,أفادت وسائل إعلام سورية بأن اشتباكات عنيفة تدور حول قاعدة المسطومة العسكرية في محافظة إدلب شمال غربي سوريا.
37,منحت جائزة نوبل للطب لعام 2009 للبريطاني روبرت ادواردز، مبتكر تقنية التخصيب الاصطناعي، جائزة نوبل للفيزياء والكيمياء والآداب والاقتصاد في ستوكهولم. وقد تكون الشاعرة الجزائرية آسيا جبار مرشحة للفوز بالجائزة.
38,خلصت دراسة دولية إلى أن النشاط الجسماني يطيل العمر ويحد من الأمراض سواء كان بارتياد صالات الألعاب الرياضية أو السير إلى العمل أو إنجاز الأعباء المنزلية اليومية كغسل الملابس أو الاعتناء بالحدائق.
39,"توصلت دراسة حديثة إلى أن تناول عنصر الزنك مع بعض الأطعمة، مثل القهوة والشوكولاتة والشاي، يحمي من الإصابة بـ""الإجهاد التأكسدي""، المسؤول جزئياً عن الشيخوخة وانخفاض متوسط العمر. فكيف ذلك؟"
40,قتل اربعة عسكريين اتراك في هجوم شنه مسلحو حزب العمال الكردستاني على دورية عسكرية في ولاية فان جنوب شرقي تركيا.
41,بدأت في مدينة أمبرغ الألمانية محاكمة أربعة لاجئين بتهمة الاعتداء على عدد من المارة عشوائيا قبل أربعة أشهر. وكان الادعاء العام قد ذكر أن الدافع وراء الجريمة ربما يكون خليطاً من الملل وتناول الكحول وديناميكية الجماعة بصرف النظر عن منشأ المتهمين.
42,توفيت الممثلة الأمريكية، إيلون فونتين، بعد صراع طويل مع مرض السرطان.
43,"وافق مجلس الولايات الألماني ""البوندسرات"" على اتفاقية تبادل المعلومات الحساسة بين ألمانيا والولايات المتحدة والخاصة بالأشخاص المشتبه في صلتهم بالإرهاب. وطالب المجلس بوضع تعريف محدد ""للجرائم الخطيرة و""الإرهابية""."
44,بعد محاولتهم عبور الحدود اليونانية المقدونية، أوقف الجيش المقدوني مئات المهاجرين القادمين من مخيم إيدوميني اليوناني. وحسب مراسل فرانس برس فإن هؤلاء تمكنوا من الوصول إلى آخر الشريط الشائك الذي أقامته مقدونيا.
45,دعا رئيس مؤتمر الأساقفة الألمان الكاردينال راينهارد ماركس إلى التمييز بين الإرهاب والإسلام، فيما دعا أسقف الأقباط الأرثوذكس في الأردن إلى عدم الرد على الاعتداءات الإرهابية بالكراهية.
46,أعلن رئيس المجلس الاستشاري لنادي بايرن ميونيخ الألماني لكرة القدم، أولي هونيس، استقالته من منصبه كرئيس للمجلس الاستشاري للنادي. هونيس كان قد حكم عليه بالسجن ثلاث سنوات ونصف السنة لتهربه من دفع ضرائب قدرت بحوالي 27 مليون يورو.
47,"أكدت الولايات المتحدة على أهمية مواصلة مهمة الجيش الألماني في مكافحة تنظيم ""الدولة الإسلامية"". يأتي ذلك خلال زيارة وزير الخارجية الألماني إلى الأردن وتفقد قوات بلاده في قاعدة الأزرق الجوية."
48,لأول مرة في تاريخها تنتج شركة كوكاكولا مشروب يحتوي على الكحول. ويعتبر هذا المشروب الجديد فريداً من نوعه في تاريخ الشركة.
49,قال مفوض حقوق الانسان في هيئة الاذاعة البريطانية بي بي سي انه لا يوجد دليل على ان المذيع التلفزيوني البريطاني الشهير جيم سافيل قد ارتكب انتهاكات جنسية.
50,أعربت رئيسة صندوق النقد الدولي كريستين لاغارد عن تأييدها منح اليونان مهلة اضافية لتنفيذ برنامج خفض العجز في موازنتها العامة.
51,ارتفع عدد القتلى في المعارك الدائرة بين القوات الأفغانية ومسلحي طالبان إلى أعلى معدلاته منذ بدء الأمم المتحدة تسجيل الضحايا عام 2014.
52,بدأت في العاصمة الصينية بكين محاكمة السياسي الصيني الطموح، بو شيلاي، المتهم بتسلم رشى من رجال اعمال.
53,طالبت خمس دول دائمة العضوية في مجلس الأمن الدولي الحكومة السودانية بالاستماع الى شكاوى النازحين في دارفور.
54,اعلنت الولايات المتحدة انها خصصت مكافأة مالية قدرها 5 ملايين دولار لمن يدلي بمعلومات تفضي الى القاء القبض على قادة شبكة حقاني المرتبطة بتنظيم القاعدة.
55,"قتل أربعة أشخاص على الأقل وأصيب 20 آخرون في انفجار ضخم وقع في الضاحية الجنوبية في بيروت، وفق ما أفاد مصدر أمني، فيما تبنت ""جبهة النصرة في لبنان"" العملية قائلة إنها جاءت رداً على مقتل ثمانية أشخاص الأسبوع الماضي في قصف سوري."
56,قبل ساعات من ظهوره بشكل مفاجئ في موكب سيارات لتحية مؤيديه أمام المستشفى الذي يعالج فيه من مرض كوفيد-19، طالب أطباء الرئيس الأمريكي دونالد ترامب بعزل نفسه لمدة 14 يوما، وذلك قبل ساعات من ظهوره بشكل مفاجئ في موكب سيارات.
57,كشفت شركة مايكروسوفت عن حزمة تحديث مهمة لبرنامج إكسبلورر، الذي تنوي طرحه في الأسواق الشهر المقبل، بهدف التصدي لهجمات القراصنة على مستخدمي الكمبيوتر.
58,قال الجيش الإسرائيلي إنه أطلق أعيرة تحذيرية على قذيفة هاون سقطت بالقرب من قاعدة للجيش في هضبة الجولان المحتلة.
59,دخل حارس المرمى الشاب جيانلويجي دوناروما عالم كرة القدم من بوابة نادي ميلان الإيطالي. الدولي الفرنسي دخل عالم كرة القدم من بوابة نادي ميلان بعد أن كان يستعد لتمديد عقده مع ميلان الإيطالي.
60,أعلنت المفوضية العليا للاجئين التابعة للأمم المتحدة أن أكثر من مليون مهاجر ولاجئ دخلوا اليونان منذ مطلع العام الجاري، غالبيتهم لاجئون من سوريا والعراق وأفغانستان.
61,"أعلن وزير المالية السعودي محمد الجدعان أن بلاده ستساهم في تمويل الأوامر الملكية الخاصة بمكافحة الفساد، وتوقع أن يكون عام 2018 ""فارقا وإيجابيا"" خاصة على صعيد الاقتصاد غير النفطي."
62,قتل شخصان على الأقل وأصيب أربعة آخرون جراء سقوط قذائف مورتر بالقرب من معسكر للمحتجين في تعز، يأتي هذا فيما غادر مبعوث الأمم المتحدة اليمن دون التوصل إلى اتفاق بشأن الأزمة في الدولة التي يطالب فيها محتجون بتنحي الرئيس.
63,"أطلقت مجموعة ""جنرال موتورز"" أكبر منتج سيارات في الولايات المتحدة، تطبيقا جديدا يتيح للسائق شراء أي شيء يريده سواء كان طعاما أو وقودا أو حجز غرفة في فندق دون أن يغادر السيارة."
64,يتوجه عشرات الآلاف من أعضاء حزب كاديما الحاكم في إسرائيل اليوم إلى مراكز الاقتراع لاختيار زعيم جديد للحزب خلفاً لرئيس الوزراء إيهود أولمرت الذي أعلن أنه سيتنحى عن زعامة الحزب.
65,أعلنت وزارة الصحة المصرية أنها خالية تماما من أي إصابات بفيروس كورونا في البلاد، وذلك بعد ساعات من إعلان منظمة الصحة العالمية عن اكتشاف سبع حالات إصابة جديدة بالفيروس في مصر.
66,"دعا الأمين العام للأمم المتحدة أنطونيو غوتيريش من العراق إلى تضامن دولي أوسع مع أهالي الموصل الذين عانوا لسنوات تحت حكم ""داعش"" وأشهرا من ويلات المعارك."
67,حقق المنتخب الألماني لكرة القدم فوزاً ساحقاً على نظيره الإماراتي بسبعة أهداف لهدفين في مباراة ودية أُقيمت على ملعب آل مكتوم في دبي. الفوز جاء بعد أيام قليلة من الأداء المخيب الذي قدمه الألمان أمام الصين.
68,"في أول تجربة أمومة لها، التهمت لبؤة ""كيغالي"" صغيريها بالكامل البالغ عمرهما بضعة أيام، وذلك في أول تجربة أمومة لها."
69,حذرت دراسة علمية جديدة من أن القطط البرية الكبيرة المهددة بالانقراض تواجه تهديدا مستمرا حتى لو لم تنقرض بعد نهاية العصر الجليدي الأخير.
70,في رحلة لوفتهانزا الخاصة، التي حملت بايرن ميونيخ إلى اسكتلندا لملاقاة سيلتيك غلاسغو في دوري أبطال أوروبا، يأمل مانويل فينتسهايمر أن يشركه المدرب يوب هاينكس في مركز قلب الهجوم.
71,في الوقت الذي تكافح فيه المرأة من أجل تحقيق طموحها في الحصول على لقمة العيش من خلال قوارب صغيرة، تكافح شريفة من أجل تحقيق طموحها.
72,تعمل شركات صناعة المواد الكيميائية على تطوير بطاريات السيارات الكهربائية، التي تتميز بأداءها المتميز ومتانة عوائلها الداخلية والخارجية، ما يجعلها أكثر أماناً.
73,رغم الآمال الكبيرة التي تحدو كل من جورجيا وأوكرانيا للحصول على عضوية حلف شمال الأطلسي (ناتو)، إلا أن وزراء خارجية الدول الأعضاء في الحلف لن يقدموا عرضاً سريعاً لمنح الدولتين الشيوعيتين السابقتين العضوية.
74,قصفت طائرات التحالف الذي تقوده السعودية مواقع لمقاتلين موالين للرئيس اليمني السابق علي عبد الله صالح في مدينة عدن جنوبي اليمن، مما أسفر عن مقتل 12 شخصا.
75,"قال أحمد أحمد، رئيس المجلس الأعلى لتنظيم الإعلام في مصر، إن السلطات المصرية حجبت عددا من المواقع الإخبارية، من بينها موقع بي بي سي وقناة ""الحرة"" الأمريكية."
76,كشفت مجلة دير شبيغل الألمانية أن المستشار الألماني كول اقترح خفض عدد المهاجرين الأتراك في ألمانيا بنسبة 50 في المئة.
77,هاجم مسلحون يشتبه في انتمائهم لجماعة بوكو حرام قاعدة عسكرية للجيش النيجيري في ولاية بورنو شمال شرقي البلاد.
78,"بحث ولي ولي ولي العهد السعودي الأمير محمد بن سلمان مع رئيس هيئة الأركان العامة اليمنية اللواء الركن محمد علي المقدشي جهود ""تحرير"" مدينة عدن من مقاتلي ""أنصار الله""، أو الحوثيين، أو أنصار الرئيس المخلوع علي عبد الله صالح."
79,"أكد مستشار ولي ولي العهد السعودي، الأمير محمد بن سلمان، أن اللقاء الذي جمع الرئيس الأمريكي، دونالد ترامب، وولي ولي ولي العهد السعودي، الأمير محمد بن سلمان، كان ""نقلة كبيرة للعلاقات بين البلدين""."
80,"وقع الرئيس الأمريكي دونالد ترامب اتفاقاً مع شركة بوينغ لشراء طائرتين جديدتين من طراز ""Air Force One""، بتكلفة تقدر بـ 3.9 مليار دولار، لتحل محل الطائرة الحالية التي كانت في الخدمة منذ أكثر من نصف قرن."
81,"أظهرت دراسة بريطانية حديثة أن ركلات الجنين داخل رحم الأم، قد تسمح له بتشكيل ""خريطة جسدية"" لنفسه، وتمكينه في النهاية من استكشاف البيئة المحيطة به."
82,اعلنت وزارة الدفاع الاسرائيلية ان اسرائيل اختبرت بنجاح نظام اعتراض صاروخي جديد قادر على اعتراض الصواريخ القادمة من ايران.
83,أظهرت دراسة سويدية حديثة أن برودة الطقس قد تزيد من خطر الإصابة بأزمة قلبية، وذلك استنادا إلى بيانات طبية ومعلومات عن الطقس خلال فترة تزيد عن 15 عاما.
84,"اهتمت الصحف البريطانية في نسخها الورقية والرقمية بعدد من الموضوعات التي تهم القارئ العربي، من بينها ""تفويت تحذيرات بشأن ""قنبلة عائمة"" في مرفأ بيروت بعد تفويت تحذيرات بشأن ""قنبلة عائمة"" و""إخفاق الحكومة اللبنانية في التعامل مع المخزونات المتفجرة""."
85,أفادت مصادر قبلية يمنية لبي بي سي بأن آلاف الأسر بدأت النزوح من مدينة حوث بمحافظة عمران شمالي اليمن بعد سيطرة الحوثيين عليها.
86,أبرمت شركة فيسبوك، المالكة لموقع التواصل الاجتماعي الشهير، فيسبوك، صفقة استحواذ بقيمة 12 مليار دولار مع شركة أخرى في مجال التكنولوجيا.
87,أعرب واين روني لاعب مانشستر يونايتد الإنجليزي عن رغبته في أن يرى العالم ما يمكنه تقديمه له في بطولة كأس العالم القادمة بالبرازيل.
88,اعترفت شركة صناعة السيارات الألمانية أودي بأن بعض المحركات التي تصنعها تحتوي على برمجيات تعتبر غير قانونية في الولايات المتحدة الأمريكية، نافية في الوقت نفسه أن تكون تلك البرامج مرتبطة بفضيحة التلاعب بنسب الانبعاثات.
89,تسببت الأمطار الغزيرة التي هطلت على قطاع غزة خلال الأيام القليلة الماضية في حالة من الفوضى والانفجارات.
90,أعلن مصدر أمني عراقي عن مقتل قائد الفرقة السابعة بالجيش العراقي وخمسة من كبار ضباط الجيش في هجمات متفرقة في محافظة الأنبار.
91,"لم تكن النساء وحدهن بطلات ""الأسباب الغريبة"" لقطع العلاقات العاطفية ، إذ ذكرت تقارير صحفية أنّ عدم حب شابة صغيرة للمغني ايمينيم هو السبب وراء ذلك."
92,توقع مدرب بايرن ميونيخ الألماني لكرة القدم توماس هاينكيس أن يلحق مهاجم بوروسيا دورتموند روبرت ليفاندوفسكي بزميله ماريو غوتسه الذي انتقل رسميا إلى النادي البافاري مقابل 40 مليون يورو.
93,قالت منظمة الصحة العالمية إن السلالة الجديدة من فيروس كورونا، التي اكتشفت العام الماضي في الهند، يمكن أن تنتقل بسهولة أكثر من غيرها.
94,حذر رئيس المخابرات الداخلية الألمانية من أن المتطرفين قد يستغلون وضع الهجرة الذي يتسم بالفوضى أحياناً. جاء ذلك عقب الهجمات الدامية التي وقعت في باريس وخلفت 129 قتيلاً.
95,مدرسة إسبانية تبتكر طريقة سهلة لإيصال المعلومة لطلابها الصغار، من خلال ارتداء بذلة ملتصقة بالجسم، طُبعت عليها جميع أعضاء الجسم الداخلية بأدق تفاصيلها.
96,قال وزير الخارجية الأمريكي جون كيري إن حكومة التوافق الفلسطينية الجديدة التي يترأسها رئيس الوزراء رامي الحمدالله ستؤدي اليمين القانونية أمام الرئيس الفلسطيني محمود عباس. ودعا كيري إسرائيل إلى عدم التسرع في الاعتراف بالحكومة الجديدة.
97,"قال رئيس الوزراء العراقي نوري المالكي الاربعاء إن على زعماء العشائر في الفلوجة أن يجبروا جماعة ""الدولة الاسلامية في العراق وبلاد الشام"" على الانسحاب من المدينة."
98,"شن الرئيس التركي رجب طيب أردوغان هجوما عنيفا على قطر ووصفه بأنه ""لا إنساني ومخالف للتعاليم الإسلامية""، فيما أعلن المغرب إرسال طائرات محملة بمواد غذائية إلى الدوحة."
99,أظهرت دراسة بريطانية قدرة فيروس كورونا على الانتقال للجنين، إذ يمكن أن يصيب الجهاز التنفسي فقط، بل ويمكن أن يصيب أعضاء أخرى في الجسم، بما في ذلك الأعضاء التناسلية، بما في ذلك الخصوبة والعقم.
100,قال الجيش الصومالي إنه تمكن من تحرير أربعة عمال إغاثة كانوا قد اختطفوا في مخيم داداب للاجئين في كينيا.
101,صوت البرلمان الليبي لصالح وقف المشاركة في الحوار الوطني الذي ترعاه الأمم المتحدة لحل الأزمة السياسية في البلاد.
102,أفاد ناشطون سوريون معارضون بمقتل خمسة أشخاص في غارات جوية شنتها طائرات تابعة لتنظيم القاعدة على مواقع لقوات معارضة تدعمها الولايات المتحدة.
103,قال السفير المصري لدى الأمم المتحدة نبيل عبد العاطي المتحدث باسم الخارجية المصرية إن القمة العربية المقبلة ستناقش فكرة إنشاء قوة انتشار سريع عربية في المنطقة.
104,لا شك في أن تناول الشوكولاته قد يكون له تأثير إيجابي على الصحة النفسية للإنسان. لكن دراسة حديثة أثبتت وجود علاقة مباشرة بين الشوكولاته وبين السعادة. فما هي هذه العلاقة؟
105,ناقشت صحف عربية بنسختيها الورقية والإلكترونية التطورات الأخيرة في محافظة إدلب السورية، بعد التقدم الكبير الذي حققه الجيش السوري مدعوماً بالطائرات الروسية في محيطها.
106,تعرضت عائلات موظفي بي بي سي في إيران للتهديد من قبل السلطات الإيرانية، بحسب ما ذكره مسؤولون في القسم الفارسي في بي بي سي.
107,التدخين السلبي ليس مسألة مزعجة فحسب، بل قد يؤدي أيضا إلى أمراض خطيرة، منها سرطان الرئة ومعظم الأمراض التي يعاني منها المدخنون. دراسة حديثة رصدت التغير الذي يحدث في الهواء عند التدخين.
108,"حذرت هيئة استشارية وطنية للأمن البيولوجي من أن نشر معلومات عن فيروس الإنفلونزا ""إتش5 إن1"" في المطبوعات القادمة سيضر بالصحة العامة."
109,خرج مئات الآلاف من المتظاهرين إلى شوارع الجزائر العاصمة في أول يوم جمعة بعد استقالة الرئيس عبد العزيز بوتفليقة، في حين أفادت تقارير بإقالة مدير المخابرات في علامة أخرى على حدة الاضطرابات.
110,"نجحت الصين ولأول مرة في استخراج ""جليد قابل للاحتراق""، وهو أحد مصادر الطاقة المختزنة في أعماق البحار ويعتبر مصدرا واعدا لاستخراج الغاز الطبيعي. لكن خبراء يحذرون من أن هذا الاكتشاف يتعارض مع هدف دعم الطاقات المتجددة بسرعة."
111,"أعلن المنتج المصري محمد علي أنه تم تقديم شخصية فرعونية في مسلسل تلفزيوني جديد يحمل عنوان ""كفاش الثراء""، مشيرا إلى أن المسلسل يهدف إلى تحقيق مصالح الآخرين من شخصيات سياسية ورجال أعمال وتجار وغيرهم."
112,تبدأ في الخامس من تشرين الثاني/نوفمبر المقبل محاكمة 30 اسلاميا من الامارات ومصر بتهمة الانتماء إلى جماعة الاخوان المسلمين المحظورة في الإمارات العربية المتحدة.
113,يدلي الناخبون في بريطانيا بأصواتهم في استفتاء تاريخي حول الخروج من الاتحاد الأوروبي، وذلك في اليوم الأول من الاستفتاء على عضوية بريطانيا في الاتحاد.
114,"توصلت القوات السورية ومسلحو تنظيم ""الدولة الإسلامية"" إلى اتفاق لوقف إطلاق النار في مدينة الحسكة، شمال شرقي سوريا."
115,مدد الجيش اليمني المهلة التي منحها لمسلحي تنظيم القاعدة لمغادرة منطقة الحوطة في محافظة أبين جنوبي البلاد.
116,"حذرت منظمات إغاثة دولية من أن المدنيين في الفلوجة يواجهون خطر المجاعة إذا لم يتمكنوا من الفرار من المدينة المحاصرة من تنظيم ""الدولة الإسلامية""."
117,"قالت اللجنة الأمنية بإمارة منطقة عسير جنوب غرب السعودية إن ""عمليات ملاحقة المشتبه بهم تتم وفق آلية مخطط لها من أمير المنطقة""، فيما ندد منتدى الخليج للمجتمعات المدنية ببناء الجدار الأمني على الحدود مع اليمن."
118,"أدانت واشنطن الهجوم الذي تعرض له سفيرها في دمشق واعتبرته ""غير مبرر""، داعية مجلس الشيوخ إلى تأكيد تعيينه بما يسمح له بمواصلة مهمته ""الشجاعة""، فيما وصف البيت الأبيض الهجوم بأنه جزء من حملة تخويف تستهدف دبلوماسيين لدول أخرى."
119,كشف وزير الداخلية الألماني عن شبكة من المشتبه بهم الذين اعتقلوا في وقت سابق ونسبت إليهم تهمة التخطيط لتنفيذ تفجيرات إرهابية في ألمانيا، قد تكون ممتدة لسوريا ودول أخرى في أوروبا.
120,يعد الكمون من الأطعمة المحببة لدى الكثيرين، نظراً لما له من فوائد صحية على جسم الإنسان، كما أنه يساعد على التخلص من السموم المعوية، كما أنه يساعد على التخلص من السموم المعوية.
121,قالت وكالة الأنباء الكورية الشمالية الرسمية إن كوريا الشمالية أجرت تجربة لإطلاق صاروخ باليستي نحو اليابان.
122,أطلقت مجموعة من الناشطين السوريين حملة تطالب العالم بالمساعدة على وقف البراميل المتفجرة التي يلقيها النظام السوري فوق مناطق مختلفة وتشجيع محادثات سلام، كوسيلة وحيدة لوقف التطرف الذي أفرزته الأزمة السورية.
123,أعلن الاتحاد الدولي لكرة القدم (الفيفا) قائمة باسماء اللاعبين الذين سيشاركون في نهائيات كأس العالم في البرازيل العام المقبل.
124,شهدت الجولة 21 من الدوري الألماني لكرة القدم (بوندسليغا) أكبر عدد من ركلات الجزاء المهدرة في الموسم الحالي، حيث أهدر لاعبو البوندسليغا 18 ركلة جزاء من بين 53 ركلة سجلها لاعبو البوندسليغا هذا الموسم.
125,مع اقتراب فصل الصيف وانتهاء موسم الدراسة في مختلف الدول، تنظم المؤسسات التعليمية والترفيهية العديد من الفعاليات التي تجمع الآباء والأمهات لقضاء أوقات ممتعة ومفيدة للأطفال.
126,دعت رئيسة المفوضية الأوروبية فرنسا إلى إجراء مراجعة بشأن سياسة الهجرة بعد تصويت البريطانيين لصالح الخروج من الاتحاد الأوروبي.
127,بعد طردهم من الأراضي السعودية خلال الستة أشهر الماضية، وصل عدد المبعدين عن الأراضي اليمنية إلى أكثر من 400 ألف مهاجر غير شرعي، معظمهم من جنسيات غير يمنية. DW عربية تحدثت مع عدد منهم.
128,أصبحت شركة الخطوط الجوية القطرية الراعي الجديد لنادي بايرن ميونيخ الألماني لكرة القدم، الشريك التجاري الأول للنادي، وذلك بعد أن كانت متعاقدة مع البافاري لستة عشر سنة كاملة.
129,وقع الرئيس البولندي، أندريه دودا، قانونا يجرم اتهام بولندا بالتواطؤ في الجرائم النازية التي ارتكبت إبان الحرب العالمية الثانية.
130,بدأ الرئيس الأمريكي باراك أوباما التحضير لتسلم مهامه الجديدة في 20 كانون ثان/ يناير 2009، وذلك بعد فوزه التاريخي في الانتخابات الأمريكية. أوباما بدأ التحضير لتسلم منصبه الجديد في 20 كانون ثان/ يناير 2009.
131,"أكدت رئيسة الوزراء البريطانية أن عملية الدهس التي قام بها سائق شاحنة صغيرة بالقرب من مسجد في شمال لندن تعالج على أنها ""هجوم إرهابي محتمل"". وقالت تيريزا ماي إن العملية تعالج على أنها ""هجوم إرهابي محتمل""."
132,"أفادت وكالة الأنباء الرسمية الإيرانية بمقتل عنصران من الحرس الثوري الإيراني كانا منتشرين في العراق كمستشارين في الحرب ضد تنظيم ""الدولة الإسلامية"" بضربة من طائرة أميركية بدون طيار."
133,أصبح الرئيس الأمريكي باراك أوباما أول رئيس خُصص له حساب على موقع تويتر للتواصل مع متابعيه من عامة الشعب في أمريكا وفي أنحاء مختلفة من العالم. فما هي أبرز هذه التغريدات؟
134,"قالت هيلاري كلينتون، مرشحة الحزب الديمقراطي لخوض الانتخابات الرئاسية الامريكية، في بيان نشرته على صفحتها على موقع التواصل الاجتماعي تويتر، إنها ""انتقدت بشدة"" المرشح الجمهوري دونالد ترامب، واصفة إياه بـ ""سلة البائسين."""
135,"أكد رئيس المجلس الأوروبي هيرمان فان رومبوي أن الاتحاد الأوروبي لا يسعى إلى توسيع نفوذه في أوكرانيا، فيما دعا الرئيس الروسي بوتين إلى احترام ""تعهده"" الاستمرار في نقل ""إمدادات"" الغاز إلى أوروبا."
136,دعا قادة الدول الإسلامية في ختام قمة منظمة التعاون الإسلامي في القاهرة إلى إجراء حوار جاد بين الحكومة والمعارضة في سوريا حول نقل سلمي للسلطة. كما أعلنوا تأييدهم لنشر قوة عسكرية دولية في مالي بقيادة إفريقية.
137,انخفض الجنيه الاسترليني بمقدار نصف سنت ليصل إلى 1.6093 مقابل الدولار الأمريكي ليصل إلى 1.6093 مقابل الدولار الأمريكي.
138,قالت منظمة العفو الدولية (أمنستي انترناشنال) إن صورا التقطتها الأقمار الاصطناعية تظهر أن مسلحي جماعة بوكو حرام الإسلامية المتشددة دمرت مئات المنازل في مدينتي باغا، ودورون باغا، شمال شرقي نيجيريا.
139,بعد تعرضها لحادثة دهس جعلتها طريحة الفراش في المستشفى لسنتين متواصلتين، تمكنت اللبنانية مي من تحقيق حلمها بإنشاء مارثون في لبنان.
140,كشف خبير ألماني في الأسلحة أن الهجمات التي استهدفت موقعين لشركة آرامكو السعودية الأسبوع الماضي تمت بأسلحة إيرانية الصنع على الأرجح وبدرجة عالية من الثقة. الخبير كشف أيضا كل الصور والأدلة التي قدمتها السعودية بعد الهجمات.
141,قال الرئيس التركي رجب طيب اردوغان إن بلاده لن تسمح بقيام كيان كردي على حدودها الجنوبية مع سوريا اذا اقتضت الضرورة.
142,أظهرت نتائج الانتخابات البرلمانية الأخيرة في ألمانيا تفوق الناخبين المسنين في السن على غيرهم من الناخبين الشباب. ورغم ذلك لا يزال الناخبون المسنون هم الفاعل الحاسم في هذه الانتخابات، كما يرى خبير ألماني.
143,"قالت الشرطة الألمانية إنها داهمت منزل شقيقين سوريين على صلة بتنظيم ""الدولة الإسلامية"" للاشتباه في تخطيطهما لشن هجوم. ولم يقدم المدعون المزيد من المعلومات عن طبيعة الجريمة التي يشتبه بأن الشقيقين كانا يعدان لارتكابها."
144,"أعلنت وزارة الداخلية المصرية عن استهداف ""وكرين إرهابيين"" بمحافظتي القاهرة والفيوم، ما أسفر عن مقتل 15 شخصاً، في أول حادث من نوعه منذ بدء الحرب على الإرهاب التي أعلنتها الدولة المصرية منذ فترة."
145,تسعى دول الخليج العربية والأردن إلى أن يضع مجلس الأمن التابع للأمم المتحدة نجل الرئيس اليمني السابق علي عبد الله صالح وزعيم الحوثيين على القائمة السوداء لحظر الأسلحة على الحوثيين.
146,خلصت دراسة حديثة إلى أن استخدام الأجهزة التي تعمل باللمس، مثل الهواتف الذكية والحواسيب اللوحية، وأجهزة الكمبيوتر اللوحية التي تعمل باللمس، قد يؤدي إلى انخفاض فترة نوم الأطفال.
147,"انتقد النجم الأرجنتيني ليونيل ميسي المدير الرياضي لفريق برشلونة إريك ابيدال، قائلا إن ""الكثير من اللاعبين لم يكونوا راضين"" عن مدرب الفريق إريك ابيدال، الذي أقيل وعُيِّن بدلا منه كيكي سيتيين."
148,"وافق البرلمان الألماني بأغلبية ضئيلة على تمديد مهمة طائرات الاستطلاع الألمانية ""تورنادو"" وطائرت التزويد بالوقود عبر الجو العاملة في سوريا حتى نهاية آذار/ مارس المقبل."
149,أكد رئيس الوزراء البريطاني، ديفيد كاميرون، أن وزير المالية، جورج اوزبورن، لن يغادر منصبه.
150,أكد وزير الخارجية الفلسطيني رياض المالكي أن واشنطن لم تجدد أوراق عمل مكتب منظمة التحرير الفلسطينية في واشنطن في الوقت المحدد، فيما حذرت الرئاسة الفلسطينية من أن إغلاق المكتب سيترتب عليه عواقب خطيرة.
151,"دعا الأمين العام للأمم المتحدة أنطونيو غوتيريش إلى إجراء تحقيق ""ذي مصداقية"" في جريمة قتل الصحافي السعودي جمال خاشقجي داخل قنصلية بلاده في اسطنبول."
152,"طالب المؤتمر الوطني العام (البرلمان) الليبي الحكومة الأمريكية بتسليم المواطن الليبي المختطف نزيه الرقيعي فورا، فيما قال رئيس الوزراء الليبي علي زيدان إن عملية ""اختطاف"" أبو أنس الليبي هي عمل قانوني."
153,قتل 22 جنديا تركيا على الأقل في غارات جوية في محافظة إدلب بشمال غرب سوريا، وفق حصيلة جديدة أوردتها السلطات التركية. فيما قال مسؤول تركي رفيع إن بلاده قررت عدم منع اللاجئين السوريين من الوصول إلى أوروبا سواء برا أو بحرا.
154,"تظاهر عشرات الآلاف من أنصار حركة حماس في مدينة غزة احتجاجا على ما وصفوه بـ ""التنازلات"" التي قدمها المفاوض الفلسطيني محمود عباس في المفاوضات مع الجانب الإسرائيلي."
155,حذر رئيس منظمة الصحة العالمية، أنتوني بانبري، من أن فيروس إيبولا، الذي أودى بحياة أكثر من خمسة آلاف شخص في غرب أفريقيا، قد يواجه وضعا غير مسبوق على الإطلاق.
156,تسعى المستشارة الألمانية أنغيلا ميركل ووزير ماليتها فولفغانغ شويبله إلى إقناع البرلمان اليوناني بالموافقة على الإصلاحات المطلوبة لقاء خطة المساعدة المالية الجديدة. يأتي ذلك بعد تصويت البرلمان اليوناني على الإصلاحات المطلوبة.
157,كشفت وسائل إعلام تركية أن الحكومة التركية وزعيم حزب العمال الكردستاني المسجون عبد الله أوجلان اتفقا في مفاوضاتهما الأخيرة على مبدأ وقف القتال المستمر منذ 1984 بين الجانبين.
158,قالت وكالة الأنباء السورية الرسمية (سانا) إن دمشق والأمم المتحدة توصلتا إلى اتفاق حول خروج المدنيين ودخول المساعدات الإنسانية إلى أحياء البلدة القديمة بمدينة حمص السورية المحاصرة منذ أكثر من 600 يوم.
159,قالت إيران إنها توصلت إلى اتفاق مبدئي مع الدول الكبرى بشأن برنامجها النووي المثير للجدل.
160,"قال وزير المالية الألماني فولفغانغ شيوبله إن الولايات المتحدة بحاجة إلى ""قوة"" للتوصل إلى اتفاق مع الجمهوريين بشأن الميزانية، وذلك في الوقت الذي أبدى فيه الرئيس الأمريكي استعداده لإقرار زيادة قصيرة الأجل وغير مشروطة لسقف الديون."
161,وافق الرئيس الفرنسي فرانسوا هولاند على مشروع قانون يسمح بزواج المثليين في البلاد.
162,"كشفت دراسة حديثة أن الرجال يكذبون ضعف النساء، وأن واحدا من بين كل عشرة رجال يعتقد أنه يجيد الكذب، فيما أكدت دراسة أخرى أن أكثر الكذبات تكرارا لدى الرجال كانت هي ""تجنب وخز الضمير لاحقا""."
163,صوت البرلمان اليمني على قانون يمنع استخدام الطائرات من دون طيار لشن هجمات في اليمن، وذلك بعد قصف لطائرة من هذا النوع أوقع العديد من الضحايا.
164,رمضان هذا العام هو الأصعب في مصر، نظرا لارتفاع درجات الحرارة بشكل غير مسبوق. دويتشه فيله استطلعت آراء بعض المصريين حول الصيام في شهر رمضان هذا العام. دويتشه فيله استطلعت آراء بعض المصريين.
165,أعلن حزب الله اللبناني أن مقاتليه تمكنوا من السيطرة على ثلاث تلال في منطقة جرود عرسال الحدودية مع سوريا.
166,"بعد أن بات أصغر هداف في تاريخ بطولة كأس العالم في البرازيل، أعلن مهاجم فريق سانتوس البرازيلي رودريغو غوز أنه غاب عن المدرسة بسبب ""تغيبته عن المدرسة لسبب جيد""."
167,أعلن المتحدث باسم رئاسة بوروندي أنه تم اعتقال الميجر جنرال غوديفرويد نيومباري، الذي قاد محاولة انقلاب فاشلة على الرئيس بيير نكورونزيزا. يأتي ذلك بعد يوم من معركة للسيطرة على مبنى الإذاعة الرسمية في بوروندي.
168,تأهل فريقا شالكه وشالكه إلى نهائي كأس ألمانيا لكرة القدم بعد تغلبهما على دويسبورغ وكوتبوس في المباراة التي جمعت بين الغريمين البافاريين بايرن ميونيخ وشالكه.
169,أعلنت نقابة المهن التمثيلية في مصر أن الفنان الراحل محمد صالح سيشيع الجمعة من مسجد عمرو بن العاص في القاهرة.
170,أعلن مكتب الإحصاء الاتحادي الألماني أن عدد المهاجرين إلى ألمانيا ارتفع بنسبة 13 بالمائة مقارنة بالعام الماضي. كما ارتفع عدد المهاجرين القادمين من دول الاتحاد الأوروبي التي تأثرت بشدة من الأزمة المالية وأزمة الديون.
171,قال الجيش الأوكراني إنه قتل أكثر من 30 مدنيا في هجوم شنه انفصاليون موالون لروسيا على قافلة مساعدات شرقي البلاد.
172,"اتهمت منظمة العفو الدولية الجيش الإسرائيلي باستخدام ""القوة المميتة"" ضد الفلسطينيين في الضفة الغربية والقدس."
173,يعتبر ماراثون بوسطن أقدم وأصعب ماراثون في العالم، إذ يشارك فيه أكثر من 26 ألف رياضي من بينهم 250 ألمانيا، كما يشارك فيه أكثر من 40 ألف رياضي من بينهم 250 ألمانيا.
174,كشفت مصادر مطلعة على خطة الرئيس الأمريكي دونالد ترامب الاقتصادية للسلام في الشرق الأوسط، والتي تبلغ قيمتها 50 مليار دولار، أن الخطة تهدف لإقامة صندوق استثمار عالمي لدعم اقتصاديات الفلسطينيين والدول المجاورة.
175,فتحت ألمانيا أول نافذة لاستقبال الأطفال الرضع الذين لا ترغب أمهاتهم في الاحتفاظ بهم بعد ولادتهم مباشرة. هذه النافذة تستقبل عددا كبيرا من المواليد الجدد، لكن هذه النوافذ تثير جدلا في ألمانيا.
176,قضت محكمة جزائية ألمانية بالسجن مع إيقاف التنفيذ على رجل بتهمة الاعتداء الجنسي على فتاة تبلغ من العمر 13 عاما في برلين. وكانت قضية الفتاة قد تسببت في ضجة في مطلع العام الجاري.
177,"حكمت محكمة أمريكية على شركة جونسون آند جونسون، المنتجة لبودرة الأطفال ""بيبي باودر""، بدفع تعويض قدره 5.4 مليون دولار لمتضررها بسبب منتجاتها القائمة على معدن التالك."
178,شهدت محطات مترو أنفاق العاصمة المصرية القاهرة سلسلة من الانفجارات أسفرت عن إصابة عدد من الأشخاص.
179,"أخلت السلطات الفرنسية سبيل رئيس الاتحاد الإفريقي لكرة القدم ""فيفا"" أحمد أحمد، الذي يخضع للاستجواب على خلفية شبهات فساد تتعلق بفسخ عقد مع شركة تجهيزات رياضية مخصصة لنحو 580 متطوعا."
180,صادرت شرطة مكافحة الإرهاب في تركيا أجهزة حاسوب تابعة لهيئة الاغاثة الانسانية في مدينة كليس شمال شرقي البلاد.
181,"قالت رئيسة الوزراء البريطانية تيريزا ماي إن روسيا مسؤولة عن تسميم العميل الروسي السابق سيرغي سكريبال وابنته يوليا بغاز أعصاب من صنع روسي في سالزبري بجنوب غرب إنكلترا مضيفة أن ""هذا يشكل استخداما غير مشروع للقوة من قبل الدولة الروسية""."
182,أصدرت المحكمة العسكرية الدائمة بتونس بطاقة ايداع بالسجن في حق وزير الداخلية الأسبق، وسفير تونس الحالي بالمغرب، ناجم الغرسلي، ضمن تحقيقات موضوعها التآمر على أمن الدولة الداخلي.
183,سمح مجلس صيانة الدستور في إيران بترشح هاشمي رفسنجاني، الرئيس السابق للجمهورية الإسلامية، ضد الرئيس الحالي محمود أحمدي نجاد.
184,كشف رئيس نادي بايرن ميونيخ الألماني لكرة القدم، أولي هونيس، عن أمنياته في عيد الميلاد، وذلك بعد أن دعا العام الماضي 30 لاجئاً إلى حفل أقامه خلال عيد الميلاد المجيد.
185,قالت الولايات المتحدة انها ستزيد من مساعداتها الامنية لليمن بأكثر من الضعف هذا العام.
186,فيما تتجه الأنظار إلى إسرائيل للمشاركة في احتفالات الذكرى الستين لقيام الدولة العبرية، أعرب خبير ألماني عن تشاؤمه بشأن مستقبل لبنان، معتبراً أن الوضع السياسي في لبنان يتحكم فيه معسكران سياسيان يحملان مشاريع سياسية مختلفة.
187,هدد وزير الداخلية الإيطالي ماتيو سالفيني بإعادة نحو 180 مهاجرا عالقين منذ ثلاثة أيام قبالة جزيرة لامبيدوزا الإيطالية إلى ليبيا في حال لم يتم التوصل إلى حل أوروبي لاستقبالهم.
188,قتل أكثر من 60 شخصا في هجوم شنه مسلحون على مسجد في مدينة كانو شمال شرقي نيجيريا، بحسب ما ذكره مسؤولون.
189,"بعد بث برنامج ""شباب توك"" حلقة حول وضع النساء في السودان، تعرض مقدم البرنامج جعفر عبد الكريم لهجوم عنيف من قبل قناة سودانية. فما هي خلفيات هذه الهجمات؟ وما هي ردود الفعل عليها؟"
190,"أثار رئيس الهيئة العامة للترفيه في المملكة العربية السعودية، عبد اللطيف آل الشيخ، جدلا واسعا عبر مواقع التواصل الاجتماعي في المملكة بعد وصفه مواقع التواصل الاجتماعي بأنها ""سبورة من لا سبورة له""."
191,"اتهمت منظمة ""هيومان رايتس ووتش"" تنظيم ""الدولة الإسلامية"" بتدمير تماثيل قديمة في مدينة تدمُر السورية."
192,في أول زيارة له لأفغانستان منذ توليه منصبه، قام الأمين العام الجديد لحلف شمال الأطلسي بزيارة لأفغانستان، يلتقي خلالها الرئيس الأفغاني حميد كرزاي والقائد العسكري لقوات الحلف الجنرال ستانلي إيه ماكريستال والمبعوث الأممي.
193,قال مسؤولون كوريون جنوبيون إن المجند الذي اطلق النار على رفاقه في الجيش الكوري الجنوبي السبت قد اصيب بجروح.
194,حافظ شتوتغارت على سجله الخالي من الهزيمة خارج ملعبه في الدوري الألماني لكرة القدم (بوندسليغا) بعد أن اكتسح ضيفه بروسيا دورتموند 5-1 في الجولة 11 من الدوري الألماني لكرة القدم (بوندسليغا).
195,تصدر ألبوم الموسيقى التصويرية لفيلم (فروزن) قائمة مجلة بيلبورد الأسبوعية، ليصبح أول ألبوم لموسيقى تصويرية يحتل المركز الأول بالقائمة لأكثر من خمسة أسابيع في 15 عاماً.
196,أثار قرار ألمانيا منح الكاتبة والمحامية الإسرائيلية فليسيا لانغر وسام الاستحقاق الألماني من الدرجة الأولى انتقادات شديدة داخل إسرائيل وفي ألمانيا. وفيما يرى البعض أن التكريم قد يضفي نوعا من الشرعية على الانتقادات الموجهة لإسرائيل.
197,أنقذت خادمة إثيوبية خادمتها في الكويت من محاولة انتحار بعد أن قفزت إلى سطح مبنى مجاور في العاصمة الكويتية.
198,"قررت شركة غوغل إغلاق خدمة ""غوغل للأخبار"" للأخبار في إسبانيا في محاولة للحد من انتشار محتويات إسبانية على الإنترنت."
199,"أعلنت وزيرة الخارجية الإسرائيلية السابقة تسيبي ليفني اعتزامها اعتزال الحياة السياسية مشيرة إلى أن ""السلام أصبح كلمة قذرة"" في إشارة إلى حكم اليمين بزعامة رئيس الوزراء بنيامين نتانياهو."
200,بعد دقائق من صدور حكم بالسجن 10 سنوات بتهمة قتل جارها عن طريق الخطأ، قام أخ الضحية بتصرف لا يتكرر كثيراً. فما هي قصة هذه الشرطية؟ وكيف برر الأخ فعلته؟
201,أدى رئيس الوزراء الليبي الجديد عبد الله الثني اليمين الدستورية أمام البرلمان بعد أن وافق المشرعون على تشكيلة حكومته الجديدة، لكنه سيواجه تحديات في حكم بلد يوجد فيه برلمان منافس في طرابلس.
202,"قالت وزيرة الداخلية البريطانية إنه تم توقيف ثلاثة رجال في جنوب مانشستر ""على صلة"" بالتفجير الدامي الذي استهدف حفلا غنائيا في المدينة مساء الاثنين الماضي، مؤكدة أن المشتبه به كان تحت رقابة الأجهزة الأمنية."
203,"أثارت إزالة تماثيل كريستوفر كولومبوس، المستكشف الأمريكي، من تماثيل شهيرة في عدة ولايات أمريكية، جدلا عبر مواقع التواصل الاجتماعي، إذ اعتبر مغردون أن إزالة التماثيل ""غير مجدية""."
204,"قال الصحفي التركي عادل يغيت الذي ارتدى قميصا يحمل عبارة ""الحرية للصحافيين في تركيا"" إنه يخشى على سلامته إذا ما تم إسكاته من قبل رجال الأمن الأتراك."
205,رغم مرور سنوات على صدور أول كتب سلسلة هاري بوتر الشهيرة، إلا أن أحدث إصدارات السلسلة حققت نجاحا كبيرا، إذ ساعدت طبعات خاصة من أولى مغامرات الساحر الصغير في زيادة إيرادات دار النشر بنسبة 15 بالمئة.
206,حذفت شركة دوف، المتخصصة في منتجات العناية الشخصية، إعلانا مثيرا للجدل على موقع فيسبوك، بعد أن أثار موجة من الجدل على مواقع التواصل الاجتماعي.
207,قال مسؤولون صينيون إن طفلة تبلغ من العمر 15 عاما، تبلغ من العمر 17 شهرا، أصيبت بفيروس انفلونزا الطيور في العاصمة بكين.
208,يعتزم أعضاء يهود في حزب البديل من أجل ألمانيا المعارض تأسيس رابطة على مستوى ألمانيا مطلع شهر تشرين الأول/ أكتوبر القادم، فيما تساءل مفوض الحكومة الألمانية لشؤون مكافحة معاداة السامية عن إمكانية استغلال اليهود لإضفاء الشرعية على الحزب.
209,لأول مرة في تاريخ الدوري الألماني لكرة القدم، ستدير سيدة مباراة في منافسات دوري الدرجة الأولى للرجال، في خطوة تشكل علامة فارقة في المساواة بين الجنسين في كرة القدم الألمانية.
210,أصبح صادق خان أول مسلم يتولى هذا المنصب في عاصمة غربية كبرى، بعد فوزه على ابن عم الملياردير جيمي غولدسميث، في أول انتخابات عامة في بريطانيا منذ ثمانية أعوام. وكان خان قد تعرض لانتقادات شديدة من قبل المحافظين خلال الحملة الانتخابية.
211,أكد وزير الخارجية السعودي أن بلاده لا تسلّم مواطنيه. جاء ذلك في ختام قمة لدول مجلس التعاون الخليجي في الرياض. كما أصدر القضاء التركي مذكرتي توقيف بحق أحمد العسيري والمستشار السابق في الديوان الملكي سعود القحطاني.
212,ناقشت صحف ألمانية في تعليقاتها إمكانية توجيه ضربة عسكرية غربية ضد سوريا رداً على الاتهامات الموجهة للنظام السوري باستخدام الأسلحة الكيميائية في ريف دمشق. وفيما كثفت عواصم غربية اتصالاتها على المستويات العليا، حذرت صحف أخرى من تأثير الضربة.
213,ذكرت وسائل إعلام إيرانية أن مسلحين اقتحموا ضريح آية الله روح الله الخميني في العاصمة طهران، فيما تضاربت الأنباء حول عدد المقتحمين.
214,"أعلن نائب الرئيس الأمريكي مايك بنس أنه لا يتمتع بـ ""سلطة أحادية"" لرفض أصوات المجمع الانتخابي، رافضا بذلك جهود الرئيس الأمريكي دونالد ترامب لإلغاء هزيمته في الانتخابات الرئاسية."
215,استخدمت الشرطة الإسرائيلية الغاز المسيل للدموع والرصاص المطاطي وخراطيم المياه لتفريق محتجين على مصنع للطائرات بدون طيار في مدينة سلالم بالضفة الغربية المحتلة.
216,"قال الرئيس الإيراني حسن روحاني إن الضربات الجوية التي يشنها التحالف الدولي بقيادة الولايات المتحدة على مسلحي تنظيم الدولة الإسلامية في سوريا ""غير قانونية""."
217,قتل أكثر من 100 شخص في سلسلة من التفجيرات بسيارات مفخخة في مدينتي طرطوس وجبلة في سوريا، حسبما قال نشطاء معارضون.
218,تأهل المنتخب التونسي إلى دور الـ 16 في بطولة كأس الأمم الأفريقية المقامة في مصر بعد فوزه على نظيره الغاني بركلات الترجيح بعد انتهاء الوقتين الأصلي والإضافي بالتعادل.
219,"""تحرير الحديدة"" و""تحرير الحديدة"" و""تحرير الحديدة"" و""تحرير الحديدة"" و""تحرير الحديدة"" و""تحرير الحديدة"" و""تحرير الحديدة"" و""تحرير الحديدة"" و""تحرير الحديدة"" و""تحرير الحديدة"" و""تحرير الحديدة"" و""تحرير الحديدة"" و""تحرير الحديدة"" و""تحرير الحديدة"" و""تحرير الحديدة"" و""تحرير الحديدة"" و""تحرير الحديدة"" و""تحرير الحديدة"" و""تحرير الحديدة"" و"" و"" و"" و"""
220,أعلنت ملكة جمال الكون الجديدة، نينا زوزيبيني، عن فوزها بمسابقة ملكة جمال الكون لعام 2019، وذلك بعد أن طرحت عليهن أسئلة عن موضوعات مثل التغير المناخي والتغيرات المناخية والتغيرات المناخية.
221,اتفق طرفا النزاع في اليمن على وقف إطلاق النار في مدينة تعز، التي شهدت شهورا من القتال العنيف.
222,أعلنت الشرطة الأسترالية تحرير اثنين من الرهائن المحتجزين في مقهى في سيدني بعد هروبهم من المكان.
223,يعاني الكثير من الناس من شرود ذهني أثناء المشي أثناء المشي، لكن الأطباء يحذرون من أن ذلك قد يكون له عواقب وخيمة على الصحة الجسدية والنفسية.
224,"كشف تقرير لمجلة ""دير شبيغل"" الألمانية أن شركات أوروبية تمنح إمكانيات لتنظيم ""داعش"" لنشر دعايته على الشبكة العنكبوتية، وذلك عبر الأقمار الاصطناعية في تركيا وسوريا."
225,"أدى إضراب مراقبي الملاحة الجوية في فرنسا إلى إلغاء ربع الرحلات المقررة، فيما دعت باريس وبرلين المفوضية الأوروبية لتأجيل مشروع ""السماء المفتوحة"" الذي يهدف إلى إلغاء الحدود الوطنية أمام حركة النقل الجوي."
226,"توعد الرئيس الأوكراني الانفصاليين الموالين لروسيا بـ""رد ملائم"" على إسقاطهم طائرة نقل عسكرية أوكرانية ما أدى إلى مقتل 49 شخصا. كما توعد الانفصاليون ""برد ملائم"" على إسقاطهم الطائرة."
227,قتل متظاهر في اشتباكات بين الشرطة السودانية ومتظاهرين في العاصمة الخرطوم يوم أمس.
228,قال الناطق باسم حركة طالبان لبي بي سي إنه واثق من دحر مسلحي الحركة من المناطق التي ستنسحب منها القوات الغربية هذا العام.
229,"بعد عام من النزاع السياسي الداخلي بين حزب الله و تيار المستقبل في لبنان، تم الإعلان عن نتائج الانتخابات النيابية التي جرت في لبنان، والتي أسفرت عن فوز حزب الله، إلا أن هذه النتائج لا تعني بالضرورة أن لبنان سيصبح ""جمهورية إسلامية""."
230,بعد رحلة جوية استمرت 11 ساعة تمكن الفريق الألماني للسيدات من الفوز ببطولة العالم للمرة الثانية على التوالي. الفريق الألماني للسيدات دخل تاريخ كرة القدم العالمية بالفوز ببطولة العالم مرتين متتاليتين.
231,يزور الرئيس الأمريكي باراك اوباما السعودية الأسبوع المقبل للمشاركة في اجتماع مع قادة دول مجلس التعاون الخليجي. يأتي ذلك في محاولة لترطيب الأجواء بين الولايات المتحدة الأمريكية والسعودية التي اتسمت ببرود شديد طيلة فترة ولايتي الرئيس أوباما.
232,أعلن نادي شالكه الألماني لكرة القدم أن مدربه الإيطالي روبرتو دي ماتيو استقال من منصبه بعد مراجعة لحصيلة الموسم مع المدير الرياضي هورست هيلدت.
233,"حكمت محكمة سعودية على سعودي ولبناني بالسجن ثماني سنوات و500 جلدة بعد اتهامهما بالمشاركة في ""تهريب فتاة سعودية إلى لبنان وتنصيرها""، وذلك بعد 14 جلسة عقدتها المحكمة للنظر في القضية."
234,"قال وزير الخزانة البريطاني جورج أوزبورن إن المملكة المتحدة سوف تستقبل ""آلاف"" اللاجئين السوريين الفارين من سوريا."
235,قال وزير الطاقة التركي تانر يلدز إن بلاده لن تسمح باستيراد أي كميات من النفط دون موافقة الحكومة الاتحادية في بغداد.
236,خصصت الحكومة الألمانية مبلغ 160 مليون يورو لدعم الرياضة. لكن هذه الأموال لا تكفي لتثبيت ألمانيا على سجل الذهب الأولمبي، كما يرى مراقبون، لأن هذه السياسة لها انعكاسات خطيرة على الأندية والمنتخبات.
237,هدد الاتحاد الأوروبي بتخطي روسيا وأوكرانيا فيما يتعلق بالحصول على الغاز الطبيعي، إذا تواصلت المخالفات التي تشهدها إمدادات الغاز الروسي التي تمر عبر أوكرانيا إلى أوروبا من دون المرور عبر أوكرانيا.
238,قررت شركة غوغل حذف مقاطع الفيديو التي يدعو فيها المعارض الروسي البارز ألكسي نافالني إلى الاحتجاج في روسيا.
239,اكتشف فريق دولي من العلماء حفريات جيّدة في الصين تمثل إطلالة فريدة على الحياة قبل 160 مليون سنة أي أثناء العصر الجوراسي. ومن بين هذه الحفريات ديناصورات غريبة ذات ريش وأحد الزواحف الطائرة.
240,قرر الرئيس المصري المؤقت عدلي منصور تمديد حالة الطوارئ في البلاد لمدة شهرين، اعتبارا من الخميس.
241,فرضت السلطات المصرية غرامة مالية على نادي الزمالك بسبب حضور مجموعة من المشجعين مباراة فريقهم مع فريق الاسماعيلي في الدوري المصري الممتاز لكرة القدم.
242,قالت منظمة هيومن رايتس ووتش المدافعة عن حقوق الإنسان إنها استجوبت نشطاء من أربع منظمات في صنعاء أغلقها الحوثيون في نيسان / أبريل الماضي لارتباطها بحزب الإصلاح الإسلامي، وهو حزب مقرب من الإخوان المسلمين.
243,في حوار مع DW عربية، تحدث الباحث السياسي اليمني محمد عبده العبسي عن الأسباب التي تدفع الحوثيين للتقدم نحو عدن. في حوار مع DW عربية تحدث العبسي عن الأسباب التي تدفع الحوثيين للتقدم نحو عدن.
244,يرى المدير المالي والاستراتيجي لنادي برشلونة الإسباني بانشو شرودر أن انتقال نيمار دا سيلفا إلى باريس سان جيرمان في صفقة قياسية قد يجعل كل شيء ممكناً في عالم الساحرة المستديرة.
245,هيرتا برلين يلحق بركب الفرق المتأهلة إلى دور الـ 32 للدوري الأوروبي لكرة القدم إثر فوزه على أتليتكو بلباو الإسباني بثلاثة أهداف نظيفة. هيرتا يلحق بركب الفرق المتأهلة إلى دور الـ 32 للمسابقة الأوروبية.
246,قتل 39 شخصا على الأقل وأصيب أكثر من 120 بجروح في سلسلة تفجيرات بسيارات مفخخة استهدفت مناطق متفرقة من العاصمة العراقية بغداد، وفق مصادر من الشرطة العراقية. يأتي ذلك بعد ساعات من مقتل تسعة أشخاص في هجمات متفرقة.
247,اختتم القمر الصناعي (دون) رحلة فضائية استغرقت سبعة أعوام ونصف العام إلى سيريس، وهو كوكب قزم لم يكتشف من قبل يدور في فلكه ضمن حزام الكويكبات الواقع بين كوكبي المريخ والمشترى.
248,أصبح التونسي أسامة الملولي أول سباح يفوز بألقاب أولمبية وعالمية داخل الأحواض وفي المياه المفتوحة معا. يأتي ذلك بعد فوزه بذهبية سباق خمسة كيلومترات في بطولة العالم المقامة في برشلونة الإسبانية.
249,"قال رئيس اللجنة المشرفة على التحقيق في حرب العراق عام 2003 إنه ""لا يوجد احتمال واقعي"" لنشر التقرير الرسمي."
250,"قال زعيم حركة طالبان الأفغانية إن المفاوضات مع الولايات المتحدة بشأن انسحاب القوات الأمريكية من البلاد ""كانت أكثر إنتاجية من أي مفاوضات سابقة""."
251,"أيدت محكمة النقض المصرية حكما سابقا بالسجن المشدد خمس سنوات على الناشط علاء عبد الفتاح، بالإضافة إلى غرامة مالية قدرها 100 ألف جنيه، في قضية ""أحداث مجلس الشورى""."
252,أثار مقتل فتى أردني يبلغ من العمر 17 عاما، بعد تعرضه لاعتداء بالضرب من قبل مجموعة من أقاربه، غضبا واسعا عبر مواقع التواصل الاجتماعي في الأردن وبلدان عربية أخرى.
253,قرر الاتحاد الدولي لكرة القدم (الفيفا) اعتماد تقنية خط المرمى في جميع الملاعب التي تقام فيها المباريات.
254,وافقت إدارة الرئيس الأمريكي جو بايدن على نشر تقرير المخابرات الأمريكية الذي خلص إلى أن ولي العهد السعودي محمد بن سلمان وافق على قتل الصحفي جمال خاشقجي.
255,أعلنت الولايات المتحدة أنها ستغلق بعض سفاراتها في دول الشرق الأوسط وشمال افريقيا بشكل مؤقت حتى نهاية أغسطس/آب.
256,قال الشيخ احمد بن مبارك آل مبارك، مفتي المملكة العربية السعودية، إن على النساء مراجعة الاطباء الذكور فقط في حالة تعذر مراجعة طبيبات.
257,عقد مفاوضون إيرانيون وأمريكيون في جنيف أول محادثات ثنائية مباشرة بين الجانبين على هامش الجولة الثانية من المحادثات حول البرنامج النووي الإيراني.
258,"أعربت رئيسة الفيدرالية الدولية لحقوق الإنسان عن قلقها إزاء الوضع الصحي للناشطة الصحراوية أميناتو حيدر، التي دخلت إضرابها عن الطعام أسبوعه الرابع، داعية الحكومة المغربية إلى التحلي بـ""العقل"" حتى يمكنها العودة إلى بلادها."
259,اعتقلت السلطات في سنغافورة مراهقاً يبلغ من العمر 17 عاماً، للاشتباه في تخطيطه لهجوم على مسجدين في مدينة كرايست تشيرش.
260,بعد اعتزال تشافي ألونسو، اقترب فريق بايرن ميونخ الألماني من التعاقد مع لاعب خط الوسط الفرنسي كورينتين توليسو. ومن شأن توليسو أن يسد فراغاً في خط الوسط بعد اعتزال تشافي ألونسو.
261,اعلن الجيش العراقي الاثنين ان قواته تمكنت من استعادة السيطرة على مدينة الرطبة الواقعة على الحدود مع الاردن من ايدي مسلحي تنظيم مايعرف بالدولة الاسلامية.
262,حذر العاهل المغربي، الملك محمد السادس، من أن حزب الاستقلال، الشريك الأصغر في الائتلاف الحكومي، قد يضطر إلى التحالف مع أحزاب أخرى لضمان الأغلبية البرلمانية المطلوبة.
263,"بدأت شركة النفط العملاقة ""بريتش بتروليوم"" الامريكية بتثبيت جهاز جديد قادر على احتواء التسرب النفطي المتدفق من بئر خليج المكسيك."
264,طالب الشاب الفلسطيني عبد الرحمن عبد الرحمن، الذي يبلغ من العمر 17 عاما، الرئيس الامريكي باراك أوباما بزيارة قصيرة للأراضي الفلسطينية، وذلك في رسالة وجهها إلى الرئيس الامريكي باراك أوباما.
265,رغم تحذيرات الأمم المتحدة ومنظمات إغاثية دولية من تفشي فيروس كورونا المستجد في اليمن، إلا أنّ سكان العاصمة اليمنية صنعاء يطالبون بإغلاق أسواق القات، التي يتم فيها مضغ نبتة القات منذ سنوات.
266,تخطط الإمارات العربية المتحدة لاستخدام طائرات عمودية بدون طيار لتوصيل الوثائق الرسمية والطرود إلى مواطنيها في إطار جهود لتحديث الخدمات الحكومية.
267,وافق البرلمان الألماني على مشروع قانون يحظر ارتداء النقاب في الأماكن العامة.
268,اعلنت الرئاسة المصرية الخميس ان الرئيس محمد مرسي الغى الحبس الاحتياطي للصحفيين في كافة الجرائم التي ترتكب في البلاد.
269,قضت محكمة سعودية بالسجن مدى الحياة على 11 شخصا ادانتهم بالمشاركة في الهجوم الذي وقع في مدينة ينبع في العام الماضي.
270,أصدرت محكمة العدل الأوروبية قراراً يقضي بأن اللاجئين القصر الذين وصلوا إلى أوروبا من دون ذويهم يحتفظون بحقهم في لم شمل أسرهم حتى لو كانوا قد بلغوا سن الرشد خلال عملية طلب اللجوء. فما هو هذا القرار؟
271,قتل 16 شخصا بينهم ثلاثة أطفال وسيدتان في غارة جوية استهدفت قرية كردية في محافظة الحسكة شمال شرق سوريا، وفق ما أعلن المرصد السوري لحقوق الإنسان، فيما أصيب 18 شخصا بجروح في هجوم انتحاري استهدف مركزا امنيا في حلب.
272,"وافقت الجمعية العامة للأمم المتحدة على مشروع قرار يطالب طرفي الصراع في سوريا بوقف أعمال العنف فورا وبتطبيق إصلاحات سياسية ديمقراطية. المندوب السوري يتهجم على ""مروجي القرار""، معتبرا إياه ""انحيازا""."
273,قال رئيس الوزراء الإسرائيلي إنه يرغب في إجراء مباحثات معه بهدف دفع عملية السلام بين الفلسطينيين والإسرائيليين، يأتي ذلك قبيل زيارة مرتقبة للمبعوث الأمريكي إلى المنطقة الأسبوع القادم.
274,قتل ضابطان بالجيش اللبناني وجندي وأصيب آخرون عندما اندلعت اشتباكات في مدينة صيدا الساحلية بجنوب لبنان بين أتباع شيخ سني معارض لتدخل حزب الله الشيعي في سوريا والجيش اللبناني.
275,أعلنت وزارة النقل التونسية تعليق رحلات الخطوط الإماراتية في المطارات التونسية في ظل خلاف أزمة متصاعدة بعد منع تونسيات من السفر إلى الإمارات. وتسبب القرار في حالة من السخط والغضب في تونس.
276,حذر الرئيس اليمني عبد ربه منصور هادي الحوثيين من مغبة تهديداتهم بمحاصرة العاصمة صنعاء إذا لم يستجيبوا لمطالب المجتمع الدولي.
277,وجه المدير الفني المؤقت لمنتخب إنجلترا، جوزيه مورينو، انتقادات لاذعة للاعبي فريق مان يونايتد، مارك سمولنغ، ولاعب الوسط شو، بسبب تراجع دورهما في الفريق.
278,"قال مراسل بي بي سي في بغداد إن رئيس الوزراء العراقي المكلف حيدر العبادي سيكشف عن استراتيجيته لمواجهة تنظيم ""الدولة الإسلامية""."
279,قرر الاتحاد الألماني لكرة القدم الإبقاء على مدرب المنتخب الألماني يوآخيم لوف في منصبه، ليخوض مع المانشافت بطولة كأس الأمم الأوروبية لكرة القدم 2021 وتصفيات مونديال قطر 2022.
280,أفادت مصادر في حركة المقاومة الإسلامية (حماس) أن وفداً قيادياً كبيراً من الحركة سيصل إلى العاصمة الأردنية عمان الأحد في زيارة يلتقي خلالها العاهل الأردني الملك عبدالله الثاني ورئيس هيئة الأركان المشتركة وعدد من كبار المسؤولين الأردنيين.
281,قالت الأمم المتحدة إن عدد اللاجئين من جنوب السودان قد وصل إلى أوغندا خلال الأشهر القليلة الماضية.
282,تفاعل رواد مواقع التواصل الاجتماعي في العالم العربي مع القمة الخليجية التي استضافتها العاصمة السعودية الرياض.
283,"يعقد في العاصمة العراقية بغداد مؤتمر ""التحالف الوطني لمحاربة تنظيم الدولة الإسلامية"" بمشاركة ممثلين عن جميع القوى السياسية والدينية والعشائرية."
284,قتل شخص واحد على الأقل وأصيب آخرون في حادث اصطدام شاحنة بشاحنة في ولاية أوهايو الأمريكية.
285,"اعتبرت وزارة الخارجية الفلسطينية أن قرار غواتيمالا نقل سفارتها إلى القدس ""عمل مخز"" و""غير قانوني""، فيما رحب رئيس الوزراء الإسرائيلي بهذا القرار، واصفا إياه بـ ""المهم""."
286,سجل الاسباني فرناندو الونسو أفضل زمن للفة في حلبة الصخير الصحراوية في البحرين، بينما حل الألماني سيباستيان فيتل الألماني سيباستيان فيتل الألماني سيباستيان فيتل في المركزين الثاني والثالث على الترتيب.
287,احتج فريق الرولينغ ستونز الغنائي على استخدام المرشح الجمهوري المحتمل للرئاسة الامريكية دونالد ترامب موسيقاه في تجمعاته الانتخابية.
288,في رد على دعوة رئيس الوزراء الإسرائيلي الجهات المسؤولة في المجتمع الدولي إلى عدم الاعتراف بحكومة التوافق الوطني الفلسطينية القادمة المدعومة من حركة حماس، أكدت الرئاسة الفلسطينية أن الحكومة الجديدة تحظى بترحيب دولي.
289,أعلنت مجموعة فولكسفاغن الألمانية للسيارات أن مبيعاتها قفزت عام 2012 بنسبة 11.2 بالمائة لتصل إلى 9.07 مليون سيارة، فيما أعلنت بورش الألمانية للسيارات الرياضية الفارهة زيادة مبيعاتها خلال العام الماضي بنسبة 18.7 بالمائة.
290,بعد رحلة شاقة استمرت أكثر من شهر، قررت اللاجئة السورية بسمة العودة إلى سوريا، بعد رحلة هروب شاقة دامت أكثر من شهر. ورغم أن حلمها لم يتحقق بعد، إلا أن حلمها لم يتحقق إلا بعد أن وصلت إلى ألمانيا.
291,أقرّ رئيس الوزراء الإسرائيلي، بنيامين نتنياهو، ببراءة موكليه من تهم الفساد، وذلك بعد أن قدم محاموه مذكرة إلى المحكمة في قضية فساد.
292,قال السيناتور الجمهوري البارز لندسي غراهام إنه يعتقد ان الطائرات بدون طيار التي يستخدمها الجيش الامريكي في شن غاراتها على اهداف لتنظيم القاعدة قد تكون مسؤولة عن مقتل المئات.
293,بعد تصويت النواب المحافظين في الدورة الثانية من عملية اختيار خليفة لتيريزا ماي، تصدر بوريس جونسون، حتى بدون اتفاق، نتيجة تصويت النواب المحافظين في الدورة الثانية من عملية اختيار خليفة لتيريزا ماي من بين ستة مرشحين.
294,صوت مجلس الشيوخ الأمريكي لصالح تعيين القاضي المحافظ بريت كافانو عضوا في المحكمة العليا، لينهي بذلك أسابيع من السجالات والمواجهات السياسية الشرسة التي تخلّلتها اتهامات للقاضي بارتكاب اعتداء جنسي عندما كان شابًا.
295,تعتبر برامج الاستعراض التلفزيونية القائمة على المنافسة من أنجح البرامج التلفزيونية التي تستقطب الكثير من المشاهدين في شتى أنحاء العالم، كما أنها تحظى بشعبية واسعة في ألمانيا، حيث يتابعها أكثر من ستة ملايين شخص.
296,أعلن الرئيس الأمريكي دونالد ترامب أن القمة التاريخية المقررة مع زعيم كوريا الشمالية كيم جونغ أون ستعقد في سنغافورة في 12 حزيران/يونيو المقبل، وذلك بعد ساعات من عودة ثلاثة أميركيين من كوريا الشمالية.
297,قال الجيش الإسرائيلي إنه أطلق صاروخين من قطاع غزة على جنوب إسرائيل دون أن يسفر عن وقوع إصابات.
298,أنهى المئات من أهالي محافظة البصرة، اليوم الأحد، تظاهراتهم التي خرجت احتجاجا على تردي الخدمات، فيما نفى مجلس المحافظة وجود عمليات غلق لأي منفذ حدودي بسبب التظاهرات.
299,ارتفعت حصيلة ضحايا حرائق الغابات بالقرب من العاصمة اليونانية أثينا إلى 50 شخصا بعد العثور على 26 جثة أخرى، كما تم إنقاذ أكثر من 700 شخص من الشواطئ والنتوءات الصخرية.
300,"أعلن البابا فرنسيس قداسة ""شهداء اوترانتي""، الذين قتلوا بضرب العنق في 1480 لرفضهم التخلي عن ديانتهم واعتناق الإسلام، وذلك بعد أن أمر القائد العثماني بنقل الذكور الناجين إلى معسكره."
301,أصيب تسعة أشخاص بجروح خطيرة في هجوم نفذه رجل يحمل بلطة في محطة القطارات الرئيسية بمدينة دوسلدورف الألمانية، فيما أعلنت الشرطة أن المشتبه به تحرك وحيدا واستأنفت حركة القطارات في محطة سانت اوغوستين.
302,طالبت المعارضة الأوكرانية باستقالة وزير الداخلية فيكتور يانوكوفيتش وإجراء تحقيق في تصرفاته ومحاكمته.
303,عادت الناشطة السودانية، مريم اسحق، إلى بلادها بعد اعتقالها في مطار الخرطوم بتهمة تزوير وثائق سفر.
304,تظاهر الآلاف في مدينة الحسيمة، شمالي المغرب، احتجاجا على اعتقال ناصر الزفزافي، زعيم الحركة الاحتجاجية.
305,أفردت شركات صناعة السيارات مساحات ضخمة لعرض منتجاتها في معرض فرانكفورت الدولي للسيارات، الذي أفردت فيه كبرى شركات صناعة السيارات مساحات ضخمة لعرض منتجاتها.
306,اتهمت منظمة هيومان رايتس ووتش الحقوقية السلطات المصرية بتضييق الخناق على عائلات المعارضين المقيمين في الخارج.
307,أظهرت دراسة حديثة أن شرب الكحول قد يكون سبباً رئيسياً للإصابة بأنواع مختلفة من السرطان، من بينها سرطان الكبد والمرئ والقولون والبلعوم والثدي وغيرها من السرطانات التي يعد الكحول سبباً مباشراً لها.
308,قال احد زعماء الانفصاليين في شرقي اوكرانيا إنه مستعد لاطلاق سراح اربعة مراقبين اوروبيين كانوا قد احتجزوهم في وقت سابق.
309,قال الرئيس النيجيري، غودلاك جوناثان، إن جماعة بوكوحرام الإسلامية المتشددة تعمل كالأشباح.
310,قالت مصادر أمنية لبنانية إن طائرات حربية اسرائيلية قصفت أهدافاً في سوريا بالقرب من الحدود مع لبنان.
311,"قالت مصادر أمنية عراقية إن مقاتلي تنظيم ""الدولة الإسلامية"" تمكنوا من اقتحام دفاعات القوات العراقية شرقي الرمادي، فيما ذكرت الشرطة أن 52 شخصا قتلوا غالبيتهم العظمى من التنظيم في سلسلة حوادث عنف متفرقة."
312,"قال وزير الخارجية المصري أحمد أبو الغيط إن ""كل المؤشرات تشير إلى أن انفصال جنوب السودان لم يعد ممكنا تجنبه""."
313,يعاني الكثيرات من صمت أزواجهن أثناء العمل أو أثناء الخروج المشترك لتناول الطعام أو التنزه، ما يدفع الكثيرات إلى الحديث عن بعض الأمور اليومية. وينصح خبراء العلاقات الزوجية بالابتعاد عن توجيه الانتقادات للزوج وتفادي توجيه الانتقادات له.
314,في أول مباراة له مع منتخب بلاده في نهائيات كأس العالم بالبرازيل، أنقذ المخضرم ميروسلاف كلوزه المنتخب الألماني من السقوط في فخ الخسارة أمام نظيره الغاني في الجولة الثانية من منافسات المجموعة السابعة.
315,أظهرت دراسة ألمانية حديثة أن الإفراط في استخدام الكومبيوتر والإنترنت من شأنه أن يؤدي إلى الإصابة بالإدمان. الدراسة اعتمدت على استطلاع ميداني لآراء خمسة آلاف طالب من ولايات هامبورغ وسكسونيا السفلى وزاكسين أنهالت بألمانيا.
316,قتل سبعة من عناصر الشرطة العراقية واصيب عشرة آخرون بجروح في اشتباكات مع مسلحين مجهولين في منطقة السيدية ذات الاغلبية السنية في العاصمة العراقية بغداد.
317,يسعى مدرب المنتخب الألماني يواخيم لوف إلى اكتساب خبرات جديدة في كرة القدم، وذلك من خلال إشراك ثلاثة لاعبين جدد في المباراة الودية التي ستقام بين منتخبه ونظيره الإنجليزي في برلين.
318,قالت وزيرة الدفاع الألمانية أورزولا فون دير لاين إن بلادها تعتزم الإبقاء على قواتها في تركيا لحين انتهاء الأزمة السورية، وحذرت المجتمع الدولي من إهمال الأوضاع في سوريا في ظل الانشغال بأزمة شبه جزيرة القرم ونزاعات أخرى.
319,"قال رئيس الوزراء الإثيوبي، آبي أحمد، إن قوات تيغراي، التي استولت على مدينة ميكيلي، عاصمة إقليم تيغراي، هي في حالة ""فوضى""."
320,أيدت محكمة النقض المصرية حكما بالسجن المشدد لعشر سنوات على شرطيين أدينا سابقا بقتل الناشط المصري خالد سعيد، الذي أدت قضيته إلى زوبعة في مواقع التواصل الاجتماعي وغلى إشعال الانتفاضة التي أطاحت بنظام الرئيس الأسبق حسني مبارك.
321,طلب الرئيس الفرنسي ماكرون والمستشارة الألمانية ميركل دعم مشروع قرار لمجلس الأمن الدولي لإقرار هدنة في سوريا، فيما طالبت منسقة الشؤون الخارجية بالاتحاد الأوروبي بوقف فوري للهجمات على المدنيين في الغوطة الشرقية بسوريا.
322,عقد رئيس الوزراء الفلسطيني رامي الحمد الله اجتماعا في قطاع غزة لبحث إعادة إعمار القطاع.
323,صادرت الشرطة الإيطالية متعلقات مشرفة على مشروع الدكتوراة الذي قدمه الباحث الإيطالي، جوليو ريجيني، في القاهرة.
324,قالت وحدات حماية الشعب الكردية في شمال سوريا إنها توصلت إلى اتفاق مع الحكومة السورية لدخول القوات السورية إلى منطقة عفرين خلال أيام.
325,أثار مقطع فيديو تداوله مستخدمو مواقع التواصل الاجتماعي في المغرب غضبا عارما عبر مواقع التواصل الاجتماعي.
326,تأهل تشيلسي الانجليزي الى المباراة النهائية لبطولة دوري ابطال اوروبا لكرة القدم بعد فوزه على نده السويسري بثلاثة أهداف لهدف واحد.
327,قامت الشرطة الألمانية بتفتيش عدد من المنازل في مدينة كولونيا بعد العثور على مادة الريسين شديدة السمية في شقته. وكان التونسي المقبوض عليه قد عثر في شقته على كمية كبيرة من مادة الريسين السامة.
328,"أعلنت شركة نايكي، عملاق صناعة الملابس الرياضية في فرنسا، أنها ستوقف بيع منتجها ""البوركيني"" في فرنسا."
329,كشفت نتائج دراسة ألمانية حديثة عن وجود عوامل تثير قلق الشركات عند تعيين أشخاص من أصول مهاجرة في ألمانيا، من بينها ضعف المعرفة باللغة الألمانية وعقبات أخرى.
330,قررت المحكمة الإدارية في أمستردام وقف محاكمة النائب الهولندي اليميني المتشدد خيرت فيلدرز، المتهم بالتحريض على الكراهية والتمييز ضد المسلمين وإهانة المغاربة وكافة الأجانب غير الغربيين، بسبب اتهامه للمحكمة بالتحيز.
331,أحرز الأرجنتيني ليونيل ميسي، نجم برشلونة الإسباني، هدفين قاد بهما فريقه لفوز قاتل على ريال مدريد في المرحلة الثالثة والثلاثين من بطولة الدوري الأسباني لكرة القدم. وسجل ميسي هدفه رقم 500 في مسيرته مع برشلونة.
332,أصيب خمسة أشخاص على الأقل في حريق اندلع في سجن بمدينة بريدة السعودية، حسبما أفادت السلطات.
333,"ألقت الشرطة الإيطالية القبض على عدة أشخاص في منطقة ""أبروتسو""، وسط البلاد، بتهمة ارتكاب جرائم مالية وتمويل الإرهاب. وحسب الشرطة، فقد تم جمع مبالغ طائلة لصالح فصيل ""جبهة النصرة"" الإرهابي."
334,قال وزير الخارجية الروسي سيرغي لافروف إن قرار سحب الدعوة التي وجهت لإيران لحضور محادثات السلام في سويسرا يؤثر على مصداقية الأمم المتحدة.
335,يدلي الناخبون في الكويت بأصواتهم في الانتخابات العامة التي يتوقع أن تشهد تنافسا محتدما بين التيارات السياسية المختلفة في البلاد.
336,قتل شخص واحد على الأقل وأصيب العشرات في اشتباكات بين قوات الشرطة ومتظاهرين في العاصمة التونسية، بحسب ما أعلنته وزارة الداخلية.
337,اتهم ناشطون حقوقيون رئيس الاتحاد البحريني لكرة القدم الشيخ سلمان بن ابراهيم آل خليفة بممارسة اضطهاد ضد عدد من اللاعبين والاداريين في الاتحاد الدولي لكرة القدم (الفيفا).
338,أعلن قائد عسكري يمني أن قوات التحالف الذي تقوده السعودية بدأت عملية عسكرية واسعة النطاق في مدينة عدن جنوبي اليمن تهدف إلى طرد الحوثيين وحلفائهم من المدينة.
339,قالت شركة أرامكو السعودية العملاقة للنفط إنها عزلت جميع أنظمتها الإلكترونية عن العالم بعد تعرضها لهجوم إلكتروني.
340,أعلنت بلدية القدس عن خطط لبناء 100 وحدة استيطانية جديدة في القدس الشرقية.
341,قال وزير الصحة الليبي إن خمسة أشخاص قتلوا وأصيب 100 آخرون في اشتباكات ضارية جرت أمس الأربعاء في طرابلس بين كتيبة متحالفة مع الجيش وقوة أمن تضم ميليشيات شاركت في الإطاحة بمعمر القذافي.
342,استعاد هوفنهايم صدارة الدوري الألماني لكرة القدم (بوندسليغا) بعد فوزه على هامبورغ بثلاثية نظيفة، فيما واصل شالكه عروضه المخيبة للآمال وتغلب على شتوتغارت في ختام منافسات الأسبوع التاسع عشر.
343,"بدأ رئيس الحكومة اليونانية ألكسيس تسيبراس زيارة إلى موسكو تستغرق يوما واحدا يلتقي خلالها بالرئيس الروسي فلاديمير بوتين. وتهدف الزيارة إلى تعزيز العلاقات بين البلدين على أساس ""الجذور التاريخية العميقة"" بينهما."
344,أعلن نادي بايرن ميونيخ الألماني لكرة القدم أن احتفالات الفريق بتتويجه بطلا للدوري الألماني (بوندسليغا) ستقام على مدار يومين متعاقبين. كما ألغى فكرة خروج الفريق في موكب جماهيري مساء السبت بعد انتهاء المباراة.
345,"""يد الله""، أسطورة كرة القدم الأرجنتيني دييغو مارادونا، صاحب قدرات خارقة خارج المستطيل الأخضر."
346,قال نائب الرئيس الفنزويلي نيكولاس مادورو إن الرئيس هوغو تشافيز يخضع للعلاج في أحد المستشفيات العسكرية في العاصمة كراكاس.
347,شنت طائرات حربية إسرائيلية غارات جوية على أهداف تابعة لحركة المقاومة الإسلامية (حماس) في قطاع غزة.
348,وصل الرئيس الافغاني الجديد اشرف غني الى العاصمة الباكستانية اسلام اباد في زيارة تهدف الى تعزيز العلاقات بين البلدين.
349,قتل 15 شخصا على الأقل وأصيب آخرون في تفجير انتحاري استهدف نقطة تفتيش للجيش العراقي في العاصمة بغداد.
350,"اعتبرت الأمم المتحدة أن الأحكام التي أصدرتها السعودية في قضية مقتل الصحفي جمال خاشقجي ""غير عادلة""، فيما اعتبر نجل خاشقجي الحكم ""إنصافا له ولعائلته""، فيما اعتبرت تركيا أن الحكم ""بعيد عن تلبية التطلعات""."
351,بدأت في مصر جلسات إعادة محاكمة الرئيس المصري السابق حسني مبارك ونجليه ووزير داخليته حبيب العادلي ووزير داخليته حبيب العادلي.
352,صادرت السلطات الفرنسية لوحة من الأعمال الأولى للفنان الأسباني بابلو بيكاسو.
353,"قال مسؤولون في أجهزة الاستخبارات الأمريكية إنّ وزير الخارجية مايك بومبيو ورئيس هيئة الأركان المشتركة سيحضران جلسة الثلاثاء المقبل للإدلاء بإفادات سرية بشأن الموقف مع إيران، فيما اتهمت طهران واشنطن بتصعيد ""غير مقبول""."
354,أثارت النائبة المصرية في البرلمان عن حزب الحرية والعدالة، رؤى نصير، جدلا واسعا على مواقع التواصل الاجتماعي بعد تصريحها بأن زواج المسلمة من غير المسلم محرم.
355,قال ديفيد مويز المدير الفني السابق لنادي مانشستر يونايتيد الانجليزي لكرة القدم السبت إنه واثق بأن فريقه سينهي الموسم الحالي من الدوري الانجليزي الممتاز لكرة القدم.
356,في أول يوم له في السلطة، قرر الرئيس الأمريكي الجديد جو بايدن توسيع نطاق الفحوص والتطعيم ضد فيروس كورونا المستجد. بايدن تعهد بتوفير 100 مليون جرعة من اللقاحات خلال المئة يوم الأولى له في السلطة.
357,"أحال قاض في محكمة العمل في مدينة هيلدلبيرغ الألمانية النزاع القضائي بين سيدة محجبة وسلسلة ""مولر"" لمستحضرات التجميل التي تعمل لديها إلى التحكيم. وحسب القاضي فإن أحد الحلول قد يكون التوصل إلى اتفاق يرضي الطرفيين وينهي عقد العمل."
358,يواجه المنتخب الهولندي مشاكل عدة في بطولة كأس العالم 2010 في جنوب إفريقيا، أبرزها الصراعات الداخلية بين لاعبي المنتخب، ما يجعل مهمة بلوغ الدور ربع النهائي صعبة للغاية. فما هي أسباب تلك المشاكل وكيف يمكن التغلب عليها؟
359,يعاني الكثيرون من الصداع النصفي (الشقيقة) خاصة في فصلي الربيع والخريف، لكن تغير الطقس السريع قد يسبب هذا النوع من الصداع. فكيف يمكن التغلب عليه؟
360,أعلن كارل هاينس-رومينيغه، رئيس مجلس إدارة نادي بايرن ميونيخ بطل الدوري الألماني لكرة القدم، أن لاعب وسطه الإسباني تياغو ألكانتارا لم يتوصل إلى اتفاق بشأن تجديد عقده مع النادي البافاري.
361,دعت فاليري آموس، مسؤولة الشؤون الإنسانية في الأمم المتحدة، الحكومة السورية إلى السماح بدخول المساعدات الإنسانية إلى المناطق التي يسيطر عليها مسلحو المعارضة.
362,قالت منظمة الطيران والفضاء الكورية الجنوبية إن كوريا الشمالية تستعد لاطلاق قمر اصطناعي بعيد المدى.
363,"وصل وزير الخارجية الألماني فرانك فالتر شتاينماير إلى إسرائيل في زيارة تستغرق يومين يلتقي خلالها القادة الإسرائيليين والفلسطينيين. شتاينماير شدد على أن أمن إسرائيل ""مبدأ وواجب أساسي في السياسة الألمانية الخارجية""."
364,بعد الهجمات التي شهدتها العاصمة الفرنسية باريس مؤخرا، والتي أسفرت عن مقتل 130 شخصا وإصابة أكثر من مئتي آخرين، أصبح من الصعب على المسلمين في فرنسا أن يتضامنوا مع ضحايا هجمات باريس.
365,"بينما يُواصل النجم البرتغالي كريستيانو رونالدو نثر سحره الكروي في عالم الساحرة المستديرة برفقة فريق يوفنتوس الإيطالي، ذكرت تقارير صحفية أن النجم البرتغالي طلب من إدارة ""السيدة العجوز"" التحرك بسرعة من أجل ضم النجم الفرنسي."
366,طالبت منظمة الدفاع المدني (الخوذ البيضاء) في سوريا المجتمع الدولي بفتح ممرات إنسانية في المناطق المحاصرة من أجل إنقاذ حياة المدنيين. كما طالبت المنظمة المجتمع الدولي بفتح ممرات إنسانية في المناطق المحاصرة.
367,في دراسة حديثة، اكتشف باحثون من إيطاليا وكاليفورنيا الأمريكية أن البشر لم يصلوا إلى عمرهم النهائي بعد، مشيرين إلى أنه في المستقبل سوف يتقدم الإنسان في السن بشكل أكبر. فكيف ذلك؟
368,تعد أفلام التيار النسوي في العالم العربي من أكثر الأفلام إثارة للجدل في العالم العربي. ورغم أن هذه الأفلام مستمدة من قصص واقعية إلا أنها تعكس أيضاً نظرة المجتمع العربي للمرأة.
369,"شدد وزير الدفاع الألماني على ضرورة السيطرة على اضطراب الأوضاع الأمنية في باكستان للحيلولة دون زيادة ""المخاطر الإرهابية"" في المنطقة الحدودية مع أفغانستان، فيما حذر سياسي ألماني من وقوع باكستان في حالة من الفوضى."
370,"قال مبعوث الأمم المتحدة الخاص إلى سوريا، ستافان دي ميستورا، إن محادثات السلام بين الحكومة السورية والمعارضة في جنيف ""ليست النهاية""."
371,قرر حزب الخضر الألماني إجراء مباحثات خاصة مع الحزب الديمقراطي الحر لتشكيل ائتلاف حكومي مع تحالف المستشارة ميركل المسيحي والحزب الديمقراطي الحر (الليبرالي).
372,بحث وزير الخارجية الأمريكي جون كيري مع رئيس الوزراء الإسرائيلي بنيامين نتنياهو سبل إحياء عملية السلام المتعثرة بين الفلسطينيين والإسرائيليين.
373,رغم ظهورها دائما بنفس تفصيلة السترة، يرى مصمم الأزياء الألماني الشهير فولفغانغ يوب أن ملابس المستشارة الألمانية أنغيلا ميركل تناسب سياستها بامتياز.
374,"تنطلق اليوم الجمعة المنافسة الرئيسية لمهرجان برلين السينمائي بعرض الفيلم الكوميدي الرومانسي ""نحبك هادي"" الذي تدور أحداثه عن قصة أم متسلطة تجبر ابنها على الزواج منه."
375,بعد اختفاء الشاب التشيلي كالين في أدغال بوليفيا وغاباتها الكثيفة، لجأ الشاب إلى الاستعانة بفنون الأطباء السحرة وطقوسهم للعثور على الشاب المفقود.
376,رفضت إيران دعوة الرئيس الأمريكي باراك أوباما لإلقاء كلمة في الكونغرس الأمريكي، وهو ما اعتبرته طهران غير مقبولة.
377,أغلقت السلطات التركية موقع تويتر للتواصل الاجتماعي، وذلك بعدما أبلغ مستخدمون عن صعوبة في الوصول إلى حساباتهم على الموقع.
378,أعلن مكتب رئيس الوزراء الإسرائيلي إلغاء جلسة تفاوضية كانت مقررة مساء الأربعاء مع الفلسطينيين، وذلك بعد ساعات من إعلان حركة حماس ومنظمة التحرير الفلسطينية عن اتفاق مصالحة بينهما.
379,عثرت السلطات الأمريكية على تسجيل سري لعارضة الأزياء السابقة في مجلة بلاي بوي، إميلينا ماكدوغال، كانت قد سُجلت في وقت سابق من العام الجاري.
380,"دعت الولايات المتحدة الجيش التايلاندي إلى احترام ""المبادئ الديمقراطية"" والالتزام بما أعلنه عن عدم قيامه بانقلاب بعد إعلانه الأحكام العرفية في البلاد كلها أمس الثلاثاء. وقائد الجيش يلتقي زعماء الأحزاب السياسية المتنافسة."
381,أعلنت السلطات اللبنانية الحداد العام لمدة ثلاثة أيام على ضحايا التفجير المزدوج الذي وقع في الضاحية الجنوبية لبيروت.
382,أفرجت السلطات الروسية عن رجل الأعمال الثري ميخائيل خودوركوفسكي، الذي كان محتجزا في سجن روسي منذ عشر سنوات، بحسب ما أعلنته وكالة الأنباء الروسية انترفاكس. برلين رحبت بالعفو عن خودوركوفسكي.
383,"سيطر مسلحو تنظيم ""الدولة الاسلامية في العراق والشام"" (داعش) على معبرين حدوديين مع سوريا والأردن، وذلك بعد معارك عنيفة مع الجيش العراقي."
384,قال مسؤولون قبرصيون إن المحادثات بشأن خطة انقاذ جديدة لقبرص لم تنته بعد، وذلك قبل يوم واحد من تصويت البرلمان على الخطة.
385,قدمت شركة مايكروسوفت نسخة تجريبية من خدمة الترجمة الفورية للمكالمات التي تجري على سكايب، والتي تتيح للمتحدثين بلغات مختلفة أن يسمعوا كلمات من يتحدث معهم بلغتهم الأم.
386,أعلنت الشرطة الألمانية أن ثمانية أشخاص، بينهم سبعة أطفال، لقوا حتفهم إثر اندلاع حريق هائل في مبنى سكني ببلدة باكنانغ في جنوب غرب ألمانيا. فيما وصل السفير التركي إلى البلدة لمعاينة الحريق.
387,قالت مصادر في الحزب الحاكم في السودان ان نتائج الانتخابات السودانية التي جرت الاثنين قد الغت نسبة كبيرة من الاصوات التي حصل عليها.
388,قال وزير الطاقة الروسي إن بلاده مستعدة لإمداد تركيا بالغاز رغم التوتر الحالي في العلاقات بين البلدين.
389,أثارت بعض القنوات الفضائية العراقية والعربية جدلا واسعا خلال السنوات الأخيرة حول مدى تأثيرها على النعرات الطائفية في المنطقة.
390,"بطل الدوري فريق فولفسبورغ يفوز على فريق شتوتغارت بهدفين مقابل لا شيء في المباراة الافتتاحية للموسم الكروي 2009 / 2010 التي أقيمت على ملعب ""سيغنال ايدونا بارك"" في فولفسبورغ."
391,"نشرت حركة ""بوكو حرام"" النيجيرية المتشددة صورا لمسلحين يعتقد أنهم تابعون لتنظيم ""الدولة الإسلامية"" في شمال شرقي البلاد."
392,تعرض سترة ارتداها المغني الراحل مايكل جاكسون خلال جولاته الغنائية المنفردة في مزاد الشهر المقبل، وقد تصل قيمتها إلى 100 ألف دولار. وستعرض السترة خلال جولة غنائية عالمية لألبومه الشهير (باد).
393,"""أنا منقذها"" عبارة يرددها الكثيرون منذ سنوات. لكن تامي فايسنبيرغ، رجل طويل القامة، يروي قصته بهدوء مع شريكة حياته الجديدة."
394,تمكن المنتخب الفلسطيني لكرة القدم من التأهل إلى الدور الثاني في تصفيات كأس العالم لكرة القدم 2018 في تايلاند، وذلك بعد فوزه على نظيره الأفغاني في مباراة الإياب في رام الله.
395,"قررت شركة هندوستان موتورز لصناعة السيارات تعليق إنتاج سياراتها من طراز أمباسادور في الهند بسبب ""الظروف المتدهورة"" في المصنع."
396,ذكرت صحيفة ألمانية أن المحاكم الإدارية في ألمانيا سجلت حتى يوم الثلاثين من حزيران/يونيو الماضي أكثر من 320 ألف قضية يتم النظر فيها، بينما لم يكد العدد المسجل في العام السابق يصل إلى 69 ألف قضية.
397,"أعرب الرئيس الأمريكي باراك اوباما عن أمله في أن تغير إيران سلوكها ""الشائن"" بعد التوقيع على الاتفاق النووي مع الدول الكبرى، لكنه شدد على أهمية أن تكون إيران جزءا من حل الأزمة السورية."
398,قتل جنديان هنديان في هجوم شنه مسلحون في إقليم كشمير المتنازع عليه مع باكستان.
399,قضت محكمة بلجيكية بسجن دبلوماسي إيراني 20 عاما بعد إدانته بتهمة التخطيط لهجوم كان سيستهدف تجمعا لمعارضين للنظام الإيراني قرب باريس العام 2018، في عقوبة رحبت بها طهران.
400,بدأت في العاصمة الليبية طرابلس محاكمة رجل الدين الليبي عبد الحميد الرقيعي، المتهم بالضلوع في تفجير سفارتي الولايات المتحدة في كينيا وتنزانيا عام 1998، بتهمة الإرهاب.
401,شنت طائرات التحالف الذي تقوده السعودية غارات جديدة على مواقع للحوثيين وحلفائهم في اليمن، في محاولة للسيطرة على مدينة عدن، جنوبي البلاد، بحسب ما ذكره شهود عيان.
402,تحيي مصر اليوم الذكرى الخامسة لثورة الخامس والعشرين من يناير/كانون الثاني التي أطاحت بنظام الرئيس السابق حسني مبارك.
403,دافع الملياردير الامريكي دونالد ترامب عن قرار مكتب التحقيقات الاتحادي بعدم توجيه اي تهم جنائية الى وزيرة الخارجية السابقة هيلاري كلينتون.
404,حقق فريق دورتموند فوزا كبيرا على ضيفه فورتونا دوسلدورف في افتتاح مباريات المرحلة الـ 26 من الدوري الألماني لكرة القدم (بوندسليغا)، فيما خسر شالكه على أرضه أمام ضيفه غرويتر فورت وتعادل معه بهدفين لكل منهما.
405,"أصدرت محكمة مغربية أحكاماً بالسجن النافذ والغرامة بحق 52 ناشطاً في ""الحراك الشعبي"" الذي شهدته منطقة الريف بشمال المغرب في إطار ما سمي بـ""الحراك الشعبي""، كما حكمت بالسجن على عشرات آخرين."
406,قالت الولايات المتحدة إنها تؤيد بشكل كامل الرئيس العراقي فؤاد معصوم كضامن للدستور العراقي.
407,"أعلن محرك البحث العملاق ""غوغل"" توسيع نطاق خدماته الخاصة بوسائل النقل ""غوغل فلايتس"" ليشمل خطوط السكك الحديدية الألمانية (دويتشه بان). الخدمة الجديدة تتيح المقارنة بين زمن وتكاليف الرحلات الجوية."
408,"يتوقع الأمين العام للأمم المتحدة أنطونيو غوتريش عودة لاجئين سوريين من تركيا إلى الجزء الشمالي من سوريا على أساس ""طوعي وآمن وفي كرامة"". لكن هل يعود اللاجئون فعلا طواعية إلى سوريا؟"
409,حذر وزير الدفاع الألماني توماس دي ميزير مجددا من التدخل العسكري في سوريا، معتبرا أن مثل هذا التدخل سيكون مكلفا للغاية ومليئا بالخسارة. يأتي ذلك بعد يومين من انفجار سيارتين مفخختين في بلدة الريحانية التركية.
410,أعلنت المفوضية العليا لشؤون اللاجئين التابعة للأمم المتحدة أنها مستعدة لاستقبال المزيد من اللاجئين القادمين من بنغلاديش وميانمار.
411,أعلنت وزارة الآثار المصرية عن العثور على ثماني مقابر أثرية تعود إلى نهاية العصور الفرعونية وبداية العصر البطلمي أي إلى حوالي 3 آلاف عام.
412,"قال البابا بنديكت السادس عشر في عظته العامة الأخيرة إن فترة ولايته شهدت ""أوقاتا صعبة""، وذلك خلال عظته الأخيرة التي ألقاها أمام 150 ألف شخص في ساحة القديس بطرس في روما."
413,قال الرئيس الروسي، فلاديمير بوتين، إن روسيا أحبطت مخططا إرهابيا كان يخطط لتنفيذ هجوم في العاصمة الروسية موسكو.
414,"أعلنت جماعة الإخوان المسلمين أنها ستطعن في ""أي محاولة غير ملائمة لتقييد نشاطها"" أمام القضاء البريطاني، مشيرة إلى أن المراجعة ستشمل ما وصفته بانتهاكات جسيمة لحقوق الإنسان في مصر."
415,بعد الاعتداء الإرهابي على سائحتين ألمانيتين في منتجع سياحي بمدينة الغردقة المصرية، تكثف السلطات المصرية جهودها من أجل إنقاذ الموسم السياحي، بعد مقتل سائحتين ألمانيتين في الهجوم.
416,"حذر مسؤولون عراقيون من أن سيطرة مسلحي تنظيم ""الدولة الإسلامية في العراق والشام"" (داعش) على مدينة الموصل العراقية خلال الأيام القليلة المقبلة قد تصبح وشيكا في غضون أيام."
417,قالت وسائل إعلام صينية إن مركبتين مفخختين انفجرتا في سوق مكتظ في مدينة أورومتشي في إقليم شينجيانغ الغربي، مما أسفر عن سقوط العديد من القتلى والجرحى.
418,قال المرصد السوري لحقوق الإنسان إن 31 عنصرا من حزب الله اللبناني قتلوا منذ الأحد في مدينة القصير السورية، فيما قالت دمشق إن قواتها دمرت مركبة إسرائيلية عبرت خط وقف إطلاق النار إلى الأراضي السورية من مرتفعات الجولان.
419,لم يتم ترحيل طالب لجوء أفغاني من ألمانيا إلى بلده، رغم أن المحكمة الإدارية العليا في ميونخ أوقفت قرار الترحيل، إلا أن هناك عوائق كثيرة تمنع ترحيل طالبي اللجوء المدانين. فما هي هذه العوائق؟
420,أفاد المرصد السوري لحقوق الإنسان أن قصفاً لقوات النظام السوري على مناطق في مدينة حلب أسفر عن مقتل وجرح العشرات، فيما يعقد مسؤولون في الحكومة السورية وأكراد اجتماعاً ثانياً لمواصلة محادثات حول هدنة تم الاتفاق عليها أمس.
421,قتل سبعة من عناصر قوة حفظ السلام التابعة للأمم المتحدة في اقليم دارفور السوداني في حادث وقع قرب قاعدة لقوات حفظ السلام التابعة للامم المتحدة.
422,أعلن حزب المؤتمر من أجل الجمهورية في تونس أنه سيستقيل وزرائه من الحكومة إذا لم يُغِير وزير الخارجية والعدل في حكومته.
423,قال مبعوث الولايات المتحدة الخاص لشؤون إيران برايان هوك إن عدد القتلى في الاحتجاجات الأخيرة في إيران أكبر بكثير مما تم الحديث عنه حتى الآن. يأتي ذلك فيما اتهمت بريطانيا وفرنسا وألمانيا إيران بتطوير صواريخ باليستية قادرة على حمل رؤوس نووية.
424,اندلعت اشتباكات بين الشرطة البرازيلية ومحتجين على تنظيم بطولة كأس العالم 2014 في البرازيل.
425,"يبدو أن رئيس ريال مدريد فلورنتينو بيريز قد ضاق ذرعاً بخبر رحيل النجم البرتغالي كريستيانو رونالدو عن القلعة المدريدية. رئيس ""الميرنغي"" قال في تصريحات صحفية إنه ليس نادماً على رحيل النجم البرتغالي عن القلعة المدريدية."
426,هل سبق لك أن جربت أن تمارس ضبط النفس على أفضل وجه؟ قد يبدو الأمر صعباً بالنسبة للكثيرين، لكن إذا كنت قد جربت ذلك، فربما يكون الأمر سهلاً بالنسبة لك، إذ أن ممارسة ضبط النفس على خير وجه أمرا صعباً بالنسبة للكثيرين.
427,ارتفع معدل التضخم في مصر إلى 23.4 في المئة في شهر أغسطس/آب الماضي، حسب الجهاز المركزي للاحصاء والاحصاء.
428,في أول رد فعل رسمي ألماني على صفقات الأسلحة الأمريكية المخطط توريدها للشرق الأوسط، قال وزير الخارجية شتاينماير إن زيادة التسلح في هذا الموقف المتوتر لن يكون هو الحل. الإعلام الألماني هاجم السياسة الأمريكية.
429,يشارك الآلاف من أعضاء الائتلاف الحاكم في بريطانيا في مظاهرة في العاصمة لندن السبت احتجاجا على الغارات الجوية التي يشنها التحالف الذي تقوده الولايات المتحدة على مواقع تنظيم الدولة الإسلامية في سوريا.
430,"قال مكتب التحقيقات الفيدرالي الأمريكي (إف بي آي) إن استخدام الطائرات دون طيار في عمليات خطف الرهائن في الولايات المتحدة أصبح ""كالعميان""."
431,أعلن الرئيس الأمريكي باراك أوباما عن قواعد صارمة لاستخدام الطائرات بدون طيار خارج مناطق الحروب مع اتخاذ خطوات لمنع وقوع ضحايا بين المدنيين وتركيز الهجمات على الأهداف الإرهابية التي تشكل تهديدا مباشرا.
432,أثار معتقل فلسطيني، أنهى إضرابه عن الطعام، غضبا واسعا عبر مواقع التواصل الاجتماعي في سوريا.
433,"قالت جمعية ""هيومن رايتس ووتش"" إن السياسي الهولندي اليميني المتطرف، خيرت فيلدرز، دعا المسلمين في هولندا إلى ""الرضوخ"" ""للثقافة المهيمنة""."
434,فاز فريق من الموسيقيين السوريين بجائزة المسابقة العالمية لاكتشاف المواهب في الفنون البصرية.
435,دعا المدير العام لمؤسسة DW في نسخته الفارسية السلطات الإيرانية إلى السماح للمواطنين بحرية التعبير عن آرائهم دون التعرض لإجراءات قمعية من قبل الدولة.
436,"أعلنت جماعة أنصار الله الحوثية في اليمن الإفراج عن جميع السجناء البهائيين المحتجزين لديها. يأتي ذلك بعد مرور خمس سنوات على بدء محاكمات أكثر من 20 بهائياً في اليمن بتهمة ""التجسس والردة""."
437,قتل تسعة اشخاص على الاقل في سلسلة من الهجمات في العاصمة العراقية بغداد.
438,"اتهم الرئيس السوري رئيس الحكومة التركية بالكذب في كل ما يتعلق بالأزمة السورية منذ بدايتها، وذلك في تصريحات بثت على موقع ""فيسبوك""، فيما حذر الأردن من تفجر الوضع في سوريا."
439,قالت وسائل إعلام سورية رسمية إن طائرات إسرائيلية هاجمت مواقع للجيش السوري بالقرب من الحدود مع هضبة الجولان، مما تسبب في أضرار مادية محدودة. والجيش الإسرائيلي يقول إنه أصاب ثلاثة أهداف ردا على انتهاك طائرة سورية للمجال الجوي الإسرائيلي.
440,في الوقت الذي يزداد فيه عدد ضحايا التفجيرات التي ضربت بغداد في الأسابيع الأخيرة، يزداد الضغط الدولي على الحكومة العراقية، كما يرى راينر زوليش.
441,فشل مؤتمر جامعة الدول العربية في دمشق في بلورة موقف موحد تجاه الخارج، كما يرى راينر زوليش في تعليقه التالي.
442,أعلنت ألمانيا أنها ستطرد أربعة دبلوماسيين روس على خلفية اتهام روسيا من قبل بريطانيا بالوقوف وراء تسميم العميل الروسي المزدوج السابق سيرغي سكريبال في سالزبري البريطانية.
443,"استجوبت السلطات السعودية الناشطة الحقوقية سمر بدوي، شقيقة المدون رائف بدوي المحكوم بالسجن والجلد بتهمة الإساءة للإسلام، بحسب ما أعلنته على موقع ""تويتر"" للتواصل الاجتماعي."
444,اعترف طياران امريكيان كانا على متن احدى الطائرات الحربية الامريكية باستخدام حاسوبيهما في قمرة القيادة اثناء هبوطها في الولايات المتحدة.
445,بعد مقتل الصحفي السعودي جمال خاشقجي في قنصلية بلاده بإسطنبول، يتساءل مراقبون عما إذا كانت تركيا هي المستفيد الأول من عملية القتل المفترضة. فما مدى استفادة تركيا من قضية خاشقجي؟ وما مدى استفادة أردوغان منها؟
446,قررت المفوضية العليا المستقلة للانتخابات في العراق السماح للمشمولين بقرارات الهيئة العليا للمساءلة والعدالة بالمشاركة في الانتخابات التشريعية المقررة في السابع من آذار/مارس المقبل.
447,اندلعت اشتباكات بين الشرطة البرازيلية ومحتجين في مدينة ريو دي جانيرو البرازيلية.
448,انتقد الرئيس الأمريكي دونالد ترامب ثلاثة قرارات للكونغرس بوقف بيع أسلحة إلى حلفاء للولايات المتحدة تشمل السعودية والإمارات، معتبرا أن هذه القرارات تضر بالعلاقات مع حلفاء واشنطن.
449,"حذرت المؤسسة العسكرية في مصر من انزلاق البلاد في ""نفق مظلم"" من الصراع السياسي."
450,"أعلنت وزارة الداخلية الألمانية أنّ عدد الجرائم التي سُجلت في ألمانيا إبان العام الماضي بلغ5,76 مليون جريمة، مشيرة إلى أنّ عدد الجرائم التي سُجلت في ألمانيا إبان العام الماضي بلغ5,76 مليون جريمة."
451,لا أحد يعرف كيف سيستمر الوضع الاستثنائي الذي نعيشه للمرة الأولى بسبب فيروس كورونا. فالإنسان يحتاج دائما إلى تغذية صحية قدر الإمكان. ولكن كيف يمكن الحفاظ على صحة جيدة؟
452,في ظل موجة العطش التي تجتاح تونس منذ سنواتٍ، يضطر الأهالي إلى وضع أوعية بلاستيكية أمام منازلهم لملئها بالماء الصالح للشرب، في ظل ارتفاع نسبة الانقطاعات المتكرّرة للماء الصالح للشرب في البلاد.
453,"""الحب ليس له عمر""، ""الحب ليس له عمر""، ""الحب ليس له عمر""، ""الحب ليس له عمر""، ""الحب ليس له عمر""، ""الحب ليس له عمر""، ""الحب ليس له عمر""، ""الحب ليس له عمر""، ""الحب ليس له عمر""، ""الحب ليس له عمر""، ""الحب ليس له عمر""، ""الحب ليس له عمر""، ""الحب ليس له عمر""، ""الحب ليس له عمر""، ""الحب ليس له عمر""، ""الحب ليس له عمر""، ""الحب ليس له عمر""."
454,قتل خمسة جنود روس في هجوم شنه مسلحون على قافلة عسكرية في منطقة لوهانسك في جمهورية الشيشان.
455,قال الرئيس التركي رجب طيب اردوغان إنه سيسحب كافة الدعاوى القضائية التي رفعتها السلطات التركية ضد من أساء إلى شخصه عقب محاولة الانقلاب الفاشلة التي شهدتها البلاد يوم الجمعة.
456,نفى الرئيس اليمني عبد ربه منصور هادي الانباء التي تحدثت عن اجراء تعديل وزاري في حكومة الوفاق الوطني أو تمديد ولايته المحددة بسنتين.
457,قالت وزارة الداخلية السودانية إنها اعتقلت 600 شخص لمشاركتهم في التظاهرات المناهضة للحكومة التي تشهدها البلاد منذ خمسة أيام، فيما قالت قناة سكاي نيوز إن السلطات السودانية أغلقت مكتبها وصادرت أجهزة ومنع مراسلها من العمل.
458,"فاز الجزء الجديد من سلسلة جيمس بوند (Sky Fall) بجائزة افضل ممثلة وأفضل ممثل عن دورهما في الفيلم الغنائي ""البؤساء""."
459,قتل 103 شخصاً على الأقل في هجوم شنه مسلحون على مواشيهم في ولاية جونقلي الواقعة في جنوب السودان، حسبما اعلن حاكم الولاية.
460,نددت تركيا بالاتفاق النفطي الذي وقعته شركة أمريكية مع قوات سوريا الديمقراطية في شمال شرقي سوريا.
461,أعلن التحالف العربي الذي تقوده السعودية في اليمن عن تبادل تسعة سعوديين محتجزين مقابل 109 يمنيين يرجح أنهم من الحوثيين وحلفائهم. يأتي ذلك قبل نحو أسبوعين من وقف مرتقب لإطلاق النار في اليمن يدخل حيز التنفيذ.
462,تعهد الرئيس النيجيري محمدو بوخاري بالقضاء على حركة بوكو حرام الاسلامية المتشددة، وذلك بعد فوزه في الانتخابات الرئاسية الأخيرة.
463,أصدرت المفوضية الفيدرالية للتجارة في الولايات المتحدة تعليمات إلى شركات التكنولوجيا الكبرى بشأن خصوصية بيانات المستهلكين.
464,"هاجم ملثمون مقر مجلة ""شارلي إبدو"" الفرنسية الساخرة في باريس، وذلك بعد يوم واحد من نشر رسامي المجلة رسوما ساخرة من النبي محمد."
465,ارتفعت قيمة اللاعب المصري محمد صلاح، لاعب ليفربول الإنجليزي، إلى 162.8 مليون يورو خلال الموسم الحالي من الدوري الإنجليزي الممتاز لكرة القدم (البريميير ليغ).
466,قالت الشرطة في مدينة فرينسو الأمريكية إنها ألقت القبض على رجل مشتبه به في قتل أربعة أشخاص من ذوي البشرة البيضاء في حادث إطلاق نار عشوائي في المدينة.
467,هل جربت يوماً أن تأكل شيئاً عادياً في الثلاجة وتسخين الطعام في جهاز الميكروويف؟ قد يبدو الأمر غريباً بالنسبة لك، لكنك تعلم أن الأمر قد يتحول إلى أمر روتيني، فكيف يمكن التخلص من هذه العادات الخاطئة؟
468,في الوقت الذي يزداد فيه الإقبال على تناول التفاح في الأسواق العالمية في غير أوقات جني المحصول، يلجأ البعض إلى تخزين هذه الثمرة في مكان لا يصله الأكسجين، وهو ما قد يؤخر نضج الثمرة.
469,أعلن الجيش الأمريكي أن التحالف الذي تقوده الولايات المتحدة قتل عشرات المدنيين في سوريا والعراق في الفترة بين 31 مارس/ آذار و22 أكتوبر/ تشرين الأول، فيما أفاد فريق تابع للأمم المتحدة بمقتل ما مجموعه 926 عراقيا.
470,ثارت حمم بركانية في جزيرة أيسلندا، بعد ساعات من ثورانها.
471,أدى الأمير فيصل بن فرحان آل سعود القسم أمام العاهل السعودي الملك سلمان بن عبد العزيز ليصبح سفيراً جديداً لدى ألمانيا الاتحادية. ورغم عدم صدور أي تعليق رسمي من برلين، إلا أن ألمانيا رحبت بالأمر.
472,"قتل 15 مدنيا على الأقل بينهم تسعة أطفال في قصف للطيران السوري على حي شيخ مقصود في حلب، فيما بدأ رئيس الحكومة السورية المؤقتة مشاوراته لتشكيل حكومة جديدة، فيما حذر الرئيس السوري بشار الأسد من انعكاسات ""تقسيم"" سوريا."
473,"نجح فريق عمل الفيلم اليمني ""ليس للكرامة جدران"" في الحصول على جائزة الأوسكار عن فئة الأفلام القصيرة."
474,أفادت الأنباء الواردة من الصومال بوقوع اشتباكات بين مسلحي حركة الشباب الإسلامية المتشددة ومسلحين من حركة الشباب الإسلامية المتشددة في بلدة برافا جنوب العاصمة مقديشو.
475,شنت مقاتلات التحالف الذي تقوده السعودية سلسلة من الغارات الجوية على مواقع المتمردين الحوثيين في اليمن بالرغم من الهدنة الإنسانية التي أعلنتها الأمم المتحدة. يأتي ذلك بالرغم من الهدنة الإنسانية التي أعلنتها الأمم المتحدة.
476,أفادت تقارير بأن طائرات روسية قصفت سوقا مزدحما بالرواد في محافظة إدلب السورية، مما أسفر عن مقتل العشرات.
477,"لا يكفي أن يكون الوجه جميلا حتى يعلق في الذاكرة، بل يكفي أن يكون الوجه جميلا حتى يعلق في الذاكرة. هذا ما توصل إليه علماء نفس ألمان في جامعة ""فريدريش شيلر- يينا"" الألمانية."
478,قال رئيس الوزراء الاسرائيلي السابق ايهود اولمرت إنه وافق على بناء ثلاثة فنادق في القدس الشرقية في اطار التحقيق في فضيحة الفساد التي تعصف بالحكومة.
479,قال مسعود أوزيل، لاعب خط الوسط في المنتخب الألماني لكرة القدم، إنه قرر التوقف عن ارتداء قميص المنتخب الألماني.
480,في مقابلة حصرية مع بي بي سي، قالت الأمينة العامة للاتحاد الدولي لكرة القدم (فيفا) إنها كسرت الحواجز التي تفرضها التقاليد.
481,أعادت السلطات الليبية فتح معبر رأس جدير الحدودي مع تونس بعد أشهر من إغلاقه.
482,حقق فريق كولونيا فوزا ثمينا على مضيفه شتوتغارت في افتتاح الجولة الثامنة من البوندسليغا. وبذلك يواصل كولونيا مسلسل السقوط في الدوري الألماني لكرة القدم (بوندسليغا).
483,قطع برشلونة شوطاً كبيراً نحو التتويج بلقب دوري الدرجة الأولى الإسباني لكرة القدم للمرة الخامسة في سبع سنوات بعد فوزه على ريال سوسيداد 3-صفر في ذهاب نصف نهائي دوري أبطال أوروبا.
484,في إطار بطولة كأس الأمم الإفريقية لكرة القدم التي تستضيفها جنوب إفريقيا، يلتقي المنتخبان الكاميروني والنغولي في دور ثمن النهائي. ورغم أن الفريقين لم ينجحا في تحقيق أهدافهما، إلا أن ذلك لا يمنع من وجود خلافات على الحدود.
485,قال دبلوماسيون في الأمم المتحدة إن الحكومة اليمنية وافقت على المشاركة في محادثات السلام التي ترعاها الأمم المتحدة في جنيف الأسبوع المقبل.
486,طلبت النيابة العامة في تونس استئناف الحكم الذي صدر على 20 شخصاً بتهمة مهاجمة السفارة الأمريكية في تونس في سبتمبر/أيلول الماضي.
487,"فازت المحامية الكاميرونية أليس نكوم بجائزة ""جائزة الأمل"" في مجال حقوق المثليين."
488,قررت النيابة العامة الفرنسية استمرار احتجاز الأكاديمي السويسري طارق رمضان في فرنسا وإبلاغه بأنه سيخضع لتحقيق كامل في اتهامات بالاغتصاب. وكان رمضان قد حصل على إجازة مؤقتة في جامعة أكسفورد البريطانية.
489,قتل ثلاثة أشخاص وأصيب أكثر من 30 آخرين في انفجارات استهدفت مراكز اقتراع في العراق، بحسب مسؤولين أمنيين.
490,"أطلقت الشرطة التركية الغاز المسيل للدموع لتفريق حشد من عدة آلاف من النساء تظاهرن في إسطنبول للاحتفال باليوم العالمي للمرأة، فيما قالت ناشطات إن ""هناك انتشار واسع للعنف ضد النساء والحكومة لا تفعل شيئا لمنع ذلك""."
491,يبدو أن اللاعب الأرجنتيني كارلوس تيفيز، لاعب خط الوسط في فريق شنغهاي شينخوا الصيني، بات في وضع صعب للغاية. والسبب هو زيادة وزنه.
492,قالت وزارة التضامن الاجتماعي في مصر إنها فتحت تحقيقا مع صاحب دار لرعاية الأيتام في محافظة الجيزة بعد انتشار مقطع فيديو على مواقع التواصل الاجتماعي يظهر فيه وهو يضرب عددا من الأطفال.
493,أعلنت غرفة التجارة الخارجية في غرفة التجارة الخارجية الألمانية أن الصادرات الألمانية لتركيا تراجعت العام الماضي بنسبة 10% مقارنة بالعام الماضي.
494,في ختام أعمال القمة الطارئة للمجموعة الاقتصادية لدول وسط إفريقيا، قدم رئيس إفريقيا الوسطى ميشال جوتوديا ورئيس وزرائه نيكولا تيانغاي استقالتيهما. القمة دعت أيضا المجلس الوطني الانتقالي إلى مواصلة تحرير بانغي.
495,تفاعل رواد مواقع التواصل الاجتماعي في العالم العربي مع نبأ المصالحة بين قطر وجيرانها الخليجيين.
496,"فاز فيلم ""باد لاك بانغينغ أور لوني بورن"" للمخرج الروماني رادو جود بجائزة ""الدب الذهبي"" التي يمنحها مهرجان برلين السينمائي الدولي (البرليناله) لأفضل فيلم."
497,"قالت زعيمة المعارضة البورمية اونغ سان سو تشي في كلمة القتها امام الجمعية العامة للامم المتحدة في نيويورك ""سأعمل على مساعدة الشعب البورمي""."
498,فرضت غانا التعادل بدون أهداف على أوغندا صاحبة الأرض في الجولة الخامسة من منافسات المجموعة الخامسة في التصفيات المؤهلة لكأس العالم لكرة القدم 2018 في روسيا. وستحجز مصر مكانها في كأس العالم للمرة الرابعة على التوالي.
499,أصدر الرئيس الفرنسي فرانسوا هولاند العدد الجديد من مجلة شارلي إبدو الفرنسية الساخرة والذي يتضمن صورا للنبي محمد.
500,دعت منظمة هيومن رايتس ووتش الحقوقية تركيا إلى التحقيق في استخدام القوة المفرطة من قبل حرس الحدود، وكذلك التوقف عن صد اللاجئين السوريين عند محاولتهم دخول تركيا، فيما ندد مفوض الأمم المتحدة لحقوق الإنسان بسلسلة تجاوزات نسبت للجيش التركي.
501,اندلعت اشتباكات بين متظاهرين وقوات الأمن في العاصمة الأوكرانية كييف بعد تصويت البرلمان الأوكراني لصالح تعديل دستوري يعطي المزيد من الاستقلالية للأقاليم الواقعة شرقي البلاد.
502,"بدأ القائمون على المسلسل التلفزيوني الليبي ""دراجنوف"" مراحل التصوير الأولى استعداداً لعرضه في شهر رمضان القادم. المسلسل يتناول مرحلة ما قبل الثورة الليبية ثم فترة الثورة وما بعدها من الناحية الاجتماعية."
503,قالت اذاعة الجيش الاسرائيلي إن البحرية الاسرائيلية اعترضت الاربعاء قافلة الحرية التي كانت متجهة الى قطاع غزة.
504,قتل أربعة أشخاص، بينهم طفلتان، وأصيب 17 آخرون في هجوم استهدف كنيسة في منطقة الوراق شرقي العاصمة المصرية القاهرة.
505,"ذكرت صحيفتا ""فيسبادنر كورير"" و""الغماينر تسايتونغ ماينز"" الألمانيتان أنّ علي ب. المتهم بقتل المراهقة الألمانية سوزانا سيصل إلى مطار فرانكفورت بحماية الشرطة الاتحادية الألمانية."
506,قال وزير الخارجية الأمريكي جون كيري إن إيران والقوى الكبرى تقتربان من التوصل إلى إتفاق بشأن برنامجها النووي.
507,ذكرت دراسة حديثة أن الطماطم لها فوائد صحية عديدة، من بينها محاربة أمراض القلب والأوعية الدموية. الدراسة كشفت أيضا عن تأثير مضادات الأكسدة الموجودة في الطماطم على البكتيريا المعوية.
508,بعد ساعات من اعتقاله، قال وزير الأمن البريطاني بن والاس إن قائد السيارة التي دهست المارة في ممر للمشاة أمام البرلمان البريطاني في ويستمنستر بريج بريطاني الجنسية.
509,اتهمت الحكومة السورية بعض المحامين الدوليين بعدم السماح بإدخال المساعدات الإنسانية إلى البلاد دون موافقة الحكومة السورية.
510,"تعتزم مجموعة ""فيرجين غالاكتيك"" إطلاق رحلات تجارية إلى الفضاء العام القادم، وذلك في خطوة تهدف إلى جذب المزيد من السياح إلى الفضاء."
511,حذر الرئيس الإيراني محمود أحمدي نجاد من خطة إسرائيلية للقيام بعملية عسكرية جديدة في قطاع غزة، جاء ذلك في خطاب ألقاه في منطقة سيرجان جنوب شرقي إيران. أحمدي نجاد أكد استعداد بلاده للتعاون مع المجتمع الدولي.
512,قالت الشرطة السويسرية إنها حصلت على بيانات من مكتب الأمين العام للاتحاد الدولي لكرة القدم (فيفا).
513,أعلن رئيس الوزراء الاسترالي سكوت موريسون أن بلاده اعترفت رسميا بالقدس الغربية عاصمة لإسرائيل، مؤكدا في ذات الوقت دعم بلاده لمبدأ حل الدولتين الذي يشمل إعلان القدس الشرقية عاصمة لدولة فلسطينية.
514,طالب وزير الداخلية الألماني هورست زيهوفر وزير الداخلية هورست زيهوفر بتقديم تقرير إلى وزارة الداخلية الألمانية بشأن تصريحات أدلى بها حول أحداث كمنيتس خلال المظاهرات اليمينية الأخيرة.
515,"أثار وجود الملك التايلاندي في ألمانيا جدلاً واسعاً في البلاد، حيث يتردد أنه يقيم في فندق ""غراند زوننبخيل"" في جبال الألب، ما دفع وزارة الخارجية الألمانية لإصدار تصريح بإقامة الملك في ألمانيا."
516,"في حوار مع مجموعة ""ريداكسيون نيتسوورك"" الإعلامية، تحدثت الصحفية السابقة سابينه كيم عن حياة ميشائيل شوماخر، ابن بطل العالم سبع مرات، ميشائيل شوماخر، الذي يرقد في منزله السويسري منذ تعرضه لإصابة خطيرة في رأسه."
517,قالت الحكومة البريطانية إن كوريا الشمالية هي المسؤولة عن الهجمات الإلكترونية التي ضربت العالم.
518,أصدرت محكمة ألمانية حكما بالسجن 18 شهرا على الأكاديمي الإيراني المعروف صادق زيباكلام بسبب مقابلة أجراها مع القسم الفارسي في شبكة دويتشه فيله الإعلامية الألمانية.
519,حذرت منظمة هيومان رايتس ووتش المعنية بحقوق الإنسان من أن سياسة الاحتواء التي ينتهجها الاتحاد الأوروبي تجاه طالبي اللجوء في اليونان قد تحول إلى سجن مفتوح.
520,تأهل بايرن ميونيخ الألماني إلى ثمن نهائي دوري أبطال أوروبا لكرة القدم بعد فوزه على أولمبياكوس اليوناني بأربعة أهداف دون مقابل. كما فاز أرسنال الانكليزي على دينامو زغرب الكرواتي بثلاثة أهداف دون مقابل.
521,نشرت الشرطة الإسرائيلية شريطا مصورا يظهر سيارة مرسيدس فضية اللون تقف فوق جسد فلسطيني ملقى على الأرض.
522,في الوقت الذي يزداد فيه عدد الشباب المنتمين إلى تنظيم الإخوان المسلمين في مصر، تزداد المخاوف من تصاعد أعداد الشباب المتطرف الداعية للعنف. DW عربية تحدثت مع بعض قيادات التنظيم في القاهرة حول هذه الخلافات.
523,ذكرت تقارير صحفية أن نجمة البوب مادونا انتقلت إلى العاصمة البرتغالية لشبونة من أجل مشاهدة اللحظات الأولى في مسيرة ابنها ديفيد باندا رفقة فريق بنفيكا البرتغالي.
524,شنّ الحوثيون هجمات على عدة منشآت نفطية تابعة لشركة أرامكو السعودية ومواقع عسكرية في المملكة. يأتي ذلك بعد أيام من طرح الرياض مبادرة جديدة تتضمن وقفا لإطلاق النار في اليمن.
525,قال جون سكالي، المدير التنفيذي السابق لشركة آبل، إنه من الممكن لشركة آبل أن تغير استراتيجيتها في مجال التجارة الإلكترونية.
526,"""السوبر ستار الحقيقي لألمانيا: خمسون مشروعاً وفكرة لعالم الغد""، هذه هي فكرة مشروع ""السوبر ستار الحقيقي لألمانيا: خمسون مشروعاً وفكرة لعالم الغد""، الذي يهدف إلى تشجيع الأجيال الجديدة للاتجاه إلى الدراسات العلمية والهندسية."
527,"قالت منظمة الأمم المتحدة للطفولة ""يونيسيف"" إن أطراف النزاع في سوريا أرسلت نحو 900 قاصر، ربعهم دون 15 عاماً، إلى ساحات القتال في العام الماضي."
528,"كشف تقرير صحفي أن التونسي أنيس عامري، منفذ هجوم برلين، كان يستكشف أماكن أخرى لاستهدافها على الأرجح. وحسب التقرير، كان يستكشف ميدان ""ألكسندربلاتس"" ومتنزه ""لوستغارتن"" في برلين أربع مرات."
529,"أعلنت مجموعة ""أنونيموس"" للقرصنة الالكترونية أنها تمكنت من محو عشرات المواقع على شبكة الانترنت في الصين."
530,أفادت الأنباء الواردة من سوريا بانتهاء وقف إطلاق النار في مدينة حمص السورية لمدة ثلاثة أيام، وذلك بعد ساعات من التوصل إلى اتفاق مبدئي بين الحكومة والمعارضة.
531,دعا مايكل بارنيير، وزير شؤون خروج بريطانيا من الاتحاد الأوروبي، بريطانيا إلى تجهيز أوراق واضحة للبدء في الجولة الثالثة من المفاوضات.
532,"وافق الكنيست الإسرائيلي على مشروع قانون لحل البرلمان، ما يمهد الطريق لإجراء انتخابات مبكرة في غضون عامين، فيما وصف زعيم المعارضة يائير لابيد حكومة الوحدة بأنها ""الأسوأ في تاريخ إسرائيل""، متهما إياها بأنها أخفقت في إدارة أزمة كورونا."
533,اعتقلت السلطات الفرنسية اثنين من الطيارين الفرنسيين، يُشتبه في أنهما ساعدا في هروبهما من مصر.
534,اتهم أمير قطر الشيخ تميم بن حمد آل ثاني السعودية والإمارات والبحرين ومصر بمحاولة عرقلة استضافة بلاده لكأس العالم لكرة القدم عام 2022، فيما جدد وزير الخارجية القطري دعوته للحوار لحل الأزمة.
535,قالت الشرطة الألمانية إن شخصين لقيا حتفهما إثر حريق اندلع في مأوى للمشردين وطالبي اللجوء في بلدة ماركغرونغن القريبة من مدينة شتوتغارت بجنوب ألمانيا. وأضافت الشرطة أن تسعة أشخاص، بينهم اثنان من طالبي اللجوء، كانوا داخل المبنى.
536,بعد رحيله عن فريق ريال مدريد الإسباني، يستعد مسعود أوزيل لخوض أول مباراة له مع ناديه الجديد أرسنال ضد سندرلاند السبت. مدرب المنتخب الألماني لكرة القدم يوآخيم لوف يرى أن أوزيل لن يجد صعوبة في التأقلم مع الأجواء في أرسنال.
537,ألمح المدرب الأرجنتيني دييغو سيميوني إلى إمكانية حدوث شيء أقرب إلى المستحيل في مباراة العودة بين فريقه وأتلتيكو مدريد في ذهاب نصف نهائي دوري أبطال أوروبا.
538,قتل ثلاثة أشخاص على الأقل في هجوم شنه مسلحون من المعارضة السورية على قرية معلولا القريبة من الحدود مع لبنان، بحسب ما ذكره المرصد السوري لحقوق الإنسان.
539,شكل الجليد في لندن وتشكيلات جليدية أخرى في ميدان الطرف الأغر في لندن، من أبرز الصور التي التقطتها عدسات المصورين.
540,لا تقتصر فوائد الكمون على الإسراع في تخفيف الوزن وتنظيف الجسم، بل له أيضا فوائد أخرى، من بينها الوقاية من نزلات البرد وتحسين التنفس. فما هي هذه الفوائد؟
541,في مباراة مثيرة، تمكن برشلونة من تسجيل هدف ثالث في شباك ريال مورسيا في ذهاب دور الـ16 من بطولة كأس ملك إسبانيا. ورغم أن ميسي وسواريز لم ينجحا في ذلك، إلا أن مدرب الفريق الرديف لبرشلونة جيرارد لوبيز معجب به.
542,"بدأت اليوم في دريسدن محاكمة ثمانية أعضاء في مجموعة من اليمين المتطرف وصفت بأنها ""إرهابية"" وذلك بعد التسبب بسلسلة هجمات شنت في 2015 ضد لاجئين وخصوم سياسيين."
543,قالت منظمة الأمم المتحدة للطفولة (اليونيسف) إن عشرات الأطفال قتلوا في هجمات شنها متمردون في ولاية الوحدة في جنوب السودان.
544,قالت وزارة الداخلية المصرية إنها تمكنت من ضبط 22 من عناصر الإخوان بحوزتهم فرد خرطوش و6 طلقات من ذات العيار وعدد من زجاجات المولوتوف وأسلحة بيضاء في محافظات متفرقة من البلاد.
545,بعد عام في المنفى، توفي الصادق المهدي، أحد أبرز الشخصيات السياسية في السودان، عن عمر يناهز 82 عاما، بعد صراع طويل مع المرض. فما هي أبرز محطات مسيرته السياسية؟
546,قالت مصادر فلسطينية لبي بي سي إن حركة المقاومة الإسلامية (حماس) اتفقت مع حركة فتح على اختيار وزير الخارجية الفلسطيني الجديد رامي الحمد الله.
547,فشل البرلمان الجنوب إفريقي في التصويت على مذكرة لحجب الثقة عن رئيس البلاد جاكوب زوما، وذلك في أول تصويت يتم بالاقتراع السري. فقد صوتت غالبية مطلقة من النواب على حجب الثقة.
548,توصلت الولايات المتحدة واليابان الى اتفاق يقضي بنقل 9000 من جنود مشاة البحرية الامريكية من قاعدة اوكيناوا الجوية الى قواعد اخرى خارج اليابان.
549,خلصت دراسة علمية حديثة الى ان معدلات الاصابة بمرض السكري في العالم قد ارتفعت الى اعلى معدلاتها في العالم.
550,"حذرت منظمة ""مراسلون بلا حدود"" في تقريرها السنوي من أن ""حرية الصحافة لم تكن مهددة على النحو الذي هي عليه اليوم""، مشيرة إلى أن السلطات في مصر والبحرين تزج بالصحفيين في السجن مع إبقائهم خلف القضبان لمدد طويلة."
551,حذر علماء من انتشار نوع جديد من طفيلي الملاريا في مناطق مختلفة من العالم.
552,أفرجت السلطات البحرينية عن الناشط الحقوقي البارز نبيل رجب بعد قضائه أكثر من 600 يوم في السجن.
553,اتفقت الولايات المتحدة وحلفاؤها على تشكيل حكومة انتقالية في سوريا بحلول منتصف يناير/كانون الثاني المقبل، بحسب ما أعلنه الأمين العام للأمم المتحدة.
554,قتل شاب في العشرين من العمر في اشتباكات بين قوات الأمن ومتظاهرين في مدينة تطاوين جنوبي تونس، بحسب ما ذكره مسؤولون.
555,أعلنت إدارة الطيران والفضاء الأمريكية (ناسا) أن متوسط درجة حرارة الأرض استمر في الارتفاع خلال عام 2013 رغم الاختلافات الموسمية والإقليمية بما في ذلك ذوبان الغطاء الجليدي في منطقة القطب الشمالي وتزايد الجليد بشكل كبير في نصف الكرة الأرضية الجنوبي.
556,دعا رجل الدين الشيعي مقتدى الصدر، زعيم التيار الصدري، الحكومة العراقية إلى الاستقالة وإجراء انتخابات مبكرة تحت إشراف أممي. ودعا الصدر إلى إجراء انتخابات مبكرة تحت إشراف أممي.
557,قصف الطيران الإسرائيلي أهدافا لمسلحين في قطاع غزة ردا على إطلاق صاروخ من القطاع على جنوب إسرائيل، وفق ما أعلن الجيش الإسرائيلي. يأتي ذلك بعد سقوط صاروخ من القطاع على جنوب إسرائيل دون أن يسفر عن وقوع إصابات.
558,تزوجت الأميرة يوجيني، حفيدة الملكة إليزابيث الثانية، من الأمير أندرو وسارة، دوقة ساسكس، دوقة ساسكس، دوقة ساسكس، دوقة ساسكس، دوقة ساسكس، دوقة ساسكس، دوقة ساسكس، دوقة ساسكس، دوقة ساسكس، دوقة ساسكس، دوقة ساسكس، دوقة ساسكس، دوقة ساسكس، دوقة ساسكس، دوقة ساسكس، دوقة ساسكس، دوقة ساسكس، دوقة ساسكس، دوقة ساسكس.
559,قال الرئيس الروسي فلاديمير بوتين إن بلاده ستشتري الغاز الروسي من تركيا بدلا من الاتحاد الاوروبي.
560,أعلنت شركة نايكي، عملاق صناعة ألعاب الفيديو في الولايات المتحدة، أنها اختارت لاعب كرة القدم الأمريكي كولن كايبرنيك، الذي فقد دخله من اللعب أثناء عزف النشيد الوطني الأمريكي أثناء عزف النشيد الوطني.
561,فاز مانشستر يونايتد على ضيفه مانشستر سيتي بثلاثة أهداف مقابل هدفين في المباراة التي جمعت الفريقين على ملعب ستامفورد بريدج في المرحلة السادسة عشرة من الدوري الإنجليزي الممتاز لكرة القدم.
562,أفادت مصادر أمنية إسرائيلية بأن صاروخا أطلق من سيناء على مدينة إيلات الإسرائيلية، وذلك بعد العثور على شظاياه في ضواحي المدينة.
563,بدأت في برلين محاكمة لاجئ سوري بتهمة الاعتداء على إسرائيلي يرتدي (كيباه) في برلين، فيما أكدت المستشارة الألمانية أنغيلا ميركل عزمها مكافحة معاداة السامية في ألمانيا.
564,أفادت مصادر أمنية مصرية لبي بي سي بأن قوات الأمن تمكنت من تفكيك عبوة ناسفة في مدخل مسجد بمدينة طنطا بمحافظة الغربية.
565,أدانت الأمم المتحدة القمع الدموي للاحتجاجات ضد الحكومة السودانية في عدة مدن سودانية والتي طالبت بمكافحة غلاء المعيشة وتحسين أوضاع الفقراء من المواطنين. في غضون ذلك، أصدر مجلس الوزراء قرارا بزيادة أجور العاملين بالقطاع العام.
566,"أثار وزير الداخلية الألماني الجديد هانس بيتر فريدريش خلال افتتاح ""مؤتمر الإسلام"" في برلين شكوكا حول نجاح ""مؤتمر الإسلام"" الحالي واستمراره، حيث اقترح إقامة شراكة أمنية بين الطرفين لمكافحة التطرف الديني وعرقلة هجمات ينفذها إسلاميون."
567,قضت محكمة إيطالية بالسجن لمدة عام واحد على رئيس الوزراء الأسبق سيلفيو برلسكوني بعد إدانته بتسريب معلومات من تحقيق قضائي سري سعيا لتدمير خصم سياسي. وبرلسكونى متهم باستغلال عاهرة قاصر و إساءة استغلال سلطته.
568,عرضت صور بالأشعة السينية وتقارير طبية لأسطورة هوليوود الراحلة مارلين مونرو للبيع في مزاد بمدينة لوس أنجليس الأمريكية.
569,"في خطوة تهدف إلى إدماج الوافدين الجدد في المجتمع الألماني، تقوم مبادرة ""الصندوق السعيد"" بجمع الهدايا للوافدين الجدد في مدن ألمانية عديدة. فما هي هذه المبادرة وما هي أهدافها؟"
570,"وافق البرلمان البريطاني بأغلبية ساحقة على شن غارات جوية على مواقع تنظيم ""الدولة الإسلامية"" في سوريا بعد نقاش دام أكثر من 10 ساعات. وكان رئيس الوزراء البريطاني قد حث أعضاء البرلمان على التصويت لصالح شن الغارات."
571,"تعرض متحف ""القبو الأخضر- Grünes"" التابع للقصر التاريخي في مدينة دريسدن شرقي ألمانيا للسرقة من قبل مجهولين في ساعة مبكرة من صباح اليوم الاثنين."
572,طالبت رابطة الصحفيين الألمان بالتعامل مع التهديدات الموجهة من يمينيين متطرفين ضد صحفيين وساسة محليين، أعربوا علنا عن تأييدهم لسياسة استقبال اللاجئين، على محمل الجد. ووزير الخارجية الألماني يدعو لتقديم الدعم للساسة.
573,"لم يكن لاعب أرسنال السابق لوكاس توريرا يعاني من مصاعب مالية في البداية، لكنه استطاع في الأشهر القليلة الماضية أن يحجز مكانه في التشكيلة الأساسية لكتبيه ""الغانرز"" المدججة بالنجوم."
574,شدد قادة دول مجلس التعاون الخليجي في ختام اجتماعهم في الرياض على ضرورة حل الأزمة في سوريا واليمن سياسياً. كما شددوا على دعم الحل السياسي في اليمن وفق المبادرة الخليجية ومخرجات الحوار الوطني.
575,قدم المرشح الرئاسي الروسي المحتمل، ديميتري ميدفيدف، وعودا تشمل إجراء إصلاحات واسعة النطاق في قطاعات الاقتصاد بما فيها حماية الملكية الخاصة، بالإضافة إلى تعزيز العلاقات الثنائية مع واشنطن.
576,"قتل خمسة أشخاص على الأقل، بينهم أم وطفلها الرضيع، في إعصار ""فلورنس"" الذي تم تخفيض تصنيفه إلى عاصفة استوائية، فيما ضرب إعصار آخر ""مانكوت"" شمال الفلبين، مصحوبا برياح تتجاوز سرعتها 200 كيلومتر في الساعة."
577,قال المدعي العام في المحكمة الخاصة بلبنان دانيال كاسيزي السبت ان المحققين حققوا تقدما ملموسا في تحديد هوية الانتحاري الذي نفذ عملية اغتيال رئيس الوزراء اللبناني السابق رفيق الحريري.
578,"""بوهاويسي"" هي كلمة جامعة أنيقة يمكن استخدامها في كل المناسبات، سواء في العمل أو الدراسة أو في أي مكان في العالم، كما يقول تزاي لي، مدرس اللغة التايوانية."
579,أظهر استطلاع للرأي أن نحو ثلثي الألمان يعارضون بقاء المستشارة الألمانية أنغيلا ميركل في منصبها لولاية رابعة، بعد إجراء الانتخابات العامة في 2017، وذلك في مؤشر على أن تعاملها مع أزمة المهاجرين يؤثر على شعبيتها.
580,أعلنت الولايات المتحدة عن تشكيل قوة عسكرية مشتركة مع القوات العراقية تستهدف تنظيم الدولة الإسلامية.
581,"قال الإدعاء الأمريكي إن الشرطي السابق، جورج شوفين، الذي قتل جورج فلويد في مايو/أيار الماضي، كان ""جريمة قتل""."
582,"تعد منطقة ""الغابة السوداء"" من أكثر المناطق جاذبية وسحراً في ألمانيا، غير أن المسافة التي يقطعها نهر الدانوب على مدى 577 كيلومتراً في الأراضي الألمانية تعتبر من أكثر المناطق جاذبية وسحراً."
583,طور باحثون في مركز علاج الاكتئاب بجامعة ميشيغان الأمريكية تطبيقا جديدا يمكنه التعرف على الحالة النفسية لمرضى الاضطرابات النفسية عن طريق نبرة صوته عن حالته النفسية.
584,"منحت ملكة تايلاند، سينينات ونغواشيراباك، لقب ""الحارسة الملكية النبيلة""."
585,وقع العراق والأمم المتحدة مذكرة تفاهم لإشراك محققين دوليين في ملفات الفساد الكبرى ذات الأولوية. وتطال الاتهامات وزراء ومسؤولين كبار ونواب في البرلمان العراقي، بينهم رئيس البرلمان سليم الجبوري، الذي أغلق ملف الدعوى ضده.
586,"تعتزم الحكومة الإيرانية إغلاق تطبيق ""إنستغرام"" الشهير لنشر الصور والفيديو، الذي استخدمه المتظاهرون المناهضون للحكومة كوسيلة تواصل رئيسية بينهم."
587,رفعت منظمة حقوقية دعوى قضائية ضد موقع فيسبوك للتواصل الاجتماعي.
588,"أعلن رئيس الوزراء الأوكراني ارسيني ياتسينيوك أن أعمال العنف في اوديسا التي أوقعت نحو أربعين قتيلا هي جزء من ""خطة روسية لتدمير أوكرانيا""، فيما شوهدت طائرات مقاتلة روسية تحلق فوق القرم قبل أيام من زيارة الرئيس الروسي."
589,في حوار مع DW يرى الخبير الأمريكي في شؤون الشرق الأوسط كريس وودز أن طائرات ألمانية لعبت دوراً حاسماً في الهجوم على مدرسة في منطقة المنصورة بالقرب من الرقة في سوريا، ما أدى إلى مقتل 33 مدنياً.
590,قال الرئيس التنفيذي لنادي بايرن ميونيخ الألماني كارل-هاينز رومينيغه إن ريال مدريد الإسباني مرشح لبلوغ نصف نهائي دوري أبطال أوروبا لكرة القدم على حساب النادي البافاري.
591,أعربت الممثلة البريطانية نيوتون عن قلقها من قلة الأدوار التي يمكن أن يؤديها الممثلون السود في بريطانيا.
592,بدأت المحكمة العليا في مدينة فرانكفورت الألمانية محاكمة شاب عمره 21 عاما ظهر في صور أمام رؤوس مقطوعة في سوريا. وكان الادعاء العام الألماني قد حرك الدعوى ضد المتهم في شباط/ فبراير الماضي.
593,"دعت بريطانيا وفرنسا وألمانيا إلى ""إنهاء التصعيد العسكري"" في شمال غرب سوريا، محذرة من أن ذلك يمثل ""انتهاكا سافراً للقانون الدولي"". تزامن ذلك مع وقوع اشتباكات عنيفة بين قوات النظام السوري وفصائل جهادية أخرى."
594,"أعربت الولايات المتحدة عن ""قلقها الشديد"" إزاء تصريحات للرئيس المصري محمد مرسي وصف فيها الإسرائيليين بـ""محتلي فلسطين وبأبناء القردة والخنازير"". جاء ذلك في شريط فيديو بثته مؤسسة الأبحاث حول وسائل الإعلام في الشرق الأوسط."
595,أكد وزير الخارجية الليبي أن السلطات الجزائرية أبلغت نظيرتها الليبية رسميا بمغادرة بعض أفراد عائلة العقيد الراحل معمر القذافي إلى سلطنة عمان، نافيا صحة التقارير الجزائرية التي تحدثت عن وجود صفقة مع مصر لتسليم أعوان القذافي.
596,شهدت قلعة وندسور في بريطانيا مراسم زفاف الأميرة يوجيني حفيدة ملكة بريطانيا على الأمير هاري وزوجته ميغان، بحضور عدد كبير من المشاهير وأفراد العائلة المالكة من بينهم ابن عمها الأمير هاري وزوجته ميغان.
597,رفض الرئيس التركي رجب طيب إردوغان الانتقادات الدولية بشأن قراره بإعادة الانتخابات البلدية في مدينة إسطنبول التي فاز بها حزب الشعب الجمهوري المعارض.
598,قرر جنود مصريون إغلاق معبر رفح الحدودي مع قطاع غزة حتى عودة زملائهم المختطفين.
599,"أعلنت شركة آبل أنها ستشتري سماعات ""بيتس"" الموسيقية من شركة ""بيتس"" المتخصصة في صناعة الأجهزة الإلكترونية."
600,أعلن قصر الإليزيه أن الرئيس الفرنسي إيمانويل ماكرون أجرى محادثات مع نظيره التركي رجب طيب أردوغان بشأن العملية العسكرية التي تشنها تركيا ضد وحدات حماية الشعب الكردية في شمال سوريا.
601,"استحوذت شركة ياهو على تطبيق جديد من تطبيق ""صاملي""، الذي يتيح للمستخدمين متابعة الأخبار من خلال الهواتف الذكية."
602,قالت قوات حفظ السلام التابعة للأمم المتحدة في لبنان إن اثنين من أربعة أنفاق تم اكتشافها قرب الحدود اللبنانية الإسرائيلية عبرا الخط الأزرق بين البلدين، ما يشكل انتهاكا لقرار مجلس الأمن الدولي.
603,أعلن الجيش الأمريكي إسقاط طائرة حربية سورية كانت تسقط قنابل قرب مقاتلين تدعمهم الولايات المتحدة في سوريا، فيما اندلعت اشتباكات للمرة الأولى في سوريا بين قوات النظام السوري والتحالف العربي الكردي.
604,أفادت الأنباء الواردة من سوريا بأن طائرات حربية قصفت أهدافا في العاصمة السورية دمشق، مما أسفر عن مقتل شخص واحد على الأقل.
605,"تصدر مطعم ""ميرازور"" الفرنسي قائمة أفضل المطاعم في العالم لعام 2017، وذلك من خلال استطلاع للرأي شارك فيه أكثر من ألف طباخ وناقد طعام."
606,ذكرت صحيفة الحياة اللندنية أن وزير الدفاع المصري عبد الفتاح السيسي سيترشح في ضوء المطالب الشعبية الواسعة إضافة إلى إشارات توافق عربي خصوصاً خليجي على تلك الخطوة.
607,شنت القوات الحكومية السودانية هجوما كاسحا على معسكر تابع لمتمردي الحركة الشعبية لتحرير السودان في ولاية جنوب كردفان.
608,أصدرت محكمة صينية حكما بالسجن على شركة غلاكسو سميث كلاين البريطانية العملاقة للتجارة الإلكترونية بعد إدانتها بدفع رشاوى من أجل الترويج لمنتجات الشركة.
609,في الوقت الذي يستعد فيه الرئيس الأمريكي دونالد ترامب للاعتراف بها عاصمة لإسرائيل، قال الرئيس الأمريكي دونالد ترامب إن هذه المدينة تعد من أقدم المدن في العالم، ومن أقدمها على الإطلاق.
610,وجهت الشرطة البلجيكية نداء للحصول على شهادات تتعلق بالرجلين اللذين يعتقد أنهما منفذا الهجومين الانتحاريين في مطار بروكسل. وذكرت تقارير إعلامية أن المشتبه بهما يحملان الجنسية البلجيكية ومعروفان لدى الأمن لتورطهما في أنشطة الجريمة المنظمة.
611,"اعترفت منظمة الصحة العالمية للمرة الأولى بـ""إدمان الجنس""، وذلك في تحديث جديد لقائمة التصنيف العالمي للأمراض."
612,قالت الشرطة الإسرائيلية إن صاروخا أُطلق من قطاع غزة تسبب في اندلاع حريق في مبنى في المنطقة الصناعية في سديروت جنوب إسرائيل، فيما شنت الطائرات الإسرائيلية غارات على مواقع لفصائل فلسطينية في القطاع.
613,وصل رئيس الوزراء الاسرائيلي بنيامين نتنياهو الى العاصمة الامريكية واشنطن في مستهل جولة تشمل الولايات المتحدة وايران.
614,قالت ثلاث وكالات أممية إن أكثر من 100 ألف شخص يواجهون المجاعة في أجزاء من جنوب السودان، مضيفة أن أكثر من ثلاث سنوات من الحرب في البلاد أدت إلى مجاعة في أقسام منها فيما يعاني قرابة نصف الشعب من الجوع.
615,"أكد حافظ قايد السبسي، نجل الرئيس التونسي الباجي قائد السبسي، أن صحة والده تحسنت بعد ""الوعكة الحادة"" التي تعرض لها ونقل على إثرها إلى المستشفى العسكري. وأكد السبسي أن صحة والده تحسنت بعد ""الوعكة الحادة""."
616,"أثار نائب رئيس الشرطة والأمن في إمارة دبي، المعروف بمواقفه الحادة تجاه الإخوان المسلمين، موجة من ردود الفعل عبر مواقع التواصل الاجتماعي، إذ اعتبر الدوحة ""جزءا لا يتجزأ من الإمارات""."
617,قتل 15 شخصا على الأقل في حريق اندلع في مقر نقابات عمال في مدينة اوديسا، شرقي أوكرانيا، حسبما أعلنت وزارة الداخلية.
618,"أعلن وزير الدفاع الأمريكي اشتون كارتر أنه مستعد لتوسيع دور قوات العمليات الخاصة الأمريكية في العراق لمساعدة القوات العراقية والبشمركة على قتال تنظيم ""الدولة الإسلامية""."
619,تحتفل عارضة الأزياء البريطانية كيت موس اليوم الخميس بعيد ميلادها الأربعين، وسط اهتمام إعلامي بالغ. وقد يعتقد البعض أن هذا السن لم يعد مناسباً للعمل في مجال الموضة في أوروبا.
620,يلتقي مبعوث الأمم المتحدة الخاص إلى سوريا، ستافان دي مستورا، بمفاوضي الحكومة السورية في العاصمة السورية دمشق.
621,"أعلنت نجمة تلفزيون الواقع الأمريكية كيم كارداشيان توقف برنامج ""كيب أب ويز ذا كارداشيان"" الذي استمر 14 عاماً."
622,قال الرئيس الفرنسي فرانسوا هولاند إن بلاده ستدرب آلاف الجنود الأفارقة على مدى خمس سنوات للمساعدة في إحلال الأمن في جمهورية إفريقيا الوسطى.
623,قتل 20 شخصا على الأقل وأصيب العشرات في حادث تصادم قطارين في محافظة أسيوط، جنوبي مصر.
624,"ربطت صحيفة ""فيدوموستي"" الروسية بين إعلان المستشارة الألمانية أنغيلا ميركل أنها لن تترشح مجدداً لرئاسة الحزب المسيحي الديمقراطي والممارسات السياسية الروسية. كما ربطت الصحيفة بين إعلان ميركل أنها لن تترشح مجدداً."
625,"أعلنت وزارة الدفاع الامريكية (البنتاغون) انها ستطلب من الكونغرس تمويل تطوير نظام ""القبة الحديدية"" المضاد للصواريخ والذي مكن اسرائيل من اعتراض عدد كبير من الصواريخ التي اطلقت من قطاع غزة."
626,اجتمع أنصار الرئيس الفنزويلي، هوغو شافيز، في العاصمة كراكاس، للدعاء له.
627,قالت الشرطة الهولندية إنها اعتقلت سائق شاحنة لتوصيل الطلبات صدمت رواد حفل فقتلت واحداً وأصابت ثلاثة. وقالت الشرطة إنها عثرت على الشاحنة البيضاء التي كانت جزءاً من الواقعة وتم اعتقال شخص مشتبه به.
628,يعاني الكثير من الموظفين في أماكن العمل من مشاكل عديدة، منها التأخير عن العمل والتأخر عن موعد العمل والمواصلات والخلافات مع الزملاء. بعض النصائح تساعد في التغلب على هذه المشكلات وتحسين ساعات العمل.
629,"قال وزير الخارجية السوداني إبراهيم غندور إن بلاده تتخوف من سد النهضة الإثيوبي لأنه ""سيمكن السودان من استخدام كامل حصته في مياه نهر النيل التي كانت تمضي لمصر على سبيل الدين""."
630,أفرجت السلطات التركية عن اثنين من الصحفيين الاسبانيين كانا قد اختطفا في سوريا الشهر الماضي.
631,تسبب انقطاع التيار الكهربائي في العديد من المدن الرئيسية في باكستان، بما في ذلك كراتشي وغرق المنازل في الظلام، حسبما قال مسؤولون.
632,يتزحلق الزوار سنوياً على الجليد في أحد أطول مسارات التزحلق المفتوحة في أوروبا. ورغم أن مسار التزحلق مفتوح منذ 12 عاماً، إلا أنه مازال مفتوحاً للزوار.
633,سيطر مسلحو تنظيم الدولة الإسلامية على قرى وبلدات محيطة بمدينتي أعزاز ومارع في ريف حلب الشمالي بعد اشتباكات عنيفة مع مسلحين من جماعات مسلحة أخرى.
634,تناولت الصحف البريطانية عدة موضوعات تهم القاريء العربي، من بينها عودة الحياة الطبيعية إلى بريطانيا بعد أسبوع من الإغلاق بسبب فيروس كورونا، والعلاقات السعودية الإيرانية، بالإضافة إلى المحادثات التي أجراها مسؤولون سعوديون وإيرانيون لإصلاح العلاقات.
635,"فازت الشابة الإندونيسية عائشة عبد الكريم بلقب مسابقة ""مسلمة وورلد"" للجمال."
636,حقق المنتخب الفرنسي لكرة القدم فوزا كبيرا على نظيره السويسري 5/ 2 في الجولة الثانية من منافسات المجموعة الخامسة في مونديال البرازيل، فيما فشل المنتخب الإكوادوري في تحقيق الفوز على هندوراس اليوم.
637,بعد عشر سنوات على إفلاس بنك الاستثمار الأمريكي ليمان براذرز قبل عشر سنوات تم إنقاذ أكثر من مليون شخص في ألمانيا من الإفلاس. فما هي العواقب المباشرة للإفلاس؟ وما هي العواقب المحتملة؟
638,قالت الأمم المتحدة إن نحو 73 ألف شخص من مسلمي الروهينغا دخلوا بنغلاديش حتى صباح اليوم الأحد، بعد أن أودت أعمال العنف بحياة نحو 400 شخص في ولاية راخين في ميانمار أواخر الشهر الماضي.
639,"أعرب الممثل الأمريكي إليوت بيج، الذي لعب دور البطولة في فيلم ""جونو"" عام 2007، عن سعادته بأنه عابر جنسيا."
640,"قال المتحدث باسم وزارة الدفاع المصرية، اللواء محمد علي أدرعي، إن ""كل ما يخرج عن الحدود المصرية مع قطاع غزة يتم التنسيق بشأنه""."
641,قالت مصادر استخباراتية تركية إن تركيا أجرت اتصالات مع مصر على المستوى الاستخباراتي لبحث سبل التعاون في المجالات الاقتصادية والسياسية والدبلوماسية.
642,قتل شاب فلسطيني في غارة جوية إسرائيلية على قطاع غزة، بحسب ما ذكره طبيب فلسطيني.
643,"أعرب وزراء خارجية الاتحاد الأوروبي عن قلقهم إزاء ""التدهور الكبير"" للوضع السياسي والأمني في ليبيا، داعياً السلطات الليبية إلى ""الاستيعاب التدريجي لعناصر الكتائب الثورية"" من خلال برامج تسريح وإعادة استيعاب ونزع سلاح."
644,شنت الطائرات الحربية التركية سلسلة من الغارات الجوية على مواقع تابعة لحزب العمال الكردستاني في شمالي العراق.
645,أعلن وزير الخارجية الإيراني أن بلاده توصلت إلى تسوية مع القوى الكبرى بخصوص نحو 60 في المئة من القضايا المتعلقة بالأنشطة النووية الإيرانية، غير أن مفوضة الشؤون الخارجية في الاتحاد الأوروبي كاثرين آشتون أعلنت أن الاجتماع المقبل سيعقد في فيينا.
646,وافقت ولاية أوكلاهوما الأمريكية على المضي قدما في دراسة مشروع قانون يطالب المرأة الحامل بالحصول على موافقة كتابية من جانب الأب قبل إجراء عملية الإجهاض.
647,تعادل سلبي مخيب بين شالكه وأوغسبورغ في ختام المرحلة التاسعة عشرة من الدوري الألماني لكرة القدم، فيما فاز هيرتا برلين على بادربورن بهدفين نظيفين.
648,عين بوريس جونسون المصرفي السابق ساجد جاويد وزيراً للمال في حكومة تيريزا ماي، وهو منصب استراتيجي في سياق بريكست خصوصاً في حال إقرار الخروج من الاتحاد الأوروبي من دون اتفاق.
649,قرر الاتحاد الأوروبي رفع المغرب من قائمته للدول الآمنة خارج أوروبا التي يسمح بالسفر غير الضروري منها، وذلك بعد مراجعة قام بها سفراء الاتحاد الأوروبي، ليبقى المغرب الدولة العربية الوحيدة في القائمة.
650,لم يكن أحد يتوقع أن تكون المقابلة التي أجراها آدم بارون مع الممثلة الأمريكية درو باريمور في مجلة حورس التابعة لشركة مصر للطيران، هي الأولى من نوعها في مصر.
651,من المنتظر طرح نحو مليار و400 مليون جهاز جديد في مختلف أنحاء العالم، أي بزيادة قدرها 8 بالمائة عن العام الماضي، أي بزيادة قدرها 8 بالمائة عن العام الماضي. غوغل ضربت عصفورين بحجر.
652,أعلن الجيش الإسرائيلي بدء عملية عسكرية واسعة على الحدود مع قطاع غزة.
653,قالت السلطات اللبنانية إنها تأكدت بعد تحليل عينات من مختبر مرجعي وطني من اصابة مواطن لبناني بسرطان في الغدد اللمفاوية.
654,قال وزير الخارجية الإيراني إن إيران والولايات المتحدة توصلتا إلى اتفاق على معظم القضايا العالقة في اجتماعهما المسائي في لوزان السويسرية.
655,"شهدت عدة مدن عراقية احتجاجات غير مسبوقة للمطالبة بـ ""تغيير الطبقة السياسية""، حيث قطع متظاهرون طرقاً وجسوراً بالإطارات المشتعلة لممارسة ضغوط على الحكومة والبرلمان لتنفيذ إصلاحات سياسية."
656,"كشف المطرب المصري علي الحجار أن الرقابة المصرية تتعنت معه، وتمنع إصدار التصاريح اللازمة لإصدار ألبومه الجديد، معللا ذلك بـ""ذرائع واهية"". الحجار عبر عن حزنه لعودة ""البيروقراطية"" لمؤسسات الدولة المصرية بعد ثورة 25 يناير."
657,تأهلت روسيا إلى نصف نهائي كأس الأمم الأوروبية لكرة القدم بعد فوزها على هولندا بثلاثة أهداف مقابل هدف واحد. وبذلك تكون روسيا قد أقصت المرشح الأوفر حظاً لنيل اللقب للمرة الأولى منذ انهيار الاتحاد السوفيتي.
658,صور شاب سوري بكاميرا هاتفه ويشارك جيرانه في التمثيل، في برنامج #بي_سي_ترندينغ.
659,استخدمت الشرطة التركية الغاز المسيل للدموع وخراطيم المياه لتفريق محتجين أكراد تجمعوا في مدينة ديار بكر، جنوبي شرق البلاد، احتجاجا على فرض حظر التجوال.
660,"دافع جون برينان، كبير مستشاري مكافحة الإرهاب للرئيس الأمريكي باراك أوباما ومهندس استراتيجية استخدام الطائرات العسكرية بدون طيار ضد ""الإرهابيين""، عن استخدام الطائرات العسكرية بدون طيار ضد تنظيم القاعدة في اليمن وباكستان."
661,قال رئيس الاستخبارات الداخلية الألمانية إن مؤسسته ليس لديها معلومات كافية عن وضع الإسلاميين المتشددين في ألمانيا، مشيرا إلى أن هناك مصادر أخرى لذلك كالمعلومات التي تنشرها الوكالات الأجنبية وكذلك المعلومات المتاحة علنا في الإنترنت.
662,"حذر الرئيس الروسي من أن التدخل العسكري في سوريا يمكن أن يزعزع الاستقرار في المنطقة ويُلحق الضرر بـ""نظام كامل للقانون الدولي""، وذلك في مقال نشره على الإنترنت قبيل محادثات مع نظيره الأمريكي في جنيف."
663,"كشف التقرير السنوي لهيئة حماية الدستور الألمانية أن الإسلاميين ""الذين لديهم استعداد للعنف"" يشكلون تهديداً حقيقياً للأمن في ألمانيا، كما حذر من تزايد نشاط التيارات اليمينية المتطرفة في البلاد."
664,يرى خبراء أن تسمية دونالد ترامب مرشحاً للحزب الجمهوري في انتخابات الرئاسة الأمريكية هذا الصيف قد لا يكون سهلاً نظراً لأدائه الذي فاق التوقعات في كل مرحلة. لكن الأمر قد لا يكون بهذه السهولة نظراً لأدائه المثير للجدل.
665,قالت وزارة الدفاع الأمريكية (البنتاغون) إن سفينة حربية أمريكية أطلقت طلقات تحذيرية على زورق إيراني بالقرب من الحدود مع إيران.
666,قالت الشرطة النيجيرية إن خمس تلميذات اختطفن من مدرسة في مدينة دابشي شمال شرقي البلاد قد تم العثور عليهن أحياء.
667,لم يعد قطاع تكنولوجيا المعلومات في الأراضي الفلسطينية مقتصراً على القطاع الخاص فقط، بل أصبح أيضاً مجالاً واسعاً للشباب الفلسطيني، حيث أصبح بإمكانهم العمل لصالح شركات عالمية، دون أن يضطروا للسفر خارج بلدهم.
668,"شكلت مجموعات من المعارضة الكويتية ائتلافاً واسعاً أسمته ""ائتلاف المعارضة"" ليضم معظم أطرافها، وطالبت بإصلاحات سياسية جذرية من بينها الاعتراف بالأحزاب والتعددية السياسية في البلاد."
669,"بعد عام على منحهم حق اللجوء في اليونان، بدأت أعداد كبيرة من المهاجرين واللاجئين تتجمع في ساحة فيكتوريا وسط العاصمة اليونانية أثينا. ورغم أن برنامج ""هيليوس"" لم يقدم الدعم الكافي لهؤلاء، إلا أن البرنامج مازال مستمرا."
670,بعد عام من التعلم عن بعد والتباعد الاجتماعي داخل الفصول الدراسية بسبب جائحة كورونا، تقوم مدرسة في منطقة مرسية الإسبانية بتعليم تلاميذها على الشاطئ.
671,"يحتفل العالم في الثالث من أكتوبر/ تشرين الأول بإعادة توحيد ألمانيا. ورغم كل الصعوبات التي لم تجد الحل، إلا أن كلمة ""نحن الشعب"" لم تعد تسيطر على كل شيء في هذا البلد، كما يرى بيرند ريغرت في تعليقه التالي."
672,"قالت وحدات حماية الشعب الكردية العراقية إنها سترسل تعزيزات إلى مدينة عين العرب (كوباني) السورية التي يسيطر عليها مسلحو تنظيم ""الدولة الاسلامية."""
673,"""يدافع في جوهره حرية التعبير في الملعب""، عبارة يرددها مشجعو نادي بايرن ميونيخ الألماني لكرة القدم منذ أكثر من عام. لكن هناك أيضاً من يتهم قطر باستخدام النادي ""لتحسين صورتها""، كما يقول محاميه."
674,تعهد الرئيس الأمريكي باراك أوباما بمواصلة العمل من أجل تعزيز التشريعات المتعلقة بالأسلحة النارية وذلك بعد لقائه عائلات ضحايا مجزرة نيوتن في كونيتيكت. كما دعا إلى ممارسة الضغوط على نواب الكونغرس على المستوى الفدرالي.
675,أكد لاعب خط وسط فريق ريال مدريد الألماني توني كروس أن فريقه قادر على إحراز ألقاب جديدة هذا الموسم. وأكد اللاعب الألماني أن سر نجاح الفريق يكمن في روح الفريق والعمل الجماعي.
676,"نشر تنظيم ""الدولة الاسلامية"" صورة للطفل آلان كردي الذي مات غرقا في البحر المتوسط بعد ان انقلب الزورق الذي كان يقله من تركيا الى اليونان."
677,فازت الطالبة الفلبينية ميغان يونغ بلقب ملكة جمال العالم لعام 2013، وذلك في المسابقة التي أقيمت في إندونيسيا. كما فازت الألمانية أمينة صباح بلقب أجمل امرأة في العالم. أما الألمانية أمينة صباح فلم تصل إلى جولة العشرة الأكثر جمالا.
678,"بعد نجاح مسرحية ""أوبرا القروش الثلاثة"" للمخرج الألماني غيورغ فيلهلم بابست في تحويل النص المسرحي إلى فيلم سينمائي، قرر المخرج الألماني تحويل النص المسرحي إلى فيلم سينمائي."
679,ربما يكون البلوغ المبكر لدى السيدات من أهم أسباب الإصابة بأمراض القلب. خبراء أمراض القلب في الولايات المتحدة رصدوا أسبابا غريبة للإصابة بأمراض القلب. فما هي هذه الأسباب؟
680,حذر الرئيس الأوغندي، يويري موسوفيني، من أن القوات الحكومية في جنوب السودان قد تتعرض لهجوم إذا لم يوافق على مقترحات لوقف إطلاق النار.
681,"قال الرئيس الروسي فلاديمير بوتين إنه يريد ""إعادة"" شبه جزيرة القرم إلى روسيا."
682,"في أول زيارة لمسؤول ألماني رفيع إلى طهران منذ 13 عاما، أكد وزير الاقتصاد الألماني زيغمار غابرييل على حق إسرائيل في ضمان ""أمنها"". غابرييل دافع عن حق إسرائيل في ضمان ""أمنها""."
683,قال رئيس الحكومة الاسرائيلية بنيامين نتنياهو إنه لا ينوي تجميد أو ابطاء وتيرة الاستيطان في الاراضي الفلسطينية المحتلة.
684,"يعقد قادة سبع وأربعون دولة اليوم الثاني من قمة الأمن النووي التي تستضيفها واشنطن لبحث سبل مكافحة ""الإرهاب النووي"". القمة تبحث في اليوم الثاني من القمة سبل مكافحة ""الإرهاب النووي""."
685,"بعد مسيرة حافلة وأرقام قياسية على مستوى ألمانيا، عاد القناص غيرد مولر إلى الأضواء من جديد. زوجته ""أوشي""، زوجة أسطورة الكرة الألمانية السابق غيرد مولر، تقول لبيلد إن زوجها على ما يرام وأنه على ما يرام."
686,قالت الحكومة الإسرائيلية إنّ التسرب النفطي في البحر المتوسط، الذي تسبب في تلوث كبير، نتج عن ناقلة نفط ليبية.
687,أعلنت شركة سكك الحديد الهندية أنها أوقفت سبعة من موظفيها بسبب انفصال عرباتها عن قضبان السكك الحديدية.
688,وضعت الشرطة البريطانية أجهزة اكتشاف المعادن في بعض المدارس للحد من استخدام السكاكين، وذلك في إطار خطة تهدف إلى حماية الأطفال من مخاطر استخدام السكاكين.
689,أثار موضوع تدريس التربية الدينية الإسلامية في مناهج المدارس الألمانية جدلاً واسعاً في بعض الولايات الألمانية. ورغم وجود شريحة مسلمة لا بأس بها في البلاد، إلا أن ذلك لم يلق ترحيباً من بعض الولايات الألمانية.
690,قالت وزارة الثقافة والإعلام والرياضة البريطانية إن نحو 41 قطعة فنية من الكنوز الوطنية تم منحها تراخيص التصدير في بريطانيا، وذلك بسبب القيود المفروضة على تصدير الأعمال الفنية.
691,قالت وزارة الخارجية الألمانية إن روسيا طلبت من أربعة دبلوماسيين ألمان مغادرة البلاد، رداً على طرد ألمانيا دبلوماسيين روس من برلين على خلفية تسميم الجاسوس الروسي السابق سيرغي سكريبال.
692,في الوقت الذي انطلقت فيه الاحتجاجات في لبنان مساء الخميس 17 تشرين الأول/أكتوبر الماضي، لا تزال وسائل التواصل الاجتماعي هي الوسيلة الوحيدة لنقل أخبار الاحتجاجات ومقاطع الفيديو.
693,أعلن نائب الرئيس الفنزويلي نيكولاس مادورو عن وفاة الرئيس هوغو تشافيز بعد صراع طويل مع مرض السرطان. وقال مادورو إن الرئيس هوغو تشافيز توفي بعد معركة مع السرطان استمرت عامين وأنهت حكم الزعيم الاشتراكي.
694,"من هو المسؤول عن خرق قرارات مؤتمر برلين حول ليبيا؟ وزير الخارجية الألماني هايكو ماس هدد الدول التي تواصل خرق قرارات المؤتمر بـ""عواقب"" إذا واصلت خرقها لقرارات المؤتمر."
695,هل ترغب في بقاء رائحة عطرك لأطول مدة ممكنة؟ قد يعتقد البعض أن سر بقاء رائحة العطر يكمن في نوعية العطر المستخدم المستخدم، فما غلا ثمنه، وما غلا ثمنه، من الواجب رش العطر بكميات كبيرة على الجسم.
696,خلصت دراسة حديثة إلى أن مصر هي الأسوأ عالميا فيما يتعلق بوضع المرأة، واحتلت جزر القمر المرتبة الأولى.
697,"اقتحم متظاهرون غاضبون، ينتمون إلى التيار الصدري، المنطقة الخضراء في العاصمة العراقية بغداد، احتجاجا على ما وصفوه بـ""استخدام القوة"" من قبل قوات الأمن."
698,أصدرت محكمة العدل الأوروبية قرارا يلزم هنغاريا وسلوفاكيا باستقبال لاجئين، وذلك تزامنا مع انقضاء المهلة التي وضعها الاتحاد الأوروبي لتلزمهما بقبول قاعدة توزيع اللاجئين على الدول الأعضاء في الاتحاد.
699,أعلن وزير الآثار المصري خالد العناني أن التمثال الضخم المكتشف في الآونة الأخيرة في القاهرة يعود للملك بسماتيك الأول من الأسرة السادسة والعشرين وليس الملك رمسيس الثاني.
700,لا تزال الهزات الارتدادية للهزيمة التاريخية أمام إسبانيا تؤثر على أداء المنتخب الألماني لكرة القدم، خصوصا وأن المدرب يواخيم لوف لا يزال مهددا بالإقالة من منصبه. فما هي الخيارات المتاحة أمام لوف؟
701,طالبت مجموعة من الطلبة بإزالته من تمثال في كلية ديفيس بجامعة ديفيس بولاية نيويورك الأمريكية.
702,توفي أكبر معمّرة ناجيّة من المحرقة في بريطانيا عن عمر يناهز 110 عاماً، بعد قضائها عامين في معسكر اعتقالٍ نازي في بتيرزين، أو بتيريزينشتات، خلال الحرب العالميّة الثانيّة.
703,أعلن الحزب الشيوعي الحاكم في الصين تعيين السياسي البارز سان زينغشاي رئيسا جديدا له خلفا للرئيس الحالي تشي جيبينغ.
704,نفى بايرن ميونيخ بطل الدوري الألماني لكرة القدم صحة تقارير تحدثت عن توقيعه عقدا مع المهاجم البولندي روبرت ليفاندوفسكي مهاجم بوروسيا دورتموند.
705,اعلنت السلطات السعودية عن تسجيل عدد من الوفيات بين الحجاج هذا العام، وذلك بعد انتشار شائعات حول سلامة اللقاح الخاص بمكافحة انفلونزا الخنازير.
706,"أعلنت حركة النهضة الإسلامية التي تقود الحكومة في تونس استعدادها للحوار بشأن تشكيل حكومة وحدة وطنية أو حكومة إنقاذ، معتبرة ذلك ""خطا أحمر""، فيما دعا الاتحاد العام للشغل إلى مظاهرات في تونس غداة مقتل 8 عسكريين."
707,أعلن مسؤولون أفغان فوز عبد الله عبد الله في الجولة الأولى من الانتخابات الرئاسية التي أجريت في البلاد.
708,بدأت حافلات تقل مسلحين من المعارضة السورية ومدنيون لمغادرة حي الوعر في حمص، بحسب ما ذكره المرصد السوري لحقوق الإنسان المعارض.
709,ينصح أطباء ألمان النساء بعدم ارتداء الملابس الداخلية أثناء النوم، لأن ذلك قد يتسبب بالتهابات في المهبل، كما كشفت طبيبة متخصصة في أمراض النساء.
710,قررت إدارة البنك المركزي الألماني تقليص صلاحيات عضو مجلس الإدارة تيلو زارَتسين وإبعاده عن قسم التداول النقدي، وذلك بعد انتقادات واسعة وجهت له بسبب تصريحاته المعادية للأجانب والتي اعتبرت معادية للأجانب.
711,بدأ الناخبون في نيجيريا الإدلاء بأصواتهم في الانتخابات الرئاسية والبرلمانية، وسط إجراءات أمنية مشددة.
712,تعرض ثلاثة صحافيين يعملون في القناة الألمانية العامة الأولى لاعتداء من قبل مواطنين مصريين في القاهرة أثناء تصوير مشاهد للتفجير الذي استهدف مديرية أمن العاصمة المصرية.
713,قال الرئيس الأمريكي باراك أوباما إنه يأمل في الحصول على موافقة الكونغرس على التدخل العسكري في سوريا.
714,وضعت مطاعم مدينة نيويورك صورة ملاحة طعام صغيرة على قوائم الوجبات التي تحتوي على تركيز عال من الصوديوم وذلك في خطوة لمكافحة أمراض القلب والسكتة الدماغية.
715,"كشفت شركة ""نامكو بانداي"" للألعاب عن مجموعة جديدة من ألعاب الفيديو التي ستطرح في الأسواق هذا الخريف، حيث تتيح هذه المجموعة إمكانية تحالف اللاعبين لمواجهة الوحوش أو مساندة بعضهم البعض."
716,"انتقدت منظمة ""برو أزول"" الألمانية المعنية بالدفاع عن حقوق اللاجئين خطة وزير الداخلية الألماني هورست زيهوفر الرامية إلى تحويل ألمانيا إلى دولة ترحيل للاجئين. المنظمة حذرت من خطر إصدار قرارات خاطئة بالنسبة لطالبي اللجوء."
717,بعد 15 عاماً من اعتداءات نيويورك وواشنطن، اعترف إسلاموي في لندن بأنه أعد لتنفيذ هجوم بقنبلة في شارع أوكسفورد ستريت التجاري ومهاجمة حفل لتون جون في العاصمة البريطانية.
718,"يبدو أن حياة غيرد مولر، هداف كأس العالم بالمكسيك 1970، قد انتهت، إذ بات حبيساً لإحدى دور الرعاية بالقرب من مدينة ميونيخ الألمانية. زوجة اللاعب تقول إن ""لولا أهداف غيرد مولر لما كان بايرن ميونيخ في المكان الذي يقف فيه الآن""."
719,يواجه الاتحاد الأفريقي لكرة القدم (الكاف) اتهامات بانتهاك القانون الدولي بعد أن ألغى اتفاقا مع شركة بوما الألمانية للملابس الرياضية.
720,"أعلن سكان بمدينة عدن اليمنية أن المقاتلين الحوثيين انسحبوا من مواقع في وسط المدينة الجنوبية الساحلية بعد ضربات جوية نفذتها طائرات التحالف العربي بقيادة السعودية. يأتي ذلك تزامنا مع دخول عملية ""عاصفة الحزم"" أسبوعها الثاني."
721,في ختام أعمال القمة العربية في شرم الشيخ، أعلن الرئيس المصري عبد الفتاح السيسي عن إنشاء قوة عسكرية عربية مشتركة، داعيا الحوثيين الذين استولوا على أجزاء كبيرة من اليمن للتوقف عن استيلائهم على السلطة وتسليم أسلحتهم.
722,قالت مصادر امنية وطبية عراقية إن حصيلة اعمال العنف التي شهدتها العاصمة العراقية بغداد يوم الاربعاء ارتفعت الى 11 قتيلا و26 جريحا.
723,أعلنت شركة ايرباص الأوروبية لصناعة الطائرات اليوم الاثنين فوزها بأول طلبية من شركة بوينغ الأمريكية لشراء 31 طائرة ايه350 من شركة بوينغ الأمريكية.
724,عزز هامبورغ حظوظه في البقاء في دوري الأضواء بعد فوزه على ضيفه أوغسبورغ بهدفين مقابل هدف، فيما عزز دوسلدورف حظوظه في البقاء في دوري الأضواء بعدما عزز حظوظه في البقاء في البوندسليغا.
725,فاز باستيان شفاينشتايغر، لاعب بايرن ميونخ، بلقب أفضل لاعب لعام 2013، ضمن مسابقة كيكر الرياضية، التي تنظمها مجلة كيكر الرياضية سنويا، متفوقا على زميليه الفرنسي فرانك ريبري والفرنسي فرانك ريبري.
726,قتل 15 شخصا، على الأقل، في هجوم انتحاري استهدف مقر وزارة الداخلية في العاصمة الأفغانية كابول.
727,قال مسؤولون أمريكيون إن انفجارين استهدفا خط الوصول في ماراثون بوسطن في وقت مبكر من صباح الثلاثاء، مما أسفر عن مقتل ثلاثة أشخاص على الأقل.
728,قضت محكمة يونانية ببقاء زعيم حزب النازيين الجدد نيكوس ميخالولياكوس قيد الاعتقال انتظاراً لمحاكمته بتهمة إنشاء منظمة إجرامية. يأتي ذلك في وقت تستعد فيه أثينا لتسلم الرئاسة الدورية للاتحاد الأوروبي.
729,في ظل الأزمة الخانقة التي تمر منها اليونان، قررت الحكومة إغلاق المصارف إلى غاية يوم الجمعة، بسبب الأزمة المالية الخانقة التي تمر منها البلاد. ورغم ذلك لا خيار أمام الزبائن إلا قبول نظام الدفع بالبطاقات الائتمانية.
730,"أعلن عدد من قيادات حركة ""تمرد"" المعارضة في مصر انشقاقهم عن الحركة وبدء حملة جديدة تحت عنوان ""تمرد لتصحيح المسار""."
731,"تضاربت الأنباء حول ما إذا كان ""الجيش الوطني"" اليمني، التابع لحكومة الشرعية المدعومة من السعودية، هو المسؤول عن الهجوم الذي استهدف قوات ""الحزام الأمني"" التابعة للمجلس الانتقالي الجنوبي في أبين."
732,قال المتحدث باسم فريق عبد الله عبد الله عبد الله، المرشح الرئاسي في أفغانستان، إنه لن ينضم إلى عملية المراجعة التي تجريها لجنة الانتخابات في البلاد.
733,دعا وزير الدفاع المصري، عبد الفتاح السيسي، المصريين إلى المشاركة في الاستفتاء على الدستور الجديد للبلاد المقرر إجراؤه في الثالث والعشرين من الشهر الجاري.
734,"في حوار مع مجلة ""بلاي بوي"" كشف نجم بايرن ميونيخ روبرت ليفاندوفسكي عن خطط أكثر وضوحاً للانخراط في عالم السيارات، مؤكداً أن ذلك لا يمنعه من التخطيط لفترة ما بعد اعتزاله كرة القدم."
735,الصداع قد يكون أحد الأعراض الأولية للإصابة بالتصلب اللويحي، الأمر الذي أثار اهتماماً عالمياً كبيراً، خاصة لدى الشابات بالأخص ممن يعانون من هذا المرض.
736,أعلنت وزارة الداخلية الألمانية أن ثمانية مدربين من الشرطة الفيدرالية سيعودون إلى السعودية نهاية الشهر الجاري لاستئناف مهمة تدريب قوات حرس الحدود السعودية. وكانت المهمة قد أثارت جدلاً كبيراً منذ أكثر من عشر سنوات.
737,ذكرت مصادر قضائية أن السلطات التونسية أودعت عشرة عناصر من بين العائدين من ألمانيا السجن لتورطهم في قضايا إرهابية، فيما أشار تقرير صحفي إلى أن ألمانيا قد ترحل أكثر من مائة شخص مصنفين كخطرين إلى بلدانهم.
738,وصل وزير الخارجية الأمريكي، جون كيري، إلى العاصمة الأوكرانية، كييف، في زيارة تهدف إلى دعم المتظاهرين المناوئين للحكومة.
739,قالت شرطة نيويورك إنها احتجزت شخصا بعد وقوع انفجار بالقرب من ميدان تايمز سكوير في نيويورك، مضيفة أنه لا يوجد مصابون بإصابات خطيرة. وكانت وسائل إعلام أمريكية قد ذكرت أن الانفجار وقع عند تقاطع شارع 42 و8.
740,أعلن العاهل الأردني الملك عبد الله الثاني إنهاء ملحقي الباقورة والغمر من اتفاقية السلام مع إسرائيل.
741,كشف تقرير إعلامي أن الخطاب المثير للجدل الذي بعث به وزير الداخلية الألماني إلى ممثلي الاتحاد الأوروبي في مفاوضات خروج بريطانيا، لم يتم التشاور بشأنه داخل الحكومة الألمانية.
742,قالت مصادر أمنية وطبية في مصر إن طائرات اباتشي قصفت أهدافا في شمال سيناء، مما أسفر عن مقتل خمسة أشخاص بينهم طفلان.
743,قرر القضاء الباكستاني وضع الرئيس السابق برويز مشرف قيد الإقامة الجبرية ليومين على الأقل على خلفية تهم تتعلق بالإرهاب وكذلك لعزله قضاة بصورة غير قانونية أثناء حكمه، وفق ما أعلن متحدث باسمه.
744,يلجأ الكثير من الأشخاص إلى خفض وزنهم لأسباب مختلفة. لكن خبراء ألمان اكتشفوا أن مادة تستخدم في الطب الصيني التقليدي يمكن أن تضمن نجاحاً فعالاً للراغبين في ذلك. فما هي هذه المادة؟
745,قالت وزارة الداخلية المصرية إن السلطات منعت زيارة الرئيس المعزول، محمد مرسي، إلى البلاد.
746,أعلن الرئيس الفرنسي فرانسوا أولاند أنه لن يترشح للانتخابات الرئاسية الفرنسية المقبلة بسبب انشقاق اليسار في مواجهة التحديات أمام الأحزاب المحافظة واليمين المتطرف في انتخابات الربيع المقبل.
747,أنجبت رضيعة أمريكية من جنين مجمد لحوالي 24 عاماً، لتصبح بذلك أطول مدة تتم بعدها الولادة من جنين مجمد لحوالي 24 عاماً.
748,قالت رئيسة الحزب الاشتراكي الديمقراطي، الشريك الثالث في الائتلاف الحاكم بألمانيا، إن حزبها لم يقرر بعد ما إذا كان سيقبل الاتفاق مع الحزب المسيحي الاجتماعي البافاري بشأن الهجرة الذي يشمل إقامة مراكز إيواء مؤقتة.
749,قال وزير المالية الألماني أولاف شولتس إن الاتحاد الأوروبي سيرد بقوة وبذكاء على قرار الولايات المتحدة بفرض رسوم جمركية جديدة على الصلب والألومنيوم.
750,"خفضت الصين حصيلة وفيات فيروس كورونا المستجدّ إلى أقل من 1400، في حين اتهمت الولايات المتحدة الصين بـ""عدم الشفافية"" في ملف الوباء. في حين قالت منظمة الطيران المدني إنها تتوقع انخفاضاً في إيرادات شركات الطيران."
751,تواجه شركات تطبيقات المراسلة، مثل واتساب، وسنابشات، وغيرها من تطبيقات المراسلة، مشكلة في تشفير الرسائل المشفرة، التي يمكن استخدامها من جانب مجرمين أو مجرمين.
752,قتل شخص بسلاح ناري في صدامات مذهبية بين العرب المالكيين والامازيغ الاباضيين في بلدة بريان شمال ولاية غرداية جنوب الجزائر، وفق ما أفاد مصدر طبي.
753,قال الأسباني خوان ماتا، لاعب نادي مانشستر يونايتد الانجليزي لكرة القدم، إنه يشعر بأنه جزء مهم من الفريق.
754,وافقت الحكومة الإسرائيلية على السماح لآلاف اليهود الإثيوبيين من أصول إثيوبية بالهجرة إلى إسرائيل.
755,"""لا أريد أن أبكي ولا أن أكون ضحية""، هكذا ردت أم عيد بعد اكتشافها أن فيروس الايدز انتقل إليها من زوجها. DW عربية تحدثت مع بعض النساء المصابات بالايدز في المغرب. DW عربية تحدثت إلى بعضهن."
756,ارتفعت حصيلة ضحايا أعمال العنف في العراق إلى 51 قتيلا، بينهم 18 شخصا قتلوا في هجمات متفرقة في بغداد ومحافظات ديالى ونينوى وصلاح الدين السنية إضافة إلى كركوك، فيما قتل أربعة أشخاص في هجمات متفرقة.
757,"كانت الصحفية ماريون دونهوف من مؤسسي صحيفة ""دي تسايت"" الألمانية المرموقة التي تحولت إلى صحيفة أسبوعية في ألمانيا بعد انتهاء الحرب العالمية الثانية."
758,قال رئيس نادي ريال مدريد الإسباني، فلورنتينو بيريز، إنه لا يرغب في التعاقد مع لاعب توتنهام الإنجليزي هاري كين.
759,اختطف مسلحون في شمال مالي ستة مسؤولين حكوميين من بينهم نائب رئيس بلدية تساليت، بحسب ما ذكره مسؤولون.
760,أعلنت شركة فيسبوك أنها تعتزم التوسع في برنامج للتعرف على الأنماط السلوكية، ليشمل دولا أخرى بعد نجاح تجارب في الولايات المتحدة للكشف عن من لديهم نوايا للانتحار.
761,قامت الشرطة الألمانية بعمليات تفتيش عن مشتبه بهم آخرين في أعقاب القبض على شخصين وضبط قنبلة محلية الصنع خلال مداهمة استهدفت شقة وسيارة في بلدة شمال مدينة فرانكفورت. كما ألغت السلطات سباق دراجات دولي كبير.
762,حذر رئيس الوزراء اليوناني الجديد أليكسيس ساماراس من أن حزب سيريزا اليساري قد يجبر اليونان على التخلي عن اليورو.
763,"دعا وزير الخارجية التركي مولود جاويش أوغلو نظيره الألماني زيغمار غابرييل إلى ""بدء مرحلة جديدة للتفاهم المتبادل"" بين البلدين، وذلك في مقال نشرته صحيفة ""فونكه"" الألمانية."
764,"أعربت ألمانيا عن انزعاجها من الأحكام القاسية التي أصدرتها محكمة مصرية بحق منظمات أجنبية عاملة في مصر، من بينها مؤسسة كونراد أدناور الألمانية، والتي وصفت هذه الأحكام بأنها ""ضربة قاسية"" ضد المجتمع المدني."
765,"ندد الأمين العام للأمم المتحدة بان كي مون بقطع المياه عن حلب، كبرى مدن الشمال السوري، مطالبا ""كل الأطراف بضمان عودة إمدادات المياه بشكل دائم"". يأتي ذلك بعد قيام جبهة النصرة بوقف عمل المحطة الرئيسية لضخ المياه في المدينة."
766,يرى الخبير الألماني في قضايا الشرق الأوسط فولكر بيرتس أن تركيا لن تحقق أهداف العملية العسكرية التي تقودها في سوريا. بيد أن بيرتس يرى أن تركيا لن تحقق أهداف العملية العسكرية التي تقودها في سوريا.
767,نشرت صحيفة الغارديان تقريرا لمراسلها في القدس يقول فيه إن اغتيال العالم النووي الإيراني محسن فخرزاده على أحد الطرق قرب العاصمة الإيرانية طهران أدى إلى تصاعد التوتر في الشرق الأوسط.
768,"دعا وزير الخارجية الإيراني، محمد جواد ظريف، دول الخليج إلى ""مساعدة"" الدول الأخرى في مواجهة ما وصفه بـ""التهديد المشترك""."
769,سجل الكيني جيفري كيبسانغ رقما قياسيا جديدا في سباق برلين الدولي للفورميولا 1 للسيارات.
770,فرقت قوات الأمن التونسية سلفيين حاولوا نصب خيام للدعوة وتوزيع منشوراتهم في مدينتي تطاوين ومدنين في جنوب شرق البلاد، كما منعت بعض السكان من نصب خيمة في المكان نفسه تمهيدا لتظاهرة ضد البطالة.
771,قتل عشرة أشخاص، على الأقل، في هجوم شنه مسلحون على كنيستين في مدينة مومباسا الكينية، بحسب الشرطة.
772,أعلن الرئيس الروسي، فلاديمير بوتين، عزمه الترشح في الانتخابات الرئاسية المقررة في مارس/آذار المقبل.
773,حذر أسطورة كرة القدم الألمانية فرانس بكنباور من أن برشلونة لن يستسلم بعد الهزيمة الثقيلة التي تلقاها في مباراة الذهاب بأربعة أهداف دون رد في نصف نهائي دوري أبطال أوروبا.
774,أصدر الرئيس المصري، عبد الفتاح السيسي، قرارا بوقف تنفيذ أحكام القضاء الإداري التي تقضي ببطلان اتفاقية تعيين الحدود البحرية بين مصر والسعودية.
775,وصل أول مجموعة من اللاجئين السوريين إلى مدينة هانوفر الألمانية على متن طائرة تابعة للخطوط الجوية التركية.
776,كشفت الشرطة البريطانية أن الهجوم الذي وقع في 3 حزيران/يونيو في لندن كان يمكن أن يكون أكثر دموية، إذ استخدم المهاجمون شاحنة صغيرة من طراز رينو بدلا من شاحنة صغيرة. فيما اعتقلت الشرطة شابا في إلفورد.
777,"لقي شخص مصرعه وأصيب 14 شخصا جراء حريق نشب في نزل للاجئين في مدينة ""بامبرغ"" شرقي ألمانيا، فيما لا تزال أسباب الحريق غير واضحة لحد الآن، فيما تم نقل اللاجئين المقيمين في النزل إلى وحدات سكنية شاغرة."
778,أفادت الأنباء الواردة من الجزائر بأن الجيش تمكن من تحرير الرهائن الأجانب المحتجزين في منشأة عين امناس النفطية.
779,رحب وزير الخارجية البريطاني، جيرمي هانت، بالإفراج عن البريطانية، نازانين زاغاري زاغاري راتكليف، التي تقضي عقوبة السجن لخمس سنوات بتهمة التجسس.
780,أفادت مصادر عسكرية يمنية لبي بي سي بمقتل تسعة مسلحين حوثيين في غارات جوية شنتها طائرات الجيش اليمني على مواقع المسلحين الحوثيين في مدينة عمران شمالي اليمن.
781,بعد الانتخابات الرئاسية والبرلمانية في تركيا، يبدو أن زيارة الرئيس التركي رجب طيب اردوغان إلى ألمانيا قد فشلت، إذ لا يوجد جدول زمني محدد لظهور علني للرئيس التركي خلال زيارته إلى ألمانيا.
782,طالب الحوثيون في اليمن بتشكيل لجنة دولية محايدة للتحقيق في مزاعم استهداف المدنيين في الغارات الجوية التي يشنها التحالف الذي تقوده السعودية في اليمن.
783,أجرى جراحون بريطانيون عملية جراحية لاستئصال ورم خبيث في فخ رجل يبلغ من العمر 65 عامًا.
784,قتل 15 شخصا على الأقل في تفجير انتحاري استهدف اجتماعا في بلدة عرسال اللبنانية القريبة من الحدود مع سوريا، بحسب ما ذكره سكان البلدة.
785,"قال المرصد السوري لحقوق الانسان المعارض إن ""المعارك على نطاق غير مسبوق"" بين القوات الحكومية ومسلحي المعارضة لم تتوقف منذ الخميس."
786,قال مسؤول كبير في الأمم المتحدة لبي بي سي إن قوات الأمن الكاميرونية تمكنت من إنقاذ أكثر من 200 طفل من قبضة مسلحي حركة بوكو حرام الإسلامية المتشددة.
787,اكتشف باحثون سويسريون جزيئاً حيوياً قادراً على التعرف على المتغيرات المختلفة لفيروسات الأنفلونزا، ما يوفر بديلاً عن التطعيم المضاد للأنفلونزا الذي يأخذه كثيرون قبل بدء فصل الشتاء.
788,تنطلق اليوم الأحد في الرياض أعمال القمة العربية الـ29 التي تهدف إلى حشد الدعم العربي ضد إيران، في وقت تشهد فيه المنطقة توترا في العلاقات بين الرياض وتل أبيب.
789,ينصح الخبراء الألمان باتباع نظام غذائي صحي ومتوازن من أجل الحفاظ على صحة ذهنية طويلة وصحية حتى في سن الشيخوخة. وينصح الخبراء باتباع حمية البحر الأبيض المتوسط بشكل خاص.
790,ألقت قوات الأمن المصرية القبض على اثنين من الصحفيين العاملين في نقابة الصحفيين المصريين، وهما عمرو بدر ومحمود السقا، بتهمة التحريض على خرق قانون تنظيم حق التظاهر.
791,أعلن الاتحاد الألماني لكرة القدم أن كل لاعب سينال 350 ألف يورو مكافأة في حال احتفاظه بلقب كأس العالم في روسيا الصيف المقبل. ولم يرصد الاتحاد الألماني أي مكافأة في حال بلوغ ربع النهائي، لكنه لم يرصد أي مكافأة.
792,تمكن رجل أعمال من ابتلاع قطع ذهبية يبلغ وزنها 33 غراما في أمعائه الدقيقة، بعد أن شرب كميات كبيرة من المياه ومسهلات هضم. وبعد أن استقرت في أمعائه الدقيقة تم إخراجها من أمعائه الدقيقة.
793,قضت محكمة القضاء الإداري في مصر بوقف إجراء الانتخابات التشريعية التي كان من المقرر أن تبدأ هذا الشهر، وذلك بعد صدور حكم من المحكمة الدستورية بعدم دستورية نص في قانون الانتخابات.
794,اندلعت مواجهات بين شبان فلسطينيين وقوات الأمن الإسرائيلية في القدس ومدن الضفة الغربية المحتلة، احتجاجا على قرار الرئيس الأمريكي دونالد ترامب الاعتراف بالقدس عاصمة لإسرائيل. شيخ الأزهر يدعو الفلسطينيين للانتفاضة.
795,"قال رئيس الوزراء التركي بن علي يلدريم إن ""ترحيل"" هولندا لوزيرة الأسرة التركية فاطمة بتول صيان قايا أمر ""غير مقبول""، جاء ذلك ردا على منع الأخيرة الوزيرة التركية من دخول قنصلية بلادها في روتردام الهولندية."
796,اتفقت دول الاتحاد الأوروبي على منع شركات الطيران من استخدام المجال الجوي لبيلاروسيا، وذلك بعد القبض على صحفي في مطار مينسك.
797,"أطلقت الحكومة الألمانية موقعا إلكترونيا اسمه حقائق للمهاجرين على شبكة الانترنت اسمه ""Rumurs AfoutGermany.Info""، وذلك لمواجهة الشائعات والأخبار الكاذبة بشأن اللجوء في ألمانيا."
798,"أعلن عازفو أوركسترا برلين ""فيلهارمونيك"" أنهم سيجرون محاولة جديدة لاختيار قائد جديد للأوركسترا خلفا لقائدها الحالي سيمون راتل."
799,قتل عشرات الأشخاص في مواجهات عنيفة بين مسلحين حوثيين وأفراد اللواء 310 والمحسوب على حزب الإصلاح، فيما قتل ستة جنود في هجوم نفذه مسلحون من القاعدة في الجنوب، بحسب مصادر عسكرية وقبلية.
800,قال المرصد السوري لحقوق الإنسان إن اشتباكات اندلعت بين قوات الفيلق الخامس المدعوم من روسيا وقوات موالية للنظام السوري في ريف حماة الشمالي حيث قام باعتقال عناصر مما يعرف بالميليشيات الموالية للنظام السوري.
801,"في الذكرى السنوية السبعين لإقرار الجمعية العامة للأمم المتّحدة ""الإعلان العالمي لحقوق الإنسان""، كشف المقرّر الأممي عن مقتل أكثر من ألف مدافع عن حقوق الإنسان في العالم."
802,قالت رئيسة وزراء الدانمارك إن الهجمات الأخيرة التي وقعت في العاصمة كوبنهاغن زادت الدانمارك قوة واتحادا.
803,أعلنت الإمارات أنها ستستأنف سفارتها في العاصمة اليمنية صنعاء بعد توقفها لأكثر من عام بسبب الأوضاع الأمنية المتردية في البلاد.
804,"ارتفعت حصيلة تفجير سيارة مفخخة تبناه تنظيم ""الدولة الإسلامية"" في سوق شعبي بمنطقة خان بني سعد ذات الغالبية الشيعية شمال شرق بغداد إلى أكثر من 100 قتيل و17 مفقودا."
805,التقى الرئيسان الأمريكي والروسي في محاولة لتخفيف حدة التوتر في العلاقات بين البلدين، لاسيما على خلفية الخطط الأمريكية لإقامة درع صاروخي في شرق أوروبا والخلافات بينهما حول كيفية التعامل مع الطموحات النووية الإيرانية.
806,أعلن المدعي العام الألماني بدء إجراءات التحقيق في الاشتباه في التنصت على هاتف المستشارة الألمانية أنغيلا ميركل من قبل أجهزة استخباراتية. يأتي ذلك في وقت تسعى فيه لجنة برلمانية للكشف عن ملابسات تجسس وكالة الأمن القومي الأمريكية.
807,قالت شبكة انستغرام للتواصل الاجتماعي إن قراصنة إلكترونيين تمكنوا من سرقة كلمات المرور الخاصة بأكثر من مليون شخص في العالم.
808,يعيش عدد كبير من الأزواج والزوجات في ألمانيا مفترقين كي يتسنى لهم الاحتفاظ بوظائفهم. وحسب دراسة جديدة فإن ثلثهم لا يزالون معاً بينما يحتفظون ببيوت أسرية مستقلة.
809,يعاني الكثير من الناس من آلام حادة ومفاجئة في المفصل. ورغم أن النقرس مرض وراثي، إلا أن علاجه ممكن سواء بالأدوية أو بتغيير النظام الغذائي. فما هي أعراض هذا المرض؟
810,قال نائب رئيس الوزراء البحريني، عيسى قاسم، إن الاتفاق الذي أبرمته حكومته مع إسرائيل بشأن تطبيع العلاقات مع إسرائيل لن يلقى دعما شعبيا.
811,إذا كنت تعاني من حساسية لدغات النحل أو الدبابير، فربما تكون قد تعرضت لدغات من النحل أو الدبابير في غضون دقائق قليلة. فما هي علامات الإصابة بالحساسية الناتجة عن لدغات النحل أو الدبابير؟
812,ينصح الأطباء الأمهات اللائي يرضعن أولادهن بشكل طبيعي حتى يصبح عمرهم ستة أشهر على الأقل، لأن ذلك يحد من خطر إصابة الرضع بأي عدوى في الأذن والجهاز التنفسي والحساسية والبدانة والسكري.
813,قالت الشرطة الاسرائيلية إن مسلحا أطلق النار على مركبة عسكرية اسرائيلية في بلدة كريات غات القريبة من الحدود مع الضفة الغربية، مما أسفر عن مقتل اثنين من رجال الشرطة.
814,"""كل شيء توقف""، ""كل شيء توقف""، ""كل شيء توقف""، ""كل شيء توقف""، ""كل شيء توقف""، ""كل شيء توقف""، ""كل شيء توقف""، ""كل شيء توقف""، ""كل شيء توقف""، ""كل شيء توقف""، ""كل شيء توقف""، ""كل شيء توقف""، ""كل شيء توقف""، ""كل شيء توقف""، ""كل شيء توقف""، ""كل شيء توقف""، ""كل شيء توقف""، ""كل شيء توقف""، ""كل شيء توقف""، ""كل شيء توقف""، ""كل شيء توقف""، ""كل شيء توقف""، ""كل شيء توقف""، ""كل شيء توقف""، ""كل شيء توقف"""
815,"دعت وزيرة الخارجية الأمريكية إسرائيل والفلسطينيين إلى استئناف مفاوضات السلام ""من دون شروط مسبقة"". جاء ذلك في مؤتمر صحفي مع نظيرها الأردني ناصر جودة، الذي دعا فيه الفلسطينيين إلى وقف النشاطات الاستيطانية."
816,تصاعدت حدة هتافات المحتجين في ميدان التحرير في القاهرة ومدن مصرية أخرى ضد المجلس العسكري الذي يتولى إدارة شؤون البلاد، فيما دعا الناشطون المؤيدون للديمقراطية إلى مسيرة حاشدة في عدة مدن للمطالبة بتحقيق مطالبهم.
817,أعلنت الممثلة الأمريكية جودي فوستر أنها تزوجت من صديقتها المصورة الكسندرا هيديسون، التي اعترفت لأول مرة بميولها الجنسية المثلية في كلمة متلفزة أذيعت أثناء حفل توزيع جوائز جولدن جلوب عام 2013.
818,قال وزير الخارجية الأمريكي، جون كيري، إن عملية التدقيق في نتائج الجولة الثانية من الانتخابات الرئاسية في أفغانستان ستبدأ السبت.
819,حقق العداء البريطاني من أصل أفريقي، فرح فرح، إنجازا جديدا بإحرازه المركز الأول في سباق 100 متر ضمن بطولة العالم لألعاب القوى في لندن.
820,وصل نجم كرة القدم المصري السابق محمد أبو تريكة إلى منزل عائلة نجم المنتخب المصري السابق محمد أبو تريكة في القاهرة، في زيارة مفاجئة.
821,علقت غالبية الصحف الأوروبية على خطاب رئيس إقليم كاتالونيا كارليس بوتشيمون، الذي أعلن فيه عن قيام جمهورية جديدة على البحر المتوسط وأمهلها عدة أسابيع إلى حين ولادتها.
822,انتقدت منظمات حقوق الإنسان قرار مجلس حقوق الإنسان التابع للأمم المتحدة بمنح خمس دول عضوية في المجلس الحقوقي.
823,دعت دول مجلس التعاون الخليجي مجلس الأمن الدولي إلى إصدار قرار بشأن التدخل العسكري في اليمن.
824,قالت وزارة الداخلية البريطانية إن أكثر من نصف النساء الأسيويات اللواتي هربن إلى بريطانيا بسبب تعرضهن لسوء المعاملة قد رحلن إلى بلدانهن بعد انهيار زيجاتهن.
825,"دعا الأمين العام للأمم المتحدة إلى وقف فوري للقتال في الغوطة الشرقية، التي تحولت إلى ""جحيم على الأرض"" بالنسبة للمدنيين، فيما دعا الأمين العام للأمم المتحدة إلى وقف فوري للقتال في الغوطة الشرقية."
826,"فيما كثف الجيش العراقي قصفه لمدينة الفلوجة استعداداً لهجوم بري لاستعادة السيطرة عليها من مسلحين استولوا عليها قبل شهر، قتل ثلاثة جنود في هجوم لـ""داعش"" استهدف نقطة تفتيش تابعة للفرقة الثانية عشرة للجيش العراقي."
827,رغم تعادله مع المغرب في الجولة الأخيرة من مباريات المجموعة الثانية في مونديال روسيا، تأهلت إسبانيا والبرتغال إلى دور الستة عشر. كما تأهلت البرتغال إلى دور الستة عشر رغم تعادلها مع إيران في المجموعة نفسها.
828,رفع محامون مصريون دعوى قضائية ضد قرار الحكومة المصرية بالموافقة على اتفاقية ترسيم الحدود البحرية بين مصر والسعودية.
829,"كشفت دراسة أوروبية عن أن نظام ""الحوسبة السحابية""، الذي يتم من خلاله تخزين البيانات على خوادم في الشبكة العنكبوتية العالمية، لا يضمن الأمن الذي تتمتع به البيانات الشخصية الخاصة بالأوروبيين."
830,قال وزير الخارجية الأمريكي جون كيري إن المحادثات التي أجراها مع رئيس الوزراء العراقي نوري المالكي لم تتناول مفهوم حكومة انقاذ وطني.
831,"قال المتحدث باسم هيئة قناة السويس المصرية، أشرف ربيع، إن السفينة العملاقة ""إيفرغيفن""، التي كانت عالقة في القناة منذ أكثر من عام، قد تصل قيمتها إلى مليار دولار."
832,"يبدو أن الصراع بين بايرن ودورتموند قد وصل إلى طريق مسدود، فقد ملَّ فريق ""الأسود والأصفر"" من لعب دور الوصيف، منذ أن جرده بايرن قبل سنوات من أفضل لاعبيهم. ويبدو أن الصراع الآن قد وصل إلى طريق مسدود."
833,أعلن الاتحاد الألماني لقطاع النقل الجوي أنه يعتزم فرض وجود شخصين داخل قمرة قيادة الطائرات وذلك بعد تحطم طائرة ايرباص ايه320 في جبال الألب. يأتي ذلك بعد أن عدل شخص ما يدوي ارتفاع الطائرة إلى أقل من مئة قدم (30 مترا).
834,تأهل بايرن ميونيخ إلى الدور التمهيدي لدوري أبطال أوروبا بعد فوزه على فرايبورغ بهدفين مقابل هدف يتيم. كما تأهل شتوتغارت إلى دوري أبطال أوروبا بعد فوزه على فرايبورغ بهدفين مقابل هدف.
835,حققت منطقة اليورو نموا بنسبة 0.3 في المئة العام الماضي، وهو ما يعد مؤشرا على تعافي الاقتصاد الأوروبي.
836,"هددت الحكومة الأردنية برد ""حازم"" على مقتل الطيار الأردني معاذ الكساسبة، الذي قُتل في غارة جوية أمريكية في سوريا الشهر الماضي."
837,تعهد الرئيس الفرنسي، إيمانويل ماكرون، ونظيره التركي رجب طيب أردوغان، بتكثيف التعاون في مكافحة الإرهاب.
838,في ما يلي أبرز التطورات في اليمن منذ تنحي الرئيس السابق علي عبد الله صالح عن السلطة في شباط/ فبراير 2012 إثر ضغوط من الشارع.
839,وجهت النيابة الألمانية رسميا تهمة نقل معلومات تتعلق بممتلكات البوندستاغ الألماني إلى الاستخبارات العسكرية الروسية. وحسب الادعاء فإن الرجل كان لديه إمكانية الوصول إلى ملفات تحوي مخططات طوابق البرلمان الألماني.
840,يسعى الاتحاد الأوروبي إلى تنفيذ عمل عسكري ضد مهربي اللاجئين في ليبيا، وذلك من خلال تشكيل أسطول عسكري لإغراق قوارب المهربين في المياه الإقليمية الليبية أو مراقبتها وتتبعها وتدميرها قبل انطلاق رحلاتها.
841,رغم أن الفن الكاريكاتوري لم يدخل ألمانيا إلا بعد الحرب العالمية الثانية، إلا أن هذا الفن لا يحظى بمكانة كبيرة في الدول الأوروبية، كما يرى راينر هاخفيلد، الذي حصل على جائزة أفضل رسام كاريكاتير لعام 2012.
842,قال المرصد السوري لحقوق الإنسان إن أكثر من ثلاثة آلاف شخص ينتظرون منذ ساعات في منطقتين قريبتين من حلب من أجل إكمال طريقهم إلى وجهاتهم النهائية بعد إجلائهم من بلدات محاصرة.
843,بعد خسارة فريق باريس سان جيرمان الفرنسي أمام بطل النسخة الماضية فريق ريال مدريد الإسباني، تثار تساؤلات كثيرة حول مستقبل النادي الباريسي، خاصة بعد خسارته أمام بطل النسخة الماضية فريق باريس سان جيرمان.
844,تشهد الجولة الثالثة من دوري أبطال أوروبا لكرة القدم غدا الثلاثاء مباريات قمة قد تحدد هوية وملامح طليعة المتأهلين إلى الدور الثاني، فيما يأمل بايرن ميونيخ في الفوز على كلوج الروماني على حساب كلوج الروماني.
845,تنطلق اليوم الخميس في جنيف المحادثات النووية بين مجموعة 5+1 وإيران، في وقت دعت فيه إسرائيل القوى الكبرى إلى رفض اقتراح إيراني محتمل يتضمن وقف أنشطة تخصيب اليورانيوم بنسبة 20 بالمائة.
846,شهد العالم الثلاثاء آخر خسوف كامل للقمر تشهده الولايات المتحدة منذ عام 2019. وشوهد الخسوف في كثير من مناطق الولايات المتحدة، حيث شوهد القمر يتحرك ويدخل في ظل الأرض.
847,التقى العاهل الاردني الملك عبدالله الثاني بالقائد العسكري الليبي خليفة حفتر في العاصمة الاردنية عمان.
848,في أسوأ حادث من نوعه في قطاع صناعة الملابس في بنغلاديش، انهار مبنى مؤلف من ثمانية طوابق يضم العديد من مصانع الملابس يعمل فيها الآلاف، ما أدى إلى مقتل 82 شخصا على الأقل وإصابة 700 آخرين.
849,استخدمت الشرطة الهندية خراطيم المياه لتفريق متظاهرين في العاصمة دلهي احتجاجا على ما وصفوه بالفساد المستشري في قطاع التعدين.
850,"أعلنت جماعة تطلق على نفسها اسم ""أنصار بيت المقدس"" مسؤوليتها عن إطلاق صاروخ على مدينة إيلات الإسرائيلية."
851,"بدأت اللجنة الدولية للصليب الأحمر عملية ""توزيع كبرى"" للأغذية على جانبي خطوط المواجهة في حلب السورية لأول مرة منذ أكتوبر/ تشرين الأول الماضي، فيما تقترب القوات النظامية السورية من فك الحصار عن سجن حلب المركزي."
852,قال وزير الخارجية الأمريكي جون كيري إن جماعة الإخوان المسلمين هي التي صنعت ثورة 25 يناير التي أطاحت بالرئيس المصري السابق حسني مبارك.
853,فشل فريقا برشلونة وأتلتيكو مدريد في هز الشباك في عرض متوسط في استاد كالديرون معقل أتلتيكو مدريد في العاصمة الإسبانية مدريد، في مباراة شهدت طرد المهاجم الأرجنتيني ليونيل ميسي.
854,في الوقت الذي أعلنت فيه الحكومة السودانية عن موافقتها على تسليم الرئيس السوداني، عمر البشير، وباقي المطلوبين لدى المحكمة الجنائية الدولية في لاهاي، إلى المحكمة الجنائية الدولية في لاهاي.
855,"حذر الرئيس الفرنسي، إيمانويل ماكرون، تركيا من ""التصرف العدواني"" في إقليم ناغورنو كاراباخ المتنازع عليه مع أرمينيا."
856,يعقد الاتحاد الدولي لكرة القدم (فيفا) اجتماعا طارئا لبحث مزاعم وجود أي خطر يهدد استضافة قطر لكأس العالم 2022.
857,"أمر رئيس الوزراء العراقي حيدر العبادي وزير الداخلية محمد سالم الغبان ""بملاحقة العناصر التي اعتدت على القوات الأمنية والمواطنين وأعضاء مجلس النواب وإحالتهم إلى القضاء"". يأتي ذلك بعد ساعات من اقتحام آلاف المتظاهرين للمنطقة الخضراء."
858,استقبل لبنانيون عبر مواقع التواصل الاجتماعي في لبنان الرئيس الفرنسي إيمانويل ماكرون الذي زار بيروت في وقت سابق من الشهر الجاري.
859,قالت هيئة مقر الاتصالات الحكومية في بريطانيا إنها تراقب برنامج ياهو للمحادثة عبر الفيديو، وذلك بعد أن كشف تقرير عن أن البرنامج يسمح لمستخدمي البرنامج بمشاهدة بث مباشر لنفس الكاميرا.
860,في الوقت الذي يزداد فيه عدد المسيحيين الذين فروا من سوريا هرباً من المعارك الدائرة منذ أكثر من عامين، تزداد المخاوف من أن يؤدي ذلك إلى نزوحهم إلى أوروبا، كما حذر أسقف السريان الأرثوذكس في دمشق من خطر تهجيرهم.
861,اقترحت اللجنة الأوروبية لمكافحة التلاعب بأسعار الفائدة في البنوك الأوروبية لوائح جديدة للتعامل مع هذا النوع من التلاعب.
862,تختلف درجة حرارة جسد الإنسان من جسد لآخر، ففي الوقت الذي يمتلك فيه البعض أجهزة استشعار خاصة بالحرارة والبرودة، يمتلك البعض الآخر أجهزة استشعار مختلفة. فما هي هذه الأجهزة، وكيف يتم تفعيل هذه الأجهزة؟
863,ذكرت تقارير صحفية أن مجموعة من الرجال هاجمت صاحب كشك صغير وعامل (22 عاما) في سوق عيد الميلاد ببلدة آرنشتات الألمانية، بسبب أصل العامل، الذي ينحدر من سوريا.
864,ذكرت مصادر إعلامية أن تركيا دعت روسيا وإيران إلى المشاركة في قمة جديدة بخصوص سوريا تنعقد في طهران الشهر المقبل. يأتي ذلك فيما تتجه الأنظار إلى مدينة إدلب السورية ووضع المدنيين فيها.
865,بعد تكليفه بتشكيل حكومة جديدة، عاد مصطفى أديب إلى السراي الحكومي في بيروت، حيث كلفه الرئيس ميشال عون بتشكيل حكومة جديدة. فما هي قصة هذا الرجل؟ وما هي أبرز محطات مسيرته المهنية؟ وما هي أبرز محطات حياته؟
866,انسحب جون كاسيس حاكم اوهايو من السباق الجمهوري للترشح عن الحزب الجمهوري في الانتخابات الرئاسية الأمريكية، مؤكداً أن الله سيبقيه على الطريق السوي، وذلك بعد 24 ساعة من انسحاب سيناتور تكساس تيد كروز.
867,كشف تقرير إخباري أن الاتحاد الألماني لكرة القدم سيعقد جلسة مصغرة مع يوآخيم لوف، المدير الفني للمنتخب الألماني لكرة القدم، قبل اجتماعه المقرر في الرابع من الشهر المقبل مع إدارة الاتحاد.
868,حذرت اللجنة العلمية الأممية الخاصة ببحث تأثيرات الإشعاع الذري في تقرير لها من احتمال إصابة الأطفال الذين تلقوا جرعات إشعاع مرتفعة من محطة فوكوشيما النووية في اليابان بسرطان الغدة الدرقية مستقبلا.
869,"دعا الأمين العام للأمم المتحدة مجلس الأمن إلى إنهاء حالة الشلل في سوريا والقيام بتحرك ""مفيد"" لوقف العنف، فيما أغلق محتجون في لبنان المعبر الحدودي الشمالي مع سوريا لمنع شحنات وقود من الوصول إلى سوريا."
870,"دعا الرئيس الأمريكي باراك أوباما إيران إلى النظر للدبلوماسية كوسيلة لحل النزاع حول برنامجها النووي، مؤكدا أن البرنامج النووي الإيراني يمثل ""قضية كبرى"" بالنسبة للولايات المتحدة الأمريكية."
871,"قامت الشرطة الألمانية بتفتيش مكاتب جمعية ""أيتام لبنان""، التي تتخذ من مدينة إيسن مقرا لها، وذلك بعد أن قدمت الجمعية منذ سنوات دعما بالمليارات لمؤسسة ""شهيد""، التي تمول بدورها حزب الله."
872,"في مباراة ودية مع فريق ""كل النجوم"" الأمريكي، الذي يضم تشكيلة من لاعبي دوري النخبة الأمريكي (MLS) في مواجهة فريق ريال مدريد الإسباني، وجه الصحفي الألماني باستيان شفاينشتايغر سؤالا في منتهى الغرابة."
873,ناشد وزير الخارجية الهولندي السلطات اليمنية اطلاق سراح رهينتين هولنديين كانا قد اختطفا في اليمن.
874,"قالت مصادر أمنية عراقية إن القيادة العامة للقوات المسلحة قررت إطلاق اسم ""لبيك يا عراق"" على العمليات العسكرية التي تقوم بها ضد تنظيم ""الدولة الإسلامية"" في محافظتي صلاح الدين والأنبار."
875,"""النحل القاتل"" هو أحد أكثر أنواع النحل المهجن فتكا في العالم، وهو أحد أكثر أنواع النحل المهجن فتكا في العالم."
876,تمكن مسلحون موالون لروسيا من اقتحام مبنى المدعي العام في مدينة دونيتسك، شرقي أوكرانيا، وطردوا أفراد الشرطة منه.
877,بدأت عمليات البحث عن الناجين من الزلزال الذي ضرب اليابان يوم السبت، حسبما قالت وسائل الاعلام اليابانية.
878,"شهدت العاصمة النمساوية، فيينا، احتفالين كبيرين، أحدهما على جبل ""بلاناي""، والآخر على جبل ""بلاناي""، وهو جبل في النمسا، والآخر على جبل ""بلاناي"" في النمسا."
879,"تأهل فريق بوروسيا دورتموند الألماني إلى نهائي كأس ألمانيا لكرة القدم بعد فوزه على ضيفه فولفسبورغ بهدفين نظيفين في المباراة التي جمعت الفريقين على ملعب ""سيغنال إيدونا بارك"" في ميونيخ."
880,ألقت السلطات البريطانية القبض على اثنين من مواطني دول أجنبية في مطار غاتويك للاشتباه في تخطيطهما للقتال في سوريا.
881,"شهد الربع الأول من العام الجاري حوالي 347 اعتداء على نزل اللاجئين في مناطق مختلفة من ألمانيا، من بينها ثلاث حالات وصفت بـ""محاولة القتل العمد"" و37 حالة من ""الحريق المتعمد"" و23 حالة من الإصابات الجارحة."
882,دعا وزير الخارجية الألماني إلى الحفاظ على سلامة أراضي أوكرانيا ووحدتها الوطنية، فيما رحبت منسقة السياسة الخارجية في الاتحاد الأوروبي بالإفراج المفاجئ عن رئيسة الوزراء الأوكرانية السابقة يوليا تيموشنكو.
883,بعد مرور عام على إعلان الرئيس الأمريكي باراك أوباما نيته إغلاق معسكر غوانتانامو، لا تزال إدارة الرئيس الأمريكي تبحث عن مخرج من هذا المأزق، كما يرى المعلق دانييل شيشكيفيتز في تعليقه التالي.
884,"أثارت شحنة صواريخ روسية مضادة للسفن إلى سوريا ردود فعل متباينة في الأوساط السياسية الألمانية. ففيما اعتبر رئيس هيئة الأركان الأمريكية المشتركة الشحنة ""عرضا إضافيا"" في لعبة البوكر السورية، اعتبرت صحف أخرى ذلك ""عرضا إضافيا""."
885,"حذر الرئيس الروسي، فلاديمير بوتين، من أن الاستفتاء على الاستقلال في أوكرانيا ""خطوة إيجابية""."
886,يرى رئيس البرلمان الألماني ـ بونديستاغ ـ بونديستاغ ـ بونديستاغ ـ بونديستاغ ـ بونديستاغ ـ بونديستاغ ـ بونديستاغ ـ بونديستاغ ـ بونديستاغ ـ بونديستاغ ـ بونديستاغ ـ بونديستاغ ـ بونديستاغ ـ بونديستاغ ـ بونديستاغ ـ بونديستاغ ـ بونديستاغ ـ بونديستاغ ـ بونديستاغ ـ بونديستاغ ـ بونديستاغ ـ بونديستاغ ـ بونديستاغ ـ بونديستاغ 
887,كشف النجم البرتغالي كريستيانو رونالدو عن سر احتفاله بتسجيل الأهداف في شباك الخصوم بطريقة فريدة من نوعها. النجم البرتغالي كشف عن سر احتفاله بتسجيل الأهداف في شباك الخصوم.
888,اعتقلت الشرطة في بلغاريا أكثر من 30 شخصاً، يشتبه في انتمائهم لشبكة دولية تتاجر بالبشر.
889,أعلن البيت الأبيض أن الرئيس الأمريكي دونالد ترامب يعتزم العمل مع الكونغرس من أجل إيجاد بديل لبرنامج أوباماكير للرعاية الصحية.
890,قضت المحكمة الدستورية العليا في مصر بوقف قرار الرئيس محمد مرسي بعودة مجلس الشعب للعمل بعد حله، وأمرت بتنفيذ الحكم السابق ببطلان قانون انتخابات مجلس الشعب، الذي جرت بموجبه الانتخابات، بما يترتب على ذلك حل المجلس واعتباره غير قائم بقوة القانون.
891,قالت وزارة الداخلية المصرية إنها تحقق في بلاغ يتهم مدير مكتب وكالة رويترز العالمية بنشر أخبار كاذبة بشأن مقتل الباحث الإيطالي جوليو ريجيني في القاهرة.
892,قتل أكثر من 30 شخصا في تفجيرين انتحاريين استهدفا ضاحية بيروت الجنوبية ذات الأغلبية الشيعية في العاصمة اللبنانية بيروت، بحسب ما ذكرته وكالة رويترز للأنباء.
893,"حذر الرئيس السوري بشار الأسد من أن الدول العربية والغربية التي دعمت الإرهاب في بلاده ستدفع ""ضربا غاليا"" في مواجهة ما وصفه بـ""دواء الربيع المزيف""."
894,أعلن رئيس الحزب الاشتراكي الديمقراطي مارتن شولتس تخليه عن منصب وزير الخارجية في الحكومة الائتلافية المرتقبة، معتبرا أن النقاش حول شخصه سيؤثر على تصويت قاعدة الحزب على مصير الائتلاف مع التحالف المسيحي.
895,اتفقت تركيا والاتحاد الأوروبي على التخلي عن طلب الحصول على تأشيرة دخول من الأتراك الراغبين في السفر إلى دول الاتحاد.
896,"قتل الجهادي جون، الذي ظهر لأول مرة في مقاطع فيديو بثها تنظيم ""الدولة الإسلامية"" في سوريا، في غارة جوية أمريكية في مدينة الرقة السورية. ولم يتضح بعد ما إذا كانت الغارة قد قتلت البريطاني الجنسية محمد إموازي."
897,قتل جندي فرنسي في هجوم مسلح على متحف اللوفر في باريس، حسبما قالت الشرطة الفرنسية.
898,من أجل المساعدة على فهم كيفية تأثير الغيوم على المناخ في مناطق مشابهة تقع في أنحاء العالم كافة، تم البدء بمشروع بحث دولي يهدف إلى تقديم معلومات دقيقة حول الغيوم المشبعة بالأمطار وموقع سقوطها من الأمور الصعبة.
899,قال رئيس المجلس الأعلى لليهود في ألمانيا جوزيف شوستر إن الهجمات الإرهابية في باريس وكوبنهاغن دفعت الكثير من الناس إلى إعادة التفكير في أسلوب التعامل مع الأجانب، مشيرا إلى أن قضايا معاداة الأجانب والعنصرية ومعاداة السامية باتت تحظى بالاهتمام.
900,"اتهم المتحدث باسم القوات المسلحة الليبية التابعة لمجلس النواب المنتخب، أحمد المسماري، قطر بنقل ""مسلحي داعش من سوريا إلى ليبيا""، متهماً قطر بنقل ""مسلحي داعش من سوريا إلى ليبيا""."
901,"قال مكتب المدعي العام السويسري إنه يحقق مع ناصر الخليفي، رئيس مجموعة ""بي إن"" الإعلامية القطرية، بشأن مزاعم فساد."
902,"""سعوديون على شبكات التواصل الاجتماعي"" هو عنوان سلسلة جديدة من سلسلة ""سعوديون_أونلاين""، التي تتحدث عن حرية المعتقد في المملكة العربية السعودية."
903,قالت منظمة هيومان رايتس ووتش لحقوق الانسان ان الحكم الذي اصدرته محكمة بحرينية على 28 طبيبا بحرينيا من بينهم طبيبان في مجمع السلمانية في العاصمة المنامة قد انتهى.
904,قالت السعودية إنها تحقق في مزاعم باختراق هاتف جيف بيزوس، مالك شركة أمازون الأمريكية العملاقة.
905,"تظاهر عشرات الآلاف من اليمنيين في العاصمة صنعاء احتجاجا على ما وصفوه ""بنهب"" الجيش للأراضي الزراعية التي سيطر عليها ما يعرف بقوات الحرس الجمهوري في عهد الرئيس السابق علي عبد الله صالح."
906,بعد سنوات طويلة من الهيمنة السعودية على دول مجلس التعاون الخليجي، باتت السعودية لاعباً إقليمياً قوياً، فهل يمكن أن يكون ذلك بديلاً عن الهيمنة السعودية؟ وهل يمكن أن يكون ذلك عبر امتلاكها وجهات نظر تخالف وجهات نظر الرياض؟
907,اتهمت ماليزيا الولايات المتحدة الأمريكية بالتجسس عليها.
908,يعاني أغلبنا من الإجهاد الدائم في العمل، وهو ما يؤدي إلى زيادة العبء عليهم واستنفاد طاقاتهم. خبير ألماني متخصص في علاج التوتر الناجم عن كثرة المشاغل يقدم ثلاثة تمارين بسيطة للتغلب على هذا الإجهاد.
909,يواصل الناخبون المصريون الإدلاء بأصواتهم في اليوم الثاني والأخير من الانتخابات الرئاسية، التي يتوقع أن يفوز بها وزير الدفاع السابق عبد الفتاح السيسي. ومن المتوقع أن تصدر النتائج النهائية بعد ساعات من إغلاق لجان الاقتراع.
910,قال المرصد السوري لحقوق الانسان المعارض ومقره بريطانيا إن اشتباكات عنيفة تدور منذ اسابيع بين القوات الحكومية السورية والمقاتلين المعارضين في مناطق عدة من البلاد.
911,يشهد معرض لايبزغ الدولي للكتاب إقبالا كبيرا من الزوار من مختلف أنحاء العالم على مدى أربعة أيام متتالية. ورغم تداعيات الأزمة المالية العالمية على سوق الكتاب إلا أن هذا الإقبال لم يقتصر على الكتاب فحسب، بل شمل أيضا دور النشر الصغيرة.
912,قتل 13 شخصا على الأقل في غارة جوية شنتها طائرة أمريكية بلا طيار على أحد معاقل المتشددين في شمال غربي باكستان، حسبما قال مسؤولون أمنيون.
913,"حذر الرئيس الروسي فلاديمير بوتين من أن الاقتصاد الروسي يواجه ""مشكلة كبيرة""، وذلك في أول رد فعل له على أسئلة موجهة إلى جمهور عريض من المواطنين."
914,"رفضت اللجنة العليا للمشاريع والإرث في قطر ""الادعاءات"" التي نشرتها صحيفة ""صنداي تايمز"" البريطانية، والتي زعمت أن قطر استخدمت فريقا أمريكيا للعلاقات العامة ووكلاء سابقين بوكالة الاستخبارات الأمريكية لتشويه المنافسين."
915,"تناولت صحف عربية بنسختيها الورقية والإلكترونية زيارة وزير الخارجية الأمريكي مايك بومبيو إلى العراق، والتي تهدف إلى ""تضييق الخناق على إيران"" و""تضييق الخناق على إيران"" و""تضييق الخناق على إيران""."
916,نجح علماء ألمان في تطوير مادة فعالة تثبط من عملية موت الخلايا العصبية في الدماغ، الأمر الذي يفتح آفاقا جديدة في علاج هذا المرض الذي يعاني منه أكثر من مليون شخص في ألمانيا.
917,قالت إيران إنها توصلت إلى اتفاق مبدئي مع القوى الكبرى بشأن برنامجها النووي، وذلك في اليوم الثالث من المحادثات في فيينا.
918,فيردر بريمن يلحق بركب المتأهلين إلى الدوري الأوروبي لكرة القدم إثر فوزه على باير ليفركوزن بهدف يتيم أحرزه لاعب خط الوسط مسعود أوزيل. دييغو يودع بريمن بلقب ثمين قبل انتقاله إلى يوفنتوس تورين.
919,بدأ العد التنازلي لماراثون بوسطن في ولاية ماساتشوستس الأمريكية في وقت مبكر من صباح السبت بعد أن استهدف انفجاران خط النهاية للماراثون.
920,أكد مدرب فريق بروسيا دورتموند الألماني لكرة القدم يورغن كلوب أن فريقه لم يتلقى حتى الآن أي عرض رسمي من بايرن ميونيخ لضم المهاجم البولندي روبرت ليفاندوفسكي إلى صفوفه.
921,قالت المفوضية السامية لشؤون اللاجئين التابعة للأمم المتحدة إن عدد النازحين من العرب السنّة في العراق تجاوز المليون شخص.
922,"أفاد المرصد السوري لحقوق الإنسان أن طائرات حربية روسية استهدفت ""سجن إدلب"" بعشر غارات على الأقل ما أدى إلى مقتل وإصابة عدد من السجناء والسجناء. كما أفاد المرصد أن طائرات حربية روسية استهدفت ""سجن إدلب"" بعشر غارات."
923,"أعلن منظمو ""حفل روك أم رينغ"" الموسيقي في ولاية ""راينلاند بفالتس"" الألمانية استئناف فعاليات المهرجان بعد توقفه على خلفية وجود تهديد إرهابي، فيما رفضت السلطات في ولاية هيسن الإدلاء بتصريحات عن الأشخاص الثلاثة المنحدرين منها."
924,أظهر استطلاع للرأي أن الفساد ازداد سوءا في معظم الدول العربية منذ انتفاضات الربيع العربي عام 2011 رغم أن الغضب على فساد المسؤولين كان سببا رئيسيا في تفجيرها. كما أظهر الاستطلاع أن أكثر من نصف سكان العالم إجمالاً.
925,"أعلنت جماعة ""أنصار المسلمين في بلاد السودان"" المتشددة مسؤوليتها عن اختطاف سبعة رهائن غربيين في نيجيريا."
926,بعد خسارة بايرن ميونيخ في المرحلة 33 من الدوري الألماني أمام فرايبورغ، بدأت أندية أخرى في البوندسليغا في تقديم طلبات لتلعب مبارياتها مع الفريق البافاري في المرحلة الأخيرة من الدوري الألماني.
927,أمهلت السلطات السودانية القائم بالأعمال الإيراني في الخرطوم 72 ساعة لمغادرة البلاد، بحسب ما ذكره مصدر دبلوماسي إيراني.
928,"لم تنته أزمة سباق فرنسا الدولي للدرجات (تور دي فرانس) بعد، بل اتخذت مساراً آخراً، فقد استغنى فريق ""رابوبانك"" عن خدمات حامل القميص الأصفر، الأمر الذي أثار غضب ممولي السباق."
929,يوجد في ألمانيا نوع من العناكب يسمى نيفيلا أو عنكبوت الحرير الذهبي، يصل طوله إلى 4 سنتيمترات، ويصل طوله إلى 4 سنتيمترات، ويصل طوله إلى 30 سنتيمتراً، ويُستعمل في جراحة التجميل وإصلاح الأضرار التي تصيب الأوراد والألياف العصبية.
930,"تفاعل رواد مواقع التواصل الاجتماعي في العالم العربي مع قضية المواطن الأمريكي جورج فلويد، الذي أطلق عليه اسم ""جورج فلويد""، بعد انتشار مقاطع فيديو تظهره وهو يطلي وجهه باللون الأسود."
931,عثرت بعثة أثرية سويدية على بقايا عظام بشرية، تعود إلى العصر البطلمى، تعود إلى العصر الروماني، في منطقة أسوان جنوبي مصر.
932,"دعا الأمين العام للأمم المتحدة بان كي مون إلى إجراء ""حوار سلمي"" مع كل الأطراف السياسية في مصر للتوصل إلى طريق للمضي قدما في المصالحة الوطنية."
933,تساقط الشعر من الأمراض المزعجة التي تصيب الرجال والنساء على حد سواء. ورغم اختلاف أسباب تساقط الشعر، إلا أن الخبراء يحذرون من استخدام طرق علاجية دون استشارة الطبيب.
934,"وصلت مركبة الفضاء الروسية ""سويوز"" إلى محطة الفضاء الدولية بعد رحلة استغرقت ست ساعات. ومن المقرر أن يمضي الثلاثة خمسة أشهر ونصف الشهر في الفضاء، لينضموا إلى الروسي فيودور يورتشيخين والأمريكية كارين نيبرج والإيطالي لوكا بارميتانو."
935,في الوقت الذي أثارت فيه دموع تيريزا ماي تعاطف البعض مع دموع الآخرين على وسائل التواصل الاجتماعي، أظهرت دراسة جديدة أن آراء الشخص عن البكاء تؤثر على حالته النفسية بعد البكاء، وعلى الحالة النفسية للشخص بعد البكاء.
936,"حث وزير الدفاع الامريكي تشاك هيغل الرئيس المصري عبد الفتاح السيسي على ""المشاركة السياسية""، وذلك في مكالمته الهاتفية التي اجراها مع نظيره المصري عبد الفتاح السيسي يوم الاحد."
937,عقد مفتشو الوكالة الدولية للطاقة الذرية وإيران محادثات في فيينا بشأن برنامج طهران النووي.
938,تأهل المنتخب الجزائري لكرة القدم الى نهائيات كأس العالم 2014 في البرازيل بعد فوزه على سلوفينيا 1-0.
939,قالت حركة المقاومة الاسلامية (حماس) إنها اجتازت الحدود المصرية مع قطاع غزة يوم السبت في ثالث ايامها الثلاثة.
940,قالت الشرطة في جنوب افريقيا انها القت القبض على عشرة رجال قالت انهم شاركوا في اعمال شغب وعنف في جنوب افريقيا.
941,طالب لاعب كرة القدم الأسترالي، سام سميث، شركة التأمين الأسترالية لكرة القدم بتعويض قدره مليون دولار بسبب تعرضه لارتجاج متكرر في المخ أثناء ممارسته للعبة.
942,"قال تقرير أعدته اللجنة الدولية للتغير المناخي التابعة للأمم المتحدة إن ارتفاع درجة حرارة الأرض إلى 1.5 درجة مئوية يتطلب تغيرا ""سريعا وبعيدا المدى وغير مسبوق"" في استخدام الأراضي والطاقة والصناعة والمباني."
943,"كشفت صحيفة ألمانية استناداً إلى تقرير داخلي لوزارة الداخلية الألمانية أنه من المخطط أن يتلقى أطفال نساء ""داعش"" الألمانيات رعاية من أفراد لعائلتهم ومؤسسات اجتماعية عقب عودتهم إلى ألمانيا."
944,اتهم الرئيس السوري بشار الأسد تركيا بتقديم مزيد من الدعم للمجموعات المعارضة للنظام، وذلك في إشارة إلى تركيا. ميدانيا، قتل 18 مدنيا على الأقل وأصيب أكثر من أربعين آخرين بجروح جراء غارات يعتقد أنها روسية.
945,"دعا المتحدث باسم الكتلة البرلمانية للاتحاد المسيحي الديمقراطي، الذي تنتمي إليه المستشارة الألمانية أنغيلا ميركل، إلى تمديد مهمة طائرات الاستطلاع الألمانية ""تورنيدو"" في سوريا والعراق، معتبراً ذلك ""إهمالاً وغير مسؤول""."
946,أعلن الجيش التركي مقتل جندي في هجوم استهدف نقطة مراقبة في منطقة خفض التصعيد في إدلب. يأتي ذلك بعد يوم واحد من إعلان رئاسة هيئة الأركان العامة للجيش أنها بدأت إقامة نقطة مراقبة رابعة في منطقة خفض التصعيد.
947,كشف تقرير لمنظمة الأمم المتحدة للأغذية والزراعة وبرنامج الغذاء العالمي أن ما يزيد على مليار شخص يعانون من سوء التغذية، وهو أعلى رقم للجوعى خلال أربعة عقود من الزمان، وهو ما يعادل سدس سكان العالم.
948,أعلن وزير الخارجية الفرنسي أن المجلس الأوروبي سيخصص في المقام الأول للمسألة التركية والتوتر في شرق المتوسط، خاصة وأنه سيخصص في المقام الأول للمسألة التركية والتوتر في شرق المتوسط، بما في ذلك فرض عقوبات على أنقرة.
949,قررت إدارة الأغذية والعقاقير الأمريكية رفع حظر التبرع بالدم للرجال الذين مارسوا الجنس مع رجال آخرين.
950,أعلن الجيش النيجيري أنه أنقذ 234 امرأة وطفلا من معسكرات تابعة لجماعة بوكو حرام الإسلامية المتشددة، ليضافوا بذلك إلى حوالي 500 امرأة وطفل تم تحريرهن من قبضة الجماعة خلال الأيام الأخيرة.
951,فرضت الولايات المتحدة عقوبات على شركات وأفراد إيرانيين بسبب تجارب إطلاق صواريخ باليستية.
952,أعلن وزير الآثار المصري ممدوح الدماطي أن مصر اكتشفت أدلة أخرى على أن غرفة سرية يعتقد البعض أنها موقع الدفن الذي لم يعرف بعد للملكة نفرتيتي ربما تكون موجودة وراء قبر الملك توت عنخ آمون.
953,أدى خسوف القمر إلى حدوث خسوف كامل للقمر في النصف الشرقي من الأرض، بحسب ما أعلنته وكالة ناسا.
954,"رياضة لو جونغ ""لو جونغ"" هي رياضة مستوحاة من حركات بعض الحيوانات كالثيران والصقور والخيول والإوز البري. ورغم أن هذه الرياضة مستوحاة من حركات بعض الحيوانات، إلا أن خبراء الرياضة يؤكدون على أهميتها في الحفاظ على التوازن بين الروح والروح."
955,في الوقت الذي تقترب فيه مبيعات هواتف آي فون من 250 مليون نسخة حول العالم، تتحدث تقارير إعلامية عن ارتفاع مبيعات هذا الهاتف إلى ما يقارب 25 مليون نسخة. فما هي أسباب نجاح نوكيا 1100 في سوق الهواتف الذكية؟
956,قتل خمسة أشخاص على الأقل، معظمهم من المدنيين، في هجوم شنه مسلحون على مبنى مديرية الأمن في العاصمة الأفغانية كابول.
957,"قال علماء أمريكيون إن التلسكوب العملاق ""في إل بي ايه"" الذي يدور حول كوكب زحل قد يكون قادرا على تحديد موقعه بدقة."
958,دعا رئيس المفوضية الأوروبية جان كلود يونكر إلى تعزيز الأمن والتنمية في منطقة الساحل وذلك خلال مؤتمر يعقد في بروكسل. كما تعهد الاتحاد الأوروبي بدعم قوة عسكرية مشتركة من أجل تسوية النزاعات واستعادة سلطة الدولة.
959,أعلن الاتحاد الألماني لكرة القدم أنه سيتخذ قراره بشأن الاستعانة بتكنولوجيا خط المرمى في مباريات الدوري الألماني البوندسليغا في آذار/ مارس المقبل.
960,قالت الشرطة الأسترالية إن المسلح الذي قتل أحد الرهائن في مقهى بمدينة سيدني، في ديسمبر/كانون الأول الماضي، قد أصيب بشظايا من الرصاص.
961,بدأت لجنة القيم التابعة للاتحاد الدولي لكرة القدم (فيفا) اليوم الخميس استجواب سيب بلاتر رئيس الاتحاد الدولي لكرة القدم الموقوف أمام لجنة القيم التابعة للفيفا للنظر في إمكانية رفع الإيقاف عنه.
962,قال باحثان في أمن الحواسيب، إن الأجهزة الطبية في الولايات المتحدة قد تعرضت لهجمات إلكترونية من قبل قراصنة، خلال العام الماضي.
963,دعت مصر مجلس الأمن الدولي إلى عقد جلسة طارئة لمناقشة أزمة مسلمي الروهينغا في ميانمار، فيما أعلنت الحائزة على جائزة نوبل للسلام اونغ سان سو تشي خططا لحضور الجمعية العامة للأمم المتحدة في وقت لاحق هذا الشهر.
964,قال مسؤولون أمريكيون إن طائرة مجهولة الهوية ارتطمت بمبنى سكني في مدينة فرجينيا بولاية فرجينيا الامريكية.
965,"فاز البريطاني لويس هاميلتون سائق مرسيدس بلقب سباق ""جائزة إيطاليا الكبرى"" ضمن بطولة العالم لسباقات سيارات فورمولا-1، فيما حل الألماني سيباستيان فيتيل سائق فيراري في المركز الثالث."
966,قال الجيش الشعبي لتحرير السودان إن طائرات مروحية تابعة للقوات المسلحة السودانية هاجمت موقعا للجيش في ولاية جنوب كردفان مما أسفر عن مقتل أربعة جنود.
967,قالت الشرطة في أيسلندا إنها تمكنت من سرقة أجهزة كمبيوتر كانت تستخدم في عمليات إصدار عملات مشفرة.
968,أفادت مصادر امنية وطبية في العاصمة العراقية بغداد بأن انتحاريا فجر نفسه عند نقطة تفتيش للجيش والمتطوعين في بلدة جرف الصخر السنية جنوب بغداد.
969,"الجلوس لفترات طويلة مضر بالصحة، إذ أن طبيعة الجسم غير مهيئة لذلك، لذا أصبح يطلق عليه ""التدخين الجديد""، إذ أظهرت دراسة أميركية حديثة أن الجلوس لفترات طويلة يتسبب في أمراض خطيرة. فكيف ذلك؟"
970,تعتزم السلطات الألمانية إجلاء نحو 21 ألف شخص من منازلهم في مدينة كوبلنتس لإبطال مفعول قنبلة من مخلفات الحرب العالمية الثانية، في الوقت الذي يستعد فيه عشرات الآلاف من المواطنين في مدينة فرانكفورت للإجلاء لنفس السبب.
971,تلقى الرئيس الصيني الجديد، شي جين بينغ، رسالة من ناشطين صينيين، يدعو فيها إلى إطلاق سراح مؤسس الحزب الشيوعي، ليو كسياوبو، وزوجته.
972,"تأهل فريق الرجاء البيضاوي المغربي إلى الدور التالي لملاقاة فريق أوكلاند سيتي النيوزيلندي بطل الكونكاكاف في المباراة التي جمعت بين الفريقين على ملعب ""سانتياغو برنابيو"" في مدينة مراكش المغربية."
973,قال ممثل صندوق النقد الدولي في اليمن غازي شبيكات إن الحكومة اليمنية تستهدف عجزا أكبر في موازنة العام الجديد مقارنة بموازنة 2013 وأن التوسع في الاستدانة عبر بيع أذون الخزانة والسندات سيؤثر سلبا على عملية الإقراض.
974,بدأ المكتب الاتحادي لتقنية المعلومات BSI في ألمانيا العمل على إنشاء مركز دفاع جديد لمواجهة الهجمات الالكترونية على الانترنت. المركز يهدف إلى التعرف على الهجمات المحتملة وتقويمها ووضع استراتيجيات لصدّها.
975,"لم يكن سراً أن منطقة ""خفض التصعيد"" في الجنوب السوري ستكون العنوان التالي لمعركة ""الجنوب""، بل كانت هناك تفاهمات دولية قبل انطلاقها. فما هي أبعاد هذه المعركة؟ وما مدى تأثيرها على المشهد السياسي والعسكري في سوريا؟"
976,أعلنت قوى الأمن الداخلي اللبنانية أنها أوقفت أكبر شبكة للاتجار بالنساء يتم الكشف عنها خلال خمس سنوات وأنقذت 75 فتاة غالبيتهنّ من السوريات. كما اعتقلت طبيبا وممرضة كانا يعملان لصالح الشبكة ويقومان بإجهاض الفتيات.
977,توصلت دراسة حديثة إلى أن الخلايا التائية (المعروفة بـ T cells)، والتي تلعب دوراً حاسماً في ضمان مناعة الجسم لمقاومة مسببات الأمراض، قد تسرع من ظهور أعراض الشيخوخة لدى كبار السن.
978,قالت شرطة مدينة بوتسدام الألمانية إنه تم العثور على قنبلة وهمية في سوق للكريسماس في المدينة كان الغرض منها ابتزاز شركة البريد السريع (دي إتش إل DHL). الشرطة استبعدت احتمال أن يكون سوق عيد الميلاد هدفا لهجوم.
979,أفادت الأنباء الواردة من سوريا باندلاع اشتباكات بين القوات الحكومية ومسلحي المعارضة في مدينة القامشلي شمال شرقي البلاد.
980,"من المتوقع أن يلقي الرئيس الأمريكي جورج بوش اليوم كلمة يتوقع أن تحمل نبرة تفاؤلية في تقييمه للحملة التي قادتها الولايات المتحدة ضد تنظيم القاعدة في العراق والتي وصفها بأنها ""نجاحات لا يمكن انكارها""."
981,كشفت دراسة حديثة أن النساء الحوامل اللاتي يتعاطين مسكن باراسيتامول كمسكن للألم بشكل منتظم ولفترات طويلة يعرضن للخطر مستويات هرمون التستوستيرون لدى أولادهن ما يسبب لهن مشاكل تناسلية محتملة.
982,نجح نجم فولفسبورغ كيفين دي بروين في كسر رقم قياسي بتسجيله 21 تمريرة في مباريات الدوري الألماني هذا الموسم. النجم البلجيكي ساعد زملاءه في تسجيل 21 هدفا في مباريات الدوري الألماني هذا الموسم.
983,أعلنت الصين أنها ستحظر بيع المنتجات الإلكترونية التي لا تتطابق مع الشروط الأمنية، وذلك في محاولة للحد من استغلال الشركات الصينية لمنتجات تلك الشركات.
984,"قال الرئيس الأمريكي باراك أوباما إنه حقق ""تقدما كبيرا"" في محادثات جنيف بشأن نزع الأسلحة الكيمياوية السورية."
985,"هل سبق لك أن سمعت كلمة ""نعم"" أو ""فيما تفكر الآن"" أو ""فيما تفكر الآن؟""، هذه بعض العلامات التي تدل على كذب شريك الحياة أو شريكة الحياة. فما هي هذه العلامات وكيف يمكن التعرف عليها؟"
986,أعلن نادي بوروسيا دورتموند الألماني لكرة القدم غياب لاعب خط الوسط إلكاي غوندوغان عن المنتخب الألماني في بطولة أمم أوروبا التي ستقام بفرنسا بسبب إصابته في الركبة.
987,"قتل تسعة عناصر ""إرهابية"" وأصيب خمسة من رجال الشرطة في تبادل لإطلاق النار بين قوات الأمن المصرية وعناصر ""إرهابية""، حسبما ذكرت وكالة أنباء الشرق الأوسط المصرية."
988,"أعلن وزراء خارجية دول مجموعة ""أصدقاء سوريا"" في ختام اجتماعهم في العاصمة القطرية الدوحة تقديم الدعم العسكري للمعارضة السورية على الأرض."
989,"انتقدت وزيرة الخارجية الباكستانية ما أسمته ""تسريبات استراتيجية"" من جانب أجهزة الاستخبارات الباكستانية بشأن وجود صلات لها مع حركة طالبان في أفغانستان."
990,يعاني الكثيرون من مشاكل في الأسنان، لكن الأطباء يحذرون من إهمال الاعتناء بأسنانهم في الحياة اليومية، مشيرين إلى أن ذلك لا ينعكس فقط على المظهر الخارجي، بل على المظهر الخارجي أيضاً.
991,في اجتماع استثنائي، قرر وزراء خارجية دول الاتحاد الأوروبي تعليق تراخيص تصدير التجهيزات الأمنية والأسلحة إلى مصر، في خطوة قد تزيد من حدة التوتر في المنطقة العربية. فما هي خلفيات هذا القرار؟ وما هي ردود الفعل عليه؟
992,"قال محامي كارلوس غصن، المدير السابق لشركة نيسان، إن السلطات اليابانية ""فشلت في ترتيب محاكمة عادلة"" لموكله."
993,قالت حركة المقاومة الاسلامية (حماس) إن ثلاثة من قادتها قتلوا في غارة جوية اسرائيلية على قطاع غزة يوم الاحد.
994,انفجرت سيارة مفخخة في العاصمة الأفغانية كابول، مما أسفر عن مقتل خمسة أشخاص على الأقل.
995,بعد خروج فريق باريس سان جيرمان من دور الستة عشر لنسخة دوري أبطال أوروبا على يد المدرب الفرنسي زين الدين زيدان وكتيبته من دور الستة عشر لنسخة دوري أبطال أوروبا، بدأ الحديث عن أسماء المرشحين لخلافة إيمري.
996,أفرجت السلطات الفرنسية عن الرهينة الفرنسية، التي كانت قد اختطفت في اليمن، بحسب ما ذكره مكتب الرئيس الفرنسي، فرانسوا هولاند.
997,أعلن الاتحاد الدولي لكرة القدم (فيفا) إيقاف المدير الفني السابق للاتحاد الدولي لكرة القدم (فيفا) أوليفييه ماين-نيكولاس عن المشاركة في أي نشاط كروي لمدة سبعة أعوام.
998,في الوقت الذي يُواصل فيه نجم برشلونة ليونيل ميسي نثر سحره الكروي على المستطيل الأخضر، استعاد الدولي الإسباني سيسك فابريغاس شريط ذكرياته مع صديقه المُقرب منه ليونيل ميسي. فما هي تفاصيل تلك الذكريات؟
999,اندلعت اشتباكات بين الشرطة اليونانية ومحتجين في العاصمة أثينا، مما أسفر عن مقتل شخص واحد على الأقل.
