idx,prediction
0,"قالت فرق الإطفاء الليفتنانت كولونيل غابريل إنّ الحريق الضخم الذي اندلع في كاتدرائية نوتردام الباريسية التاريخية ""مرتبط على الأرجح"" بورشة الترميم التي تشهدها الكاتدرائية الباريسية التاريخية."
1,أفاد مصدر أمني في محافظة الانبار العراقية بمقتل شرطيين اثنين في انفجار قنبلة زرعت على جانب الطريق في أحد مراكز الاقتراع في محافظة نينوى.
2,أعلن الائتلاف الوطني لقوى المعارضة والثورة السورية أن أي حل سياسي للنزاع المستمر في سوريا منذ 26 شهرا يجب يبدأ برحيل الرئيس بشار الأسد وأركان نظامه، فيما أعلن رئيس الوزراء البريطاني أنه سيتوجه إلى سوتشي ليبحث مع بوتين في ملف سوريا.
3,فرض هانوفر التعادل الإيجابي 4 / 4 نفسه على ضيفه بايرليفركوزن في المرحلة السابعة عشرة من الدوري الألماني لكرة القدم، وبات رصيد هانوفر 23 نقطة في المركز الرابع، وبات رصيد هانوفر 23 نقطة في المركز الرابع.
4,قال كارلو انشيلوتي مدرب ريال مدريد إن النادي الاسباني يتفاوض لضم لاعب الوسط جاريث بيل من توتنهام هوتسبير الانجليزي، بينما تثور تكهنات بأن لاعب منتخب ويلز سيحطم في طريقه للانتقال إلى اسبانيا الرقم القياسي للانتقالات.
5,"تحطمت غواصة يتم التحكم فيها عن بعد عندما كانت تستكشف خندقا في أعماق البحار شمال شرق نيوزيلندا، حسبما ذكر موقع ""ذا ستاف"" الذي نقل عن المخرج السينمائي والمخرج السينمائي جيمس كاميرون."
6,قالت الشرطة الباكستانية إن نائب رئيس إقليم سوات، الذي يحكم الإقليم، قتل في هجوم شنه مسلحون على منزل زعيم حزب عوامي الوطني.
7,بعد رحلة طويلة من الإبداع الفني والإنتاج المتواصل رحل الأديب والكاتب الصحفي المصري أنيس منصور عن عمر 87 يناهز 87 يناهز عاماً بعد إصابته بالتهاب رئوي وشرخ بين فقرات الظهر.
8,قالت جبهة البوليساريو المغربية إن مسلحيها قصفوا منطقة الكركرات الواقعة على الحدود بين الصحراء الغربية وموريتانيا.
9,اعتقلت السلطات الفرنسية رجلين كانا على اتصال بفرنسي آخر يعتقد أنه حاليا في سوريا.
10,دعا الرئيس اليمني السابق علي عبد الله صالح التحالف بقيادة السعودية إلى وقف الهجمات ورفع الحصار عن اليمن لتمهيد الطريق أمام إنهاء الحرب المستمرة منذ قرابة ثلاثة أعوام. يأتي ذلك في وقت تدور فيه اشتباكات بين أنصار صالح والحوثيين.
11,تظاهر رجلان يُشتبه بهما في خداع عائلات أخرى بطرق مماثلة، بحسب تقارير.
12,في إطار منتدى التعاون الاقتصادي لدول آسيا والمحيط الهادي/ إيبك يرغب زعماء دول آسيا والمحيط الهادي في الاعتراف بأن حماية المناخ في عصر التغيرات المناخية تشكل إحدى المصالح الحيوية لديمومة الحياة.
13,أعلنت وزارة الخارجية الأمريكية إعادة فتح 18 سفارة من سفارات الولايات المتحدة التسعة عشر التي أغلقت هذا الشهر بسبب مخاوف من احتمال وقوع هجمات إرهابية بداية من يوم غد الأحد، فيما أعلن الرئيس أوباما أنه مستمر في تهديد أمن الولايات المتحدة والعالم.
14,يواصل فيروس كورونا انتشاره السريع في أرجاء متفرقة حول العالم، مع زيادة مهولة لنسب الإصابات بهذا الفيروس المستجّد التي قفزت إلى أكثر من 420 ألف إصابة مؤكدة، لاسيما في القارة الأوروبية التي تحولت إلى بؤرة لهذا الوباء.
15,"قالت شركة صناعة السيارات الأمريكية إنها سحبت نحو 2,4 مليون سيارة من الأسواق بسبب عيوب تتعلق بالمعزز الهيدروليكي للكوابح."
16,حذف موقع التواصل الاجتماعي فيسبوك مشاركاتها الأصلية التي نشرتها على موقع التواصل الاجتماعي على موقع التواصل الاجتماعي فيسبوك.
17,يرى رئيس اتحاد أرباب العمل الألماني إنغو كرامر أن بلاده ستكون معتمدة على هجرة العمالة الأجنبية المتخصصة إليها خلال الأعوام المقبلة. وقال كرامر إن بلاده ستكون معتمدة على هجرة العمالة المتخصصة إليها خلال الأعوام المقبلة.
18,"قالت السلطات البلجيكية إنها اعتقلت أربعة أشخاص بعد مداهمة عدة منازل في العاصمة بروكسل، فيما عثرت النيابة العامة على أدلة بأن الرجل الذي فجر قنبلة في محطة للقطارات في بروكسل قبل مقتله كان متعاطفا مع تنظيم ""داعش""."
19,"أفادت الأنباء الواردة من العراق بأن قوات التحالف الدولي بقيادة الولايات المتحدة شنت ضربات جوية على مسلحي تنظيم ""الدولة الإسلامية"" في محافظة صلاح الدين."
20,قاد بوروسيا مونشنغلادباخ إلى انتصار مثير وثمين على ضيفه بايرن ميونيخ في الجولة الرابعة عشر من الدوري الألماني لكرة القدم (بوندسليغا)، ليحتفظ بموقعه في الصدارة ويعزز آماله في إنهاء هيمنة بايرن على المسابقة.
21,أفادت مصادر أمنية وطبية في العاصمة العراقية بغداد بمقتل عشرة جنود عراقيين على الأقل في هجوم شنه مسلحون على قاعدة عسكرية في مدينة الموصل.
22,أرجأت مفوضية الانتخابات في نيجيريا التصويت بسبب الخلل التقني الذي تشنه جماعة بوكو حرام الإسلامية المتشددة.
23,رغم ضرورة دعم الاتحاد الأوروبي لعملة اليورو تحاشيا لأزمة مالية جديدة وتفاديا لركود الاقتصاد الأوروبي يخيم جوّ يحدوه التفاؤل على الشركات الصناعية في معرض هانوفر لهذا العام الذي يُعَد حجم مشاركتها فيه مقياسا لمستوى الازدهار الاقتصادي.
24,اتهمت المفوضية العليا لشؤون اللاجئين التابعة للأمم المتحدة الحكومة اليونانية برفع سعر ضريبة القيمة المضافة للكهرباء.
25,اختيار فنزويلا من بين 14 عضواً جديداً لعضوية مجلس حقوق الإنسان التابع للأمم المتحدة، في خطوة مثيرة للجدل تأتي على الرغم من أن جماعات معنية بحقوق الإنسان ومعارضين للحكومة كانت تحض الدول على التصويت ضدها.
26,تنطلق في الرياض أعمال قمة مجلس التعاون لدول الخليج العربية وسط ترقب لما ستسفر عنه الجهود المبذولة لإنهاء الخلاف مع قطر، وسط ترقب لما ستسفر عنه الجهود المبذولة لإنهاء الخلاف مع الدوحة.
27,أبلغ رئيس الوزراء الماليزي نجيب عبد الرزاق أسر ركاب الطائرة الماليزية أنهت رحلتها في جنوب المحيط الهادي بعد أقل من ساعة على إقلاعها من كوالالمبور في طريقها إلى بكين.
28,أظهرت النتائج الرسمية لانتخابات برلمان ولاية بافاريا أن الحزب المسيحي الاجتماعي الحاكم والحزب الاشتراكي الديمقراطي هما أبرز الخاسرين في الانتخابات، فيما دعت أمينة عام حزب الاتحاد المسيحي الديمقراطي إلى التركيز على انتخابات ولاية هيسن.
29,في أول زيارة لخارج السودان بصفته رئيسا للمجلس العسكري الانتقالي، توجه الفريق أول عبدالفتاح برهان إلى العاصمة المصرية ليلتقي فور وصوله الرئيس المصري عبد الفتاح السيسي.
30,وصلت الناشطة الصحراوية أمينتو حيدر إلى مطار مدينة العيون، كبرى مدن الصحراء الغربية، على متن طائرة قادمة من جزيرة لانثاروتي الإسبانية، احتجاجا على منعها من العودة إلى وطنها.
31,"ذكرت مجلة ""دير شبيغل"" الألمانية أن ألمانيا تريد حماية الجنود الألمان، وعددهم 250 جنديا خلال مهمتهم في الأردن عبر حصانة تامة من الملاحقة الجنائية. ولم تتوصل الحكومة الألمانية حتى الآن إلى اتفاق مع الأردن حول إبرام اتفاقية لتمركز القوات."
32,أعلن الرئيس الأمريكي جو بايدن أنه سيصدر بيان حول مقتل الصحفي السعودي جمال خاشقجي.
33,فيلم ليوري ريشيتو يلقي الضوء على كيفية تشييد مباني من خشب البامبو بغرض استخدامها في المجال الاجتماعي. مشروع يهدف إلى تشييد مباني من خشب البامبو بغرض استخدامها في المجال الاجتماعي.
34,"يبدو أن نشأة أكلة المول تاشن اللذيذة التي قد تشبه في مفعولها ما يطلق عليه بالمصرية العامية "" سد الحنك""، التي تجعل الإنسان يحس بالشبع مجرد تناول قطعة واحدة منها."
35,أصبحت مدينة هامبورغ عاصمة أوروبا البيئية أكثر ملائمة للحياة اليومية للناس، لكن ما الذي يتوجب فعله لجعل المدن رفيقة بالبيئة من جهة، لكن ما الذي يتوجب فعله لجعل المدن رفيقة بالبيئة؟
36,"قالت وسائل إعلام سورية إن مسلحي تنظيم ""الدولة الإسلامية"" قصفوا قاعدة المسطومة الاستراتيجية في محافظة إدلب."
37,منحت جائزة نوبل للطب للبريطاني روبرت ادواردز البالغ من العمر 85 عاما، والذي ابتكر تقنية التلقيح الاصطناعي، جائزة السلام التي تمنح الجمعة 8 8 تشرين الأول/أكتوبر، جائزة السلام التي تمنح في ستوكهولم.
38,خلصت دراسة دولية إلى أن النشاط الجسماني يطيل العمر ويحد من الأمراض سواء كان بارتياد صالات الألعاب الرياضية أو الملابس أو الاعتناء بالحدائق أو الاعتناء بالحدائق أو الاعتناء بالحدائق أو الاعتناء بالحدائق.
39,"كثيرا ما شغل العثور على دواء أو سر يُساعد على تأخير الشيخوخة أو يقلل من علاماتها بالكثير من الخبراء في المجال الطبي، إذ توصلت دراسة حديثة إلى أن تناول عنصر الزنك مع بعض الأطعمة يحمي من الإصابة بـ""الإجهاد التأكسدي""."
40,قال الجيش التركي إن ثلاثة من مسلحي حزب العمال الكردستاني الانفصالي قتلوا في هجوم شنه مسلحو حزب العمال الكردستاني في ولاية فان جنوب شرقي تركيا.
41,بدأت اليوم الثلاثاء محاكمة أربعة لاجئين في ألمانيا بتهمة الاعتداء على عدد من المارة عشوائيا قبل أربعة أشهر. وكانت هذه الاعتداءات أثارت جدلا على مستوى ألمانيا حول تشديد إجراءات الترحيل للأجانب.
42,توفيت الممثلة الأمريكية، فونتين، عن عمر يناهز 83 عاما، بعد أن لعبت دور البطولة في أفلام عدة إخراج من امرأة مجهولة.
43,"وافق مجلس الولايات الألمانية ""البوندسرات"" على اتفاقية تبادل المعلومات الحساسة بين ألمانيا والولايات المتحدة والخاصة بالأشخاص المشتبه في صلتهم بالإرهاب. الاتفاقية تهدف إلى إجراء المزيد من المفاوضات مع الولايات المتحدة."
44,أوقف الجيش المقدوني مئات المهاجرين القادمين من مخيم إيدوميني اليوناني بعد أن دخلوا مقدونيا عبر طريق فرعية، وفق ما أفاد مراسل وكالة فرانس برس. وكان الجيش المقدوني قد أوقف مئات المهاجرين القادمين من مخيم إيدوميني اليوناني.
45,دعا رئيس مؤتمر الأساقفة الألمان الكاردينال راينهارد ماركس إلى التمييز بين الإرهاب والإسلام، معتبرا أن الإرهابيين يريدون التحريض ضد الأديان والقضاء على جميع جهود السلام.
46,أعلن أولي هونيس استقالته من رئاسة نادي بايرن ميونيخ الألماني إثر قرار محكمة المدينة بسجنه ثلاث سنوات ونصف السنة لتهربه من دفع ضرائب قدرت بحوالي 27 مليون يورو.
47,"أكدت الولايات المتحدة أهمية مواصلة مهمة الجيش الألماني في مكافحة تنظيم ""داعش"". وطالبت القيادة المركزية الأمريكية بمواصلة مهمة الجيش الألماني في مكافحة تنظيم ""داعش""."
48,أقدمت شركة كوكاكولا لأول مرة في تاريخها البالغ 125 عاماً حتى الآن على إنتاج شراب يحتوي على الكحول، وهو المشروب الجديد تشو هي، من خليط مقطر يشبه الفودكا ومواد مكسبة للطعم.
49,قال المفوض الخاص لشؤون الطفولة (البرامج التلفزيونية) لبي بي سي ان مقدم البرامج التلفزيونية الذي توفي عن عمر ناهز 84 عاما قد اعتدى على عشرات الفتيات وبعض الصبية.
50,طالبت رئيسة صندوق النقد الدولي، تيريزا لاغارد، اليونان وإسبانيا بتقديم مهلة اضافية كافية لتنفيذ برنامج خفض العجز في موازنتها العامة.
51,قالت الأمم المتحدة إن عدد ضحايا المعارك التي وقعت بين حركة طالبان والقوات الحكومية في أفغانستان ارتفع إلى أكثر من 70 في المئة منذ انسحابها من البلاد.
52,قضت محكمة صينية بسجن السياسي الصيني، بو بو، ثلاث سنوات على رجل أعمال بريطاني بتهمة اغتيال رجل أعمال بريطاني.
53,طالبت سفراء الدول الدائمة العضوية في مجلس الأمن التابع للأمم المتحدة في الخرطوم بزيارة تفقدية خاطفة لمخيم ابو شوك للاجئين في غرب السودان.
54,رفعت وزارة الخارجية الامريكية قيمة مكافأة تبلغ 5 ملايين دولار لكل من يدلي بمعلومات عن قائد شبكة حقاني الافغانية.
55,"ذكرت مصادر أمنية لبنانية أن أربعة أشخاص قتلوا في انفجار بالضاحية الجنوبية في بيروت، فيما تبنت ""جبهة النصرة في لبنان"" العملية قائلة انه كان هجوما انتحاريا ردا على مقتل ثمانية أشخاص الأسبوع الماضي."
56,بعد ظهوره بشكل مفاجئ في موكب لتحية مؤيديه أمام المستشفى الذي يعالج فيه بعد إصابته بفيروس كورونا، أعلنت رابطة مراسلي البيت الأبيض عدم إخطار الصحفيين مسبقا بموكب ترامب.
57,ذكر خبراء في مجال أمن المعلومات أن ثغرات الأمن التي تنوي مايكروسوفت سدها يتم استغلالها بواسطة قراصنة الانترنت لشن هجمات ضد مستخدمي الكمبيوتر وخاصة في اليابان وتايوان.
58,قال الجيش الإسرائيلي إنه سقط قذيفة هاون في هضبة الجولان الواقعة على الحدود مع تركيا، وذلك بعد ساعات من إطلاق إسرائيل أعيرة تحذيرية على قذيفة مماثلة.
59,في أغلب الحالات التي يتفاوض فيها الإيطالي مينو رايولا باسم اللاعبين الذين ينوب عليهم يتمكن من قلب الطاولة على إدارة النوادي ويدفعها إلى تغيير شروطها لمصلحة وكيله.
60,أعلنت المفوضية العليا للاجئين التابعة للامم المتحدة أن أكثر من مليون مهاجر ولاجىء دخلوا اليونان منذ كانون الثاني/يناير 2015 منذ كانون الثاني/يناير 2015.
61,"قال وزير المالية السعودي محمد الجدعان إن تسويات قضايا الفساد ستساهم في تمويل الأوامر الملكية لدعم المواطنين وتوقع أن يكون عام 2018 عاما ""فارقا وإيجابيا"" خاصة على صعيد الاقتصاد غير النفطي."
62,قتل شخصان على الأقل وأصيب أربعة آخرون في قصف جوي استهدف قوات الجيش اليمني في العاصمة اليمنية صنعاء، فيما قال مسؤول محلي وسكان إن ضربة جوية للقوات اليمنية في الجنوب أسفرت عن مقتل عشرة متشددين إسلاميين.
63,"زودت مجموعة ""جنرال موتورز"" أكبر منتج سيارات في الولايات المتحدة سياراتها من طرز ""كاديلاك"" و""شيفورليه"" و""جي.إم.سي"" بتطبيق جديد يمكن للسائق شراء أي شيء يريده سواء كان طعاما أو حجز غرفة في فندق دون أن يغادر السيارة."
64,توجه حوالي 74 ألف من أعضاء حزب كاديما الحاكم في إسرائيل إلى مراكز الاقتراع لاختيار زعيم جديد للحزب، فيما رفضت عميلة المخابرات السابقة ليفني ذات الخمسين ربيعاً ما ذكره موفاز.
65,أعلن مجلس الوزراء المصري رفع درجة الاستعداد القصوى بجميع أقسام الحجر الصحي بمنافذ الدخول وجميع المستشفيات المخصصة لمواجهة أي حالة طوارئ في البلاد.
66,"دعا الأمين العام للأمم المتحدة أنطونيو غوتيريش إلى تضامن دولي أوسع مع أهالي الموصل الذين عانوا لسنوات تحت حكم ""داعش"" وأشهرا من ويلات المعارك. وقال غوتيريش إن هناك ما يكفي من الموارد من اجل أن يعيش أهالي الموصل في ظروف إنسانية."
67,حقق المنتخب الألماني لكرة القدم فوزاً ساحقاً على مضيفه الإماراتي بسبعة أهداف لهدفين، فيما واصل مهاجم شتوتغارت السابق ماريو غوميس صيامه عن التهديف مع المنتخب الألماني.
68,"أعلنت حديقة حيوان مدينة لايبزيغ الألمانية أن اللبؤة ""كيغالي"" التهمت صغيريها بالكامل والبالغ عمرهما بضعة أيام. لكن الخبراء لم يؤكدوا هذه التخمينات، فيما حاول المعلقون تخمين السبب وراء هذا التصرف."
69,حذرت دراسة حديثة من أن قلة الطعام عامل يفسر سبب تعرض سبع قطط برية كبيرة مثل السيوف والأسود الأمريكية والأسود التي تعيش في الكهوف المرقطة الأمريكية.
70,يبدو أن مانويل فينتسهايمر أحد أكبر المواهب في فريق الناشئين تحت 19 عاماً لدى بايرن ميونيخ، الذي يتمنى أن يشركه المدرب يوب هاينكس في مباراة الليلة بدوري أبطال أوروبا، في مركز قلب الهجوم.
71,أظهر تقرير صادر عن بي بي سي أن امرأة صغيرة تكافح منذ أكثر من ثلاثين سنة لجمع قوتها في ميناء كاليفورنيا.
72,تلعب شركات صناعة المواد الكيميائية دوراً مهماً في تطوير السيارات الكهربائية، إذ توفر المعرفة والخبرات المطلوبة لصناعة قلوب السيارات الكهربائية والمتمثلة بالبطاريات، تحددها أقطابها وعوازلها ومحاليلها الكهربائية.
73,أعلن وزير الخارجية الألماني فرانك فالتر شتاينماير أن اجتماع وزراء خارجية الدول الأعضاء في الحلف لن يشهد عرض مسار سريع على الدولتين للحصول على عضوية حلف شمال الأطلسي (ناتو).
74,قالت مصادر أمنية يمنية إن طائرة تابعة للتحالف بقيادة السعودية شنت هجوما على مطار عدن جنوبي البلاد.
75,قال رئيس هيئة الإذاعة البريطانية، أحمد أحمد، إن المجلس الأعلى لتنظيم الإعلام في مصر لم يخطر بعد بأسماء المواقع التي حجبت في مصر.
76,قال المستشار الألماني جوزيف كول إنه يريد تخفيض عدد الأتراك في ألمانيا إلى النصف في مدة أربع سنوات.
77,قالت مصادر عسكرية نيجيرية إن مسلحين يشتبه في انتمائهم لجماعة بوكو حرام المتشددة هاجموا قاعدة عسكرية شمال شرق نيجيريا.
78,"بحث ولي ولي العهد السعودي الأمير محمد بن سلمان مع رئيس هيئة الأركان العامة اليمنية اللواء الركن محمد علي المقدشي جهود ""تحرير مدينة عدن"" من مقاتلي حركة ""أنصار الله""، أو الحوثيين، وأنصار الرئيس المخلوع علي عبد الله صالح."
79,"وصف مستشار ولي ولي العهد السعودي الأمير محمد بن سلمان اللقاء الذي تم بين الرئيس الأمريكي دونالد ترامب والأمير محمد بن سلمان بأنه ""يشكل نقطة تحول تاريخية"" في العلاقات بين البلدين، مؤكداً أن اللقاء كان ناجحاً للغاية مؤكداً أنه ""يشكل نقلة كبيرة للعلاقات بين البلدين""."
80,"وقع الرئيس الأمريكي دونالد ترامب وشركة بوينغ صفقة ""غير رسمية"" لطائرتين جديدتين من ""الطائرة الرئاسية"" بتكلفة تقدر بـ 3.9 مليار دولار، لتحل محل الطائرة الحالية، التي كانت في الخدمة منذ رئاسة جورج بوش الأبن."
81,"توصلت دراسة حديثة إلى أن ركلات الجنين داخل رحم الأم قد تسمح له بتشكيل ""خريطة جسدية"" لنفسه، وتمكينه في النهاية من استكشاف البيئة المحيطة به."
82,قال بيان صادر عن وكالة الدفاع الصاروخي الاميركية ان اسرائيل اختبرت اول اختبار لنظام الاعتراض الذي اصدره نظام حيتس-3 المضاد للصواريخ البالستية فوق الغلاف الجوي للارض.
83,كشفت دراسة حديثة أن الأزمات القلبية تحدث في كثير من الأحيان عندما تنخفض درجة حرارة الجو والضغط الجوي وزيادة سرعة الرياح وتراجع فترات سطوع الشمس وزيادة سرعة الرياح وتراجع فترات سطوع الشمس.
84,"ناقشت صحف عربية بنسختيها الورقية والإلكترونية عددا من القضايا التي أثارت غضب لبنانيين في العاصمة بيروت بعد تفويت تحذيرات بشأن ""قنبلة عائمة""."
85,أعلن مسؤولون يمنيون أن آلاف الأسر بدأت بالفعل النزوح عن مدينة الحوث التي يسيطر عليها الحوثيون في محافظة عمران جنوبي البلاد.
86,"أبرمت شركة فيسبوك عملية استحواذ على شركة رسائل المحمول ""موفز"" التي تعمل على متابعة نشاط المستخدم الرياضي وكمية السعرات الحرارية التي أحرقها."
87,قال لاعب مانشستر يونايتد الإنجليزي يورغن روني إنه يرغب في أن يشارك في بطولة الدوري الإنجليزي الممتاز لكرة القدم لأول مرة في تاريخه.
88,اعترفت شركة صناعة السيارات الألمانية أودي بأن المحركات التي تصنعها احتوت على برمجيات تعتبر غير قانونية في الولايات المتحدة. الشركة اعترفت بأن المحركات التي تصنعها احتوت على برمجيات تعتبر غير قانونية في الولايات المتحدة.
89,طالب مسؤولون فلسطينيون سكان بعض المناطق في قطاع غزة بإخلاء منازلهم تحسبا لتسرب المياه وبخاصة إلى الطوابق الأرضية.
90,قال مسؤولون عراقيون إن قوات عراقية مدعومة بطائرات هليوكوبتر قتالية اقتحمت وادي حوران والوادي الأبيض اللذين يوصفا بأنهما أخطر مناطق صحراء الأنبار.
91,أثار انفصال حبيبها عن حبيبها رغم قيامه بدفع مشروبها الأول أثناء خروجهما للعشاء سويا رغم قيامه بدفع مشروبها الأول أثناء خروجهما للعشاء سويا رغم قيامه بدفع مشروبها الأول أثناء خروجهما للعشاء.
92,توقع مدرب بايرن ميونيخ الألماني أن يلحق مهاجم بوروسيا دورتموند روبرت ليفاندوفسكي بزميله ماريو غوتسه الذي انتقل رسميا قبل أيام إلى النادي البافاري مقابل نحو 40 مليون يورو. ليفاندوفسكي يضيع فرصة التفوق على البرتغالي كريستيانو رونالدو.
93,قالت منظمة الصحة العالمية إن السلالة التي اكتشفت في الهند كانت سببا في تصاعد عدد الوفيات في البلاد.
94,"دعا رئيس جهاز المخابرات الألماني إلى تطبيق ""إجراءات منظمة"" فيما يتعلق بالدخول اليومي لآلاف اللاجئين إلى ألمانيا قائلاً إن المتطرفين قد يستغلون وضع الهجرة الذي يتسم بالفوضى أحياناً."
95,تعلم المدرسة الإسبانية طريقة سهلة لإيصال المعلومة لطلابها الصغار من خلال ارتداء بذلة ملتصقة بالجسم، طُبعت عليها جميع أعضاء الجسم الداخلية بأدق تفاصيلها.
96,تؤدي حكومة التوافق الفلسطينية اليمين القانونية أمام الرئيس الفلسطيني محمود عباس، وفق ما أعلنت الرئاسة الفلسطينية، أمام الرئيس الفلسطيني محمود عباس، وفق ما أعلنت الرئاسة الفلسطينية. كما حذر نتانياهو من أي تسرع دولي للاعتراف بالحكومة الفلسطينية المقبلة.
97,قال رئيس الوزراء العراقي نوري المالكي إنه يجب أن يجبر زعماء العشائر على الانسحاب حقنا للدماء ومنع وقوع المزيد من الدمار في مدينة الفلوجة.
98,أعلن الرئيس التركي رجب طيب أردوغان أنه يعتزم إجراء مكالمة هاتفية مع الرئيس الفرنسي إيمانويل ماكرون وأمير قطر الشيخ تميم بن حمد آل ثاني للتباحث في الأزمة الخليجية. وأكد أردوغان أن الأساليب المستخدمة مع قطر غير مقبولة.
99,توصلت دراسة ألمانية إلى أن فيروس كورونا لا يصيب الجهاز التنفسي فقط، بل من الممكن أن يصيب أعضاء أخرى في جسم الإنسان، كما يمكن أن يتسبب أيضا في تلف الرئتين والأوعية الدموية.
100,قال الجيش الصومالي إنه تم تحرير أربعة عمال إغاثة من مخيم داداب في كينيا.
101,صوت مجلس النواب في ليبيا لوقف المشاركة في الحوار بين أطراف النزاع.
102,شن مسلحون تابعون لجبهة النصرة غارات جوية على مواقع لقوات معارضة يدعمها الغرب في سوريا.
103,قال السفير المصري لبي بي سي إن هناك حاجة لبحث سبل إنشاء قوة عربية في المنطقة لمواجهة التنظيمات الإرهابية.
104,يبدو أن تناول الشوكولاته يشكل مفهوما أنانيا بشكل مطلق، لكن دراسة حديثة توصلت إلى نتائج عكسية تساعد على تجنب السعادة. فما هي أسباب السعادة الناجمة عن تناول الشوكولاته؟
105,ناقشت صحف عربية بنسختيها الورقية والرقمية الصادرة اليوم الاثنين في نسخها الورقية والرقمية عدداً من القضايا السياسية والعسكرية في سوريا.
106,قالت وزارة الاستخبارات الإيرانية إنها تلقت تهديدات بالفصل عن العمل ومنع موظفي القسم الفارسي في لندن من السفر إلى الخارج.
107,يعتبر التدخين السلبي أحد أكثر الأمراض التي يعاني منها المدخنون، إذ يحتل المركز الثالث في قائمة أهم أسباب الوفاة التي يمكن تفاديها، لكنها شديدة الخطورة على الصحة أيضا.
108,"قال باحثون إن غالبية الحالات البشرية المصابة بفيروس انفلونزا الطيور ""إتش5 إن1"" تحور حتى يستطيع الانتقال بسهولة بين الجرذان."
109,خرج مئات الآلاف من المتظاهرين إلى شوارع العاصمة الجزائرية بغية إزاحة مدير المخابرات عثمان طرطاق الذي تنحى يوم الثلاثاء تحت ضغط من الجيش، فيما رفع المتظاهرون شعارات ترفض تولي المقربين السابقين من الرئيس المستقيل إدارة المرحلة الانتقالية
110,"قالت الصين إنها نجحت ولأول مرة في استخراج ""جليد قابل للاحتراق"" وهو أحد مصادر الطاقة المختزنة في أعماق البحار ويعتبر مصدرا واعدا لاستخراج الغاز الطبيعي، وهو أحد مصادر الطاقة المختزنة في أعماق البحار."
111,أعلن المنتج المصري خالد صالح أن المسلسل الذي يستمر عرضه منذ بداية شهر رمضان يقدم شخصية موجودة في الحياة تهدف إلى تحقيق مصالح الآخرين من شخصيات سياسية ورجال أعمال.
112,ذكرت صحيفة الخليج الإماراتية أن المحكمة الاتحادية العليا ستقوم بمحاكمة مجموعة تضم 30 إماراتيا ومصريا متهمين بالانتماء الى جماعة الاخوان المسلمين المحظورة.
113,في اليوم الأول من الاستفتاء على خروج بريطانيا من الاتحاد الأوروبي، يلجأ البعض إلى اتباع ما يمليه عليه مستقبل رئيس الوزراء البريطاني ديفيد كاميرون في حالة مغادرته.
114,اتفقت الحكومة السورية والمعارضة على تطبيق بنود اتفاق لوقف إطلاق النار الذي توصل إليه الجانبان الثلاثاء لوقف إطلاق النار الذي توصل إليه الجانبان الثلاثاء.
115,أعلنت وزارة الدفاع اليمنية موافقتها على منح مسلحي تنظيم القاعدة منطقة الحوطة جنوبي البلاد لمغادرة منطقة الحوطة.
116,"حذرت منظمة الإغاثة الدولية من خطر المجاعة في مدينة الفلوجة التي يسيطر عليها تنظيم ""الدولة الإسلامية"" في العراق."
117,"قالت اللجنة الأمنية بإمارة منطقة عسير جنوب غرب السعودية إن ""عمليات ملاحقة المجهولين تتم وفق آلية مخطط لها بمتابعة مباشرة من أمير منطقة عسير فيصل بن عبد العزيز""."
118,"طالبت وزيرة الخارجية الأمريكية هيلاري كلينتون السلطات السورية باتخاذ إجراءات لحماية الدبلوماسيين الأميركيين بعد التهجم ""غير المبرر على الإطلاق"" الذي تعرض له السفير الأميركي في دمشق روبرت فورد واعتبرته ""غير مبرر""."
119,قال وزير الداخلية الألماني فولفجانج شويبله إن شبكة من المشتبه بهم الذين اعتقلوا في وقت سابق من هذا الشهر ونسبت إليهم تهمة التخطيط لتنفيذ تفجيرات إرهابية في ألمانيا قد تكون ممتدة لسوريا ودول أخرى في أوروبا.
120,ينصح الكثيرون باستخدام الكمون في الوجبات الغذائية الصعبة الهضم، لكن هناك فوائد صحية كثيرة على عملية الهضم، لكن هناك فوائد صحية كثيرة يمكن أن تساعد على هضم الطعام.
121,قال وزير الدفاع الكوري الشمالي، كيم جونغ أون، إن كوريا الشمالية أطلقت صاروخا باليستيا جديدا على شمال اليابان قبل أن يسقط في المحيط الهادي.
122,أطلقت 85 مجموعة سورية تضم ناشطين سلميين حملة تطالب العالم بالمساعدة على وقف البراميل المتفجرة التي يلقيها النظام السوري فوق مناطق مختلفة وتشجيع محادثات سلام كوسيلة وحيدة لوقف التطرف الذي أفرزته الأزمة السورية.
123,تصدر المنتخب الارجنتيني لكرة القدم قائمة الهدافين التي تضم مهاجم مانشستر سيتي السابق كارلوس تيفيز ضمن قائمة الهدافين ضمن المجموعة السادسة التي اقيمت في العاصمة الارجنتين.
124,في الجولة 21 من الدوري الألماني لكرة القدم، أهدرت ثلاثة لاعبين ركلات جزاء في الموسم الحالي، ليبلغ عدد ركلات الجزاء المهدرة في الموسم الحالي 18 ركلة. وفي الجولة التاسعة فاز هان فتصدى لها رينيه أدلر حارس هامبورغ.
125,أظهرت دراسة حديثة أن الأطفال الذين يتعرضون للإصابة بالأمراض القلبية والسمنة والسكري والكبد الدهني يواجهون مشاكل نفسية كبيرة.
126,قالت رئيسة الوزراء الفرنسية، ناتاشا بوشار، إن بريطانيا تطلب من الرئيس فرانسوا هولاند التحرك على ضوء تصويت البريطانيين لصالح الخروج من الاتحاد الأوروبي.
127,وصل عدد المبعدين عن الأراضي السعودية إلى اليمن خلال الستة الأشهر الماضية إلى أربعة ملايين مهاجر غير شرعي، وفق بيانات منظمة الهجرة الدولية للهجرة. لكن هناك أعداد كبيرة منهم لم تمر عبر المنافذ الرسمية خوفا من أخذ بصماتهم.
128,أصبحت الخطوط الجوية القطرية الراعي الأول للنادي الألماني، لوفتهانزا الألمانية، مزيحة بذلك الشريك التجاري الأول للنادي الألماني، شركة لوفتهانزا الألمانية، والتي كانت متعاقدة مع البافاري لستة عشر سنة كاملة.
129,أعلن الرئيس البولندي أندريه دودا أن بلاده لديها الحق بالدفاع عن الحقيقة التاريخية، مشيراً إلى أن القانون الذي يجرم اتهام بولندا بالتواطؤ في الجرائم النازية أثناء خضوع البلد للاحتلال في الحرب العالمية الثانية.
130,يجتمع الرئيس الأمريكي باراك أوباما مع مسؤولين من جهاز الاستخابارات الأمريكي، ليقف على أخر المستجدات والتهديدات التي تواجه الولايات المتحدة، مثل التهديد الروسي بنشر صواريخ في كالينينغراد الذي يعتبر رداً على نشر صواريخ في كالينينغراد.
131,"أعلنت الشرطة البريطانية مقتل رجل ونقل ثمانية أشخاص إلى المستشفى بعدما قامت شاحنة صغيرة بدهس مارة بالقرب من مسجد في شمال لندن، موضحة أن الأمر يعالج على أنها ""هجوم إرهابي محتمل""."
132,"قالت إيران إن رجلين من الحرس الثوري الإيراني كانا منتشرين في العراق كمستشارين في الحرب ضد تنظيم ""الدولة الإسلامية""."
133,"أصبح الرئيس الأمريكي باراك أوباما أول رئيس خُصص له حساب #Pus اختصاراً لـ ""رئيس الولايات المتحدة الأمريكية"" على تويتر، وهو أول رئيس خُصص له حساب #Pus اختصاراً لـ ""رئيس الولايات المتحدة""."
134,"قالت هيلاري كلينتون، المرشح الجمهوري للانتخابات الرئاسية الامريكية، إنها ستواصل ""فضح التعصب والخطاب العنصري"" بين منافسها الجمهوري دونالد ترامب."
135,"دعا رئيس المجلس الأوروبي هيرمان فان رومبوي الرئيس الروسي فلاديمير بوتين إلى احترام ""تعهده"" الاستمرار في نقل ""إمدادات"" الغاز إلى أوروبا، فيما هددت موسكو بقطع إمدادات الغاز إلى أوروبا."
136,دعا قادة الدول الإسلامية في ختام قمة منظمة التعاون الإسلامي إلى إجراء حوار جاد بين الحكومة والمعارضة في سوريا حول نقل سلمي للسلطة لإنهاء الحرب الأهلية الدائرة منذ نحو عامين.
137,قال مكتب الإحصاءات الوطني البريطاني إن الاقتصاد البريطاني انخفض بنسبة 0.3 في المائة في الربع الأخير من العام الماضي.
138,نشرت منظمة العفو الدولية صورا تظهر دمارا مفجعا في بلدتين متجاورتين في شمال شرق نيجيريا.
139,يبدو أن لبنان على الخارطة العالمية لسباقات الماراثون في لبنان قد يصبح مصنفًا عالميًا. لكن ماذا يعرف بمارثون بيروت وما يعرف بمارثون بيروت؟ وماذا يعرف بمارثون بيروت؟
140,كشف خبير أسلحة ألماني أن الهجمات التي استهدفت موقعين انتاجيين لشركة آرامكو السعودية الأسبوع الماضي تمت بأسلحة إيرانية الصنع على الأرجح وبدرجة عالية من الثقة، كما تابع أقوال وصور الحوثيين الذين أعلنوا مسؤوليتهم عن الهجوم.
141,قال الرئيس التركي رجب طيب اردوغان إن بلاده لن تسمح بقيام وحدات حماية الشعب الكردية في شمالي سوريا.
142,في الانتخابات البرلمانية الأخيرة يواجه الناخبون المسنون تفوقا رقميا في صناديق الاقتراع، لكن هذا التحول يبدو جليا في مقارنة مع الانتخابات البرلمانية الأخيرة. فما هي مقدمات هذا التحول؟
143,"قال مدعون في مدينة فرانكفورت الألمانية إن الشرطة داهمت منزل شقيقين سوريين على صلة بتنظيم ""الدولة الإسلامية"" للاشتباه في تخطيطهما لشن هجوم. ولم يقدم المدعون المزيد من المعلومات عن طبيعة الجريمة التي يشتبه بأنها ""عمل تخريبي خطير ينطوي على عنف""."
144,"أعلنت وزارة الداخلية المصرية عن مقتل ""إرهابيين"" خلال عملية نفذتها قوات الأمن ضد ""أوكار إرهابية"" لحركة حسم، التي يصنفها النظام المصري مجموعة إرهابية تابعة لتنظيم الإخوان المسلمين."
145,وضع مجلس الأمن التابع للأمم المتحدة نجل الرئيس اليمني السابق علي عبد الله صالح وزعيم الحوثيين على القائمة السوداء، إلى جانب فرض حظر أسلحة ناجع على الحوثيين الذين يبسطون سيطرتهم على معظم أنحاء اليمن.
146,توصلت دراسة حديثة إلى أن الأطفال الذين يستخدمون الأجهزة التي تعمل باللمس في المنازل يستخدمون أجهزة تعمل باللمس بشكل يومي.
147,قال النجم الأرجنتيني ليونيل ميسي إن الكثير من اللاعبين لم يكونوا راضين عن المدير الرياضي لفريق برشلونة إريك ابيدال، الذي قال إن الكثير من اللاعبين لم يكونوا راضين عن فالفيردي الذي اقيل وعُيِّن بدلا منه كيكي سيتيين.
148,"وافق البرلمان الألماني على تمديد فترة مهمة طائرات الاستطلاع الألمانية ""تورنادو"" وطائرات التزويد بالوقود عبر الجو العاملة في سوريا حتى نهاية آذار / مارس المقبل. كما وافق البرلمان على مد فترة بقاء الجنود الألمان القائمين على تدريب القوات العراقية."
149,قال رئيس الوزراء البريطاني ديفيد كاميرون إنه سيواصل ممارسة دوره كوزير للمالية في الانتخابات المقبلة.
150,أكد وزير الخارجية الفلسطيني رياض المالكي أن الخارجية الأمريكية لم تجدد أوراق عمل مكتب منظمة التحرير الفلسطينية في واشنطن، فيما حذرت الرئاسة الفلسطينية من أن إغلاق المكتب سيترتب عليه عواقب خطيرة.
151,ذكر الأمين العام للأمم المتحدة أنطونيو غوتيريش أن معلوماته الرئيسي حول جريمة قتل الصحافي السعودي جمال خاشقجي يستقيها من الاعلام، مشدداً على أن وجود تحقيق ذي مصداقية ومعاقبة المذنبين أمر أساسي.
152,طالب المؤتمر الوطني العام (البرلمان) الليبي الحكومة الأمريكية بضرورة تسليم المواطن الليبي المختطف نزيه الرقيعي الملقب بأبو أنس الليبي فورا. كما طالب رئيس الوزراء الليبي علي زيدان بضرورة تمكين السلطات الليبية من لقاء الرقيعي والتواصل معه.
153,قتل 22 جنديًا تركيًا على الأقل في غارات جوية في محافظة إدلب في شمال غرب سوريا، بحسب حصيلة جديدة أوردتها السلطات التركية، فيما قال مسؤول تركي رفيع إن تركيا قررت عدم منع اللاجئين السوريين من الوصول إلى أوروبا سواء برا أو بحرا.
154,قالت حركة المقاومة الإسلامية (حماس) إنها صدمت من جملة التنازلات في الثوابت التي وقعت في قطاع غزة.
155,قال رئيس الوزراء البريطاني ديفيد بانبري إن عدد الإصابات بفيروس إيبولا قد يتخطى حاجز التسعة آلاف هذا الأسبوع.
156,تقوم المستشارة الألمانية أنغيلا ميركل ووزير ماليتها فولفغانغ شويبله بمداخلة أمام مجلس النواب الذي تبدو موافقته مضمونة لها بالرغم من المعارضة المتزايدة التي تواجهها في معسكرها المحافظ حيث يعبّر عديدون عن تحفظات على دعم اليونان.
157,ذكرت وسائل إعلام تركية أن السلطات التركية وزعيم حزب العمال الكردستاني المسجون عبد الله أوجلان اتفقا في مفاوضاتهما الأخيرة على مبدأ وقف القتال المستمر منذ 1984 بين الجانبين.
158,توصلت دمشق والأمم المتحدة إلى اتفاق حول خروج المدنيين ودخول المساعدات الإنسانية الى أحياء البلدة القديمة بمدينة حمص المحاصرة منذ أكثر من 600 يوم، فيما سيطر مقاتلو المعارضة على غالبية أجزاء سجن حلب المركزي.
159,"قالت إيران إنها قدمت ""خططا محددة"" في مستهل محادثاتها مع الدول الكبرى بشأن برنامجها النووي."
160,قال وزير المالية الألماني، لوران شيوبله، إن الولايات المتحدة بحاجة للقوة للتوصل إلى اتفاق بشأن رفع سقف ديونها.
161,قال الرئيس الفرنسي، فرانسوا هولاند، إنه حان الوقت لاحترام قانون الجمهورية.
162,توصلت دراسة حديثة إلى أن الرجال يكذبون ضعف النساء، كما أن واحدا من بين كل عشرة رجال يعتقد أنه يجيد الكذب، في حين تكذب السيدات مرة كل ثمانية أيام، في حين تكذب السيدات مرة كل ثمانية أيام.
163,صوت البرلمان اليمني مساء الأحد على قانون يمنع استخدام الطائرات من دون طيار لشن هجمات في اليمن، وذلك بعد قصف طائرة من دون طيار أوقع العديد من الضحايا المدنيين.
164,"رغم صعوبة الصوم هذه السنة، إلا أن ""نجاة"" الموظفة بإحدى الشركات الحكومية لـ""دويتشه فيله"" بدأت بتناول بعض الأدوية التي تمنع العطش في وجبة السحور، التي تمنع العطش في وجبة السحور."
165,سيطرت قوات حزب الله اللبناني على ثلاث تلال في منطقة مرتفعات القلمون الاستراتيجية شرقي لبنان، بحسب ما أعلنه مكتب الإعلام الحربي التابع للحزب.
166,ذكرت مواقع إسبانية أن فريق برشلونة قام بأولى الخطوات في سبيل التعاقد مع مهاجم سانتوس اللؤلؤة البرازيلية رودريغو غوز، والذي كثيرا ما يتم تشبيهه بنيمار نجم الفريق السابق ومهاجم سان جيرمان الفرنسي حاليا.
167,قال المتحدث باسم رئاسة بوروندي إنه تم اعتقال الميجر جنرال غوديفرويد نيومباري الذي قاد محاولة انقلاب على الرئيس وإنه وغيره من الضباط الذين كانوا وراء المحاولة الفاشلة سيمثلون أمام القضاء.
168,تأهل بايرن ميونيخ إلى نهائي كأس ألمانيا لكرة القدم بعد فوزه على فريق شالكه بهدفين لهدف، في مباراة دويسبورغ وكوتبوس التي جمعت بين الغريمين التقليدين بايرن ميونيخ وشالكه.
169,"أعلنت مؤسسة مجدي يعقوب لأمراض وأبحاث القلب المصرية وفاة نجم مسلسل ""الجزيرة 2"" المصري الراحل محمد صالح."
170,أعلن مكتب الإحصاء الاتحادي الألماني أن عدد المهاجرين إلى ألمانيا ارتفع بنسبة 13 بالمائة مقارنة مع عام 2011، وهو ما جعل هذا من وجهة مفضلة بشكل متزايد رغم عقبات مثل اللغة.
171,قال الجيش الاوكراني إن قواته هاجمت قافلة لاجئين في مدينة لوهانسك شرقي اوكرانيا.
172,قالت منظمة العفو الدولية إن الجيش الإسرائيلي قتل شاب فلسطيني في الضفة الغربية وإسرائيل دون تعريض أي حياة للخطر.
173,يعتبر ماراثون بوسطن أقدم وأقدم ماراثون في العالم الذي يعتبر أقدم وأعرق ماراثون في العالم، وهو ما جعله يفكر في تنظيم ماراثون مماثل في مدينته. هذا ما يعتبره العداء جون غرام صاحب فكرة تنظيم هذا السباق.
174,ذكرت تقارير إعلامية أن إدارة ترامب الاقتصادية للسلام في الشرق الأوسط تدعو لإقامة صندوق استثمار عالمي لدعم اقتصاديات الفلسطينيين والدول العربية المجاورة وبناء ممر بتكلفة خمسة مليارات دولار.
175,"في مدينة هامبورغ الألمانية توجد مؤسسة لرعاية الأمومة والطفولة في ألمانيا نافذة لاستقبال المواليد الذين لا ترغب أمهاتهم في الاحتفاظ بهم. هذا الصندوق يطلق عليه في ألمانيا عدة أسماء من بينها ""صندوق الرضيع"" و""صندوق الرضيع""."
176,حكمت محكمة جزائية ألمانية على رجل بالسجن لمدة عام وتسعة أشهر بتهمة الاعتداء الجنسي على فتاة كانت تبلغ 13 عاما وإنتاج مواد إباحية للأطفال. وكانت الفتاة قد اختطفتها واغتصابها من جانب ثلاثة رجال.
177,قضت محكمة في الولايات المتحدة بسجن شركة جونسون آند جونسون لمنتجاتها القائمة على معدن التالك.
178,أفادت الأنباء الواردة من مصر بأن ثلاثة انفجارات وقعت في محطة مترو أنفاق العاصمة المصرية صباح الاثنين.
179,أعلنت النيابة العامة في مرسيليا الفرنسية إخلاء سبيل رئيس الاتحاد الدولي لكرة القدم أحمد أحمد الذي يخضع للاستجواب الخميس من قبل مكتب مكافحة الفساد التابع للشرطة القضائية الفرنسية على خلفية شبهات فساد.
180,صادرت شرطة مكافحة الارهاب في تركيا أجهزة الحاسوب الموجودة في مكتب هيئة الاغاثة الانسانية في مدينة كليس شرقي البلاد.
181,أعلنت رئيسة الوزراء البريطانية تيريزا ماي سلسة عقوبات ضد روسيا بينها طرد 23 دبلوماسيا وتجميد العلاقات الثنائية معتبرة موسكو مسؤولة عن تسميم الجاسوس الروسي السابق سيرغي سكريبال وابنته يوليا.
182,أصدر قاضي التحقيق بالمحكمة العسكرية الدائمة بتونس بطاقة ايداع بالسجن في حق وزير الداخلية الأسبق، وسفير تونس الحالي بالمغرب، ناجم الغرسلي ضمن تحقيقات موضوعها التآمر على أمن الدولة الداخلية.
183,أعلن مجلس صيانة الدستور في العاصمة الإيرانية طهران ترشيح هاشمي رفسجاني الذي كان رئيسا لإيران ما بين 1989 و1999.
184,"كشف رئيس نادي بايرن ميونيخ أولي هونيس عن قلب كبير، حين أجاب على سؤال في لقاء مع صحيفة ""تاغ تسايتنوغ"" الصادرة في ميونيخ أن أمنياته في عيد الميلاد يمكن لجميع الناس العيش بسلام ومن دون خوف."
185,قالت الولايات المتحدة إنها قدمت 70 مليون دولار مساعدات امنية لمساعدة تنظيم القاعدة في اليمن.
186,تتجه الأنظار إلى الجولة التي يبدؤها الرئيس الأمريكي جورج بوش بزيارة إسرائيل للمشاركة في احتفالات الذكرى الستين لقيام الدولة العبرية، فيما أبدى مدير برامج الشرق الأوسط في فرع بيروت تشاؤما تجاه مستقبل لبنان.
187,هدد وزير الداخلية الإيطالي بإعادة نحو 180 مهاجرا عالقين منذ ثلاثة أيام قبالة جزيرة لامبيدوزا إلى ليبيا في حال لم يتم التوصل إلى حل أوروبي لاستقبالهم. يأتي ذلك عقب مطالبة مالطا بتولي أمر المهاجرين.
188,أعلن مسؤولون في نيجيريا أن مسلحي جماعة بوكوحرام المتشددة نفذوا سلسلة من التفجيرات التي وقعت في مسجد في العاصمة نيجيريا.
189,"بعد بث برنامج ""شباب توك"" حلقة حول وضع النساء في السودان، وصل الأمر حتى التهديد بالعنف، بعد بث برنامج ""شباب توك"" حلقة حول وضع النساء في السودان."
190,عبر مستخدمو مواقع التواصل الاجتماعي في العالم العربي عن استيائهم من تصريحات رئيس الهيئة العربية السعودية عبد اللطيف آل الشيخ الذي انتقد تصريحات رئيس الهيئة.
191,"قالت منظمة العفو الدولية إن تنظيم ""الدولة الإسلامية"" يحاول تجريد الناس من تراثهم في محاولة لاستعبادهم."
192,"في اليوم الثالث على تنصيبه أمين عام لحلف شمال الأطلسي، قام أندرس فوج راسموسين بزيارة إلى أفغانستان، وفقا لما أعلنه الحلف. راسموسين يعلن أنه ليس هناك ""من خيار"" في الوقت الراهن سوى ""بذل جهود عسكرية ومدنية أكبر""."
193,قال مسؤولون كوريون جنوبيون إن جنديا واحدا اطلق النار على رفاقه في موقع حراسة معزول في ولاية غانغوون جنوبي الكوريتين الشمالية والجنوبية.
194,حقق شتوتغارت فوزا ثمينا على مضيفه بروسيا دورتموند في الجولة 11 من الدوري الألماني لكرة القدم (بوندسليغا). ليفاندوفسكي ينقذ بايرن ميونيخ تأخره للمباراة الخامسة على التوالي في الدوري ليكتفي بالتعادل مع أونيون برلين.
195,تصدر فيلم الرسوم المتحركة (فروزن) قائمة مجلة بيلبورد الأسبوعية، ليصبح أول ألبوم لموسيقى تصويرية يحتل المركز الأول بالقائمة لأكثر من خمسة أسابيع في 15 عاماً.
196,أثار منح الكاتبة والمحامية الإسرائيلية فليسيا لانغر انتقادات شديدة داخل إسرائيل ولدى شخصيات يهودية في ألمانيا. وفي مقابلة مع نائب رئيس المجلس المركزي لليهود في ألمانيا أظهرت اختلافات في تقييم موقف ألمانيا تجاه الصراع.
197,قضت محكمة كويتية بسجن ربة منزل تعمل لديها خادمة إثيوبية في الكويت، بعد أن فقدت السيطرة على السقف المعدني لمبنى مجاور بهدف الانتحار.
198,قالت شركة غوغل للأخبار إنها ستحذف ناشرين إسبان من خدمة غوغل للأخبار في إسبانيا.
199,"أعلنت وزيرة الخارجية الإسرائيلية السابقة تسيبي ليفني اعتزال الحياة السياسية لكنها لن أدع إسرائيل تتخلى عن الأمل في السلام، فيما أعربت حركة ""السلام الآن"" عن أسفها لخروج ليفني من ""الصوت الجريء المؤيد لحل الدولتين""."
200,"رغم أنه كان يمتلك أكثر من سبب لكراهيتها، إلاّ أن شاباً من الولايات المتحدة الأمريكية قدم درساً كبيراً في كيفية الصفح وتجاوز مشاعر الانتقام والحقد، كما ذكرت صحيفة ""الغارديان"" البريطانية."
201,أدى رئيس وزراء ليبيا عبد الله الثني وحكومته اليمين بعد أن وافق مشرعون على تشكيلة الحكومة الجديدة لكنه سيواجه تحديات في حكم بلد يوجد فيه برلمان منافس في العاصمة طرابلس.
202,أعلنت الشرطة البريطانية توقيف ثلاثة رجال في جنوب مانشستر على علاقة بالاعتداء الذي استهدف حفلا غنائيا في مدينة مانشستر، فيما قال وزير الداخلية الفرنسي جيرار كولومب إن محققين بريطانيين أبلغوا السلطات الفرنسية أن المشتبه به ربما سبق له السفر إلى سوريا.
203,"قضايا عديدة شغلت مستخدمي مواقع التواصل الاجتماعي في العالم العربي، مثل إزالة تمثال كريستوفر كولومبوس، الذي يحمل اسمه كريستوفر كولومبوس، واحتفاء ""بمرتكبي جرائم ضد الإنسانية"" واحتفاء ""بمرتكبي جرائم ضد الإنسانية""."
204,قال الصحفي التركي عادل يغيت إنه يريد مغادرة البلاد بحلول كانون الثاني/يناير القادم. وقال يغيت إنه يجب أن يكون هناك علاقة بين الأمرين، ليس هناك تفسير آخر محتمل.
205,رغم مرور سنوات على صدور أول كتب السلسلة الشهيرة هاري بوتر، لا يزال هاري بوتر يلقي تعويذاته السحرية على دار بلومزبري للنشر رغم مرور سنوات على صدور أول كتب السلسلة.
206,حذفت شركة دوف، المتخصصة في منتجات العناية الشخصية في الولايات المتحدة، إعلانها عن استخدام صابون يمكن استخدامه من كافة الأعراق.
207,"أعلن مسؤولون صينيون أن طفلة تعمل في تربية الدواجن تحمل فيروس ""إتش7إن9"" في مستشفى بالعاصمة الصينية بكين."
208,"يعتزم أعضاء يهود بحزب البديل من أجل ألمانيا المعارض تأسيس رابطة على مستوى ألمانيا مطلع شهر تشرين الأول / أكتوبر 2018، فيما تساءلت الرئيسة السابقة للمجلس الأعلى لليهود في ألمانيا عن ""كيف يمكن لأشخاص يهود أن يبرروا لأنفسهم ذلك""."
209,في خطوة تشكل علامة فارقة في المساواة بين الجنسين في كرة القدم الألمانية، يحتفل الدوري الألماني لكرة القدم يوم الأحد القادم بحدث تاريخي قلّما نشهده، في خطوة تشكل علامة فارقة في المساواة بين الجنسين في كرة القدم الألمانية.
210,"أدى صادق خان عضو حزب العمال البريطاني اليمين الدستورية كأول عمدة مسلم للندن، وهو أول مسلم يتولى هذا المنصب في عاصمة غربية كبرى. وقال خان إنه ""فخور"" معربا عن تواضعه الشديد إزاء انتخابه."
211,أعلن وزير الخارجية السعودي عادل الجبير أن بلاده لا تقدم إلى مواطنيها المعلومات التي تلقيها من تركيا حول قتل الصحفي السعودي جمال خاشقجي في إسطنبول. كما أصدر القضاء التركي مذكرتي توقيف بحق النائب السابق لرئيس الاستخبارات السعودية أحمد العسيري.
212,تناولت الصحف الألمانية الحديث عن تدخل عسكري غربي محتمل في سوريا رداً على الاتهامات الموجهة للنظام السوري باستخدام الأسلحة الكيميائية في 21 آب/أغسطس بريف دمشق، فيما حذرت الصحف من تأثير الضربة العسكرية الغربية على منطقة الشرق الأوسط المتأزمة.
213,اقتحم مسلح ضريح زعيم الثورة الإسلامية في إيران آية الله روح الله الخميني، حيث أطلق النار على عدد من الأشخاص، فيما تحدثت الأنباء عن إطلاق نار داخل مجلس الشورى الإيراني الذي يبعد بضعة كيلومترات.
214,في خطوة من المتوقع أن يبطلها مجلسا النواب والشيوخ بكامل هيئتيهما، اعترض نائب الرئيس الأمريكي مايك بنس على إقرار الكونغرس فوز جو بايدن على دونالد ترامب بولاية أريزونا في انتخابات الرئاسة.
215,أطلقت الشرطة الإسرائيلية النار على محتجين في موقع الاحتجاج السلمي في قطاع غزة.
216,"قال الرئيس الايراني حسن روحاني إن الضربات الجوية التي شنها التحالف الذي تقوده الولايات المتحدة ضد تنظيم الدولة الإسلامية في سوريا ""غير قانونية""."
217,قتل العشرات في سلسلة من التفجيرات التي استهدفت مدينتي طرطوس وجبلة في العاصمة السورية دمشق.
218,حقق المنتخب التونسي فوزا كبيرا على نظيره الغاني بهدفين مقابل هدف في المباراة النهائية لبطولة كأس الأمم الأفريقية المقامة في مصر.
219,أثارت عملية استخراج كنز في المغرب سخرية وتهكما عارمين على مواقع التواصل الاجتماعي في البلاد. وفيما يرى مغردون أن ملف الحريات الشخصية في تونس عاد إلى واجهة النقاش بعدما نشرت لجنة الحريات الفردية تقريرا تضمن مقترحات إصلاحية لعدد من القوانين.
220,شاركت امرأة سوداء في مسابقة ملكة جمال الكون للعام 2019، وهي أول امرأة سوداء تفوز بالمسابقة.
221,توصلت أطراف النزاع في اليمن إلى اتفاق يهدف إلى الحد من معاناة المدنيين في مدينة عدن جنوبي البلاد.
222,قالت الشرطة الاسترالية إن أربعة أشخاص على الأقل قتلوا في اشتباكات بين قوات الأمن ومتظاهرين في وسط سيدني.
223,يبدو أن كتابة رسائل نصية قصيرة أثناء المشي ينطوي على خطورة، لكن الخبراء يؤكدون أن هذه الخطورة تؤدي إلى إصابات في الميل الواحد أكثر من الإصابات الناجمة عن الشرود الذهني أثناء القيادة.
224,"كشفت مجلة ""دير شبيغل"" الألمانية أن شركات أوروبية تمنح إمكانيات لتنظيم ""داعش"" من أجل نشر دعايته على الشبكة العنكبوتية، ما وصفه بأنه ""عار على أوروبا""."
225,أدى إضراب المراقبين لحركة الطيران في فرنسا إلى إلغاء ربع الرحلات المقررة ودفع باريس وبرلين إلى دعوة بروكسل لتأجيل مشروع السماء المفتوحة المعروض بعد ظهر اليوم أمام البرلمان الأوروبي.
226,"توعد الرئيس الأوكراني بترو بوروشنكو الانفصاليين الموالين لروسيا بـ""برد ملائم"" على إسقاطهم طائرة عسكرية أوكرانية ما أدى إلى مقتل 49 عسكريا كانوا على متنها. وقالت وزارة الدفاع الأوكرانية إن الإرهابيين أطلقوا النار من رشاش ثقيل."
227,قتل متظاهر سوداني على الأقل في اشتباكات مع الشرطة في العاصمة السودانية الخرطوم.
228,"قال ناطق باسم حركة طالبان في العاصمة الافغانية كابول إن مسلحيها موجودون ""في كل مكان"" في الريف الافغاني."
229,"في الوقت الذي تشهد فيه الانتخابات البرلمانية في لبنان ثورة حقيقية، كانت نتائج الإنتخابات قد شكلت ثورة حقيقية من خلال صناديق الاقتراع، لكن حزب الله لم يكن من شأنه أن يتحول إلى ""جمهورية إسلامية"" في لبنان."
230,بعد 26 ساعة من الفوز على البرازيل والتتويج بلقب بطولة العالم للمرة الثانية على التوالي، عاد الفريق الألماني للسيدات إلى أرض الوطن بعد رحلة جوية استمرت 11 ساعة من شانغ هاي الصينية إلى فرانكفورت.
231,"يزور الرئيس الأمريكي باراك أوباما السعودية الأسبوع المقبل للمشاركة في اجتماع مع قادة دول مجلس التعاون الخليجي، فيما بحث ولي ولي العهد السعودي وزير الدفاع الأمريكي جون كيري ""تطورات الأوضاع في الشرق الأوسط""."
232,أعلن نادي شالكه الألماني لكرة القدم أن مدربه الايطالي روبرتو دي ماتيو استقال من منصبه بعد مراجعة لحصيلة الموسم مع المدير الرياضي هورست هيلدت.
233,"حكمت المحكمة الجزائية السعودية على سعودي ولبناني بالسجن ثماني سنوات و500 جلدة لكليهما بعد اتهامهما بالمشاركة في ""تهريب فتاة سعودية إلى بيروت وتنصيرها"". وكانت الفتاة مقيمة حالياً في عهدة منظمة حقوقية في السويد."
234,قال وزير الخارجية البريطاني بوريس أوزبورن إن بلاده بحاجة إلى مزيد من الجهد لمساعدة اللاجئين السوريين الذين وصلوا إلى أوروبا.
235,قال وزير الموارد الطبيعية في حكومة اقليم كردستان العراق إن بلاده تعهدت بألا تسمح باستيراد كميات من النفط دون موافقة الحكومة الاتحادية في بغداد.
236,رغم أن بريطانيا صاحبة المركز الثالث على قائمة البلدان من حيث عدد الميداليات في أولمبياد 2012، إلا أن هناك منافسة شرسة بين الدول على تقديم أفضل الرياضيين حتى وإن تمّ الاستعانة بوسائل غير شرعية.
237,هدد الاتحاد الأوروبي بتخطي روسيا وأوكرانيا فيما يتعلق بالحصول على احتياجات الكتلة الأوروبية من الغاز الطبيعي، إذا ما تواصلت المخالفات التي تشهدها إمدادات الغاز الروسي عبر أوكرانيا إلى أوروبا.
238,اعتقلت السلطات الروسية المعارض ألكسي نافالني بتهمة إزالة مقاطع الفيديو التي يدعو فيها إلى الاحتجاج على رفع سن التقاعد.
239,اكتشف علماء صينيون طائفة مذهلة من الحفريات الجيّدة الحفظ التي اكتشفت شمال شرق الصين على مدار العقدين الماضيين تمثل إطلالة فريدة على الحياة قبل 160 مليون سنة أي أثناء العصر الجوراسي.
240,وافق مجلس الوزراء المصري على فرض حالة الطوارئ لمدة شهرين إثر فض قوات الأمن بالقوة اعتصامي أنصار الرئيس المصري محمد مرسي في ميداني رابعة العدوية والنهضة.
241,فرضت السلطات المصرية غرامة قياسية على نادي الزمالك المصري بعدما رصدت كاميرات تلفزيونية حضور مجموعة من المشجعين في مباراة فريق الزمالك مع الاسماعيلي.
242,أعلنت منظمة هيومن رايتس ووتش أنها استجوبت نشطاء من أربع منظمات في صنعاء أغلقها الحوثيون لارتباطها على ما يبدو بحزب الإصلاح، وهو حزب مقرب من الإخوان المسلمين ومعارض للحوثيين المدعومين من طهران.
243,يرى الباحث السياسي اليمني محمد عبده العبسي أن الحوثيين يتقدمون نحو عدن بعد سيطرتهم على صنعاء. DW عربية تحدثت عن أسباب وتوقيت توجه الحوثيين نحو العاصمة الجنوبية.
244,أعلن مدير مالي لنادي برشلونة بانشو شرودر أنه لن يتفاجأ إذا ما حاول فريق منافس ضم النجم الأرجنتيني ليونيل ميسي كسر شرطه الجزائي مع النادي الكتالوني، الذي يبلغ 700 مليون يورو، الذي يبلغ 700 مليون يورو.
245,فيردر بريمن يلحق بركب الفرق المتأهلة إلى دوري الدرجة الثانية الألماني لكرة القدم بفوز مستحق على فريق أتليتكو بلباو الإسباني بثلاثة أهداف نظيفة. هيرتا برلين يلحق بركب الفرق المتأهلة في لقاء ضمن منافسات المجموعة الرابعة.
246,قالت مصادر من الشرطة العراقية إن تفجيرات سيارات ملغومة تسببت في مقتل 39 شخصا على الأقل وإصابة زهاء 120 في أنحاء البلاد، فيما قال رئيس الحكومة العراقية نوري المالكي إن العراق يمر بمرحلة تحد شامل في مجالات السياسة والأمن والاقتصاد.
247,اختتم قمرا صناعيا علميا رحلة فضائية استغرقت سبعة أعوام ونصف العام إلى سيريس، وهو كوكب قزم لم يكتشف من قبل يدور في فلكه ضمن حزام الكويكبات الواقع بين كوكبي المريخ والمشترى.
248,بعدما انتزع ذهبية سباق خمسة كيلومترات في بطولة العالم المقامة في برشلونة الإسبانية أمس السبت أمام أشد منافسين من كندا وألمانيا، أصبح التونسي أسامة الملولي أول سباح يفوز بألقاب أولمبية وعالمية داخل الأحواض.
249,"قال رئيس اللجنة المشرفة على التحقيق في حرب العراق البريطاني، جون بلير، إنه ""لا يوجد احتمال واقعي"" لنشر التقرير الرسمي عن حرب العراق عام 2003."
250,قال زعيم حركة طالبان الأفغانية زلماي خليل زاد إن المفاوضات المستمرة على مدار ستة أيام كانت أكثر إنتاجية من أي مفاوضات سابقة بين الطرفين.
251,"قضت محكمة مصرية بسجن الناشط المصري علاء عبد الفتاح وخمس سنوات وغرامة 100 ألف جنيه في قضية ""أحداث مجلس الشورى"". وكانت محكمة جنايات جنوب القاهرة أيدت حكما سابقا ضد الناشط المصري علاء عبد الفتاح."
252,أثارت جريمة الزرقاء الحكومي في الأردن غضبا واسعا عبر مواقع التواصل الاجتماعي.
253,قال الاتحاد الدولي لكرة القدم (فيفا) إنه تم اتخاذ اجراءات لاستخدام تقنية خط الهدف في مباريات كأس العالم لكرة القدم عام 2012، وذلك على خلفية اخطاء الحكام في المباريات والبطولات الكبرى.
254,أعلنت إدارة الرئيس الأمريكي جو بايدن أن ولي العهد السعودي محمد بن سلمان وافق على قتل الصحفي السعودي جمال خاشقجي، الذي قُتل في القنصلية السعودية في اسطنبول عام 2018.
255,قالت وزارة الخارجية الأمريكية إن الولايات المتحدة ستغلق بعثاتها الدبلوماسية في منطقة الشرق الأوسط وشمال افريقيا بعدما اعترضت رسائل خاصة بتنظيم القاعدة.
256,قال الشيخ آل مبارك الشيخ آل مبارك إن على النساء مراجعة الاطباء الذكور فقط في حالة تعذر مراجعة طبيباتهن.
257,دعا الاتحاد الأوروبي طهران إلى التوصل إلى اتفاق بشأن البرنامج النووي الإيراني.
258,"وصفت سهير بلحسن رئيسة الفيدرالية الدولية لحقوق الإنسان الوضع الصحي والإنساني للناشطة الصحراوية أميناتو حيدر بأنه ""خطير"" ويدعو للقلق الشديد. كما حثت كل الأطراف المغربية على التحلي ""بالعقل""."
259,قضت محكمة سنغافورة بالسجن مدى الحياة على صبي يُحتجز بموجب قانون الأمن الداخلي في البلاد، بتهمة التخطيط لطعن ضحايا هجوم كرايست تشيرش على الهواء مباشرة.
260,بعد اعتزال الإسباني تشافي ألونسو، اقترب فريق بايرن ميونخ من التعاقد مع الدولي الفرنسي ولاعب خط الوسط بنادي ليون الفرنسي كورينتين توليسو. وبلغت قيمة الصفقة 40 مليون يورو، لكنه أيضاً قادر على التحول إلى لاعب محوري في خط الوسط.
261,قالت القوات الامنية العراقية إنها استعادت السيطرة على مدينة الرطبة التي يسيطر عليها تنظيم مايعرف بالدولة الاسلامية في العراق.
262,أعلن حزب الاستقلال في المغرب انسحاب حزبه من الحكومة، لكنه يرى أن الائتلاف الحكومي سيكون مهددا بالانفراط، لكنه يرى أن الائتلاف سيكون مهددا بالانفراط، لكنه يرى أن الائتلاف سيكون مهددا بالانفراط.
263,تعمل شركة روبوت للتنقيب عن النفط في خليج المكسيك على فك جهاز جديد يهدف الى وقف التسرب بواسطة اجهزة روبوت على عمق نحو ميل.
264,وجه شاب فلسطيني رسالة لرئيس الوزراء الامريكي باراك أوباما الى مكتب الرئيس الامريكي باراك أوباما.
265,رغم تحذيرات الأمم المتحدة ومنظمات إغاثية من تفشي فيروس كورونا المستجد في اليمن، طالب علي الزبيري، الذي يرتاد سوق الجبلي يوميا لشراء حاجته من نبتة القات، الحكومة اليمنية بإغلاق أسواق القات.
266,أعلن وزير شؤون مجلس الوزراء لدولة الإمارات العربية المتحدة عن خطط بلاده لاستخدام طائرات عمودية بدون طيار لتوصيل الوثائق الرسمية والطرود إلى مواطنيها في إطار جهود لتحديث الخدمات الحكومية.
267,وافق البرلمان الألماني على مشروع قانون يمنع ارتداء النقاب في الأماكن العامة.
268,"قالت الرئاسة المصرية إنها قررت حبس رئيس تحرير صحيفة ""الدستور"" المستقلة اسلام عفيفي احتياطيا على ذمة القضية بتهمة نشر معلومات كاذبة والتحريض على زعزعة استقرار البلاد."
269,قالت وكالة الانباء السعودية الرسمية إن مسلحين هاجموا شركة امريكية في ينبع شمال غربي البلاد.
270,حكمت محكمة العدل الأوروبية على عشرات الآلاف من اللاجئين القصّر الذين وصلوا إلى أوروبا من دون ذويهم، يحتفظون بحقهم في لم شمل الأسرة حتى لو كانوا قد بلغوا سن الرشد خلال عملية طلب اللجوء.
271,قتل 16 شخصا على الأقل بينهم أطفال وسيدتان في غارة جوية استهدفت بلدة ذات غالبية كردية في محافظة الحسكة في شمال شرق سوريا، حسب المرصد السوري لحقوق الإنسان.
272,وافقت الجمعية العامة للأمم المتحدة الأربعاء على مشروع قرار يطالب طرفي الصراع في سوريا بوقف أعمال العنف فورا، والتي أدت حتى الآن إلى مقتل أكثر من 80 ألف شخص، وفق رئيس الجمعية العامة للأمم المتحدة.
273,أبلغ رئيس الوزراء الإسرائيلي بنيامين نتانياهو الرئيس الفلسطيني محمود عباس أنه يرغب في إجراء مباحثات معه بهدف دفع عملية السلام بين الإسرائيليين والفلسطينيين. يأتي ذلك عقب زيارة مرتقبة للمبعوث الأمريكي للمنطقة الأسبوع القادم.
274,قتل ضابطان بالجيش اللبناني وجندي وأصيب آخرون في اشتباكات بين أتباع شيخ سني سلفي مناهض لتدخل حزب الله الشيعي في سوريا والجيش اللبناني، فيما تحدثت قناة سكاي نيوز عربية عن مقتل 6 جنود لبنانيين في هذه المواجهات.
275,أعلنت السلطات التونسية تعليق رحلات الخطوط الإماراتية في المطارات التونسية في ظل خلاف أزمة متصاعدة بعد منع تونسيات من السفر إلى الإمارات، في ظل خلاف أزمة متصاعدة بعد منع تونسيات من السفر إلى الإمارات.
276,قال رئيس الوزراء اليمني عبد ربه منصور هادي إنه سيضطر لاستخدام كافة الوسائل المناسبة لحماية الأمن والقانون.
277,وجه جوزيه مورينو، المدير الفني لمنتخب إنجلترا، انتقادات حادة للاعبي مان يونايتد الإنجليزي بسبب إصابتهما في القدم.
278,"أعلنت جامعة الدول العربية أن الحكومة العراقية ستتشكيل حكومة شاملة لمحاربة تنظيم ""الدولة الإسلامية""."
279,أعلن الاتحاد الألماني لكرة القدم الإبقاء عل مدرب المنتخب الألماني يوآخيم لوف في منصبه ليخوض مع المانشافت بطولة كأس الأمم الأوروبية لكرة القدم 2022 وتصفيات مونديال قطر 2022.
280,وصل وفدًا قياديًا كبيرًا في الحركة خالد مشعل إلى المملكة العربية السعودية للمشاركة في زيارة يقوم بها وفدًا قياديًا كبيرًا في الحركة.
281,قالت الأمم المتحدة إن أكثر من 85 في المئة من اللاجئين الواصلين إلى جنوب السودان قد فروا إلى أوغندا.
282,نعرض عليكم أكثر القضايا التي تداولها مستخدمو مواقع التواصل الاجتماعي في العالم العربي على مدار اليوم الماضي.
283,عقد مجلس النواب العراقي اجتماعا طارئا لبحث الوضع الأمني في المناطق التي تقع تحت سيطرة تنظيم الدولة الإسلامية في العراق وسوريا.
284,قتل سائق شاحنة تابعة لشركة (سي إس إكس) في حادث اصطدام كبير لقطارات في ولاية بالتيمور الأمريكية.
285,"بعد ثلاثة أيام على رفض ثلثي أعضاء الأمم المتحدة لقرار ترامب اعتراف بلاده بالقدس عاصمة لإسرائيل، اعتبرت الخارجية الفلسطينية أن قرار غواتيمالا نقل سفارتها إلى القدس ""عمل مخز"" وغير قانوني."
286,سجل فيرناندو الونسو أفضل زمن للفة في حلبة الصخير الصحراوية في البحرين، وهي اللفة الأسرع حتى الآن هذا الأسبوع، فيما يسعى المعارضون لإجراء سباق فورمولا 1 في البحرين إلى توسيع حركة احتجاجاتهم لتطال المنامة.
287,اصدر فريق الرولينغ ستونز الوحيد الذي يحتج على استخدام المرشح الجمهوري المحتمل للحزب الجمهوري دونالد ترامب في تجمعاته الانتخابية في الانتخابات الرئاسية الامريكية.
288,"دعا رئيس الوزراء الإسرائيلي بنيامين نتنياهو المجتمع الدولي إلى عدم التسرع والاعتراف بحكومة التوافق الوطني الفلسطينية القادمة المدعومة من حركة حماس، فيما حث نتنياهو المجتمع الدولي على عدم ""التسرع"" والاعتراف بحكومة التوافق الوطني الفلسطينية القادمة."
289,أعلنت شركة فولكسفاغن الألمانية للسيارات الرياضية الفارهة زيادة مبيعاتها العام الماضي بنسبة 11 بالمائة مقارنة بمبيعاتها القياسية المسجلة في العام الماضي، فيما أعلنت شركة بورش الألمانية للسيارات الرياضية الفارهة زيادة مبيعاتها للعام الماضي.
290,بعد رحلة هروب شاقة دامت أكثر من شهر، وصلت لاجئة سورية إلى ألمانيا بعد رحلة هروب شاقة دامت أكثر من شهر، لكن الأمر لم يكن بهذه السهولة حسب ما ذكره موقع مهاجر نيوز.
291,وجه رئيس الوزراء الإسرائيلي، بنيامين نتنياهو، اتهامات لرئيس الوزراء، بنيامين نتنياهو، إلى المحكمة الإسرائيلية.
292,قال السيناتور الأمريكي لندسي غراهام إن عدد ضحايا الضربات الجوية التي شنها الجيش الامريكي بطائرات بدون طيار في باكستان واليمن والصومال بقي غامضا.
293,أعلن حزب المحافظين في بريطانيا تأييده لخروج بريطانيا من الاتحاد الأوروبي حتى بدون اتفاق، وذلك بعد ساعات من تصويت نواب حزب المحافظين لتقليص عدد المرشحين الستة للمنصب. لكن جونسون تلقى دعما جديدا نحو منصب رئيس وزراء بريطانيا.
294,صادق مجلس الشيوخ الأمريكي على تعيين القاضي المحافظ بريت كافانو عضوا في المحكمة العليا، لتنتهي بذلك أسابيع من السجالات والمواجهات السياسية الشرسة التي تخلّلتها اتهامات للقاضي بارتكاب اعتداء جنسي عندما كان شابًا.
295,"يعتبر برنامج ""ألمانيا تبحث عن نجم"" من أكثر برامج الاستعراض التلفزيونية شهرة بين الشباب، حيث يشاهد أكثر من ستة ملايين شخص معظمهم من هؤلاء. هذا البرنامج يعتبر من أكثر برامج شهرة بين الشباب."
296,أعلن الرئيس الأميركي دونالد ترامب أن القمة التاريخية المقررة مع زعيم كوريا الشمالية كيم جونغ أون ستعقد في سنغافورة في 12 حزيران/يونيو المقبل، وذلك بعد ساعات من عودة ثلاثة أميركيين أفرجت عنهم.
297,قال الجيش الإسرائيلي إن صاروخين أطلقا من قطاع غزة يوم الاربعاء دون أن يوقعا إصابات.
298,خرجت المئات من أهالي محافظة البصرة احتجاجا على تردي الخدمات، فيما نفى مجلس محافظة البصرة وجود عمليات غلق لأي منفذ حدودي بسبب التظاهرات التي تشهدها المحافظة، محذرا من أن أزمة المياه آخذة بالتفاقم.
299,ارتفعت حصيلة ضحايا حرائق الغابات بالقرب من العاصمة اليونانية أثينا إلى 50 قتيلا، فيما قطع رئيس الوزراء اليوناني زيارة إلى البوسنة والهرسك عائدا إلى البوسنة والهرسك عائدا إلى اليونان.
300,"أعلن البابا فرنسيس قداسة ""شهداء أوترانتي"" وهم 800 مسيحي قتلوا بضرب العنق في 1480 لرفضهم التخلي عن ديانتهم واعتناق الإسلام بأمر من القائد العثماني أحمد باشا."
301,أعلنت الشرطة الألمانية ارتفاع حصيلة المصابين في هجوم نفذه رجل يحمل بلطة ليل الخميس في محطة القطارات الرئيسية بمدينة دوسلدورف إلى تسعة مصابين، فيما أعلنت الشرطة أن المشتبه به قفز من جسر محاولا الفرار وأصيب بجروح طفيفة.
302,طالبت الحكومة الأوكرانية باستقالة وزير الداخلية وإجراء انتخابات رئاسية مبكرة.
303,أفرجت السلطات السودانية عن مريم يحي إبراهيم اسحق، ابنة مسلمة في جنوب السودان.
304,خرج آلاف المتظاهرين في الدار البيضاء والعاصمة الرباط احتجاجا على مقتل بائع سمك، محسن فكري، بحسب تقارير.
305,يشهد معرض فرانكفورت الدولي للسيارات مساحات ضخمة لعرض منتجاتها في معرض فرانكفورت الدولي للسيارات، الذي أفردت فيه كبرى شركات صناعة السيارات مساحات ضخمة لعرض منتجاتها.
306,"قالت منظمة هيومان رايتس ووتش إن السلطات المصرية ""تعرض للملاحقة والتضييق الأمني بصور شتى""."
307,"أظهرت دراسة حديثة أن الكحول مسؤول عن 5 بالمائة من الإصابات بأمراض السرطان و4,5 بالمائة من الوفيات الناتجة عن هذه الإصابات على مستوى العالم، كما يزيد من احتمالية الإصابة بسرطان الثدي بشكل خاص."
308,قالت منظمة الامن والتعاون في اوروبا إنها اعتقلت ثلاثة مراقبين تابعين للانفصاليين في منطقة دونيتسك شرقي اوكرانيا.
309,قال الرئيس النيجيري، أنتوني جوناثان، إن عفوا لجماعات بوكوحرام الإسلامية في شمال البلاد لا يمكن أن تمنحه.
310,نفذ الطيران الاسرائيلي غارتين على جرود النبي شيت بالقرب من الحدود اللبنانية -السورية.
311,"ذكرت الشرطة العراقية أن مقاتلي تنظيم ""الدولة الإسلامية"" اجتاحوا دفاعات القوات الحكومية شرقي مدينة الرمادي التي استولى عليها التنظيم المتشدد هذا الأسبوع. يأتي هذا فيما ذكرت الشرطة أن 52 شخصا قتلوا غالبيتهم العظمى من التنظيم."
312,قال وزير الخارجية المصري خالد أبو الغيط إن الوضع الحالي بين الشمال والجنوب سيؤدي إلى انفصال الجنوب.
313,يبدو أن أزواجهم أمام التلفاز يدفع الكثيرات للتحدث مع الآخرين طيلة اليوم، لكن خبراء العلاج النفسي يرون أن التزام السيدات الصمت قليلا قد يدفع الرجال للابتعاد عن الشكاوى والبحث عن مواضيع مهمة للحوار.
314,تعادل المنتخب الألماني مع نظيره الغاني في الجولة الثانية من منافسات المجموعة السابعة لنهائيات كأس العالم لكرة القدم المقامة حاليا بالبرازيل، فيما انقذ النجم المخضرم ميروسلاف كلوزه من السقوط في فخ الخسارة أمام نظيره الغاني ليقوده لتعادل صعب.
315,توصلت دراسة حديثة إلى أن الشباب الذين يتعاملون مع الكومبيوتر لا يمكن الحديث عن إدمان الكومبيوتر إلا لدى نسبة ضئيلة من الشباب لا تزيد عن 14 في المائة ممن تتراوح أعمارهم بين الثانية عشرة والتاسعة عشرة.
316,قتل عشرة اشخاص واصيب عشرة آخرون بجروح في اشتباكات بين مسلحين مجهولين في منطقة السيدية شمال شرقي العراق.
317,يشهد الاستاد الأولمبي في برلين لقاء وديا بين المنتخب الألماني ونظيره الإنجليزي، فيما ينتظر أن يشرك مدرب المنتخب الألماني يواخيم لوف بعض اللاعبين الجدد في هذه المباراة الودية التي ستكون الظهور الأول له على المستوى الدولي.
318,أعلنت وزيرة الدفاع الألمانية أورزولا فون دير لاين أن بلادها تعتزم الإبقاء على قواتها في تركيا لحين انتهاء الأزمة السورية، كما حذرت المجتمع الدولي من إهمال الأوضاع في سوريا في ظل الانشغال بأزمة شبه جزيرة القرم.
319,قال رئيس الوزراء السوداني، آبي أحمد، إن العصبة الإجرامية قد هُزمت تماما وفي حالة من الفوضى.
320,أيدت محكمة النقض المصرية حكما بالسجن المشدد لعشر سنوات على الشرطيين اللذين أدينا سابقا بقتل الناشط خالد سعيد الذي أدت قضيته إلى زوبعة في مواقع التواصل الاجتماعي.
321,وجه الرئيس الفرنسي ماكرون والمستشارة الألمانية أنغيلا ميركل رسالة مشتركة إلى الرئيس الروسي فلاديمير بوتين، ليطلبا منه الموافقة على مشروع قرار لمجلس الأمن الدولي لإقرار هدنة في سوريا، ويرمي إلى تسهيل وصول المساعدة الإنسانية وإتمام عمليات الإجلاء الطبية.
322,عقد رئيس الوزراء الفلسطيني رامي الحمد الله اجتماعا طارئا لبحث إعادة إعمار قطاع غزة.
323,أعلن النائب العام الإيطالي أن المشرفة البريطانية في جامعة روما قد اختار بنفسه موضوع رسالة الدكتوراة في رسالة الدكتوراة.
324,أعلنت وحدات حماية الشعب الكردية في شمال سوريا أنها ستدخل منطقة عفرين للمساعدة في صد الهجوم التركي على تركيا.
325,نشر نشطاء مغاربة مقطع فيديو يثير غضبا عبر مواقع التواصل الاجتماعي عبر مواقع التواصل الاجتماعي عبر موقع يوتيوب.
326,فاز تشيلسي الانجليزي على بازل بثلاثة أهداف لهدف واحد في مباراة الذهاب ضمن تصفيات دوري ابطال اوروبا لكرة القدم.
327,ألقت الشرطة الألمانية القبض على تونسي يشتبه في قيامه بتصنيع أسلحة بيولوجية ربما منع هجوما إرهابيا. وكانت السلطات الألمانية اعتقلت هذا الأسبوع يشتبه في قيامه بتصنيع أسلحة بيولوجية ربما منع هجوما إرهابيا.
328,قالت شركة نايكي للمنتجات الرياضية إنها قررت عدم تسويق منتجها الذي يُباع حاليا في فرنسا.
329,خلصت دراسة ألمانية إلى أن الكثير من الشركات في البلاد يعمل لديها موظفون من أصول مهاجرة، فيما تعتبر 58 % من الشركات أن ضعف المعرفة باللغة الألمانية يمثل عقبة كبيرة أمام توظيف هؤلاء المهاجرين.
330,يواجه النائب الهولندي اليميني المتشدد، خيرت فيلدرز، اتهامات بالتحريض على الكراهية والعنصرية بسبب اتهامه للمحكمة بالتحيز، بسبب اتهامه للمحكمة بالتحيز.
331,وضع الساحر الأرجنتيني ليونيل ميسي حدا لصيامه التهديفي الذي لازمه خلال لقاءاته الأخيرة في مباريات الكلاسيكو أمام ريال مدريد، بعدما أحرز هدفين قاد بهما فريقه برشلونة لفوز قاتل 3 / 2 على مضيفه ريال مدريد.
332,قتل سبعة أشخاص على الأقل في حريق وقع في مدينة بريدة جنوبي اليمن، حسبما أفادت وسائل إعلام رسمية.
333,"قالت الشرطة الإيطالية إنها ألقت القبض على ثمانية أشخاص في منطقة ""أبروتسو"" وسط البلاد، بتهمة ارتكاب جرائم مالية وتمويل الإرهاب. كما ذهب جزء من هذه الأموال إلى أئمة مساجد في إيطاليا."
334,قال وزير الخارجية الروسي سيرغي لافروف إن الدعوة التي وجهت لإيران لحضور مؤتمر جنيف 2 للسلام لن تكون كارثة.
335,قضت المحكمة الدستورية في الكويت بحل البرلمان السابق الذي يضم 50 عضوا في البرلمان السابق.
336,تواصلت الاحتجاجات في تونس طوال الليل وسط مخاوف من أن الاحتجاجات تواصلت طوال الليل، وذلك في إطار إجراءات تقشف اتفقت عليها مع المانحين الأجانب.
337,أعلن الاتحاد الدولي لكرة القدم (الفيفا) ان الشيخ سلمان بن عبد العزيز الذي يرأس الاتحاد الآسيوي لكرة القدم ينتمي الى الاتحاد الدولي لكرة القدم (فيفا) ينفي التهم الموجهة ضده.
338,"أعلنت قوات التحالف الذي تقوده السعودية استعادة السيطرة على منطقة ""رأس عمران"" في محافظة عدن جنوبي اليمن."
339,قالت شركة أرامكو السعودية إنها اضطرت إلى حجب موقعها على الإنترنت عقب الهجوم الذي استهدف شركة النفط التي تديرها الحكومة.
340,وافقت الحكومة الإسرائيلية على بناء 50 وحدة سكنية في مستوطنة سكنية في القدس الشرقية المحتلة.
341,قال وزير الصحة الليبي نور الدين دغمان إن خمسة أشخاص قتلوا وجرح العشرات في اشتباكات ضارية جرت أمس الأربعاء في العاصمة الليبية طرابلس بين كتيبة متحالفة مع الجيش وقوة أمن تضم ميليشيات شاركت في الإطاحة بمعمر القذافي.
342,حقق فريق هامبورغ فوزا كبيرا على ضيفه هامبورغ بثلاثية نظيفة، فيما أنهى باير ليفركوزن مسلسلا من ثلاث هزائم متتالية بعدما عدل تأخره بهدف إلى فوز على فولفسبورغ. ليفركوزن يقود شالكه للفوز على فولفسبورغ.
343,استهل رئيس الحكومة اليونانية ألكسيس تسيبراس زيارته للعاصمة الروسية موسكو بوضع إكليل من الزهور على قبر الجندي المجهول قبل لقائه بالرئيس الروسي فلاديمير بوتين. يأتي ذلك في ظل تخوفات من أن ترتمي اليونان في حضن الدب الروسي.
344,أعلن نادي بايرن ميونيخ الألماني لكرة القدم أن احتفالات الفريق بتتويجه بطلا للدوري الألماني هذا الموسم ستقام على مدار يومين متعاقبين. كما يراود الأمل النادي في ازدواج احتفالات الفريق مع فريق السيدات باللقب ذاته في دوري السيدات.
345,يبدو أن نجم الأرجنتيني دييغو أرماندو مارادونا كان يفعل ذلك بأكثر الطرق دهاء، بل كان يفعل ذلك بأكثر الطرق دهاء وكأنه يستمتع تماماً بما يفعل بل يرغب في نقل تلك المتعة إلى من يشاهده.
346,"قال نائب الرئيس الفنزويلي، نيكولاس مادورو، إن الرئيس تشافيز ""ملم بالتطورات ويمسك بزمام الأمور كزعيم إختاره الشعب""."
347,قالت وزارة الداخلية في قطاع غزة إن طائرات إسرائيلية شنت غارات جوية على بلدات جنوبي قطاع غزة ردا على إطلاق صواريخ على بلدات الجنوب.
348,وصل الرئيس الافغاني الجديد حامد كرزاي الى اسلام آباد في اول زيارة يقوم بها الى باكستان يوم الجمعة.
349,قتل 16 شخصا على الأقل في تفجير انتحاري استهدف مركزا للشرطة في العاصمة العراقية بغداد.
350,"وصفت أنييس كالامار، مقررة الأمم المتحدة الخاصة المعنية بحالات الإعدام خارج القضاء أو بإجراءات موجزة أو تعسفا، محاكمة السعودية لقتلة الصحفي المعارض جمال خاشقجي بـ""المهزلة"". كما وصفت مقررة الأمم المتحدة محاكمة خاشقجي بـ""المهزلة""."
351,قضت محكمة مصرية بإعادة محاكمة الرئيس المصري السابق حسني مبارك بتهمة الفساد.
352,عثرت السلطات الأسبانية على لوحة تحمل علم بريطانيا على متن سفينة في جزيرة كورسيكا الفرنسية.
353,قال مسؤولون بالكونغرس الأمريكيّة إن وزير الخارجية مايك بومبيو ورئيس هيئة الأركان المشتركة الجنرال جوزيف دانفورد سيحضرون جلسة الثلاثاء المقبل أمام مجلس الشيوخ بكامل هيئته للإدلاء بإفادات سرية بشأن الموقف مع إيران.
354,"اتهمت النائبة المصرية، أحمد نصير، زوجة الشيخ عبد الله رشدي، زوجها في مقابلة مع قناة الحدث اليوم الجمعة، زوجها بأنه ""لا يكرهها على تغيير دينها ولا يمنعها من أداء صلاتها""."
355,قال ديفيد مويز، مدير نادي مانشستر يونايتيد الانجليزي لكرة القدم، إن الجمهور يدرك ان ثمة تغيير كبير في النادي.
356,تحرك الرئيس الأمريكي جو بايدن بسرعة لتنسيق الجهود الاتحادية لمكافحة جائحة كوفيد-19 في أول يوم له في السلطة واتخذ خطوات لتوسيع نطاق الفحوص والتطعيم وزيادة الالتزام باستخدام الكمامات.
357,"أحال قاض في محكمة العمل في مدينة هيلدلبيرغ الألمانية النزاع بين سيدة محجبة وسلسلة ""مولر"" لمستحضرات التجميل وأدوات التنظيف التي تعمل لديها. وقد أحال قاض النزاع إلى التحكيم."
358,"يواجه المنتخب الهولندي مشاكل عدة في الصراعات الداخلية بين لاعبي الفرق الكبرى في بطولة الأمم الأوروبية، كما يرى راينر هولتسشوه مدير تحرير مجلة ""كيكر"" الألمانية. فهل ينجح هذا المنتخب في بلوغ الأدوار النهائية للبطولة؟"
359,"في فصلي الربيع والخريف يسبب الصداع النصفي (الشقيقة) ولكن تغير درجة الحرارة والرطوبة والضغط الجوي والأشعة فوق البنفسجية يسبب هذا النوع من الصداع. فما هي النصائح التي أشار إليها موقع ""بونته""؟"
360,يبدو أن رحيل لاعب خط الوسط الإسباني تياغو ألكانتارا عن صفوف نادي بايرن ميونيخ هذا الصيف يبدو أنه يريد القيام بأمر جديد في المرحلة الأخيرة من مسيرته مع النادي البافاري، لكنه يبدو أنه يريد القيام بأمر جديد في المرحلة الأخيرة من مسيرته.
361,قالت رئيسة مجلس الأمن التابع للأمم المتحدة، ستيفان آموس، إن حكومة الرئيس السوري بشار الأسد وافقت على إجراء إجراءات فورية لضمان وصول وكالات الإغاثة من دون عراقيل.
362,قالت منظمة هيومان رايتس ووتش إن كوريا الشمالية تعد العدة لاطلاق صاروخا باليستيا.
363,وصل وزير الخارجية الألماني فرانك فالتر شتاينماير إلى إسرائيل قادما من القاهرة في زيارة تستغرق يومين يلتقي خلالها القادة الإسرائيليين والفلسطينيين حول التحضيرات الجارية لمؤتمر السلام في الشرق الأوسط المقرر عقده في نوفمبر/ تشرين ثان المقبل.
364,تعرضت فتاة مسلمة تضع باقة من الزهور أمام مقر السفارة الفرنسية في برلين – ألمانيا محمد واموسي لوضع باقة من الزهور في ملعب فرنسا الدولي أثناء مباراة فرنسا وألمانيا، لكن بعض العقلاء الفرنسيين تدخلوا لحمايتها.
365,"يبدو أن كريستيانو رونالدو طلب من إدارة فريق يوفنتوس التحرك بسرعة من أجل ضم متوسط ميدان مانشستر يونايتد بول بوغبا، الذي يبدو قريبا للغاية من مغادرة فريق ""الشياطين الحمر"". موقع ""ديلي ستار"" يظهر أن معارف رونالدو طلب من إدارة فريق يوفنتوس التحرك بسرعة."
366,قال رائد الصالح، رئيس منظمة الخوذ البيضاء، إن مئات الآلاف من المدنيين محاصرون ويتم إطلاق النار في مناطق كثيفة بالسكان في سوريا، وذلك بفضل التزامها البارع لإنقاذ المدنيين من العنف.
367,اكتشف باحثون من جامعتي سابينزا الإيطالية وكاليفورنيا الأمريكية في بيركلي أن البشر لم يصلوا إلى عمرهم النهائي بعد. هذا ما كشفت عنه دراسة حديثة.
368,"قدمت مجموعة من أفلام التيار النسوي عرضاً مغايراً لعدد كبير من قضايا المرأة في العالم العربي، مثل ""فتاة المصنع"" و""فتاة المصنع""."
369,أكد وزير الدفاع الألماني فرانس يوزيف يونج على أهمية إجراء انتخابات ديمقراطية في باكستان على خلفية تزايد حدة الأوضاع الأمنية في البلاد في الوقت الحالي، فيما حذر رئيس لجنة الشئون الخارجية بالبرلمان من وقوع باكستان في حالة من الفوضى.
370,"قال وزير الخارجية السوري، ستيفان دي ميستورا، إن المحادثات التي أجراها التلفزيون الرسمي بشأن المعارضة السورية ""ليست إخفاقا"" للمحادثات."
371,اتخذ المؤتمر المصغر لحزب الخضر دعوة حزب الاتحاد المسيحي الديمقراطي والحزب المسيحي الاجتماعي البافاري لإجراء مباحثات خاصة ومشتركة مع الحزب الديمقراطي الحر لتشكيل ائتلاف حكومي.
372,قال وزير الخارجية الأمريكي جون كيري إنهما ناقشا المصالحة بين إسرائيل والفلسطينيين.
373,رغم ظهورها دائما بنفس تفصيلة السترة، يرى مصمم الأزياء الألماني فولفغانغ يوب أن ملابس المستشارة الألمانية أنغيلا ميركل تناسب سياستها بامتياز، مشيرا إلى أن زيها الحالي متناسب على نحو رائع مع منصبها.
374,"تنطلق المنافسة الرئيسية لمهرجان برلين السينمائي بعرض الفيلم الكوميدي التونسي ""نحبك هادي"" الذي تدور أحداثه عن قصة أم متسلطة تجبر ابنها على الزواج المرتب له، بما في ذلك جائزة الدب الذهبي لأفضل فيلم."
375,اختفى الشاب التشيلي كالين كوروسيو آكونا من المخيم الذي قصده مع مجموعة من السياح في محمية ماديدي البوليفي، لكن الأمر يبقى طبيعياً لدى السكان المحليين والحراس الجوالين في المحمية.
376,"وصف الرئيس الأمريكي باراك أوباما تصريحات الرئيس الأمريكي باراك أوباما بأنه ""غير مقبولة وتهديدية""."
377,أعلن مكتب رئيس الوزراء التركي، رجب طيب أردوغان، حذف بعض الوصلات على موقع التواصل الاجتماعي تويتر، وذلك بعد أن نشر بعض مستخدميه وثائق يقال إنها تظهر دليلا على فساد متصل برئيس الوزراء.
378,أعلن مكتب رئيس الوزراء الإسرائيلي بنيامين نتانياهو عن إلغاء جلسة تفاوضية كانت مقررة مساء الأربعاء مع الفلسطينيين، فيما قال مسؤولون طبيون في قطاع غزة إن 12 شخصا على الأقل بينهم أطفال أصيبوا حين أغارت طائرات إسرائيلية على القطاع.
379,قالت عارضة مجلة بلاي بوي الأمريكية، كارين ماكدوغال، إنها كانت على علاقة جنسية مع الرئيس الأمريكي دونالد ترامب.
380,"دعت الولايات المتحدة الجيش التايلاندي لاحترام ""المبادئ الديمقراطية"" والالتزام بما أعلنه عن عدم قيامه بانقلاب بعد إعلانه الأحكام العرفية في البلاد كلها أمس الثلاثاء. يأتي ذلك فيما دعت الولايات المتحدة إلى الضغط على تايلاند لإلغاء الأحكام."
381,أعلن البيت الأبيض أنه سيدعم مؤسسات الدولة اللبنانية، بما في ذلك المؤسسات الأمنية، لضمان استقرار وأمن لبنان.
382,أعلنت وكالة الأنباء الروسية انترفاكس أن صاحب الإمبراطورية النفطية السابق ميخائيل خودوركوفسكي أفرج عنه من المعسكر الذي كان يعتقل فيه بعد مرسوم العفو الذي أصدره الرئيس الروسي فلاديمير بوتين.
383,"تمكن مسلحو تنظيم ""الدولة الاسلامية"" من السيطرة على معبر القائم على الحدود العراقية - السورية مع سوريا."
384,وافق البرلمان القبرصي على خطة انقاذ حيوية لمساعدة البنوك القبرصية على زيادة عمليات السحب على الودائع المصرفية.
385,عرضت شركة مايكروسوفت نسخة تجريبية لخدمة الترجمة الفورية للمكالمات التي تجري على سكايب، وتعتبر هذه المرة الأولى التي تقدم فيها شركة برامج الكمبيوتر العملاقة هذا الابتكار التكنولوجي الجديد.
386,أعلنت الشرطة الألمانية أن ثمانية أشخاص، بينهم سبعة أطفال، لقوا حتفهم إثر اندلاع حريق هائل في مبنى سكني ببلدة باكنانغ في جنوب غرب ألمانيا، وفق ما أعلن متحدث باسم السفارة التركية بألمانيا.
387,"قال مسؤولون في الحزب الحاكم في السودان الاثنين ان الانتخابات السودانية التي نظمت في السودان منذ حوالي ربع قرن ستكون ""حرة ونزيهة"" في الارتقاء الى المعايير الدولية."
388,قال وزير الطاقة الروسي إن بلاده مستعدة لإمداد الغاز الروسي عبر البحر الأسود والأراضي التركية عبر البحر الأسود والأراضي التركية.
389,أثار النقاش حول عدد من القنوات الدينية التي تثير النعرات الطائفية جدلا واسعا في عدد من دول المنطقة حول هذه القنوات.
390,حقق فريق فولفسبورغ فوزاً كبيراً على ضيفه فريق شتوتغارت بهدفين مقابل لا شيء في المباراة الافتتاحية للموسم الكروي 2009 / 2010، فيما واصل الفريقان أداءهما القوي والمثير في غالب الأحيان.
391,"نشر مسلحو حركة بوكو حرام الإسلامية المتشددة صورا على مواقع التواصل الاجتماعي مرتبطة بـ""داعش""."
392,تعرض المغني الراحل مايكل جاكسون خلال أولى جولاته الغنائية المنفردة في مزاد الشهر المقبل، وقد تباع بسعر يصل إلى 100 ألف دولار. وقد تعرض جاكسون سترة سوداء شهيرة ارتداها خلال أولى جولاته الغنائية المنفردة في مزاد الشهر المقبل.
393,تامي فايسنبيرغ، رجل طويل القامة، يروي قصته بهدوء، وهو يروي قصته بهدوء، وهو يروي قصته بهدوء، وهو يروي قصته بهدوء، وهو يروي قصته بهدوء.
394,يواجه المنتخب الفلسطيني لكرة القدم مباراته الرسمية الأولى على أرضه ضمن تصفيات كأس العالم لكرة القدم. رئيس الاتحاد الفلسطيني لكرة القدم جبريل الرجوب يؤكد على أنه ممثل لدولة فلسطين.
395,أعلنت شركة هنغورا موتورز لصناعة السيارات أنها قررت إعادة افتتاح مصنع أوتاربارا لصناعة السيارات الذي يستخدمها السياسيون والمسؤوليون في الهند.
396,"ذكرت صحيفة ""نويه أوزنابروكر تسايتونغ"" الألمانية أن المحاكم الألمانية سجلت حتى يوم الثلاثين من حزيران/يونيو الماضي أكثر من 320 ألف قضية يتم النظر فيها. وكان اتحاد قضاة المحاكم الإدارية الألمان دق ناقوس الخطر في الصيف الماضي."
397,"أعرب الرئيس الأمريكي باراك أوباما عن أمله في أن تغير إيران سلوكها ""الشائن"" بعد التوقيع على الاتفاق النووي مع الدول الكبرى، مشيرا إلى أن تغير طهران سلوكها ""الشائن"" بعد التوقيع على الاتفاق."
398,أطلق مسلحون النار على جنديان هنديين في منطقة سريناغار شمال غربي الهند، حسبما قالت الشرطة الهندية.
399,قضت محكمة انتويرب البلجيكية بالسجن 20 عاما على دبلوماسي إيراني بعد إدانته بتهمة التخطيط لهجوم كان سيستهدف تجمعا لمعارضين للنظام الإيراني قرب باريس العام 2018، في عقوبة رحب بها المدعون.
400,قضت محكمة أمريكية بإعدام الليبي، الذي يواجه اتهامات بالضلوع في تفجير سفارتي الولايات المتحدة في كينيا وتنزانيا عام 1998.
401,شنت طائرات التحالف الذي تقوده السعودية غارات جوية على مواقع للحوثيين وحلفائهم في اليمن، بحسب ما ذكره مسؤولون وشهود عيان.
402,أعلن رئيس الوزراء المصري الجديد، عدلي منصور، رسميا انتخاب البرلمان المصري الجديد، وذلك بعد ثلاث سنوات من الاحتجاجات التي شهدتها البلاد منذ أكثر من ثلاث سنوات.
403,قرر الرئيس الامريكي باراك اوباما عدم توجيه تهم جنائية الى وزيرة الخارجية الامريكية السابقة هيلاري كلينتون بتهمة التعامل مع معلومات تعلق بالامن القومي.
404,حقق فريق فولفسبورغ الألماني فوزا ثمينا على مضيفه فورتونا دوسلدورف في افتتاح مباريات المرحلة 26 من الدوري الألماني لكرة القدم (بوندسليغا)، فيما حقق فريق شالكه فوزا ثمينا على مضيفه نورنبرغ.
405,أصدرت محكمة الاستئناف في الدار البيضاء أحكاماً بالسجن النافذ والغرامة على 52 ناشطاً، وعشرة متهمين آخرين، منهم متزعم الحراك ناصر الزفزافي ومحمد حاكي وزكرياء دهشور ومحمد بوهنوش.
406,قالت وزارة الخارجية الأمريكية إن الرئيس العراقي فؤاد معصوم كضامن للدستور العراقي.
407,"أعلن محرك البحث العملاق ""غوغل"" توسيع نطاق خدمته الخاصة بوسائل النقل ""غوغل فلايتس"" ليشمل خطوط السكك الحديدية الألمانية (دويتشه بان). يأتي ذلك بعد أن أعلن محرك البحث توسيع نطاق خدمته الخاصة بوسائل النقل ""غوغل فلايتس""."
408,أعلن الأمين العام للأمم المتحدة أنطونيو غوتريش أن المفوضية السامية للاجئين ستكلف فريق خبراء ببحث المخططات وإجراء مفاوضات إضافية مع السلطات التركية. لكن هل سيعود اللاجئون طواعية؟
409,حذر وزير الدفاع الألماني توماس دي ميزير مجددا من التدخل العسكري في الصراع السوري، فيما نفت سوريا تورطها في انفجاري سياراتين مفخختين أسفرا عن مقتل 46 شخصا في الريحانية يوم السبت.
410,أعلنت المفوضية العليا لشؤون اللاجئين التابعة للأمم المتحدة أنها ستوفر مواد الإغاثة الطبية والإعاشية المطلوبة لكي تستقبل المزيد من اللاجئين القادمين من الروهينغا.
411,عثرت وزارة الآثار المصرية على ثماني مقابر أثرية في ملوي بمحافظة المنيا تمثل بداية كشف عن جبانة جديدة ترجع إلى نهاية العصور المصرية القديمة وبداية العصر البطلمي.
412,تحدث بابا الفاتيكان بنديكت السادس عشر عن أبرز الوقائع في فترته الباباوية التي استمرت لنحو ثماني سنوات، وذلك خلال عظته العامة الأخيرة عشية دخول موعد استقالته حيز التنفيذ.
413,قال البيت الأبيض إن جماعة إرهابية كانت تخطط لتفجير كاتدرائية وأماكن عامة أخرى في مدينة سانت بطرسبرغ الروسية، حسب ما ذكره البيت الأبيض.
414,"أعلنت جماعة الإخوان المسلمين أنها ستتعاون مع السلطات البريطانية بكل شفافية في المراجعة التي أمر رئيس الوزراء ديفيد كاميرون بإجرائها، لكنها ستطعن في ""أي محاولة غير ملائمة لتقييد نشاطها"" أمام القضاء البريطاني."
415,بعد يومين من الاعتداء الإرهابي على سياح في الغردقة، تكثف السلطات المصرية تحقيقاتها مع المتهم بمقتل سائحتين ألمانيتين طعنا بالسكين وإصابة أربع أخريات من أوروبا الشرقية.
416,"قالت وزارة الدفاع العراقية إن قوات الأمن والجيش العراقي في مدينة الموصل قد تسقط في أيدي مسلحي تنظيم ""الدولة الإسلامية في العراق والشام"" في غضون أيام."
417,قتل خمسة أشخاص على الأقل وأصيب العشرات في سلسلة من الهجمات العنيفة التي وقعت على سوق في مدينة أورومتشي الصينية.
418,أرسل حزب الله اللبناني تعزيزات من عناصر النخبة إلى مدينة القصير وسط سوريا حيث يخوض معارك عنيفة إلى جانب القوات النظامية التي تقصف المدينة بشكل عنيف بالطيران الحربي والمدفعية.
419,طعن طالب لجوء أفغاني طفلا بالسكين حتى الموت في مخيم للاجئين في بلدة أرنشفنغ البافارية، لكنه لم يتم ترحيله من ألمانيا، لكنه لم يتم ترحيله من ألمانيا، لكنه لم يتم ترحيله من ألمانيا.
420,ذكر المرصد السوري لحقوق الإنسان أن قصفاً لقوات النظام السوري أسفر عن مقتل وجرح أكثر من 50 شخصاً على الأقل في مدينة حلب في شمال البلاد ومدينة دوما في الغوطة الشرقية لدمشق، فيما يعقد مسؤولون في الحكومة وأكراد اجتماعاً ثانياً لمواصلة محادثات حول هدنة تم الاتفاق عليها أمس.
421,قتل سبعة من عناصر قوة حفظ السلام في جنوب دارفور واصيب 17 بجروح.
422,أعلن حزب المؤتمر من أجل الجمهورية في تونس سحب وزرائه من الحكومة إذا لم يُغَير وزيرا الخارجية والعدل من الحكومة.
423,قال مبعوث الولايات المتحدة الخاص لشؤون إيران برايان هوك إن عدد قتلى الاحتجاجات الأخيرة أكبر بكثير مما تم الحديث عنه حتى الآن. في غضون ذلك اتهمت بريطانيا وفرنسا وألمانيا إيران بتطوير صواريخ باليستية قادرة على حمل رؤوس نووية.
424,أطلقت قوات الأمن البرازيلية قنابل الغاز المسيل للدموع لتفريق متظاهرين في العاصمة ريو دي جانيرو.
425,"في فترة الانتقالات الصيفية الماضية، انهالت الانتقادات بشدة على رئيس ""الأبيض الملكي"" فلورنتينو بيريز بسبب بيعه لكريستيانو رونالدو، الذي كان يُتوقع أن ينهي مسيرته الكروية في مدريد."
426,يعتبر ضبط النفس أحد أكثر المغريات في العصر الحديث بحكم التعريف، وهو ما يساعد في مقاومة الإشباع الآني أو قصير المدى. لكن كيف يمكنك تسخير ضبطك لنفسك لتحقيق ما يفيدك؟
427,أظهرت بيانات للجهاز المركزي للتعبئة العامة والاحصاء أن نسبة تضخم المواد الغذائية في الحضر بلغت حوالي 32.8 في المئة، في شهر أغسطس/آب الماضي، حسب بيان للجهاز المركزي للتعبئة العامة.
428,في أول رد فعل رسمي على صفقات الأسلحة الأمريكية المخطط توريدها للشرق الأوسط، قال وزير الخارجية الألماني فرانك-فالتر شتاينماير إن زيادة التسلح في الشرق الأوسط لن يكون هو الحل.
429,"قال الائتلاف الوطني السوري المعارض إن الغارات الجوية التي يشنها التحالف الذي تقوده الولايات المتحدة على مواقع تنظيم ""الدولة الاسلامية"" في سوريا لا تؤتي ثمارها."
430,قال مكتب التحقيقات الفيدرالي (إف بي آي) إن المجرمين قد يستخدمون الطائرات دون طيار لأغراض سيئة.
431,في خطاب ألقاه في جامعة بواشنطن حول الأمن القومي، حدد الرئيس الأمريكي قواعد صارمة لاستخدام الطائرات بدون طيار خارج مناطق الحروب مع اتخاذ خطوات لمنع وقوع ضحايا بين المدنيين وتركيز الهجمات على الأهداف الإرهابية.
432,أثارت تصريحات المعتقل الفلسطيني، المعتقل الفلسطيني، الذي أثار جدلا واسعا عبر مواقع التواصل الاجتماعي، جدلا واسعا عبر مواقع التواصل الاجتماعي.
433,قال السياسي الهولندي، خيرت فيلدرز، إنه يريد عددا أقل من المغاربة في مدينة لاهاي في هولندا.
434,"حققت الفرقة العربية للفرقة العربية، جينيفر غراوت، وجينيفر غراوت، فوزا كبيرا على أغنية ""بعيد عنك"" للمغنية المصرية الراحلة أم كلثوم التي كانت تعزف على آلة."
435,قال مدير عام مؤسسة DW إن الرقابة على الانترنت لا تزال سارية المفعول، وذلك بعد إغلاق الملف النووي ورفع العقوبات عن طهران، ورفع العقوبات عن البلاد.
436,أعلنت جماعة أنصار الله الحوثية في اليمن الإفراج عن جميع السجناء البهائيين المحتجزين لديها في عقوبة الإعدام والإفراج عنه، في إشارة إلى عمليات التحالف الذي يدعم قبول دعوة الأمم المتحدة لوقف القتال.
437,أفادت مصادر امنية وطبية عراقية بمقتل ثلاثة اشخاص على الاقل في سلسلة من الهجمات التي وقعت في العاصمة العراقية بغداد.
438,اتهم الرئيس السوري بشار الأسد رئيس الحكومة التركية رجب طيب أردوغان بالكذب في كل ما يتعلق بالأزمة السورية منذ بدايتها، فيما قال شهود عيان إن طائرة سورية توغلت 20 كيلومترا داخل لبنان وأطلقت صاروخا على مشارف بلدة عرسال.
439,أكدت وسائل الإعلام الرسمية السورية هجوما لطائرات إسرائيلية على مواقع للجيش السوري بالقرب من الحدود مع هضبة الجولان مما تسبب في أضرار مادية محدودة.
440,يبدو أن عدد ضحايا التفجيرات التي استهدفت العاصمة العراقية بغداد زاد في الأسابيع الأخيرة، لكن غالبية المسؤولين الأمريكيين والعراقيين لا يزال سيد الموقف في العراق، لكن غالبتها لا تصل إلى علم الرأي العام.
441,أظهرت قمة جامعة الدول العربية في دمشق للعالم، عجزها عن تحقيق الأهداف التي تُأسس من أجلها عادة التجمعات الدولية، أي إظهار الوحدة والتضامن اتجاه الخارج وحل المشاكل في الداخل وحل المشاكل في الداخل.
442,أعلن وزير الخارجية الألماني الجديد هايكو ماس أن بلاده ستطرد أربعة دبلوماسيين روس على خلفية اتهام روسيا بالوقوف وراء تسميم العميل الروسي المزدوج السابق سيرغي سكريبال في سالزبري البريطانية.
443,"استجوبت السلطات السعودية الناشطة الحقوقية سمر بدوي، شقيقة المدون رائف بدوي المحكوم بالسجن والجلد بتهمة الإساءة للإسلام. وبعد أربع ساعات، كتبت بدوي في تغريدة أخرى: ""في الطريق إلى هيئة التحقيق والادعاء العام""."
444,قالت هيئة سلامة وسائل المواصلات القومية في ولاية منيسوتا بولاية منيسوتا الأمريكية إن طائرة الركاب التي كانت تقل على متنها 147 مسافرا قد ضلت الطريق.
445,في الوقت الذي تم الإعلان عن اختفاء الصحفي السعودي جمال خاشقجي في القنصلية السعودية بإسطنبول، لم تتوقف وسائل الإعلام عن بث تقارير إخبارية صادمة بشكل متزايد. فهل يستفيد أردوغان من قضية خاشقجي بنفس درجة انهيار صورة محمد بن سلمان؟
446,أعلنت المفوضية العليا المستقلة للانتخابات في العراق السماح للمشمولين بقرارات الهيئة العليا للمساءلة والعدالة بالمشاركة في الانتخابات التشريعية المقررة في السابع من آذار/ مارس المقبل.
447,تظاهر آلاف البرازيليين في العاصمة البرازيلية ساو باولو احتجاجا على ارتفاع أسعار تذاكر الحافلات التي ينفقها البلد استعدادا لبطولة كأس العالم 2014.
448,وافق الرئيس الأمريكي دونالد ترامب على وقف صفقات بيع أسلحة تقدّر بمليارات الدولارات إلى حلفاء للولايات المتحدة تشمل السعودية والإمارات اللتين تخوضان حربا في اليمن منذ خمس سنوات.
449,"قال وزير الدفاع المصري إن الجيش لن يظل صامتا ""أمام انزلاق البلاد فى نفق مظلم من الصراع أو الاقتتال الداخلى أو التجريم أو التخوين أو الفتنة الطائفية أو انهيار مؤسسات الدولة""."
450,كشف وزير الداخلية هورست زيهوفر عن تراجع عدد الجرائم في ألمانيا على نحو غير مسبوق منذ عام 1992. يأتي هذا في وقت شهدت فيه جرائم العداء للسامية تصاعداً عام 2017، كما كشف وزير الداخلية عن تصاعد الاعتداءات المعادية للسامية.
451,يبدو أن الكثير من الأشياء تبدو مهمة للحفاظ على الصحة والقوة، وذلك عبر أشياء نذكر منها هنا: الأكل الصحي في الحقيقة من المهم دوما دعم الجسم والنفس بتغذية صحية قدر الإمكان.
452,في ظل موجة عطش شديدة هي الأسوأ في تاريخ تونس، يلخّص عبد المجيد ذوادي أزمة الماء التي تعيشها مدينته الرديّف منذ سنوات، لكنّ أغلب الأهالي يخزنون الماء ليوم الشدّة.
453,يبدو أن الكثيرين من الأمريكيين يعتبرون أنفسهم غير متحيزين، لكنهم يواجهون أحكاماً مسبقة عن الآخرين سواء عن العرق أو الجنس أو الدين أو السن أو الإعاقة أو الجندر. لكن هذه الحملة هي دعوة للكف عن التحامل ضد الغير.
454,قالت الشرطة الروسية إن ثلاثة جنود قتلوا في هجوم شنه مسلحون على قافلة عسكرية قرب الحدود مع جمهورية الشيشان.
455,قال رئيس الوزراء التركي رجب طيب اردوغان إنه يقدم نصائح لبعض القادة العسكريين الذين اعتقلوا خلال محاولة الانقلاب الفاشلة.
456,قال الرئيس اليمني عبد ربه منصور هادي إنه ليس بصدد تمديد ولايته المحددة بسنتين.
457,أعلنت وزارة الداخلية السودانية أنها اعتقلت 600 شخص لمشاركتهم في التظاهرات المناهضة للحكومة التي تهز البلاد منذ خمسة أيام. فيما قالت منظمة العفو الدولية إن السودان أغلق مكتبها ومنع مراسلها من العمل.
458,"فاز الجزء الجديد من سلسلة جيمس بوند على أربعة ترشيحات من ضمنها جائزة الفيلم البريطاني (Spectre Review) والتي ضمنها جائزة افضل ممثل عن دورها في فيلم ""لينكولن""."
459,قتل ما لا يقل عن 103 شخصاً على الأقل في هجوم شنه مسلحون يشتبه في انتمائهم لتنظيم القاعدة في ولاية جونقلي جنوب السودان.
460,قالت تركيا إنها وقعت اتفاقا نفطي مع قوات سوريا الديمقراطية، الذي تقوده الولايات المتحدة، مع قوات سوريا الديمقراطية.
461,أعلن التحالف العربي الذي تقوده السعودية ضد المتمردين في اليمن تبادل تسعة سعوديين محتجزين مقابل 109 يمنيين يرجح أنهم من الحوثيين وحلفائهم، في ثاني عملية من نوعها منذ التوصل إلى تهدئة حدودية بين الجانبين هذا الشهر.
462,دعا الرئيس النيجيري حسن بوخاري إلى ندخر جهدا حتى ندحر الارهاب، وذلك في الوقت الذي تعهد فيه الرئيس غودلاك جوناثان بالتقاعس في التصدي للحركة المسلحة في نيجيريا.
463,أطلقت المفوضية الفيدرالية للتجارة، وهي المفوضية الفيدرالية للتجارة، تحقيقا في كيفية تنظيم وتحليل البيانات التي تجمعها شركات التكنولوجيا العملاقة.
464,"قال رئيس مجلة ""شارلي إبدو"" البلجيكية، فرانسوا شاربونييه، إنه ليس مقدسا بالنسبة للنبي محمد."
465,واصل لاعب نادي ليفربول الإنجليزي لكرة القدم محمد صلاح انتقاله إلى نادي ليفربول الإنجليزي.
466,قالت الشرطة في مدينة فرينسو الأمريكية إنها أطلقت 16 طلقة خلال حادث قتل أحد الحراس خارج فندق صغير في المدينة.
467,يبدو أن بعض الأشياء الخاطئة تحولت إلى أمور نحسبها صحيحة، مثل تجميد الآيس كريم في الثلاجة وتسخين الطعام في بعض الأجهزة، مروراً بطريقة أكل الكعك اللذيذ، مروراً بطريقة أكل الكعك اللذيذ.
468,يبدو أن نضج التفاح الناضج يؤدي إلى نضج الثمرة في جو بارد في طابق أرضي أو حتى في كهف سوف يؤخر نضجها. لكن كيف يحافظ المزارعون على استمرار توفر التفاح؟
469,"أعلن الجيش الأمريكي مقتل 54 مدنيا على الأقل في ضربات جوية ضد أهداف تابعة لتنظيم ""الدولة الإسلامية"" في العراق وسوريا، فيما قالت منظمة العفو الدولية إن التحالف لم يتخذ احتياطات كافية لتجنب سقوط ضحايا من المدنيين في سوريا."
470,قال مسؤولون في الأرصاد الجوية في أيسلندا إن الحمم البركانية التي قتل فيها عشرات الآلاف من سكان الجزيرة لم يثر كثيراً من الرماد.
471,أدى الأمير فيصل بن فرحان آل سعود القسم أمام العاهل السعودي الملك سلمان بن عبد العزيز ليكون سفيراً معيناً لدى جمهورية ألمانيا الاتحادية، في وقت تمر فيه العلاقات بين ألمانيا والسعودية بمرحلة برود، على خلفية مقتل خاشقجي.
472,قتل 15 شخصا على الأقل بينهم تسعة أطفال في قصف لطائرة حربية على حي شيخ مقصود في حلب، فيما أعلن الائتلاف الوطني لقوى الثورة والمعارضة السورية أن رئيس الحكومة المؤقتة باشر مشاوراته لتشكيل أعضاء حكومته.
473,"تأهل فيلم ""ليس للكرامة جدران"" للفوز بجائزة الأوسكار عن فئة الأفلام الوثائقية القصيرة في اليمن."
474,قتل ستة أشخاص على الأقل في اشتباكات بين قوات الاتحاد الإفريقي والحكومة الصومالية في بلدة برافا في العاصمة مقديشو.
475,شن التحالف الذي تقوده السعودية سلسلة من الغارات الجديدة ضد مواقع المتمردين الحوثيين بالرغم من الهدنة الإنسانية التي أعلنتها الأمم المتحدة في اليمن والتي سرعان ما انهارت.
476,قتل العشرات في غارات جوية روسية على سوق مزدحم بالرواد في محافظة إدلب، بحسب نشطاء معارضين.
477,أظهرت نتائج دراسة حديثة أن الوجه جميلا حتى يعلق في الذاكرة، ما لم تكن في تلك الوجوه سمات وملامح إضافية مميزة، ما لم تكن في تلك الوجوه سمات وملامح إضافية مميزة.
478,قال رئيس الحكومة الاسرائيلية خليفة اولمرت إنه وافق على مشروع هولي لاند لبناء ثلاثة فنادق للترويج للسياحة في القدس الغربية.
479,قال رئيس الاتحاد الألماني لكرة القدم، ولاء أوزيل، إنه يريد تحميله مسؤولية إخفاق ألمانيا في نهائيات كأس العالم في روسيا.
480,قالت الأمينة العامة للاتحاد الدولي لكرة القدم الفيفا، سمورة سمورة، إنها كسرت المسلمات بالانضمام الى المنظمة التي يهيمن عليها الرجال.
481,أعادت السلطات الليبية فتح معبر رأس جدير في مدينة بن قردان، شرقي ليبيا، لمنع تهريب الوقود ومواد أخرى.
482,واصل فريق كولونيا مسلسل السقوط في الدوري الألماني لكرة القدم (بوندسليغا) بعدما خسر أمام مضيفه شتوتغارت في افتتاح الجولة الثامنة من البوندسليغا، فيما واصل فريق كولونيا مسلسل السقوط في الدوري الألماني.
483,واصل برشلونة انطلاقه نحو التتويج بلقب دوري الدرجة الأولى الاسباني لكرة القدم للمرة الخامسة في سبع سنوات بعد فوزه على ريال سوسيداد.
484,في الوقت الذي تؤكد فيه الاتحادات الرياضية في إفريقيا ضرورة فصل تام بين السياسة والرياضة، يقتنع المتتبعون أن الجانبين يتداخلان أكثر من مرة، سواء بشكل غير مباشر، سواء بشكل غير مباشر، سواء بشكل غير مباشر، سواء بشكل غير مباشر.
485,وافقت الحكومة اليمنية على عقد محادثات سلام مع الحوثيين في جنيف.
486,قدمت النيابة العامة في تونس طلباً استئناف حكم بالسجن لمدة سنتين مع وقف التنفيذ لتورطهم في مهاجمة السفارة الأمريكية في تونس.
487,منحت المحامية الكاميرونية نيكولاس نكوم جائزة الأمل للمثلية الجنسية التي منحتها منظمة العفو الدولية لحقوق المثليين.
488,أعلن مصدر في مكتب الادعاء الفرنسي استمرار احتجاز الأكاديمي السويسري طارق رمضان أستاذ الدراسات الإسلامية في فرنسا، وذلك بعد توقيفه مدة يومين من منصبه في جامعة أكسفورد البريطانية.
489,أعلنت وزارة الداخلية العراقية أنها أغلقت مراكز الاقتراع في الانتخابات البرلمانية، التي تنظمها محافظات إقليم كردستان العراق.
490,أطلقت الشرطة التركية الغاز المسيل للدموع لتفريق حشد من عدة آلاف من النساء تجمعن وسط إسطنبول مساء الجمعة للقيام بمسيرة احتفالاً باليوم العالمي للمرأة، فيما سمح لبضعة آلاف من النساء بالوقوف في جانب من الجادة مع لافتات تطالب بحقوق النساء.
491,"يبدو أن انتقال اللاعب الأرجنتيني كارلوس تيفيز إلى شنغهاي شينخوا يمكن أن يصبح ""جاهزا بدنيا""، لكنه يرى أن ذلك يمكن أن يؤدي إلى إنقاص وزنه. لكن هذا السبب يجعل تيفيز في وضع صعب."
492,ألقت السلطات المصرية القبض على صاحب دار رعاية الأيتام بالجيزة، وهو يضرب بعض الأطفال بالعصا على أيديهم وأجسادهم.
493,قال رئيس شعبة التجارة الخارجية في غرفة التجارة والصناعة الألمانية فولكر تراير إن ثقة الشركات الألمانية في تركيا كمركز اقتصادي لا تزال متضررة، موضحا أن ثقة الشركات الألمانية في تركيا كمركز اقتصادي لا تزال متضررة.
494,قدم رئيس إفريقيا الوسطى ميشال جوتوديا ورئيس وزرائه نيكولا تيانغاي استقالتها في قمة طارئة للمجموعة الاقتصادية لدول وسط إفريقيا المنعقدة الجمعة في نجامينا. ودعت القمة إلى مواصلة تحرير بانغي تحت رعاية وساطة المجموعة.
495,نعرض عليكم أكثر القضايا التي تداولها مستخدمو مواقع التواصل الاجتماعي في العالم العربي على مدار اليوم الماضي.
496,"فاز الفيلم الساخر ""باد لاك بانغينغ أور لوني بورن"" للمخرج الروماني رادو جود بجائزة ""الدب الذهبي"" التي يمنحها مهرجان برلين السينمائي الدولي. الفيلم كان ضمن 15 فيلما تنافست على جوائز ""الدب الذهبي""."
497,وصلت زعيمة المعارضة البورمية اونغ سان سو تشي الى تايلاند للقاء خطابا امام منظمة العمل الدولية التابعة للامم المتحدة لمساعدة الشعب البورمي.
498,فرضت غانا التعادل بدون أهداف على أوغندا صاحبة الأرض لتهدي مصر فرصة حسم تأهلها لكأس العالم لكرة القدم 2018 أمام الكونغو غداً الأحد، فيما تأتي غانا في المركز الثالث في المجموعة الخامسة.
499,وصل الرئيس الفرنسي فرانسوا هولاند يواسي باتريك بيلو إلى مقر مجلة شارلي إبدو الفرنسية الساخرة بعد نشره عددا من المعلومات حول الهجوم على صحيفة شارلي إبدو.
500,"حثت منظمة ""هيومن رايتس ووتش"" السلطات التركية على التحقيق في استخدام القوة المفرطة من قبل حرس الحدود، فيما ندد مفوض الأمم المتحدة الأعلى لحقوق الإنسان بسلسلة تجاوزات نسبت إلى الجيش التركي في جنوب شرق البلاد تشمل إطلاق نار على مدنيين عزل."
501,"ألقت الشرطة الأوكرانية القبض على 20 شخصاً من بينهم عضو في حزب ""سفوبودا"" اليميني المتطرف الذي اعترف بإلقائه قنبلة يدوية."
502,"بدأ المشرفون على المسلسل التليفزيوني الليبي ""دراجنوف"" مراحل التصوير الأولى استعداداً لعرضه في شهر رمضان القادم على القنوات الليبية والعربية. ويركز المسلسل على دمج التفاصيل السياسية والاجتماعية لإبراز الفجوة التي حدثت في المجتمع."
503,قالت اذاعة الجيش الاسرائيلي إن البحرية الاسرائيلية اعترضت قافلة الحرية في المياه الدولية في قطاع غزة يوم غد الاربعاء.
504,قتل 17 شخصا على الأقل، بينهم طفلتان، في هجوم استهدف كنيسة القبطية الأرثوذكسية بمنطقة الوراق، بحسب ما أعلنته السلطات المصرية.
505,"نقلت صحيفة ""بيلد"" الألمانية و""الغماينر كورير"" و""الغماينر كورير"" و""الغماينر كورير"" و""الغماينر تسايتونغ ماينز"" و""الغماينر تسايتونغ ماينز"" و""الغماينر تسايتونغ ماينز"" و""الغماينر تسايتونغ ماينز"" وصول علي ب. إلى مطار فرانكفورت."
506,قال وزير الخارجية الأمريكي جون كيري إن الولايات المتحدة قد تفقد شركاءها في المفاوضات مع القوى الكبرى بشأن برنامجها النووي.
507,ذكرت دراسة حديثة أن تناول الطماطم يؤثر بصورة إيجابية على صحة الجسم. لكن دراسة حديثة توصلت إلى أن تناول الطماطم يؤثر بصورة إيجابية على صحة الجسم.
508,قال وزير الأمن البريطاني بن والاس إن قائد السيارة التي دهست المارة في ممر للمشاة أمام البرلمان البريطاني عند ويستمنستر بريج بريطاني الجنسية جاء في الأصل من دولة أخرى، لم يكشف عنها.
509,قال مسؤولون في مجلس الأمن الدولي إن سوريا فتحت منافذا حدودية مع تركيا والعراق والأردن لإدخال مساعدات إنسانية إلى سوريا.
510,"أعلنت مجموعة ""فيرجين غالاكتيك"" عن إطلاق مشروع لإتاحة السفر إلى الفضاء للجميع عبر رحلات تجارية، لتكون بذلك أول شركة في العالم للسياحة والسفر تنظم رحلات إلى الفضاء للجميع عبر رحلات تجارية."
511,حذر الرئيس الإيراني محمود أحمدي نجاد من خطة إسرائيلية للقيام بعملية عسكرية جديدة في قطاع غزة، فيما قال نجاد إن الضغوط الدولية من شأنها أن تعزز تصميم إيران على مواصلة برنامجها النووي.
512,قالت الشرطة السويسرية إنها تحقق في كيفية اختيار الفائزين في تنظيم مباريات كأس العالم لكرة القدم لعام 2026.
513,قال رئيس الوزراء الاسترالي سكوت موريسون إن بلاده تعترف رسميا بالقدس الغربية عاصمة لإسرائيل، مؤكدا دعم بلاده لمبدأ حل الدولتين الذي يشمل إعلان القدس الشرقية عاصمة لإسرائيل.
514,قال وزير الداخلية الألماني هورست زيهوفر إن وزير الداخلية الألماني هورست زيهوفر ينتظر منه تفسيرا استند إليه في أطروحته في أطروحته. وقال زيهوفر إنه لا يوجد دليل على أن الفيديو المتداول على الإنترنت حول هذه الواقعة المزعومة.
515,بعد مرور شهرين على رفيقته الملكية وألغى رتبها وألقابها، قام العاهل التايلاندي باختيار ملك تايلاند شريكة إلى جانب الزوجة الملكة التي توجت حديثاً، وهو السبب في اختيار ملك تايلاند له كملجأ من فيروس كورونا.
516,رافقت الصحفية السابقة سابينه كيم أسطورة الفورمولا واحد ميشائيل شوماخر طيلة ثمانية أعوام كمديرة أعمال شوماخر والناطقة باسمه. كيم تحدثت أيضا عن الحياة الرياضية لابن شوماخر الذي بدوره يمارس رياضة سباقات السرعة.
517,يقول مسؤولون أمريكيون إن كوريا الشمالية كانت وراء هجوم فيروس برمجيات (واناكراي) الذي أصاب مستشفيات وشركات وبنوكا حول العالم.
518,"صدر حكما بالسجن 18 شهرا على الأكاديمي الإيراني المعروف صادق زيباكلام بسبب مقابلة مع منظمة إعلامية أجنبية باللغة الفارسية و""بالدعاية ضد نظام الجمهورية الإسلامية ونشر معلومات كاذبة""."
519,حذرت منظمة هيومان رايتس ووتش من أن الاحتواء التي يدعمها الاتحاد الأوروبي تفاقم من معاناة طالبي اللجوء المستمرة منذ فترة طويلة وتحول ليسبوس إلى سجن مفتوح.
520,تأهل بايرن ميونيخ الألماني إلى دور ثمن نهائي دوري أبطال أوروبا لكرة القدم بعد فوزه على ضيفه أولمبياكوس اليوناني بأربعة أهداف دون مقابل في الجولة الخامسة من منافسات المجموعة السادسة.
521,أطلقت الشرطة الإسرائيلية سراح فلسطيني طعن سيارة مرسيدس فوق جسد الفلسطيني الذي كان مسلحا بسكين الإسرائيليتين الساكنتين في مدينة الخليل.
522,يبدو أن عدد الشباب المتطرفين في تنظيم الأخوان المسلمين يواجهون صعوبات في الحياة اليومية، كما يرى راينر زوليش في مقابلة مع DW.
523,ذكرت تقارير صحفية أن نجمة البوب العالمية مادونا انتقلت إلى لشبونة من أجل مشاهدة اللحظات الكروية الأولى في مسيرة ابنها الذي تبنته ديفيد باندا، الذي يحاول تطوير مهاراته الكروية رفقة فريق بنفيكا البرتغالي.
524,أعلنت جماعة الحوثي المدعومة من إيران شنّ هجمات على عدة منشآت نفطية تابعة لشركة أرامكو السعودية ومواقع عسكرية في المملكة. يأتي ذلك بعد أيام من طرح الرياض مبادرة جديدة تتضمن وقف لإطلاق النار في أنحاء اليمن.
525,قال جون سكالي، المدير التنفيذي لشركة آبل، إن شركة آبل سوف تقوم بإعادة شراء أسهم أكثر أو أن يُخرِج حصصا أكبر من الأرباح.
526,يبحث العلماء في ألمانيا خمسون مشروع وفكرة لعالم الغد، وهو ما يجعلهم يبحثون في صمت داخل معاملهم ومختبراتهم، لكن هناك مشاريع عديدة متصلة بالحياة اليومية، كما يرى مدير المشروع ينز فالتر.
527,"كشف تقرير لمنظمة الأمم المتحدة للطفولة ""يونيسيف"" أن أطراف الصراع في الحرب الأهلية بسوريا أرسلت نحو 900 قاصر، ربعهم دون 15 عاماً إلى ساحات القتال في العام الماضي، محذرة من عدم الحصول على العلاج الطبي أو النفسي الجيد."
528,ذكر تقرير صحفي أن التونسي أنيس عامري، منفذ هجوم الدهس في إحدى أسواق أعياد الميلاد في برلين العام الماضي، كان يستكشف أماكن أخرى لاستهدافها على الأرجح.
529,"نشرت الحكومة الصينية رسالة لفريق قراصنة على حساب ""انونيموس في الصين"" على حساب ""انونيموس في الصين""."
530,"أطلقت السلطات السورية سراح 103 ""مسلحين"" كانوا على متن قافلة إغاثة تابعة للأمم المتحدة في مدينة حمص."
531,قال رئيس الوزراء البريطاني مايكل بارنيير إنه على بريطانيا أن تجهز أوراقا واضحة للبدء في الجولة الثالثة من مفاوضات انفصال بريطانيا عن الاتحاد الأوروبي.
532,"وافق الكنيست الإسرائيلي على مشروع قانون لحل المجلس في خضم أزمة داخل الائتلاف المنقسم بقيادة رئيس الوزراء بنيامين نتنياهو، فيما وصف زعيم المعارضة حكومة الوحدة بأنها ""الأسوأ في تاريخ إسرائيل""."
533,قضت محكمة استئناف في جمهورية الدومينيكان بسجن مواطنين فرنسيين كانا قد هربا إلى فرنسا.
534,اتهم أمير قطر الشيخ تميم بن حمد آل ثاني السعودية والإمارات والبحرين ومصر بمحاولة عرقلة استضافة بلاده لكأس العالم لكرة القدم 2022، فيما دعا وزير الخارجية القطري الشيخ محمد بن عبد الرحمن للحوار لحل الأزمة.
535,ذكرت الشرطة الألمانية أن شخصين لقيا حتفهما إثر حريق اندلع فجر الاثنين في مأوى للمشردين وطالبي اللجوء في بلدة ماركغرونينغن القريبة من مدينة شتوتغارت. وكان يتواجد في الملجأ بالدور الأرضي ثم تصاعد دخان الحريق.
536,أعلن نادي أرسنال الإسباني التعاقد مع مسعود أوزيل، لاعب منتخب ألمانيا، مقابل 42 مليون جنيه استرليني (حوالي 66 مليون دولار) في نقلة هائلة لسياسة المدرب أرسين فينجر.
537,"يبدو أن دييغو سيميوني، المدير الفني لأتلتيكو مدريد الأسباني، ""غير منزعج"" من الخسارة التي مني بها فريقه أمام غريمه ريال مدريد في ذهاب الدور نصف النهائي لدوري أبطال أوروبا."
538,قالت راهبة سورية لبي بي سي إن المسلحين سيطروا على الجانب الشمالي من معلولا، التي يسيطر عليها مقاتلو المعارضة في شمال سوريا.
539,في ميدان الطرف الأغر في لندن بدت متجمدة أكثر من العادة تشكيلات جليدية تتدلى من الأشجار كالثريات في ستوك أون ترنت مشهد للطبيعة المتجمدة في ميدان الطرف الأغر في لندن.
540,أظهرت دراسة حديثة أن النساء اللواتي شربن اللبن مرتين في اليوم ممزوجا مع ثلاثة غرامات من الكمون استطعن فقدان الوزن بمعدل كيلوغرامين أكثر من النساء اللواتي لم يتناولن الكمون.
541,في ذهاب الجولة الرابعة من بطولة كأس ملك إسبانيا، يدافع برشلونة بنجاح عن لقبه ببطولة كأس ملك إسبانيا (كوبا دو ري)، حيث فاز مساء الثلاثاء الماضي على ريال مورسيا 3-صفر في ذهاب الجولة الرابعة من البطولة.
542,"بدأت في دريسدن اليوم الثلاثاء إجراءات محاكمة ثمانية أعضاء في مجموعة ألمانية من اليمين المتطرف وصفت بأنها ""إرهابية"" وذلك بعد التسبب بسلسة هجمات شنت في 2015 ضد لاجئين وخصوم سياسيين."
543,قالت منظمة الأمم المتحدة للطفولة (يونيسف) إن عشرات الأطفال قتلوا في سلسلة من الهجمات في ولاية الوحدة جنوب السودان.
544,أعلنت وزارة الداخلية المصرية ضبط 22 من عناصر الإخوان المسلمين بحوزتهم فرد خرطوش و6 طلقات من ذات العيار وعدد من زجاجات المولوتوف وأسلحة بيضاء في محافظات متفرقة من البلاد. في غضون ذلك، اشتبك طلاب مع الشرطة على أبواب جامعة الأزهر.
545,يعتبر الراحل الصادق المهدي من أكثر الشخصيات السياسية شهرة في التاريخ الحديث للسودان، لكنه لم تكن المرة الأولى التي نفي فيها أو تعرّض فيها للتضييق. فما هي خلفيات الصادق المهدي؟
546,اتفقت فتح وحماس على اختيار وزير الخارجية الحالي رامي الحمد الله، رئيس وفد حكومة حماس، رامي الحمد الله.
547,رغم الانقسامات المتزايدة والانتقادات الشرسة لحكم رئيس جنوب إفريقيا جاكوب زوما، فشلت مذكرة لحجب الثقة عن البرلمان مع وقوف نواب الحزب الوطني الإفريقي الحاكم في صف زعيمهم.
548,وقعت اليابان واليابانيا اتفاقا لنقل قاعدة فوتينما الجوية المثيرة للجدل في جزيرة اوكيناوا الى الولايات المتحدة.
549,توصلت دراسة حديثة الى ان عدد المصابين بمرض السكري في العالم ارتفع الى اكثر من 300 مليون شخص.
550,"حذرت منظمة ""مراسلون بلا حدود"" من أن ""حرية الصحافة لم تكن قط مهددة على النحو الذي هي عليه اليوم""، وذلك وسط موجة من الاعتقالات في أوساط الصحفيين، وسط موجة من الاعتقالات في أوساط الصحفيين."
551,حذرت وحدة أبحاث طبية في فيتنام من أن مرض الملاريا غير قابل للعلاج، وذلك بعدما أظهر مقاومة لمجموعة عقاقير الأرتيميسينين لعلاج الملاريا.
552,أفرجت السلطات البحرينية عن نائب الأمين العام لحقوق الإنسان، نبيل رجب، بعد قضائه عامين في السجن الذي قضى فيه أكثر من 600 يوم.
553,اتفقت الأطراف الـ 19 المشاركة في المحادثات الجارية في فيينا على تحديد دور الرئيس السوري بشار الأسد في المرحلة الانتقالية، بحسب ما أعلنته الأمم المتحدة.
554,قالت الشرطة التونسية إنها قتلت شاب حاول اقتحام محطة ضخ النفط في منطقة تطاوين جنوبي البلاد.
555,أظهرت بيانات إدارة الطيران والفضاء الأمريكية أن متوسط درجة حرارة الأرض في عام 2013 بلغ 14.6 درجة مئوية ليتساوى معه في عامي 2006 و2009 كسابع أدفأ عام منذ عام 1880.
556,دعا رجل الدين الشيعي مقتدى الصدر، زعيم التيار الصدري، الحكومة العراقية إلى الاستقالة وإجراء انتخابات مبكرة تحت إشراف أممي، فيما دعا رئيس الوزراء عادل عبد المهدي إلى الهدوء في حين أصيب ما يربو على 190 شخصا.
557,قال الجيش الإسرائيلي إن الطيران التابع له قصف أهدافا لمسلحين في قطاع غزة الذي تسيطر عليه حركة حماس، فيما قال متحدث باسم الجيش إنه لم يتم الإبلاغ عن وقوع أضرار أو إصابات بشرية.
558,"تزوجت حفيدة الملكة إليزابيث والابنة الثانية للأمير أندرو وسارة دوقة يورك صديقها جاك بروكسبانك في ""كنيسة سانت جورج"" في قلعة ""وندسور"" في بريطانيا."
559,قال الرئيس الروسي فلاديمير بوتين إن بلاده ستشتري خط الغاز الروسي الى جنوب اوروبا عبر مياه البحر الاسود بمسافة تصل الى 930 كيلومترا.
560,"أثار إعلان شركة ""فيفالدي"" لصناعة الكرة الأمريكية عن فقدان نجم كرة القدم الأمريكي الشهير كايبرنيك أثناء عزف النشيد الوطني الأمريكي احتجاجا على إطلاق الشرطة النار على رجال سود."
561,فاز فريق مانشستر يونايتد على ضيفه مانشستر سيتي بثلاثة أهداف مقابل لا شيء في المباراة التي جمعت بينهما على ملعب ويمبلي في لندن.
562,قالت الشرطة الإسرائيلية إنها أطلقت صاروخا واحد على الأقل على مدينة إيلات الواقعة جنوبي سيناء.
563,"بدأت اليوم محاكمة شاب سوري بتهمة الاعتداء على إسرائيلي يرتدي ""كيباه"" في برلين، لكنه نفى أمام المحكمة في الوقت نفسه أن تكون خلفية الهجوم على أساس ""معاداة السامية"" على أساس ""معاداة السامية""."
564,عثرت قوات الأمن المصرية على عبوة ثالثة في مسجد في مدينة طنطا شمال شرقي البلاد.
565,طالبت الأمم المتحدة الحكومة السودانية بإطلاق سراح كل المعتقلين الذين كانوا يتظاهرون بشكل سلمي في عدة مدن سودانية ضد نظام عمر البشير، فيما أصدر مجلس الوزراء السوداني قرارا بزيادة أجور العاملين بالقطاع العام.
566,"ازدادت الفجوة داخل ""مؤتمر الإسلام"" في دورته السادسة بين ممثلي الإتحادات والجمعيات الإسلامية وبين الحكومة الألمانية التي يمثّلها وزير الداخلية الاتحادي الجديد هانس بيتر فريدريش ووزيرة التعليم الاتحادية آنيته شافان."
567,قضت محكمة إيطالية بالسجن لمدة عام واحد بحق رئيس الوزراء الأسبق سيلفيو برلسكونى بعد إدانته بتسريب معلومات من تحقيق سري سعيا لتدمير خصم سياسي، فيما يواجه برلسكونى تهمتين آخرين من المقرر أن يصدر حكم بشأنهما هذا الشهر.
568,عرضت صور بالأشعة السينية وتقارير طبية لأسطورة هوليوود مارلين مونرو للبيع في مزاد بمدينة لوس أنجليس الأمريكية.
569,"أطلقت فتاة ألمانية مبادرة ""الصندوق السعيد"" الرامية لتقديم الهدايا الشعبية للاجئين في مدن ألمانية عديدة، لكنها لم تتوقف عند حد إهداء اللاجئين، لكنها لم تتوقف عند حد إهداء اللاجئين."
570,"وافق مجلس العموم البريطاني على شن غارات جوية ضد تنظيم ""الدولة الإسلامية"" في سوريا بعد نقاش دام أكثر من 10 ساعات حول احتمال تغير موقف أعضاء في المعارضة ودعمهم التحرك العسكري."
571,"أعلنت الشرطة الألمانية تعرض غرفة الكنوز بمتحف ""القبو الأخضر"" التابع للقصر التاريخي للاقتحام والسرقة من قبل مجهولين في الصباح الباكر من يوم الاثنين، بعدما قاموا بفصل قضبان النافذة ثم كسر الواجهة الزجاجية لها."
572,طالبت رابطة الصحفيين الألمان بضرورة التعامل مع التهديدات الموجهة من يمينيين متطرفين ضد صحفيين وساسة محليين، أعربوا علنا عن تأييدهم لسياسة استقبال اللاجئين، فيما دعا وزير الخارجية الألماني لتقديم الدعم والمساندة للساسة.
573,أصبح لوكاس توريرا نجم أرسنال الجديد، الذي لفت إليه الأنظار بشدة خلال أدائه القوي مع منتخب أورجواي في مونديال روسيا 2018. هذا اللاعب أصبح الآن حديث الجماهير في الدوري الإنجليزي.
574,طالب قادة دول مجلس التعاون الخليجيون بعقد مؤتمر دولي لإعمار اليمن بعد التوصل لاتفاق سلام ينهي الأزمة في سوريا واليمن سياسياً. كما طالب القادة بعقد مؤتمر دولي لإعمار اليمن بعد التوصل لاتفاق سلام.
575,قدم الرئيس الروسي الجديد، ديميتري ميدفيدف وعودا انتخابية تشمل إجراء إصلاحات واسعة النطاق في قطاعات الاقتصاد الروسي. ميدفيدف أعلن أنه سيبذل كافة الجهود من أجل استقرار النمو الذي تشهده قطاعات الاقتصاد الروسي.
576,"قتل خمسة أشخاص على الأقل، بينهم أم وطفلها الرضيع، في إعصار ""فلورنس"" الذي تخفيض تصنيفه إلى عاصفة مدارية بحياة خمسة أشخاص على الأقل، بينهم أم وطفلها الرضيع."
577,قال وزير الخارجية الايطالي لوران كاسيزي إن مكتب المدعي العام حقق تقدما ملموسا في تحضير قضية اغتيال رئيس الوزراء اللبناني سعد الحريري.
578,"يبدو أن كلمة ""بوهاويسي"" التي يمكن استخدامها في كل أنواع المناسبات يمكن أن تعني شعوراً أثناء الحديث مع مسؤولك في العمل، كما يرى تزاي لي في جامعة تايوان الأمريكية."
579,"أظهر استطلاع للرأي لصالح مجلة سيسيرو أن نحو 64 في المائة من الألمان لا يؤيدون عبارة ""أنا أفضل أن تبقى أنغيلا ميركل مستشارة أيضا بعد الانتخابات الاتحادية في 2017""، فيما عارض نحو ثلثي الألمان بقاء ميركل في السلطة."
580,أعلنت الولايات المتحدة أنها سترسل مئتي عسكري أمريكي إلى العراق لاستهداف مسلحي تنظيم الدولة الإسلامية وقياداتهم.
581,قضت محكمة في ولاية مينابوليس الأمريكية بالسجن لمدة ثلاث سنوات على رئيس الوزراء السابق جورج فلويد.
582,يعتبر نهر الدانوب من أكثر المناطق جاذبية وسحراً في الأراضي الألمانية، غير أن المسافة التي يقطعها نهر الدانوب على مدى 577 كيلومتراً في الأراضي الألمانية تعتبر من أكثر المناطق جاذبية وسحراً وسحراً.
583,طور فريق من الباحثين في جامعة ميشيغان الأمريكية تطبيقا جديدا يعمل على الهواتف الذكية يتعرف على حالة نفسية المريض عن طريق أسلوب حديثه ونبرة صوته عن طريق أسلوب حديثه ونبرة صوته عن حالته النفسية.
584,أعلن ملك بانكوك أنه يمنح لقب الحارسة الملكية النبيلة، سينينات ونغواشيراباك، لقب الحارسة الملكية التي عينت في يوليو/تموز الماضي.
585,ذكر المكتب الإعلامي لرئيس الوزراء العراقي حيدر العبادي أن العراق والأمم المتحدة وقعا مذكرة تفاهم لإشراك محققين دوليين في ملفات الفساد الكبرى ذات الأولوية.
586,"أعلنت الحكومة الإيرانية أنها تعتزم إغلاق تطبيق ""إنستغرام"" المشهور لنشر الصور والفيديو، الذي استخدمه على نطاق واسع المتظاهرين المناهضين للحكومة كوسيلة تواصل رئيسية بينهم."
587,"رفع موقع التواصل الاجتماعي ""فيسبوك"" دعوى قضائية ضد ناشط نمساوي في مجال حماية البيانات."
588,"أعلن رئيس الوزراء الأوكراني ارسيني ياتسينيوك أن أعمال العنف التي وقعت بين موالين لروسيا وأوكرانيا أوقعت نحو أربعين قتيلا الجمعة، هي جزء من ""خطة روسية لتدمير أوكرانيا ودولتها""."
589,يبدو أن مقاتلات ألمانية لعبت دوراً حاسماً في الهجوم على مدرسة في منطقة المنصورة بالقرب من الرقة، ما أدى إلى مقتل 33 مدنياً حسب وسائل إعلام ألمانية. كريس وودز يرى أن النزاع في سوريا يرتبط بشكل قوي بعمليات الاستطلاع الجوي.
590,"أعلن الرئيس التنفيذي لبايرن ميونيخ الألماني كارل-هاينز رومينيغه أن ريال مدريد الإسباني مرشحا لبلوغ نصف نهائي دوري أبطال أوروبا لكرة القدم على حساب ناديه، فيما قال قائد الفريق فيليب لام إن ""كل شيء على ما يرام""."
591,حذرت الممثلة البريطانية جوردون نيوتون من أن هناك ظاهرة لنزوح الممثلين السود إلى الولايات المتحدة لقلة الادوار المتاحة لهم في بلدهم.
592,بدأت المحكمة العليا في فرانكفورت محاكمة شاب عمره 21 عاما ظهر في صور أمام رؤوس مقطوعة في سوريا. وقالت المحكمة إن المتهم أريا إل. سيتم استجوابه أمام محكمة اعتبارا من 3 أيار/ مايو المقبل.
593,"دعت بريطانيا وفرنسا وألمانيا إلى ""إنهاء التصعيد العسكري"" في شمال غرب سوريا، داعيا إلى ""إنهاء التصعيد العسكري"" في شمال غرب سوريا، فيما أفاد المرصد السوري لحقوق الإنسان بوقوع اشتباكات عنيفة بين قوات النظام ومقاتلي المعارضة."
594,"قالت الخارجية الأمريكية فكتوريا نولاند إن اللغة التي استخدمها الرئيس المصري محمد مرسي ""مهينة بشدة""، في إشارة إلى شريط فيديو بثته مؤسسة الأبحاث حول وسائل الإعلام في الشرق الأوسط التي تتخذ من واشنطن مقراً لها."
595,أكد وزير الخارجية الليبي محمد عبد العزيز أن الحكومة الجزائرية أبلغت نظيرتها الليبية بمغادرة بعض أفراد عائلة العقيد معمر القذافي الأراضي الجزائرية مؤخرا باتجاه سلطنة عمان حيث حصلوا على حق اللجوء السياسي.
596,شهدت قلعة وندسور في بريطانيا مراسم زواج الأميرة يوجيني حفيدة ملكة بريطانيا على جاك بروكسبانك أمام حشد من المشاهير وأفراد العائلة المالكة من بينهم ابن عمها الأمير هاري وزوجته ميغان.
597,رفض الرئيس التركي رجب طيب أردوغان الانتقادات الدولية بشأن قرار المجلس الأعلى للانتخابات في تركيا بإعادة الانتخابات على بلدية إسطنبول المتنازع عليها. وقال أردوغان إن شعبه لن ينحني شعبنا لهذه التهديدات.
598,أعلنت السلطات المصرية أنها تجري إتصالات مع خاطفي الجنود السبعة في شبه جزيرة سيناء لتأمين الإفراج عنهم.
599,أعلنت شركة آبل الأمريكية لصناعة سماعات الرأس أنها ستدفع مبدئيا 2.4 مليار دولار لشركة بيتس لصناعة سماعات الرأس مقابل اشتراكات مدفوعة.
600,أعلن الإليزيه أن الرئيس الفرنسي ايمانويل ماكرون اتفقا على العمل من أجل إعداد خارطة طريق دبلوماسية حول سوريا في الأسابيع المقبلة، لكنه عاد وخفف من لهجته عقب انتقاد تركي.
601,قالت شركة ياهو إنها ستشتري حذاء نايكي جديد لشركة ياهو، وذلك بعد أن ابتكرت خصائصه في منزله في لندن وهو في سن 15 عاما.
602,قالت الأمم المتحدة في لبنان إنها أكدت حتى الآن وجود أربعة أنفاق تم اكتشافها الجيش الإسرائيلي بالقرب من الخط الأزرق بين البلدين، ما ينتهك قرار الأمم المتحدة الذي أنهى الحرب بين حزب الله وإسرائيل في 2006.
603,ذكر الجيش الأمريكي أن طائرة حربية أمريكية أسقطت طائرة عسكرية سورية كانت تسقط قنابل قرب مقاتلين تدعمهم الولايات المتحدة في سوريا. في غضون ذلك اندلعت اشتباكات بين قوات النظام السوري والتحالف العربي الكردي.
604,قالت مصادر المعارضة السورية إن قصف الطيران الحربي السوري استهدف منطقة استراتيجية في محافظة الرقة شمالي البلاد، مما أسفر عن مقتل شخص وإصابة آخر بجراح خطرة.
605,"تصدر مجلة ""ميشلان"" الفرنسية جوائزها على أفضل 50 مطعماً في العالم، وذلك في كل عام، وذلك في المركز الأول من نوعه في تصنيف المطاعم حول العالم."
606,ذكرت صحيفة الحياة اللندنية أن مصدرا مطلعا على خطط وزير الدفاع المصري عبدالفتاح السيسي اتخذ القرار بالترشح في ضوء المطالب الشعبية الواسعة إضافة إلى إشارات توافق عربي خصوصا خليجي.
607,قتل 15 مسلحا من قوات الحركة الشعبية لتحرير السودان في هجوم شنه مسلحون على معسكر لمتمردي الجيش الشعبي في ولاية جنوب كردفان.
608,أصدرت محكمة الصينية حكما بالسجن ثلاث سنوات على شركة غلاكسو الصينية العملاقة التي تعمل بالصين منذ نحو مئة عام في إطار فضيحة فساد لشركة أجنبية.
609,تحتل مدينة القدس عاصمة لإسرائيل عاصمة لإسرائيل، وهي واحدة من أقدم المدن في العالم، وهي واحدة من أقدم المدن في العالم.
610,وجهت الشرطة البلجيكية نداء للحصول على شهادات تتعلق بالرجلين اللذين يعتقد أنهما نفذا التفجيرين الانتحاريين في مطار بروكسل. يأتي ذلك فيما أعلن الادعاء أن مهاجم مطار بروكسل الثالث لا يزال هاربا واسمه نجم العشراوي.
611,حذرت منظمة الصحة العالمية من أن الرغبة المفرطة في ممارسة الجنس قد تكون ظاهرة لإدمان سلوكي.
612,شنت طائرات حربية إسرائيلية غارات على مواقع تابعة لفصائل فلسطينية في قطاع غزة، فيما شنت طائرات حربية إسرائيلية غارات على مواقع تابعة لفصائل فلسطينية في قطاع غزة.
613,قال رئيس الوزراء الاسرائيلي بنيامين نتنياهو إنه يشعر بقلق حقيقي حول أمن شعب اسرائيل.
614,أعلنت ثلاث وكالات أممية أن أكثر من 100 ألف شخص يواجهون الجوع في أجزاء من جنوب السودان، فيما يعاني قرابة نصف الشعب من الجوع، فيما يعاني قرابة نصف الشعب من الجوع.
615,"أعلن مستشار للرئيس التونسي الباجي قائد السبسي أن الوضع الصحي للرئيس بدأ في التحسن إثر ""الوعكة الحادة"" التي تعرض لها ونقل على إثرها للمستشفى العسكري، فيما أكد حافظ السبسي أن صحة والده بدأت تتحسن إثر ""الوعكة الحادة""."
616,نشر نائب رئيس الشرطة والأمن في إمارة دبي الفريق ضاحي خلفان سلسلة من التغريدات التي اعتبر فيها قطر جزءا لا يتجزأ من الإمارات، ما أثار موجة مع التعليقات على شبكة الإنترنت.
617,قتل ثلاثة أشخاص على الأقل في حريق في مقر نقابات العمال في مدينة اوديسا شرقي أوكرانيا، حسبما أفاد مسؤولون.
618,"قال وزير الدفاع الأمريكي اشتون كارتر إن الجيش الأمريكي حريص على فعل المزيد في سوريا للمساعدة في تمكين القوات المحلية من محاربة تنظيم ""الدولة الإسلامية""."
619,تحتفل عارضة الأزياء البريطانية كيت موس بعيد ميلادها الثامن والثلاثين، وسط اهتمام إعلامي بالغ، لكنها لم تفقد أيّا من خصالها التي أهدتها النجاح والتألق لعالم دخلته قبل 26 عاما.
620,أعلنت المعارضة السورية أنها ستعقد اجتماعا إيجابيا مع ممثلي المعارضة لبحث سبل إنهاء معاناة المدنيين السوريين.
621,"عرضت زوجة نجم الراب كاني ويست كيم كارداشيانز برنامجاً تلفزيونياً جديداً لبرنامج ""كيب أب ويز ذا كارداشيانز"" الذي استمر عرضه 14 عاماً."
622,قال الرئيس الفرنسي فرانسوا هولاند إن بلاده مستعدة لتدريب آلاف الجنود الأفارقة على مدى خمس سنوات على مدى خمس سنوات.
623,لقي ثلاثة أشخاص مصرعهم وأصيب أكثر من مئة آخرون في حادث تصادم قطارين في صعيد مصر.
624,"ربطت صحيفة ""فيدوموستي"" الروسية بين إعلان المستشارة الألمانية أنغيلا ميركل أنها لن تترشح مجدداً لرئاسة الحزب المسيحي الديمقراطي والممارسات السياسية الروسية. كما ربطت الصحيفة بين إعلان المستشارة أنغيلا ميركل أنها لن تترشح مجدداً لرئاسة الحزب."
625,قالت وزارة الدفاع الاميركية (البنتاغون) إن الولايات المتحدة طلبت من الكونغرس تمويلا مناسبا لحيازة بطاريات جديدة من نظام القبة الحديدية في اسرائيل.
626,"قال نائب الرئيس الأمريكي، نيكولاس مادورو، إن الرئيس، هوغو شافيز، يمر ""بأصعب فترة"" في مرضه."
627,قالت الشرطة الهولندية إنها اعتقلت سائق شاحنة لتوصيل الطلبات صدمت رواد حفل فقتلت واحدا وأصابت ثلاثة. وكانت الشرطة قد اعتقلت سائق الشاحنة البيضاء التي كانت جزءا من الواقعة وتم اعتقال شخص مشتبه به.
628,كثير من الموظفين يتابعون رسائل العمل في المنزل أو المستشفى وغيرها من أماكن العمل. بعض النصائح يمكنها أن تساعد في تحسين موعد العمل والمواصلات والخلافات مع الزملاء وتضارب المواعيد.
629,"ذكر وزير الخارجية السوداني إبراهيم غندور أن مصر تتخوف من سد النهضة الإثيوبي لأنه ""سيمكِّن السودان من استخدام كامل حصته في مياه نهر النيل التي كانت تمضي لمصر على سبيل /الدين""."
630,قالت صحيفة مدريد الاسبانية إن ثلاثة صحفيين فرنسيين اختطفا في سوريا يوم الجمعة الماضي.
631,قال مسؤولون باكستانيون إن انقطاع التيار الكهربائي في جميع أنحاء البلاد نتج عن انخفاض مفاجئ في التردد في نظام نقل الطاقة.
632,"يعتبر منجم الفحم ""تسولفرآين"" أحد أكبر مناجم الفحم في العالم سابقاً بمدينة إيسن الألمانية، أحد أكبر مسارات التزحلق المفتوحة في العالم سابقاً بمدينة إيسن الألمانية. لكن هذا العام ليس مناسباً."
633,تمكن مسلحو تنظيم الدولة الإسلامية من السيطرة على عشر قرى وبلدات محيطة بمحافظة حلب الشرقية، بحسب ما ذكره مسؤولون سوريون.
634,تحتفل صحيفة الإندبندنت البريطانية بأعمال افتتاحية على مدار أسبوع واحد على فتح معظم أنشطة الاقتصاد البريطاني.
635,"شاركت الممثلة الباكستانية عائشة في مسابقة ""ملكة جمال العالم"" في إندونيسيا للمشاركة في المرحلة النهائية من مسابقة ""ملكة جمال العالم""."
636,وضع المنتخب الفرنسي أكثر من قدم في دور الستة عشر لنهائيات كأس العالم لكرة القدم المقامة حاليا بالبرازيل، بعدما اكتسح نظيره السويسري 5/ 2 في الجولة الثانية لمباريات المجموعة الخامسة.
637,انهيار بنك الاستثمار الأمريكي ليمان براذرز قبل عشر سنوات كان صدمة مازالت ارتداداتها مستمرة إلى يومنا هذا، لكن انهيار الأسواق المالية تسبب في موجة إضافية من التشوهات وخفض قيمة المدخرات لدى جميع البنوك.
638,قالت المفوضية السامية للأمم المتحدة لشؤون اللاجئين إن تدفق مسلمي الروهينغا إلى بنغلاديش مستمر، فيما حذر الأمين العام للأمم المتحدة من كارثة إنسانية وذلك تعقيبا على خلفية مقتل نحو 400 شخص في غضون أسبوع واحد.
639,عبر الممثل الكندي المولد، إيلين بيج، عن شعوره بأنه عابر جنسيا.
640,قال وزير الدفاع المصري، محمد أدرعي، إن اتفاقية كامب ديفيد للسلام بين مصر وإسرائيل يتم التنسيق بشأن منطقة عازلة على الحدود مع قطاع غزة.
641,أعلنت وزارة الخارجية المصرية أنها بدأت اتصالات دبلوماسية مع مصر على المستوى الدبلوماسي، وعلى مستوى وزارة الخارجية.
642,أفادت مصادر طبية فلسطينية بمقتل شاب فلسطيني في غارة جوية استهدفت مدينة غزة شرقي قطاع غزة.
643,"أعرب وزراء خارجية الاتحاد الأوروبي عن قلقهم إزاء ""التدهور الكبير"" للوضع في ليبيا، بعد الصدامات الدامية في الأيام الأخيرة، فيما أعلن متحدث باسم وزارة الدفاع الأمريكية أن الجيش الأمريكي يستعد لتدريب ""خمسة آلاف جندي ليبي"" في بلغاريا."
644,شنت طائرات حربية تركية غارات جوية على مواقع تابعة لحزب العمال الكردستاني في شمالي العراق، بحسب مصادر أمنية تركية.
645,أعلن وزير الخارجية الإيراني محمد جواد ظريف أن بلاده توصلت إلى تسوية مع القوى الكبرى بخصوص نحو 60 في المئة من القضايا المتعلقة بالأنشطة النووية الإيرانية.
646,وافق مجلس النواب الأمريكي على مشروع قانون يطالب المرأة الحامل بالحصول على موافقة كتابية من جانب الأب قبل إجراء عملية الإجهاض.
647,تعادل شالكه مع مضيفه أوغسبورغ بهدفين نظيفين في المرحلة الخامسة من الدوري الألماني لكرة القدم، فيما تعادل باير ليفركوزن صاحب المركز الرابع ومتقدما بنقطة على أوغسبورغ قبل سبع مباريات.
648,قرر بوريس جونسون تعيين ساجد جاويد المصرفي السابق ووزير الداخلية في حكومة تيريزا ماي الذي تنتمي لعائلة مهاجرين باكستانيين وزيراً للمال، وهو منصب استراتيجي في سياق بريكست خصوصا في حال إقرار الخروج من الاتحاد.
649,رفع الاتحاد الأوروبي المغرب من قائمته للبلدان الآمنة خارج أوروبا التي يسمح الاتحاد بالسفر غير الضروري منها، بعد مراجعة قام بها سفراء الاتحاد الأوروبي لتبقى تونس الدولة العربية الوحيدة في القائمة.
650,أثارت مقابلة نشرتها مجلة حورس التابعة لشركة مصر للطيران الأمريكية على مواقع التواصل الاجتماعي، جدلا واسعا عبر مواقع التواصل الاجتماعي.
651,"أصبحت أجهزة الهاتف النقال مزودة براديو وآلة تصوير وغيرها من الأجهزة التي تقدم خدمات ""الانترنت المتحرك"" والتي تقدم خدمات ""غيغاهرتس"" وألوان طبيعية. هذا الجيل الجديد من أجهزة الهاتف النقال أصبح حجمه أصغر ووظائفه أفضل."
652,قال الجيش الإسرائيلي إنه أطلق صواريخ على بلدات جنوب قطاع غزة.
653,قالت السلطات اللبنانية إنها تأكدت بعد تحليل العينات في المختبر المرجعي الوطني ان المريض الياس نعمة الله كان مصاباً بسرطان في الغدد اللمفاوية.
654,قال وزير الخارجية الإيراني علي أكبر صالحي إن الولايات المتحدة وطهران توصلا إلى اتفاق بشأن قضايا جوهرية يمكن التوصل إليها في وقت لاحق من الشهر الجاري.
655,"تشهد بغداد ومدن جنوبية عدة احتجاجات غير مسبوقة تطالب بـ ""تغيير الطبقة السياسية التي تحتكر السلطة منذ نحو 17 عاماً"". وكان المتظاهرون منحوا الحكومة سبعة أيام لتنفيذ إصلاحات سياسية يطالبون بها منذ أكثر من ثلاثة أشهر."
656,"قال المطرب المصري علي الحجار إن الرقابة المصرية تتعنت معه، وتمتنع عن إعطاءه التصاريح اللازمة لإصدار ألبومه الجديد متعللة ""بذرائع واهية"". كما عبر عن حزنه لعودة ""البيروقراطية"" لمؤسسات الدولة المصرية."
657,تأهل المنتخب الروسي لكرة القدم إلى الدور نصف النهائي من بطولة كأس الأمم الأوروبية المقامة آنذاك في ألمانيا بعد فوزه على نظيره الهولندي بثلاثة أهداف مقابل هدف واحد، فيما تأهل المنتخب الروسي إلى الدور نصف النهائي.
658,شاب سوري يصور مسلسلات بكاميرا هاتفه وبمشاركة جيرانه في التمثيل لبرنامج #بي_سي_ترندينغ.
659,أطلقت الشرطة التركية الغاز المسيل للدموع وخراطيم المياه ضد المحتجين في مدينة ديار بكر، جنوبي شرق تركيا.
660,"دافع جون برينان، المرشح لرئاسة وكالة الاستخبارات المركزية الأمريكية ""سي.آي.إيه"" عن استخدام الطائرات بدون طيار ضد ""الإرهابيين""، قائلا إنها الملاذ الأخير للدفاع عن الأمن الأمريكي."
661,أكد رئيس هيئة حماية الدستور في ألمانيا هانز- غيورغ مآسن أن مؤسسته ليس لديها معلومات كافية عن وضع الإسلاميين المتشددين في ألمانيا، مشيرا إلى تزايد الخطر الناجم عن العائدين من أماكن الحرب في سوريا والعراق بصورة مستمرة.
662,"وجه الرئيس الروسي فلاديمير بوتين تحذيرا مباشرا إلى الشعب الأمريكي من أن التدخل العسكري في سوريا يمكن أن يزعزع الاستقرار في المنطقة ويلحق الضرر بـ""نظام كامل للقانون الدولي""."
663,"أكد وزير الداخلية الألماني فولفغانغ شويبله أن الإسلاميين ""الذين لديهم استعداد للعنف"" يشكلون تهديدا حقيقيا للأمن في ألمانيا. شويبله أكد أن الإسلاميين ""الذين لديهم استعداد للعنف"" يشكلون تهديدا حقيقيا للأمن."
664,أظهرت نتائج استطلاعات حديثة أن تسمية دونالد ترامب مرشحاً على الأرجح للحزب الجمهوري هذا الصيف ستقدم الرئاسة على طبق من فضة للديمقراطية هيلاري كلينتون، لكن الأمر قد لا يكون بهذه السهولة نظراً لأدائه الذي فاق التوقعات.
665,اقترت طائرة إيرانية بدون طيار من مقاتلة أمريكية من طراز أف/أيه - 18 إي سوبر هورنت، بعد أن اقترب زورق إيراني قرب شمالي منطقة الخليج.
666,أعلن السكان في نيجيريا أن نحو 100 تلميذة اختطفن من مدرسة تابعة لجماعة بوكو حرام الإسلامية في مدينة دابشي شمال شرقي البلاد.
667,يشهد قطاع تكنولوجيا المعلومات في الضفة الغربية طفرة وطلباً كبيرين، كما يرى مؤسس شركة موبي ستاين الفلسطينية حسني أبو سمرة، الذي يعمل في شركة موبي ستاين الفلسطينية في سوق تكنولوجيا المعلومات.
668,"شكلت مجموعات من المعارضة الكويتية ائتلافاً واسعاً أسمته ""ائتلاف المعارضة"" ليضم معظم أطرافها، وطالبت بإصلاحات سياسية جذرية من بينها الاعتراف بالأحزاب والتعددية السياسية في البلاد."
669,تقوم الشرطة في أثينا بإخلاء عدد من المهاجرين واللاجئين الذين يبحثون عن مكان آخر يذهبون إليه، وذلك بعدما وصلت المخيمات إلى طاقتها الاستيعابية القصوى إلى طاقتها الاستيعابية القصوى.
670,بعد عام من التعلم عن بعد والتباعد الاجتماعي داخل الفصول الدراسية بسبب جائحة كورونا، تقوم مدرسة إسبانية بتعليم تلاميذها على الشاطئ في محاولة للجمع بين الهواء النقي وطريقة جديدة للتعليم.
671,"منذ 1990 تحتفل ألمانيا منذ 1990 بإعادة توحيدها في الثالث من أكتوبر/ تشرين الأول، كما يرى راينر زوليش في تعليقه التالي: ""نحن الشعب"" كانت تعني أننا لا نقبل بفرض أي وصاية علينا وقمعنا."
672,"قالت وحدات حماية الشعب الكردي في مدينة عين العرب التي يسيطر عليها مسلحو تنظيم ""الدولة الاسلامية"" إنها ستلعب دورا مهما في القتال ضد مسلحي التنظيم."
673,رغم معرفتهم مسبقاً أنه لن يُسمح لهم بالدخول إلى الملعب لمشاهدة ناديهم يتوج بطلاً لأوروبا للمرة السادسة، إلا أن أحد المشجعين في المحكمة يستأنف قرار الحظر الذي فرضه عليه لمساعدته في عرض لافتة احتجاجية.
674,بعد لقائه عائلات ضحايا مجزرة نيوتن في كونيتيكت، تعهد الرئيس الأمريكي باراك أوباما بمواصلة العمل من أجل تعزيز التشريعات حول الأسلحة النارية وذلك بعد لقائه عائلات ضحايا المجزرة.
675,تمكن فريق ريال مدريد من أن يضيف لقبين جديدين إلى خزائنه، بعدما أحرز كأس السوبر الأوروبية على حساب غريمه برشلونة وكأس السوبر الإسبانية على حساب غريمه برشلونة. وقال كروس إن ذلك لن يكون سهلاً نظراً لقوة بقية الخصوم.
676,"نشر تنظيم ""الدولة الاسلامية"" صورة طفل سوري يبلغ من العمر 16 عاما على ساحل البحر قرب مدينة الرباط التركية."
677,فازت شابة فلبينية بلقب ملكة جمال العالم للعام الجاري 2013، وذلك في المسابقة التي أقيمت في إندونيسيا، التي أقيمت في جزيرة بالي الإندونيسية، بلقب أجمل امرأة في العالم.
678,"يُنظر لعلاقة المخرج البريطاني برتولت بريخت مع الفن السابع على أنها علاقة تكتنفها الإثارة، إلا أن خلافا كان قد نشب حول تحويل بريخت إلى فيلم سينمائي بسبب تحويل الفكرة إلى منتج أو ""سلعة""."
679,أظهرت دراسة أمريكية أن الإصابة بأمراض القلب ربما تؤدي إلى الإصابة بأمراض القلب لأسباب لا تخطر على البال. لكن خبراء أمراض القلب والأوعية الدموية رصدوا أسبابا غريبة للإصابة بأمراض القلب.
680,قال رئيس جنوب السودان، ريك ماشار، إنه سيدحر قوات ريك ماشار، إذا لم يوافق على مقترحات وقف إطلاق النار.
681,دعا الرئيس الروسي فلاديمير بوتين رؤساء الأجهزة الخاصة إلى إنقاذ حياة الرئيس الأوكراني فيكتور يانوكوفيتش.
682,"أخذت ألمانيا وإيران خطوات مبدئية لإعادة العلاقات التجارية، توقعا لرفع العقوبات الاقتصادية التي يفرضها الغرب على طهران إثر التوصل إلى اتفاق نووي تاريخي. غابرييل يدافع عن حق إسرائيل في ضمان ""أمنها""."
683,قال رئيس الحكومة الاسرائيلية بنيامين نتنياهو إن المفاوضات المباشرة بين الفلسطينيين والفلسطينيين لن تكون يسيرة.
684,"يبحث قادة سبعة وأربعون دولة في اليوم الثاني من قمة الأمن النووي التي تستضيفها واشنطن اتخاذ تدابير ملموسة لضمان أمن المواد الانشطارية للحيلولة دون استيلاء جماعات إرهابية عليها. القمة تبحث سبل مكافحة ""إرهاب نووي""."
685,تقول زوجة أسطورة الكرة الألمانية السابق غيرد مولر إنه على ما يرام في هذه الظروف، فلديه في الدار الرعاية الأمثل والاهتمام، ويشعر بالراحة وأنه في بيته، حسب ما نقلت عنها صحيفة بيلد الألمانية.
686,قالت إسرائيل إنها أعادت تشغيل أجهزة التعقب التي كانت تقل شحنة مقرصنة من إيران إلى سوريا.
687,قالت شركة سكك الحديد الهندية إنها تفادت كارثة انسانية كبيرة بفضل جهود العمال.
688,وضعت الشرطة البريطانية أجهزة اكتشاف المعادن في بعض المدارس للحد من استخدام السكاكين.
689,على الرغم من وجود شريحة مسلمة لا بأس بها تعيش في ألمانيا، إلا أن هذه الدعوة للاندماج لم تلقَ رواجاً في سياسة التعليم المدرسي في ألمانيا على الرغم من وجود شريحة مسلمة لا بأس بها تعيش في البلاد.
690,حذرت وزارة الثقافة والإعلام والرياضة البريطانية من أن التحف الثقافية في بريطانيا تساعد في الحفاظ على الكنوز الوطنية في البلاد.
691,استدعت وزارة الخارجية الألمانية مسؤولين كبار في سفارات 23 دولة، منها ألمانيا، وشوهدوا جميعهم لدى وصولهم لدى وصولهم في سياراتهم الرسمية لمقر وزارة الخارجية في موسكو. وقال السفير الألماني إن على روسيا الرد على أسئلة حول تسميم الجاسوس الروسي السابق سيرغي سكريبال.
692,"نشرت بعض وسائل الإعلام اللبنانية صفحة ""الاعلام البديل"" التي تعرف نفسها بأنها ""مُهتمّة بنقل أخبار مظاهرات ١٧ أكتوبر/تشرين الأول ٢٠١٩ بكل شفافيّة""."
693,أعلن نائب الرئيس الفنزويلي نيكولاس مادورو وفاة الرئيس هوغو تشافيز عن 58 عاما في مستشفى عسكري في كاراكاس، فيما أعلن وزير الخارجية الياس خاوا عن طرد مسؤولين عسكريين أميركيين من السفارة الأميركية في كراكاس.
694,يجتمع وزير الخارجية الألماني هايكو ماس في نيويورك لبحث سبل مراقبة تنفيذ قرارات مؤتمر برلين حول ليبيا الذي عُقد في 19 يناير/ كانون الثاني الماضي. لكن هناك ثلاثة أعضاء دائمين لدى مجلس الأمن يواصلون خرق قرارات المؤتمر.
695,تختلف أنواع العطور ومكوناتها واستخداماتها واستخداماتها، لكن هناك بعض النصائح الواجب إتباعها من أجل ضمان ديمومة انتشاره. فما هي هذه النصائح وكيف يمكن الوقاية منها؟
696,أظهرت دراسة حديثة أن التحرش الجنسي في مصر أصبح واقعا يوميا للمرأة في مصر.
697,أطلقت قوى الأمن العراقية الغاز المسيل للدموع لتفريق المتظاهرين في المنطقة الخضراء وسط بغداد.
698,قضت محكمة العدل الأوروبية بقانونية قرار الاتحاد الأوروبي بإعادة توزيع اللاجئين على الدول الأعضاء في الاتحاد. يأتي ذلك تزامنا مع اقتراب انقضاء المهلة التي وضعتها المفوضية الأوربية لتلزم الدول الممتنعة عن تنفيذ القرار.
699,أعلن وزير الآثار المصري أن التمثال الضخم المكتشف في الآونة الأخيرة في العاصمة المصرية يعود للملك بسماتيك الأول من الأسرة السادسة والعشرين وليس الملك رمسيس الثاني، كما كان يعتقد في البداية.
700,رغم الضغوط المتصاعدة على مدرب المنتخب الألماني لكرة القدم يواخيم لوف، يبدو أن التغييرات الجذرية على التشكيلة قد تؤثر على أوضاع المنتخب الألماني لكرة القدم، خصوصا الضغوط المتصاعدة على مدرب الفريق يواخيم لوف.
701,قالت طلبة في جامعة نيويورك الأمريكية إنها تمكنت من نصب التمثال الذي يجسد رجل لا يرتدي سوى الجزء السفلي من ملابسه الداخلية.
702,توفيت أكبر معمّرة ناجيّة من المحرقة في لندن عن عمر يناهز 110 عاماً، وفق تقارير إخباريّة بريطانية. وكانت أليس هيرز سومر، عازفة البيانو الموهوبة، قد نُقلت إلى المستشفى يوم الأحد المقبل.
703,أعلنت لجنة مكافحة الفساد في الصين أنها بدأت التحقيق معه في اتهامات خطيرة بانتهاك النظم والقوانين.
704,"ذكرت صحيفة ""بيلد"" الألمانية أن بايرن ميونيخ نفى توقيع عقدي اتفاق مع مهاجم غريمه المحلي بوروسيا دورتموند البولندي روبرت ليفاندوفسكي، الذي بلغ نهائي الكأس المحلية وقطع أكثر من نصف الطريق نحو نهائي دوري أبطال أوروبا."
705,قالت الحكومة السعودية إنها ليست من حقها اجبار احد على اخذ لقاح مكافحة انفلونزا الخنازير، وذلك بعد انتشار اشاعات متكررة تتعلق بمستوى الثقة في اللقاح الخاص بمكافحة انفلونزا الخنازير.
706,أعلنت حركة النهضة الإسلامية في تونس أنها مستعدة للحوار بشأن تشكيل حكومة وحدة وطنية أو حكومة إنقاذ، لكنها لن تقبل دعوة المعارضة لحل المجلس التأسيسي معتبرة ذلك خطا أحمر.
707,قال وزير الخارجية الأفغاني، عبد الله عبد الله، إنه مستعد لخوض جولة ثانية من الانتخابات الرئاسية في البلاد.
708,قال المرصد السوري لحقوق الانسان المعارض ومقره بريطانيا إن مسلحي المعارضة وصلوا إلى مدينة حمص، الواقعة تحت سيطرة الحكومة السورية.
709,أظهرت دراسة حديثة أن الملابس الداخلية الضيقة لا تسمح بالتهوية الجيدة للجهاز التناسلي للمرأة، وهو ما يجعل المنطقة التناسلية مرتعا للبكتيريا، وهو ما يجعل المنطقة التناسلية مرتعا للبكتيريا.
710,أثارت تصريحات عضو مجلس إدارة البنك الاتحادي الألماني تيلو زارَتسين التي اعتبرت معادية للأجانب تمر بدون حساب. زارَتسين أثارت موجة واسعة من النقد في صفوف العاملين في البنك وبين أعضاء الحزب الاشتراكي الديمقراطي.
711,يصوت الناخبون في نيجيريا على إجراء الانتخابات البرلمانية التي تجري في العاصمة أبوجا.
712,تعرض ثلاثة صحافيين يعملون في القناة الألمانية العامة الأولى (آ.ر.د) لاعتداء من قبل مواطنين مصريين في القاهرة أثناء تصوير مشاهد للتفجير الذي استهدف مديرية أمن العاصمة كما أعلنت القناة على موقعها الالكتروني.
713,وافق الرئيس الأمريكي باراك أوباما على الحصول على دعم الكونغرس لأي تدخل عسكري محتمل ضد سوريا.
714,وضعت مطاعم مدينة نيويورك صورة ملاحة طعام صغيرة على قوائم الوجبات التي تحتوي على تركيز عال من الصوديوم وذلك في خطوة لمكافحة أمراض القلب والسكتة الدماغية.
715,"يبدو أن شعار ""اصمت وانطلق"" سيكون هو الشعار الذي يحكم باقة ألعاب الفيديو التي ستطرح في الأسواق هذا الخريف. ويمكن للاعب أن يبعث برسائل تحذير لباقي اللاعبين بشأن التحديات التي تنتظرهم."
716,"أعلنت منظمة ""برو أزول"" الألمانية المعنية بالدفاع عن حقوق اللاجئين أن ""الخطة الرئيسية للهجرة و""اللجوء"" المقترحة من جانب وزير الداخلية هورست زيهوفر تهدف بصفة خاصة إلى تحويل ألمانيا إلى دولة ترحيل للاجئين."
717,اعترف إسلاموي يدعى هارون سيد بأنه أعد لتنفيذ هجوم بقنبلة في شارع أوكسفورد ستريت التجاري الشهير ومهاجمة حفل لالتون جون في العاصمة البريطانية لندن. وقال القاضي إن الحكم سيصدر في 8 حزيران/يونيو بانتظار الحصول على تقرير الطبيب النفسي.
718,منذ تسعة أعوام يقلب المرء صفحات تاريخ كرة القدم الألمانية: غيرد مولر، هداف كأس العالم بالمكسيك 1970 برصيد عشرة أهداف في مونديال البرازيل 2014، الذي حقق رقماً قياسياً لعشرات السنين قبل أن يحطمه مواطنه كلوزه.
719,"ألغى الاتحاد الدولي لكرة القدم (الكاف) طلبا بقيمة 2,77 مليار دولار من شركة بوما الألمانية للملابس الرياضية."
720,قال سكان بمدينة عدن اليمنية إن المقاتلين الحوثيين انسحبوا من مواقع في وسط المدينة الجنوبية الساحلية بعد ضربات جوية نفذتها طائرات التحالف بقيادة السعودية فجر اليوم الخميس، فيما اتسعت رقعة الاشتباكات بين قوات موالية للرئيس عبد ربه منصور هادي.
721,أعلن الرئيس المصري عبد الفتاح السيسي اختتام أعمال القمة العربية في دورتها الـ26 التي عقدت على مدار يومين، فيما ألقى الأمير سعود الفيصل كلمة في الجلسة الختامية انتقد فيها بشدة روسيا ودورها في تسليحها النظام السوري.
722,أفادت مصادر امنية وطبية في العاصمة العراقية بغداد بمقتل خمسة مدنيين واصابة العشرات بجروح.
723,أعلنت شركة ايرباص عن فوزها بأول طلبية من الخطوط الجوية اليابانية لتدخل آخر سوق كبيرة تهيمن عليها منافستها بوينغ، بعد أن ألقى تأجيل تسليم الطائرة 787 دريملاينر ووقف رحلاتها بظلاله على شركة صناعة الطائرات الأمريكية.
724,حقق فريق باير ليفركوزن فوزا كبيرا على أوغسبورغ بهدفين مقابل هدف في المرحلة الـ 22 من الدوري الألماني لكرة القدم (بوندسليغا). ليفركوزن يعزز حظوظه في المشاركة الأوروبية الموسم المقبل بعدما صعد إلى المركز السادس.
725,أُختير نجم بايرن ميونخ الدولي باستيان شفاينشتايغر بلقب أفضل لاعب لعام 2013، ضمن المسابقة التي أعلنت اليوم الأحد عن نتائجها.
726,قالت وزارة الداخلية الأفغانية إن انتحاريا حاول الدخول إلى مقر وزارة الداخلية في العاصمة كابول.
727,قتل 15 شخصا على الأقل في تفجيرين وقعا في مدينة ماساشوسيتس الأمريكية، بحسب ما ذكره مسؤولون.
728,قضت محكمة يونانية ببقاء زعيم حزب النازيين الجدد في اليونان نيكوس ميخالولياكوس قيد الاعتقال انتظاراً لمحاكمته. يأتي ذلك بعد شهادة ماراثونية استمرت ست ساعات في محكمة أثينا الرئيسية، نفى ميخالولياكوس الاتهامات الموجهة إليه بإنشاء منظمة إجرامية.
729,"أصبحت النقود ""نادرة"" منذ أن قررت الحكومة اليونانية إغلاق البنوك إلى غاية يوم الجمعة، نظرا للأزمة الخانقة التي تمر منها البلاد. لكن هذه النقود ""نادرة"" منذ أن قررت الحكومة إغلاق البنوك إلى غاية يوم الجمعة."
730,"دشن قادة حركة تمرد الاحتجاجات ضد الرئيس المصري المعزول محمد مرسي حملة شعبية تحت عنوان "" تصحيح المسار""."
731,"تضاربت الأنباء حول مسؤولية الجيش الوطني اليمني عن كمين أبين، الذي أسفر عن مقتل وجرح عدد من أفراد قوات ""الحزام الأمني"" التابعة للمجلس الانتقالي الجنوبي، الذي سيطر على مرافق رئاسية وعسكرية في العاصمة المؤقتة عدن."
732,قالت الأمم المتحدة إنها قررت مغادرة مراقبي منافسه عبد الله عبد الله للعملية المراجعة التي تشرف عليها الأمم المتحدة في الانتخابات الرئاسية المختلفة.
733,"دعا وزير الدفاع المصري عبد الفتاح السيسي المصريين إلى ""المشاركة بقوة"" في الاستفتاء على الدستور المصري الجديد."
734,رغم أن نجم بايرن ميونيخ روبرت ليفاندوفسكي يعيش أبهى فترات مسيرته الكروية مع ناديه بايرن ميونيخ، إلا أن ذلك لا يمنعه من التخطيط لفترة ما بعد اعتزال كرة القدم.
735,توصلت دراسة حديثة إلى أن الصداع قد يكون أحد الأعراض المبدئية لهذا المرض، إذ أن الصداع قد يكون أحد الأعراض المبدئية لهذا المرض. لكن دراسة حديثة توصلت إلى أن الصداع قد يكون أحد الأعراض المبدئية لهذا المرض.
736,أعلنت وزارة الداخلية الألمانية أن ثمانية مدربين من الشرطة الفيدرالية سيعودون إلى السعودية نهاية الشهر الجاري لاستئناف مهمة تدريب قوات حرس الحدود السعودية. وقد انطلقت المهمة التي أُثير جدلاً كثيراً منذ أكثر من عشر سنوات.
737,أعلن متحدث باسم القطب القضائي لمكافحة الإرهاب سفيان السليطي أن السلطات القضائية أودعت حوالي عشرة عناصر من بين العائدين من ألمانيا السجن لتورطهم في قضايا إرهابية.
738,قال الجيش الأوكراني إنه بحاجة إلى إجراءات أبعد من قانون العفو الذي أصدره بحق المحتجين المعتقلين.
739,ذكرت الشرطة الأمريكية أنها تلقت تقارير تفيد بوقوع انفجار عند منطقة بورت اثورتي بالقرب من ميدان تايمز سكوير في نيويورك. وكانت وسائل إعلام أمريكية قد أفادت بانفجار قنبلة في نفق مترو الأنفاق.
740,عبر مستخدمو مواقع التواصل الاجتماعي في الأردن عن قلقهم من قرار الأردن إنهاء ملحقي الباقورة والغمر من اتفاقية السلام الموقعة عام 1994.
741,كشف تقرير إعلامي أن الخطاب المثير للجدل الذي بعث به وزير الداخلية الألماني إلى ممثلي الاتحاد الأوروبي في مفاوضات خروج بريطانيا لم يتم التشاور داخل الحكومة الألمانية. كما كشف أن هذه الخطاب لم يتم التشاور داخل الحكومة الألمانية.
742,قتل خمسة أشخاص على الأقل في هجوم شنه مسلحون على مقر المخابرات العسكرية في مدينة رفح جنوبي مصر، حسبما قالت مصادر طبية.
743,قرر القضاء الباكستاني وضع الرئيس السابق برويز مشرف قيد الإقامة الجبرية ليومين على الأقل احتياطيا على خلفية تتعلق بالإرهاب وكذلك لعزله قضاة بصورة غير قانونية أثناء حكمه.
744,أظهرت نتائج دراسة حديثة أن مادة تستخدم في الطب الصيني التقليدي يمكن أن تضمن نجاحاً فعالاً للراغبين في خفض وزنهم، لكن الحصول على نتيجة فعالة ليست مضمونة دائما.
745,"قالت وزارة الداخلية المصرية إن الرئيس المعزول محمد مرسي نقل رسائل ""تحرض على العنف"" إلى فريق من المحامين."
746,أعلن الرئيس الفرنسي فرانسوا أولاند عدم ترشحه للانتخابات الرئاسية الفرنسية المقبلة. وقال فيون إن أولاند اعترف بالفشل في مواجهة التحديات أمام الأحزاب المحافظة واليمين المتطرف في انتخابات الربيع المقبل.
747,ذكرت وسائل إعلام أمريكية أن زوجين من ولاية تينيسي رزقا بطفلة تتمتع بصحة جيدة، ولدت من جنين مجمد لحوالي 24 عاماً. زوجين من ولاية تينيسي ولدت من جنين مجمد لحوالي 24 عاماً.
748,قالت رئيسة الحزب الاشتراكي الديمقراطي، الشريك الثالث في الائتلاف الحاكم في ألمانيا، إن حزبها لم يقرر بعد ما إذا كان سيقبل الاتفاق بين الحزب المسيحي الديمقراطي والحزب المسيحي الاجتماعي البافاري بشأن الهجرة.
749,قال وزير المالية الألماني أولاف شولتس إن الاتحاد الأوروبي سيرد بقوة على قرار الولايات المتحدة تطبيق رسوم جمركية جديدة على واردات الصلب والألومنيوم. وقال شولتس إن الاتحاد سيرد بقوة على قرار واشنطن تطبيق رسوم جمركية جديدة على المعادن المستوردة.
750,"فيما اتهمت الولايات المتحدة الصين ""بعدم الشفافية"" في ملف كورونا، اتهمت الولايات المتحدة الصين بـ""عدم اليقين"" التي تحيط بالوباء، فيما اتهمت الولايات المتحدة الصين بـ""عدم اليقين"" التي تحيط بالوباء."
751,حذرت أستراليا الشركات المالكة لتطبيقات المراسلة من أنها لا تتلقى نسخة مقروءة منها.
752,أفاد تقرير إخباري أن شخصا قتل بسلاح ناري في صدامات مذهبية بين العرب المالكيين والامازيغ الاباضيين ببلدة بريان شمال ولاية غرداية التي تقع على مسافة 600 كيلومترا عن جنوب الجزائر.
753,قال جوزيه مورينيو، لاعب فريق مانشستر يونايتد الانجليزي لكرة القدم، إنه يشعر بأنه جزء مهم من الفريق.
754,قالت وزارة الداخلية الإسرائيلية إن عدد يهود إثيوبيا الذين كانوا ينتظرون لسنوات طويلة ينتظرون طلبات الهجرة إلى إسرائيل.
755,تقول أم عيد، التي تعيش مع فيروس مرض فقدان المناعة المكتسبة- الايدز، إنها ليست عاهرة، لكنها رفضت إصابتها بفيروس الايدز، لكنها رفضت ذلك، لكنها رفضت إصابتها بالفيروس.
756,ارتفعت حصيلة قتلى التفجيرات والقتل في العراق إلى 51 قتيلا، وقد سقط معظمهم في عمليات إعدام جماعية، فيما عثرت الشرطة العراقية على جثث 18 شخصا خطفوا من منازلهم وأعدموا رميا بالرصاص في الرأس.
757,"كانت السيدة الألمانية ماريون دونهوف، مؤسسة الصحيفة المرموقة ""دي تسايت"" التي تم تأسيسها في عام 1946، قد ألفت مقالاً بعد انتهاء الحرب مباشرة ترسم لقوات الاحتلال الإنجليزية معالم السياسة التي يجب إتباعها في ألمانيا."
758,اتهم رئيس نادي توتنهام الإنجليزي بيب غوارديولا فريقه ريال مدريد بالتعاقد مع هاري كين، الذي لعب ضد كريستيانو رونالدو في المباراة التي جمعت بين فريقه وتونتهام.
759,اختطف مسلحون من جماعات الطوراق المتمردة في بلدية تساليت في شمال مالي، حسبما قال مسؤولون.
760,أعلنت شركة فيسبوك أنها تعتزم التوسع في برنامج التعرف على الأنماط السلوكية، ليشمل دولا أخرى بعد نجاح تجارب في الولايات المتحدة للكشف عمن لديهم نوايا للانتحار.
761,ألقت الشرطة الألمانية القبض على شخصين وضبط قنبلة مصنوعة محلياً خلال مداهمة استهدفت شقة وسيارة في بلدة شمال مدينة فرانكفورت، وفق ما أعلن متحدث باسم مكتب التحقيقات الجنائية في ولاية هيسن.
762,قال رئيس الوزراء اليوناني أليكسيس ساماراس إن بلاده ستعيد التفاوض على ديون البلاد المقدرة بمليارات الدولارات وإنهاء إجراءات التقشف المفروضة على البلاد.
763,دعا وزير الخارجية التركي مولود جاويش أوغلو إلى مواصلة علاقات بلاده بصداقة وتعاون مثلما كان الحال منذ 300 عام، مشيرا إلى أن الحوار السياسي رفيع المستوى ينبغي مواصلته على نحو مفعم بالثقة وعبر قنوات حوار غير رسمية.
764,"أعرب وزير الخارجية الألماني غيدو فيسترفيله عن غضب بلاده وانزعاجها من ""الأحكام القاسية"" الصادرة عن محكمة مصرية بحق عاملين بمؤسسة كونراد أديناور وكذلك قرار إغلاق مكتب المؤسسة بالقاهرة."
765,ندد الأمين العام للأمم المتحدة بان كي مون بقطع المياه عن حلب، كبرى مدن الشمال السوري، مطالبا كل الأطراف بضمان عودة إمدادات المياه بشكل دائم، مطالبا بضمان عودة إمدادات المياه بشكل دائم.
766,رغم الانتقادات الحادة التي تواجهها الأخيرة في الغرب بسبب ملف حقوق الإنسان، إلا أن رئيس المعهد الألماني للسياسيات الدولية والأمن ينصح الحكومة الألمانية بالالتزام بمنطق الحوار مع أنقرة.
767,قال المرشد الأعلى للجمهورية الإسلامية في الشرق الأوسط آية الله علي خامنئي إن إسرائيل وضعت سفاراتها في مختلف أنحاء العالم في حال تأهب تام تحسبا لتعرض أي منها لهجوم انتقامي.
768,دعا وزير الخارجية الإيراني، محمد جواد ظريف، دول الخليج العربية إلى مساعدة الدول الأخرى في مواجهة التطرف والإرهاب والطائفية.
769,حقق بطل العالم البريطاني جيفري كيبسانغ فوزا كبيرا على مواطنيه اليود كيبشوغي في منافسات بطولة العالم للسيدات.
770,أعلنت وزارة الداخلية التونسية أن قوات الأمن فرقت سلفيين حاولوا نصب خيام للدعوة وتوزيع منشوراتهم في مدينتي تطاوين ومدنين في جنوب شرق البلاد، وفق ما أفادت إذاعة شمس إف إم.
771,قالت الشرطة الكينية إن عشرة أشخاص على الأقل قتلوا في هجوم على كنيسة تابعة لجماعة الشباب الصومالية المتشددة.
772,أعلن الرئيس الروسي، فلاديمير بوتين، ترشيح نفسه في الانتخابات الرئاسية المقررة في مارس/آذار المقبل.
773,حذر قيصر كرة القدم الألمانية فرانس بكنباور من أن برشلونة لن يستسلم بعد الهزيمة الثقيلة التي تلقاها في مباراة الذهاب بأربعة أهداف بدون رد في نصف نهائي دوري أبطال أوروبا. وقال بكنباور إنه سيفعل أي شيء لتعديل النتيجة أمام بايرن.
774,قضت محكمة الأمور المستعجلة في مصر بوقف تنفيذ أحكام القضاء الإداري التي تبطل اتفاق تعيين الحدود إلى السعودية.
775,وصلت طائرة تابعة للخطوط الجوية التركية إلى مدينة هانوفر التركية لنقل الدفعة الأولى من المهاجرين المبعدين من اليونان إلى تركيا.
776,قالت الشرطة البريطانية إن المهاجمين حاولوا استئجار شاحنة صغيرة من طراز رينو قبل أن يعودوا ويختاروا شاحنة أصغر حجماً قبل أن يعودوا ويختاروا شاحنة أصغر حجماً. وقالت الشرطة إن هذه الخطوة أسوأ بكثير.
777,"أعلنت الشرطة الألمانية أنها عثرت على جثة شخص في إحدى الوحدات السكنية التابعة لنزل اللاجئين في مدينة ""بامبرغ"" شرقي البلاد، فيما لا تزال أسباب الحريق غير واضحة لحد الآن."
778,أفادت الأنباء الواردة من الجزائر بأن الجيش تمكن من تحرير أربع رهائن أجانب وستمائة من الرهائن المحتجزين في المنشأة التي يحتلها مسلحون إسلاميون في العاصمة موريتانية موريتانية.
779,قال جيرمي هانت، وزير الخارجية البريطاني السابق، إنه سيبذل كل ما في وسعه لإطلاق سراح زوجة نازانين زاغاري راتكليف.
780,أفادت مصادر عسكرية يمنية بمقتل تسعة مسلحين على الأقل في غارات جوية شنتها طائرات التحالف بقيادة السعودية على مدينة عمران شمالي اليمن.
781,يبدو أن الزيارة المرتقبة للرئيس التركي رجب طيب اردوغان إلى ألمانيا لا تزال صعبة، لكن هذه المرة ليست هناك جدول زمني لظهور علني. لكن هناك علاقات بين اردوغان ورئيس دولة ألمانيا.
782,دعا الحوثيون إلى ضم شخصيات دولية إلى تشكيل لجنة محايدة لتقصي الحقائق بشأن انتهاكات حقوق الإنسان في اليمن، بحسب الأمم المتحدة.
783,"أُجري أطباء في بريطانيا عملية جراحية ضد مرض السرطان الذي يُعتقد أنه ""ضرب من الخيال""."
784,قتل 15 شخصا على الأقل في انفجار قنبلة ناسفة استهدفت مكتب هيئة علماء القلمون في بلدة عرسال ذات الغالبية السنية ذات الغالبية السنية.
785,قتل مائة وعشرة أشخاص في مواجهات بين قوات الحكومة السورية النظامية ومسلحي المعارضة في مدينة السليمانية شرقي سوريا.
786,قال مسؤولون أمريكيون إن مسلحي حركة بوكو حرام الإسلامية المتشددة فقدوا أي صلة بماضيهم بسبب حرصهم على تعليم القرآن.
787,اكتشف باحثون في سويسرا جزيئا حيويا قادرا على التعرف على المتغيرات المختلفة لفيروس الأنفلونزا، ما يتيح لهم التحكم في الاستجابة المناعية للأشخاص المصابين بهذا المرض.
788,تحتضن السعودية أعمال القمة العربية التي تستضيفها السعودية حول ثلاثة مواضيع رئيسية، هي الحرب في سوريا التي تستعد لضربة غربية محتملة على خلفية هجوم كيميائي مفترض في دوما، ومستقبل القدس قبل شهر من نقل السفارة الأميركية.
789,يرى خبير أمراض الزهايمر ريتشارد دوديل أنه يمكن تقليل خطر الإصابة بهذا المرض بنسبة 35 في المائة إذا اتبعنا بعض القواعد، لكن هناك خمسة عوامل حاسمة لحياة طويلة وصحية وتجعلنا نتمتع بصحة ذهنية حتى في سن الشيخوخة.
790,قالت وزارة الداخلية المصرية إن قوات الأمن اقتحمت مقر نقابة الصحفيين في القاهرة احتجاجا على دخول النقابة.
791,أعلن الاتحاد الألماني لكرة القدم أن كل لاعب سينال 350 ألف يورو مكافأة في حال احتفاظ المنتخب الألماني بلقب كأس العالم في روسيا الصيف المقبل. ولم يرصد الاتحاد أي مكافأة في حال احتفاظ المنتخب بلقب كأس العالم.
792,"ذكرت صحيفة نيويورك تايمز أن رجل أعمال يبلغ 63 عاما ابتلع قطعا ذهبية يبلغ وزنها 33 غراما والمعروفة باسم ""بسكويت الذهب"" في سنغافورة وحضر بها إلى الهند في الثامن والعشرين من الشهر الماضي."
793,قضت محكمة القضاء الإداري المصرية بوقف إجراء الانتخابات التشريعية التي كان من المقرر أن تبدأ هذا الشهر، وذلك بعد حكم أصدرته المحكمة الدستورية العليا بعدم دستورية نص في قانون الدوائر الانتخابية.
794,اندلعت مواجهات بين شبان فلسطينيين وقوات الأمن الإسرائيلية في القدس ومدن الضفة الغربية، بعد تظاهرات احتجاجا على قرار ترامب نقل السفارة الامريكية إلى القدس عاصمة للدولة العبرية.
795,"أكد رئيس الوزراء التركي بن علي يلدريم أن ""ترحيل"" هولندا لوزيرة الأسرة والسياسات الاجتماعية التركية فاطمة بتول صيان قايا أمر ""غير مقبول""، فيما وصفت الحكومة الهولندية قدوم وزيرة الأسرة بأنه عمل ""غير مسؤول""."
796,"قال زعيم المعارضة في بيلاروسيا، ديمتري بروتاسيفيتش، إنه ""خائف جدا"" من الطريقة التي قد يعامل بها ابنه من قبل السلطات في بلاده."
797,أطلقت الحكومة الألمانية موقعا إلكترونيا على شبكة الانترنت لمواجهة الشائعات والأخبار الكاذبة بشأن اللجوء في ألمانيا، وذلك لمواجهة الشائعات والأخبار الكاذبة بشأن اللجوء.
798,"أعلن عازفو الأوركسترا أنهم سيجرون محاولة جديدة لاختيار قائد ""خلال عام"" لخلافة قائد الفرقة الموسيقية ذائعة الصيت."
799,قتل عشرات القتلى والجرحى في مواجهات هي الأعنف بمحافظة عمران شمال العاصمة صنعاء بين مسلحي الحوثيين وأفراد اللواء 310 والمحسوب على حزب الإصلاح، فيما قتل ستة جنود في هجوم نفذه مسلحون من القاعدة في وادي ضيقة بمنطقة محفد.
800,"ذكر رامي عبد الرحمان مدير المرصد السوري لحقوق الإنسان أن مناوشات اندلعت بين قوات الفيلق الخامس المدعوم روسيا والذي انتشر في ريف حماة الشمالي حيث قام باعتقال عنصار مما يعرف بالميليشيات الموالية للنظام السوري أو ""الشبيحة""."
801,أعلن المقرّر الخاص للأمم المتحدة المعني بحالة المدافعين عن حقوق الإنسان ميشال فورست أنّه قتل أكثر من 1100 مدافع عن حقوق الإنسان في العالم لأنهم أرادوا نشر حقوق الإنسان وصونها. كما أعرب فورست عن قلقه من حملات القدح والذم والتشهير.
802,قالت رئيسة الوزراء الدانماركية، ثورنينغ شميت، إن الهجمات التي وقعت في العاصمة كوبنهاغن زادت قوة ووحدة.
803,أعلن وزير الدولة للشؤون الخارجية في الإمارات تعليق أعمال سفاراتها في اليمن خشية التدهور الأمني.
804,"ارتفعت حصيلة تفجير سيارة مفخخة تبناه تنظيم ""الدولة الإسلامية"" في سوق شعبي بمنطقة خان بني سعد شمال شرق بغداد إلى أكثر من 100 قتيل و17 مفقودا، بحسب ما أكده مسؤول كبير."
805,التقى الرئيس الأمريكي جورج بوش الأب مع الرئيس الروسي فلاديمير بوتين في مسعى لتخفيف حدة التوتر في العلاقات بين البلدين، لاسيما على خلفية الخطط الأمريكية لإقامة درع صاروخي في شرق أوروبا والخلافات بينهما حول كيفية التعامل مع الطموحات النووية الإيرانية.
806,أعلن المدعي العام الألماني هارالد رانغه بدء إجراءات التحقيق في الاشتباه في التنصت على الهاتف المحمول للمستشارة الألمانية أنغيلا ميركل من قبل أجهزة استخباراتية. وذكر رانغه أن الاشتباه المبدئي يدور حول التجسس وأنشطة استخباراتية.
807,قالت شبكة انستغرام إن مهاجما إلكترونيا أو ربما أكثر من واحد قد استهدفوا نجوما بارزين، للحصول على بيانات اتصالاتهم.
808,يميل عدد من الأزواج والزوجات إلى تفادي الطلاق حتى عندما يعيشون بعيداً عن بعضهم البعض، لكن دراسة جديدة أُجريت في ألمانيا توصلت إلى أن أكثر من نصف المتزوجين لا يزالون معا بينما يحتفظون ببيوت أسرية مستقلة.
809,يمكن أن يكون السبب مرض النقرس، الذي يجب معالجته فورا، لأن التراخي وإهمال العلاج قد يؤدي إلى الإصابة بالفشل الكلوي. فما هي أبرز أعراض هذا المرض؟
810,قال رئيس المحكمة العليا في البحرين، محمد قاسم، إن حكومة البحرين وافقت على اتفاق تطبيع العلاقات مع إسرائيل.
811,تؤدي لدغات النحل والدبابير في غضون دقائق إلى احمرار وتورم مؤلم في الجلد، وهو ما قد يؤدي إلى احمرار وتورم مؤلم في الجلد. لكن كيف يمكن الوقاية من هذا التورم؟
812,توصلت دراسة أمريكية إلى أن طول فترة الرضاعة الطبيعية مرتبط بتراجع خطر الإصابة بمرض السكري حتى بعد عشرات السنين، وهو ما يجعل الأمهات اللائي يرضعن أولادهن سبب آخر لمواصلة ذلك.
813,قالت الشرطة الاسرائيلية إن مسلحين فلسطينيين قتلوا في هجوم شنه مسلحون على بلدة كريات غات شرقي مدينة عسقلان.
814,"يبدو أن ""أم نصر""، التي اضطرت لفعل ذلك منذ ثلاثة أشهر، اضطرت لفعل ذلك منذ ثلاثة أشهر، لتوفير ما يكفي من ثمن الوجبات الغذائية للبقاء على قيد الحياة، لكنها ليست كافية لتأمين احتياجاتهم الغذائية."
815,"دعت وزيرة الخارجية الأمريكية إسرائيل والفلسطينيين إلى استئناف مفاوضات السلام ""من دون شروط مسبقة"". كما عبرت عن تأييدها لتحقيق هدف الفلسطينيين في إقامة دولة يهودية بحدود آمنة ومعترف بها."
816,خرج آلاف المتظاهرين في ميدان التحرير بقلب القاهرة ضد المجلس العسكري الذي يتولى إدارة شؤون البلاد، إثر البيان الذي أصدره المجلس الذي يتولى إدارة شؤون البلاد وتلاه مساعد وزير الدفاع اللواء محسن الفنجري.
817,تزوجت الممثلة الأمريكية جودي فوستر من صديقتها المصورة الكسندرا هيديسون في عطلة نهاية الأسبوع. وكانت الممثلة السابقة في الحب سيدني برنارد قد اعترفت بميولها الجنسية المثلية.
818,قال وزير الخارجية الأمريكي، جون كيري، إنه سيبدأ عملية إعادة حساب الأصوات في الانتخابات الرئاسية الأفغانية.
819,فاز العداء البريطاني يورغن فرح بثلاثة سباقات متتالية ضمن بطولة العالم في الصالات في كاليفورنيا، وذلك بعد أن قضى معظم مسافة سباق لندن مهرولا بسرعة معقولة.
820,أثارت زيارة نجم الكرة المصري السابق محمد أبو تريكة إلى مصر جدلا واسعا عبر مواقع التواصل الاجتماعي أثناء زيارته لوالدة أبو تريكة في مصر.
821,"علقت صحف عربية على إعلان استقلال إقليم كاتالونيا عن مدريد، لكنهم علقوا تنفيذه في بادرة لإجراء ""حوار"" مع الحكومة الإسبانية، لكنهم علقوا تنفيذه في بادرة لإجراء حوار مع الحكومة الاسبانية."
822,قالت منظمة هيومان رايتس ووتش إن مجلس حقوق الإنسان التابع للأمم المتحدة ينبغي أن تحرم من عضوية المجلس بسبب سجلاتها في مجال حقوق الإنسان.
823,دعا مجلس الأمن الدولي إلى استصدار قرار يستند للفصل السابع من ميثاق المنظمة الدولية يفوض باستخدام القوة العسكرية أو فرض عقوبات اقتصادية على اليمن.
824,رحلت السلطات البريطانية أكثر من نصف النساء الأسيويات إلى بلدانهن بعدما احتجزت حماتها لمدة ثلاث سنوات في منزلها.
825,قال المرصد السوري لحقوق الإنسان إن قوات الحكومة السورية جددت غاراتها وقصفها بالبراميل المتفجرة والصواريخ على مدن وبلدات عدة في الغوطة الشرقية، ما تسبب بمقتل 38 مدنياً بينهم أربعة أطفال وإصابة 250 آخرين بجروح.
826,"كثف الجيش العراقي قصفه لمدينة الفلوجة استعداداً لهجوم بري لاستعادة السيطرة عليها من مسلحين استولوا عليها قبل شهر، فيما قتل ثلاثة جنود وأصيب ضابط في هجوم لـ""داعش"" في كركوك."
827,تأهل المنتخب الإسباني إلى دور الستة عشر لمونديال روسيا بعد تعادله القاتل مع نظيره المغربي في الجولة الأخيرة من مباريات المجموعة الثانية. كما تأهلت البرتغال إلى دور الستة عشر رغم تعادلها مع إيران في المجموعة نفسها.
828,رفعت محكمة مصرية دعوى قضائية ضد رئيس الجمهورية ورئيس مجلس الوزراء ووزراء الخارجية والداخلية والدفاع طعناً على قرار موافقة مجلس الوزراء على اتفاقية ترسيم الحدود البحرية بين البلدين.
829,"أظهرت دراسة حديثة أن مستخدمي الإنترنت في الوقت الحالي يمتلكون حرية تخزين المعلومات وإعادة استدعاءها متى شاء ومن أي مكان في العالم، وذلك بواسطة ما بات يعرف بنظام ""الحوسبة السحابية"" الذي يسهل استدعائها في أي وقت ومن أي مكان في العالم."
830,قال وزير الخارجية الأمريكي جون كيري إن رئيس الوزراء العراقي نوري المالكي دعا إلى تشكيل حكومة انقاذ وطني.
831,قال رئيس قناة السويس، محمد ربيع، إن الخسائر المبدئية في سفينة إيفر غيفن، التي كانت عالقة في قناة السويس، قد يزيد المبلغ أو يقل قليلا.
832,رغم صمود قائده الحالي ماركو رويس في وجه محاولات البافاري للتعاقد مع لاعبين جدد للموسم المقبل، إلا أن الفريقان استثمرا ما يقرب من ربع مليار يورو في التعاقد مع لاعبين جدد للموسم المقبل.
833,أعلن الاتحاد الألماني لقطاع النقل الجوي أنه يعتزم فرض وجود شخصين داخل قمرة قيادة الطائرات وذلك بعد تحطم طائرة الايرباص الالمانية ايه320 في جبال الألب في كارثة تبين أن مساعد الطيار تسبب بها عمدا.
834,تأهل فريق بايرن ميونيخ إلى دوري أبطال أوروبا بعد فوزه على فرايبورغ بهدفين مقابل هدف، فيما تأهل شتوتغارت إلى نهائي دوري أبطال أوروبا بعد صعوده إلى نهائي كأس ألمانيا.
835,أظهرت أرقام رسمية أن الاقتصاد الأوروبي يحقق نموا في منطقة اليورو، وهو ما يعرقل نمو الاقتصاد في المنطقة.
836,"قالت الحكومة الأردنية إن الملك عبد الله الكساسبة، الذي قتل في سوريا، قتل في هجوم على طائرة تابعة لتنظيم الدولة الإسلامية، سيكون ""حازما ومزلزلا وقويا""."
837,قال الرئيس الفرنسي إيمانويل ماكرون إنه حان الوقت كي نضع حدا للنفاق في التظاهر بأن ثمة إمكانية لتحقيق تقدم في مفاوضات انضمام تركيا إلى الاتحاد الأوروبي.
838,أعلن الرئيس اليمني السابق علي عبد الله صالح تخليه عن السلطة بعد 11 شهراً من الاحتجاجات ضد نظامه قبل أيام من الاحتجاجات ضد نظامه، فيما يواجه الحوثيون هجوماً من معقلهم في صعدة بشمال اليمن.
839,أعلنت النيابة الألمانية توجيه الاتهام رسميا إلى ألماني يشتبه بأنه نقل إلى روسيا بيانات ومخططات تتعلق بمجلس النواب الألماني (بوندستاغ). وكان يعمل لصالح شركة تم تكليفها أكثر من مرة من جانب البرلمان الألماني بفحص أجهزة كهربائية.
840,يبدو أن الاتحاد الأوروبي مصمم على المضي قدما في مغامرته لتنفيذ عمل عسكري ضد مهربي اللاجئين في ليبيا، لكن هناك العديد من الأسئلة لا تزال بلا إجابة. فما هي أسباب ذلك؟
841,فاز الفن الألماني غيرهارد ميستير بجائزة أفضل لوحة كاريكاتير لعام 2012، وذلك على هامش تسليم جائزة أفضل لوحة كاريكاتير لعام 2012. أما على شبكة الانترنت فإن هذا الفن لم يحظ يوما ما في ألمانيا بذات القدر من الاهتمام.
842,أفاد المرصد السوري لحقوق الإنسان أن أكثر من ثلاثة آلاف شخص ينتظرون منذ ساعات طويلة في منطقتين قريبتين من حلب، من أجل إكمال طريقهم إلى وجهاتهم النهائية بعد إجلائهم من بلدات محاصرة.
843,منذ تولي ناصر الخليفي رئاسة نادي باريس سان جيرمان الفرنسي سنة 2011، حمل رجل الأعمال القطري على عاتقه مهمة إعادة أمجاد نادي العاصمة الفرنسية، التي تصل دائما إلى أدوار متقدمة جدا في بطولة دوري أبطال أوروبا.
844,تشهد الجولة الثالثة من الدور الأول لمسابقة دوري أبطال أوروبا لكرة القدم غدا الثلاثاء مباريات قمة قد تحدد هوية وملامح طليعة المتأهلين إلى الدور الثاني. ريال مدريد الإسباني يستقبل ميلان الإيطالي ضمن المجموعة السابعة.
845,"أعلن وزير الخارجية الإيراني محمد جواد ظريف أنه من الممكن التوصل إلى اتفاق بشأن برنامج إيران النووي، فيما دعت القوى الكبرى إلى رفض اقتراح إيراني محتمل وصفته بأنه ""سيء"". فيما دعت القوى الكبرى إلى رفض اقتراح إيراني محتمل."
846,تشهد الولايات المتحدة الثلاثاء خسوف كامل للقمر تشهده الولايات المتحدة حتى 2019، وذلك بعد أن أخذ القمر يتحرك ويدخل في ظل الأرض ويدخل في ظل الأرض.
847,دعا الملك الاردني خليفة حفتر الاردن إلى دعم الاردن المستمر لليبيا في جهودها لاستعادة الامن والاستقرار والتصدي للارهاب والعصابات الارهابية.
848,قتل 82 شخصا على الأقل وأصيب 700 آخرون في انهيار مبنى مؤلف من ثمانية طوابق يضم العديد من مصانع الملابس يعمل فيها الآلاف على مشارف دكا عاصمة بنغلاديش. يأتي ذلك في وقت تزداد فيه المخاوف من ارتفاع عدد القتلى.
849,تظاهر عشرات الآلاف من المتظاهرين في الهند احتجاجا على عملية البيع غير المدروسة لحقوق استغلال التعدين بالمناجم.
850,"قالت جماعة ""أنصار بيت المقدس"" المعروفة بالقبة الحديدية إن صاروخا أطلق على مدينة إيلات جنوبي اسرائيل."
851,"بدأت اللجنة الدولية للصليب الأحمر عملية ""توزيع كبرى"" لحصص غذائية على جانبي خطوط المواجهة في حلب، فيما تقترب القوات النظامية من فك الحصار عن سجن حلب المركزي الذي يفرضه مقاتلو المعارضة منذ حوالي سنة."
852,قال وزير الخارجية الأمريكي جون كيري إن جماعة الإخوان المسلمين صادرت الثورة على الرئيس المصري السابق حسني مبارك.
853,انتهت مباراتهما بالتعادل بدون أهداف في صدارة دوري الدرجة الأولى الاسباني لكرة القدم كما هي. وفشل الفريقان في التعادل نقطتين ثمينتين في صراع المنافسة على اللقب، ليقدما خدمة عظيمة لمنافسهما ريال مدريد.
854,وافقت الحكومة السودانية على تسليم الرئيس عمر البشير إلى المحكمة الجنائية الدولية في لاهاي.
855,"قال الرئيس الفرنسي إيمانويل ماكرون إن فرنسا ""قلقة للغاية من الرسائل الحربية"" الصادرة من تركيا لمساعدة أذربيجان على استعادة إقليم ناغورنو كاراباخ."
856,يجتمع الاتحاد الدولي لكرة القدم (فيفا) في مراكش لبحث مزاعم بشأن استضافة قطر لكأس العالم 2022.
857,أمر رئيس الوزراء العراقي حيدر العبادي وزير الداخلية بملاحقة العناصر التي اعتدت على القوات الأمنية والمواطنين وأعضاء مجلس النواب وإحالتهم إلى القضاء لينالوا جزاءهم العادل.
858,أثارت زيارة الرئيس الفرنسي إيمانويل ماكرون إلى بيروت جدلا واسعا عبر مواقع التواصل الاجتماعي.
859,قالت هيئة مقر الاتصالات الحكومية البريطانية إن الاستخبارات البريطانية جمعت صورا لمستخدمي برنامج ياهو للمحادثة عبر الكاميرا.
860,يرى رئيس أساقفة السريان الأرثوذكس في دمشق ديونيسيوس جان قوّاق أن مهاجمة الجماعات الإسلامية المتطرفة لمدينة معلولا المسيحية القريبة من دمشق قد تؤثر على المسيحيين الذين يريدون تهجيرهم من سوريا.
861,حذرت اللجنة الأوروبية الدول الأعضاء في الاتحاد الأوروبي من أن التلاعب بالأسعار الإرشادية سوف يساعد في إنهاء النشاط الإجرامي في القطاع المصرفي.
862,يعتبر الإحساس بالبرودة شعوراً انفرادياً، فلكل جلد أجهزة استشعار خاصة بالحرارة والبرودة تسجل درجة حرارة الجسد البشري تقريباً واحدة. لكن كيف يمكن لبعض الأطراف الخاصة باستشعار البرودة؟
863,ذكرت تقارير صحفية أن مجموعة من ثمانية إلى عشرة رجال هاجمت صاحب كشك صغير وعامل يشتغل لديه في سوق عيد الميلاد ببلدة آرنشتات الألمانية بسبب أصل العامل، الذي ينحدر من سوريا.
864,ذكرت مصادر صحفية أن الحكومة التركية دعت روسيا وإيران إلى المشاركة في قمة جديدة بخصوص سوريا في السابع من أيلول/سبتمبر المقبل، فيما تتجه الأنظار إلى إدلب السورية ووضع المدنيين فيها.
865,أعلن مصطفى أديب، الذي كلفه الرئيس اللبناني تشكيل حكومة جديدة بعد ضمان تأييد أغلبية النواب له، أن يبدأ مهمته الصعبة من شارع الجميزة المتضرر بشدة جراء انفجار المرفأ المروع.
866,رغم أنه لم يعد رسمياً أي منافس لدونالد ترامب في السباق الجمهوري للترشح للانتخابات الرئاسية، لم يعد هناك رسمياً أي منافس لدونالد ترامب في السباق الجمهوري للترشح للانتخابات الرئاسية.
867,كشف تقرير إخباري عن عقد جلسة مصغرة مع يوآخيم لوف المدير الفني للمنتخب الألماني لكرة القدم، قبل اجتماعه المقرر في الرابع من كانون أول/ديسمبر المقبل مع إدارة الاتحاد الألماني.
868,قالت اللجنة العلمية الأممية الخاصة ببحث تأثيرات الإشعاع الذري في تقريرها الختامي إنه من المحتمل إصابة الأطفال الذين تعرضوا لمستويات مرتفعة من الإشعاع الناجم عن محطة فوكوشيما بسرطان الغدة الدرقية مستقبلا.
869,"دعا الأمين العام للأمم المتحدة مجلس الأمن إلى إنهاء حالة الشلل في الشأن السوري والقيام بتحرك ""مفيد"" لوقف العنف، فيما أغلق محتجون في لبنان المعبر الحدودي الشمالي مع سوريا لمنع شحنات وقود من الوصول إلى سوريا."
870,قال الرئيس الأمريكي باراك أوباما إنه يتعين على إيران أن تنظر للدبلوماسية كوسيلة لحل النزاع حول برامجها النووية، مشيرا إلى الدروس المستفادة من محاولات التخلص من الأسلحة الكيماوية.
871,"قرر وزير الداخلية الألماني توماس دي ميزير حظر نشاط جمعية ""أيتام لبنان"" التي تتخذ من مدينة إيسن الألمانية مقرا لها. وقد تم تفتيش مكاتب الجمعية في ولايات بادن فورتمبرغ وبرلين وبريمين وسكسونيا السفلى وشمال الراين- ويستفاليا وراينلاندفالتس."
872,"يبدو أن النجم الألماني باستيان شفاينشتايغر، الذي يضم تشكيلة من لاعبي دوري النخبة الأمريكي (ISS) في مواجهة مع ريال مدريد الإسباني في مباراة ودية بالولايات المتحدة. شفاينشتايغر وجه سؤالا في منتهى الغرابة وهو ""هل تريد أن تفوز بكأس العالم؟""."
873,قال وزير الخارجية الهولندي وجوديث شبيغل إنهما اختطفا في اليمن.
874,"أطلقت القوات العراقية اسم ""لبيك يا عراق"" على العمليات العسكرية التي تقوم بها ضد تنظيم الدولة الإسلامية في محافظتي صلاح الدين والأنبار."
875,"يبدو أن النحل القاتل، الذي يطلق عليه اسم ""النحل القاتل""، يشكل إحدى قصص الخيال العلمي. لكن هذا النوع من النحل القاتل ليس كذلك في جزر بورتوريكو الأمريكية."
876,أطلق مسلحون موالون لروسيا سراح مراقبين عسكريين في شرق أوكرانيا.
877,قتل 27 شخصا على الأقل في انفجار بركان في طوكيو، حسبما قال مسؤولون.
878,بعد بضعة أيام من رؤية مختلفة شهدت تكدس قوات أمن ومروحيات على معبر حدودي جنوبي النمسا، صعود زعماء الاتحاد الأوروبي وآلاف المواطنين أحد جبال الالب مع المستشار النمساوي سيباستيان كورتس.
879,تأهل فريق بوروسيا دورتموند إلى نهائي كأس ألمانيا لكرة القدم بعد فوزه الثمين بهدفين نظيفين على ضيفه فولفسبورغ، في الدور نصف النهائي للمسابقة، فيما واصل دورتموند أداءه ونتائجه القوية في الفترة الأخيرة.
880,"ألقت السلطات البريطانية القبض على مواطنين أجنبيين بتهمة ""التخطيط والسفر إلى سوريا عبر تركيا""."
881,شهد الربع الأول من العام الجاري مسلسل العنف ضد نزل اللاجئين في عام 2016 بشكل يثير قلق المسؤولين، فيما حذرت الهيئة الاتحادية لمكافحة الجريمة المتطوعين لمساعدة اللاجئين والسياسيين المحليين والصحافيين من القتل على خلفية سياسية.
882,"دعا وزير الخارجية الألماني فرانك فالتر شتاينماير جميع أطراف الأزمة السياسية في أوكرانيا إلى التحلي ببعد النظر وتجنب القيام ""بأعمال استفزازية قد تكون تداعياتها مميتة"". كما دعت منسقة السياسة الخارجية في الاتحاد الأوروبي إلى التحلي ببعد النظر."
883,أعلن الرئيس الأمريكي باراك أوباما نيته إغلاق معسكر غوانتانامو في ولاية إلينويز على الأرض الأميركية، لكنه لم يلغ بعد المحاكم العسكرية المثيرة للجدل التي أصدرها سلفه بوش في مجال مكافحة الإرهاب.
884,أدان رئيس هيئة الأركان الأمريكية المشتركة شحنة صواريخ روسية مضادة للسفن إلى سوريا قائلا إنها يمكن أن تزيد قوات الرئيس بشار الأسد جرأة وتستمر في خوض حرب أهلية دامية. فهل هذا تناقض أم سخرية؟
885,استدرك الرئيس الروسي، فلاديمير بوتين، التصويت على الانتخابات الرئاسية في أوكرانيا.
886,"ألغى رئيس البرلمان الألماني ـ بونديستاغ علانية عدم عقد لقاء مع رئيس البرلمان الألماني نوربرت لامرت. لكن لامرت أكد في حديثه مع DW على أن مصر ""دولة مهمة""، لكنه تصرف في خدمة فكرة الديمقراطية وفي خدمة النظام البرلماني."
887,"كشف النجم البرتغالي كريستيانو رونالدو عن السر وراء احتفاله بتسجيل الأهداف في شباك الخصوم، إذ يقفز عالياً ويفتح ذراعيه ثم يقول كلمته الشهيرة ""نعم"" عندما كنت ألعب في ريال مدريد."
888,ألقت الشرطة الإسبانية القبض على مجموعة من الفتيات البلغارية البالغة من العمر 18 عاماً، على خلفية تهديدهن لشبكة تتاجر بالبشر، بحسب الشرطة.
889,دعا البيت الأبيض الرئيس الأمريكي دونالد ترامب إلى إنهاء البرنامج والحد من الأموال الإضافية للرعاية الصحية للفقراء.
890,قضت المحكمة الدستورية العليا في مصر بوقف قرار الرئيس محمد مرسي بعودة مجلس الشعب للعمل بعد حله. يأتي ذلك عقب اجتماع طارئ عقدته لدراسة قرار مرسي ببطلان قانون انتخابات مجلس الشعب الذي جرت بموجبه الانتخابات.
891,قالت وزارة الداخلية المصرية إنها لا تزال تحتفظ بحقها القانوني في اتخاذ كافة الإجراءات القانونية ضد وكالة رويترز.
892,"قالت جماعة حزب الله اللبنانية إن هجوم انتحاري استهدف بلدة عرسال الحدودية اللبنانية على الحدود مع لبنان ""لا يريد حلا سياسيا""."
893,أدى الرئيس السوري بشار الأسد اليمين الدستورية في القصر الرئاسي في دمشق، وذلك بعد مرور ثلاث سنوات على بدء الحرب الأهلية في سوريا.
894,أعلن رئيس الحزب الاشتراكي الديمقراطي مارتن شولتس تخليه عن منصب وزير الخارجية في الحكومة الائتلافية المرتقبة. شولتس قال إنه لا يرغب في أن يؤثر على تصويت قاعدة الحزب على مصير الائتلاف مع التحالف المسيحي.
895,وقعت تركيا ودول الاتحاد الأوروبي اتفاقا للدخول في المحادثات المتعلقة بدخول المهاجرين غير الشرعيين إلى دول الاتحاد الأوروبي.
896,"نفذت القوات الأمريكية ضربة جوية في سوريا استهدفت ""الجهادي جون"" الذي يشتبه في ظهوره في مقاطع فيديو نشرها تنظيم ""الدولة الإسلامية"" لعمليات قطع رؤوس رهائن."
897,قتل جندي فرنسي في هجوم على متحف اللوفر بباريس، حسبما قال مسؤولون فرنسيون.
898,"يعتبر التنبؤ الجوي من أكثر القضايا التي تخضع للنقاش ومن الأمور التي لا يمكن تحديدها بشكل تام. مشروع البحث الدولي ""CHOP"" الذي تشرف علية الأمم المتحدة ويمتد لمدة تسعة أشهر، يهدف إلى تقديم معلومات دقيقة حول الغيوم المحملة بالأمطار."
899,قال رئيس المجلس الأعلى لليهود في ألمانيا جوزيف شوستر إن الهجمات الإرهابية التي وقعت في باريس وكوبنهاغن دفعت كثيرا من الناس لإعادة التفكير في أسلوب التعامل مع الأجانب.
900,"قال المتحدث باسم القوات المسلحة الليبية التابعة لمجلس النواب المنتخب، أحمد المسماري، إن ""داعش والأذرع الإخوانية والتنظيمات التابعة للقاعدة تحالفوا في ليبيا لنشر التطرف""، متهماً قطر بنقل ""مسلحي داعش من سوريا إلى ليبيا""."
901,قال مكتب النائب العام السويسري إنه يحقق مع الأمين العام السابق للاتحاد الدولي لكرة القدم، ناصر الخليفي، بتهمة بيع حقوق بث مباريات كأس العالم لكرة القدم 2018 و2022 و2026.
902,"في سلسلة خاصة من سلسلة ""سعوديون أونلاين"" التي نشرتها بي بي سي على موقع التواصل الاجتماعي تويتر تحدث المعارضون عن حرية العقيدة في المملكة."
903,قالت منظمة هيومان رايتس فيرست المعنية بحقوق الإنسان إن السلطات البحرينية اعتقلت 28 معتقلا من زملائهم الذين اعتقلوا تحت سلطة الاحكام العرفية اثر ادانتهم.
904,اتهمت السفارة السعودية في الولايات المتحدة بفتح تحقيق في مزاعم بشأن اختراق هاتف رئيس شركة أمازون جيف بيزوس مالك شركة أمازون الأمريكية العملاقة.
905,تظاهر عشرات الآلاف من المتظاهرين في العاصمة اليمنية صنعاء للمطالبة بإصلاح الجيش اليمني.
906,يرى تقرير صحفي أن المملكة العربية السعودية التي تعاظم نفوذها السياسي باتت فاعلاً إقليمياً قوياً بعدما كان اسمها يترّدد أكثر في نجاحاتها الاقتصادية خلال عقود مضت.
907,"قال وزير الخارجية الماليزي إن تقارير عن التجسس قد تسبب ""ضررا كبيرا"" في العلاقات الماليزية مع الولايات المتحدة."
908,يقدم غونتر هوداش، مدرب متخصص في علاج التوتر الناجم عن كثرة المشاغل، ثلاثة تمارين بسيطة للتخلص من الإجهاد في العمل، لذلك يقدم ثلاثة تمارين بسيطة للتغلب على هذا الأمر.
909,واصل الناخبون المصريون الإدلاء بأصواتهم في اليوم الثاني والأخير للانتخابات الرئاسية، التي يتوقع أن يفوز بها وزير الدفاع السابق عبد الفتاح السيسي. يأتي ذلك بعد ساعات من إغلاق لجان الاقتراع في القاهرة.
910,قال المرصد السوري لحقوق الانسان المعارض إن الجيش السوري يحاول من اسابيع التقدم باتجاه حلب من الشرق تحضيرا لشن هجوم.
911,على مدى أربعة أيام متتالية، يفتح معرض لايبزغ الدولي للكتاب أبوابه لهواة الأدب وعشاق الفن والراغبين على التعرف على الجديد في عالم الأدب بمختلف أنواعه وأجناسه. هذا التراجع لم يقتصر على معرض الكتاب فحسب بل شمل سوق الكتاب بصفة عامة.
912,قتل 13 شخصا على الأقل في غارة جوية استهدفت معاقل المتشددين في منطقة زوي سايدغاي شمالي وزيرستان.
913,قال الرئيس الروسي فلاديمير بوتين إنه لا يتوقع رفعا للعقوبات الأوروبية المفروضة على البلاد بسبب موقف روسيا في أوكرانيا.
914,نفت قطر الاتهامات التي وجهت لها بخصوص إدارة حملة سرية للنيل من المرشحين الآخرين لاستضافة مونديال 2022، فيما نفت اللجنة العليا للمشاريع والإرث الاتهامات التي وجهت لها بخصوص إدارة حملة سرية للنيل من المرشحين الآخرين.
915,"ناقشت صحف عربية، عدة موضوعات منها زيارة وزير الخارجية الأمريكي، مايك بومبيو للشرق الأوسط، إلى العراق، على خلفية قرار الرئيس الأمريكي الانسحاب من سوريا، وذلك في إطار ""عملية إعادة تموضع السياسة الأمريكية في الشرق الأوسط""."
916,نجح علماء ألمان في تطوير مادة فعالة تثبط من عملية موت الخلايا العصبية في الدماغ، حيث نجحوا في تطوير مادة فعالة تثبط من عملية موت الخلايا العصبية في الدماغ، لكنهم حذروا من أنه لا زال من المبكر عقد آمال كبيرة على نتائج الأبحاث.
917,اتفقت إيران والولايات المتحدة على التوصل إلى اتفاق نهائي بشأن البرنامج النووي الإيراني.
918,فاز فريق فيردر بريمن على باير ليفركوزن بهدف يتيم أحرزه لاعب خط الوسط مسعود أوزيل في آخر مباراة له مع فريقه في الملعب الأولمبي في برلين. بريمن حقق فوزاً مستحقاً على ليفركوزن بهدف يتيم أحرزه لاعب خط الوسط مسعود أوزيل.
919,فاز ماراثون بوسطن بلقب سباق الماراثون الوحيد في الولايات المتحدة، وذلك بعد أن فاز بسبعة وعشرين ألف عداء.
920,أعلن يورغن كلوب مهاجم بروسيا دورتموند روبرت ليفاندوفسكي أن فريقه لم يتلقى لحد الآن أي عرض رسمي من قبل فريق بايرن ميونيخ في الأيام القليلة المقبلة، وذلك بعد أن كشف ممثل آخر للاعب في وقت سابق بأن ليفاندوفسكي سيترك دورتموند للانضمام إلى بايرن.
921,قالت مفوضية اللاجئين التابعة للأمم المتحدة إن عدد النازحين الذين سيطروا على مدينتي الفلوجة والرمادي في محافظة الأنبار العراقية بلغ 65 ألفا.
922,قتل 15 مدنياً في قصف جوي شنته قوات النظام في مدينة معرة النعمان في شمال غرب سوريا، وفق حصيلة جديدة للمرصد السوري لحقوق الإنسان. وأسفر القصف عن مقتل 15 مدنياً وفق حصيلة جديدة للمرصد.
923,"رفضت السلطات الألمانية الإدلاء بتصريحات عن ثلاثة أشخاص على خلفية قطع فعاليات مهرجان ""روك آم رينغ"" الموسيقي في ولاية راينلاند بفالتس المجاورة مساء أمس الجمعة على خلفية وجود تهديد إرهابي."
924,أظهر استطلاع للرأي أن الفساد ازداد سوءا في معظم الدول العربية منذ انتفاضات الربيع العربي عام 2011، رغم أن الغضب على فساد المسؤولين كان سببا رئيسيا في تفجيرها، رغم أن الغضب على الفساد كان سببا رئيسيا في تفجيرها.
925,"قالت جماعة ""أنصار المسلمين في بلاد السودان"" إنها قتلت سبعة رهائن بريطانيين في غارة شنتها القوات البريطانية على موقع تابع لشركة ""ستراكو"" البريطانية."
926,عبر كلاوس ألوفس مدير نادي فولفسبورغ عن غضبه من فريق بايرن ميونيخ ومن مدربه جوزيب غوارديولا بعد خسارته أمام فريق فرايبورغ، الذي يخسر ثلاث مباريات متتالية في الدوري الألماني أمام فريق فرايبورغ.
927,استدعت السلطات السودانية القائم بالأعمال الإيراني في الخرطوم لمغادرة ثلاثة مراكز ثقافافية إيرانية في السودان.
928,"يبدو أن أزمة السباق الدولي للدراجات لم تنتهي عند ذلك، لكن فريق ""رابوبنك"" الذي يُعتقد أنه غاب لأكثر من مرة عن اختبارات تعاطي المنشطات وأخرى بسبب تغيبه. فما هي خلفيات هذا القرار؟"
929,يعيش العنكبوت الحرير الذهبي في أمريكا الجنوبية، لكن هذه العناكب قادرة على التعايش مع بعضها البعض في مكان ضيق، خاصة إذا كان أحد سكان البيت يخاف من العناكب، خاصة إذا كان أحد سكان البيت يخاف منه.
930,قضايا عديدة شغلت اهتمام مستخدمي مواقع التواصل الاجتماعي في العالم العربي، لعل أبرزها شجب الممارسات العنصرية التي تعرضوا إليها في المجتمعات العربية.
931,اكتشفت إحدى المقابر الأثرية البشرية المكتشفة في مدينة أسوان جنوبي مصر، ما أدى إلى تمتع عدد من الأفراد بصحة جيدة.
932,"قال الأمين العام للأمم المتحدة بان كي مون إنه ""لا يوجد مجال للانتقام أو للإقصاء لأي حزب كبير أو طائفة في مصر""."
933,تراجعت نسبة تساقط الشعر الجديد على رأسه لتعويض الشعر المتساقط. وعند الذكور يربط المتخصصون بين تساقط الشعر وبين هرمون التستوستيرون، لكن البعض الآخر يفقد شعره لأسباب نفسية كالاكتئاب الحاد.
934,"وصلت مركبة الفضاء الروسية ""سويوز"" إلى محطة الفضاء الدولية، حيث نجحت في نقل طاقم جديد مكون من ثلاثة أفراد، بحسب ما ذكرته وكالة إنترفاكس الروسية للأنباء."
935,أظهرت دراسة حديثة أن آراء الشخص عن البكاء قد يؤثر على مدى استعداده للبكاء وعلى حالة الشخص النفسية بعد البكاء.
936,قال وزير الدفاع الامريكي تشاك هيغل إن الرئيس المصري عبد الفتاح السيسي عبر عن مواساة الولايات المتحدة لضحايا التفجيرات التي وقعت في القاهرة يوم الاحد.
937,اتفقت الوكالة الدولية للطاقة الذرية والجمهورية الإيرانية والجمهورية الإيرانية على عقد جولة جديدة من المحادثات مع إيران بشأن برنامجها النووي.
938,حقق المنتخب الجزائري فوزا كبيرا على سلوفينيا وانجلترا في المباراة التي جمعت بينهما في العاصمة الاماراتية لندن.
939,قالت وزارة الداخلية في قطاع غزة إن اكثر من مليون نسمة من سكان القطاع قد اجتازوا الحدود الى مصر في الايام الثلاثة الاخيرة.
940,قالت الشرطة الجنوب افريقية إن مجموعة من المشجعين المشاغبين حاولوا دخول البلاد برفقة 80 مشجعا آخرين، وذلك بعدما وجدت اسماءهم على لائحة سوداء.
941,طالبت شركة التأمين الأسترالية بمنح تعويض مناسب للاعبين سابقين في الدوري الأسترالي لكرة القدم (بوندسليغا) بعد تعرضهم لصدمات في الرأس خلال مباراة أثرت عليهم.
942,"أظهر تقرير للأمم المتحدة أن ارتفاع متوسط درجة الحرارة العالمية ""أقل بكثير"" من درجتين مئويتين فوق مستويات ما قبل العالم الصناعي، فيما تسعى اللجنة الدولية للتغير المناخي إلى تشديد الهدف إلى 1.5 درجة مائوية."
943,"ذكرت صحيفة ""بيلد آم زونتاغ"" الألمانية أن مخطط أن يتلقى أطفال نساء ""داعش"" الألمانيات رعاية من أفراد عائلتهم ومؤسسات اجتماعية عقب عودتهم إلى ألمانيا. وكان ماسن قد حذر من الخطر الذي يشكله أطفال ونساء ينتمون إلى أوساط الإسلاميين المتطرفين."
944,اتهم الرئيس السوري بشار الأسد بعض الدول بتقديم مزيد من السلاح والدعم إلى المجموعات المعارضة للنظام، في إشارة إلى تركيا. يأتي ذلك في وقت حصدت فيه الغارات الجوية أرواح 18 مدنيا على الأقل في شمال غرب سوريا.
945,"دعا المتحدث باسم شؤون الدفاع بالكتلة البرلمانية للاتحاد المسيحي الديمقراطي، الذي تنتمي إليه المستشارة ميركل، إلى مواصلة مشاركة سلاح الجو الألماني في التحالف الدولي الذي يحارب تنظيم ""داعش"" في سوريا والعراق."
946,بعد يوم واحد من إعلان رئاسة هيئة الأركان العامة للجيش التركي أنها بدأت إقامة نقطة مراقبة رابعة في منطقة خفض التصعيد في إدلب، أعلن الجيش التركي مقتل جندي في هجوم استهدف نقطة مراقبة في محافظة إدلب شمالي سوريا.
947,كشف تقرير لمنظمة الأمم المتحدة للأغذية والزراعة (الفاو) وبرنامج الغذاء العالمي أن ما يزيد على مليار إنسان يعانون من سوء التغذية خلال أربعة عقود من الزمان، أي ما يعادل سدس سكان العالم.
948,أعلن وزير الخارجية الفرنسي جان-إيف لودريان أن المجلس الأوروبي المقرر عقده نهاية الشهر الجاري سيخصص في المقام الأول للمسألة التركية والتوتر في شرق البحر المتوسط وبخاصة درس فرض عقوبات على أنقرة.
949,رفعت إدارة الولايات المتحدة حظر تبرع المثليين بالدم للرجال الذين يمارسون الجنس مع رجال آخرين.
950,قال الجيش النيجيري إنه أنقذ 234 من النساء والأطفال من معسكرات تابعة للجماعة بوكو حرام الإسلامية المتشددة في منطقة غابات سامبيسا فورست شمال شرقي البلاد.
951,رفعت الولايات المتحدة عقوباتها على إيران ردا على التجارب الصاروخية الأخيرة لبرنامجها النووي.
952,اكتشفت مصر أدلة أخرى على أن غرفة سرية - يعتقد البعض أنها موقع الدفن الذي لم يعرف بعد للملكة نفرتيتي ربما تكون موجودة وراء قبر الملك توت عنخ آمون. يأتي ذلك بعد مسح الرادار الأولي الذي تم إرساله إلى اليابان.
953,أعلن مسؤولون في أمريكا الشمالية أنهم لن يتمكنوا من رؤية خسوف كامل للقمر خلال عام 2014.
954,رياضة لو جونغ هي جزء من حياتي، إذ تلعب دورا كبيرا في تحقيق التوازن بين الجسد والروح، لكن هذه الرياضة تجعلها تشعر بمرونة أكثر في حركة جسمها. لكن هذه الرياضة تساعد المرء في التغلب على التوتر ويشعره بالراحة.
955,أظهرت تقارير إعلامية أن شركة آبل طرحت هاتف آي فون إكس، الذي طرحته شركة نوكيا الفنلندية عام 2003، قرابة 250 مليون نسخة حول العالم. هذا الهاتف الذي طرحته شركة نوكيا الفنلندية عام 2003 يبقى أكبر دليل على نجاح هذا الهاتف.
956,قتل خمسة أشخاص على الأقل في هجوم شنه مسلحون بالرشاشات والأحزمة الناسفة على بناية مديرية الأمن في ولاية ورداك جنوبي أفغانستان.
957,أظهرت نتائج دراسة حديثة أن مركبة أمريكية تمكنت من تحديد مكان مسار زحل من موقع الرصد البعيد على الأرض من مسافة تصل إلى مليار ميل.
958,دعا رئيس المفوضية الأوروبية جان كلود يونكر المجتمع الدولي إلى ضمان أن يسير الأمن والتنمية جنبا إلى جنب، فيما تعهد الاتحاد الأوروبي بمبلغ إضافي قيمته 50 مليون يورو.
959,أكد الاتحاد الألماني لكرة القدم أنه سيتخذ قراره بشأن الاستعانة بتكنولوجيا خط المرمى في مباريات الدوري الألماني البوندسليغا في آذار/ مارس المقبل.
960,قالت الشرطة الأسترالية إنها أصيبت بست شظايا من رصاصة أطلقها مسلحون في مقهى في مدينة سيدني الأسترالية.
961,مثل سيب بلاتر رئيس الاتحاد الدولي لكرة القدم الموقوف أمام لجنة القيم التابعة للفيفا للنظر في إمكانية رفع الإيقاف عنه، فيما قرر مكتب المدعي العام السويسري فتح تحقيق جنائي معه بسبب مدفوعات تزيد عن مليوني دولار تسلمها بلاتيني.
962,قال باحثان أمريكيان إنهما اكتشفا أجهزة طبية مزيفة، جذبت آلاف القراصنة.
963,دعا مجلس الأمن الدولي إلى عقد جلسة طارئة لمناقشة تطورات أزمة مسلمي الروهينغا في ميانمار، فيما أعلنت الحائزة على جائزة نوبل للسلام خططا لحضور الجمعية العامة للامم المتحدة في وقت لاحق هذا الشهر.
964,قال ناطق باسم قاعدة اوشيانا البحرية في فرجينيا إن طائرة مماثلة قتلت في حادث اسفر عن اضرار مادية جسيمة.
965,"اقتنص البريطاني لويس هاميلتون سائق مرسيدس صدارة الترتيب العام لفئة السائقين بعد فوزه بلقب سباق ""جائزة إيطاليا الكبرى"" ضمن بطولة العالم لسباقات سيارات فورمولا-1."
966,قال الجيش السوداني إن أربعة جنود واثنين من المدنيين قتلوا في هجوم شنه مسلحون على موقع تابع للقوات المسلحة السودانية قرب الحدود مع دارفور.
967,قالت الشرطة في أيسلندا إنها اعتقلت ثلاثة أشخاص على الأقل بتهمة استخدام أجهزة الكمبيوتر المسروقة في عمليات إصدار عملات مشفرة.
968,قالت مصادر امنية وطبية عراقية إن ثلاثة اشخاص على الأقل قتلوا في هجومين انتحاريين استهدفا نقطة تفتيش للجيش والمتطوعين في مدينة جرف الصخر شمال شرقي بغداد.
969,أظهرت دراسة حديثة تحذيرات هائلة من مخاطر كثرة الجلوس لفترات طويلة، ربما لم تكن من ضمن الحسابات سابقاً سابقاً. فكيف يمكن التخفيف من هذه المخاطر؟
970,أعلنت السلطات الألمانية إجلاء نحو 21 ألف شخص من منازلهم في مدينة كوبلنتس لإبطال مفعول قنبلة من مخلفات الحرب العالمية الثانية، في الوقت الذي يستعد فيه عشرات الآلاف للإجلاء غدا الأحد لنفس السبب.
971,وجه الرئيس الصيني الجديد، شي جين بينغ، رسالة إلى زعيم التبت، ليو كسياوبو، لمساعدته في تحرير بيان يدعو إلى التغيير السياسي في البلاد.
972,تأهل فريق الرجاء المغربي إلى نصف نهائي دوري أبطال أوروبا لكرة القدم بعد فوزه على أوكلاند سيتي بثلاثة أهداف مقابل لا شيء في المباراة التي جمعت بين الفريقين على ملعب أجادير.
973,قال ممثل صندوق النقد الدولي في اليمن غازي شبيكات إن الحكومة اليمنية تستهدف عجزا أكبر في موازنة العام الجديد مقارنة بموازنة 2013 وإيجاد تمويل لهذا العجز سيشكل تحديا حقيقيا للحكومة.
974,على الرغم من أن الحرب الالكترونية في المانيا، إلا أن هناك ما يكفي من الهجمات الموجهة الكترونيا مثل الحرب التقليدية مثل خطر الحرب التقليدية، إلا أن هناك ما يكفي من الهجمات التي تتزايد يوميا.
975,"يرى المحلل السياسي طوني أبي نجم في حوار مع DW عربية أن منطقة ""خفض التصعيد"" في الجنوب السوري ستكون العنوان التالي لتصعيد العمليات العسكرية لقوات النظام السوري بعد طي صفحة الغوطة ومحيط دمشق."
976,أوقفت القوى الأمنية اللبنانية أكبر شبكة للاتجار بالنساء لأهداف جنسية يتم الكشف عنها خلال خمس سنوات وأنقذت 75 فتاة غالبيتهنّ من السوريات، وفق مصدر أمني لبناني.
977,توصلت دراسة حديثة إلى أن الخلايا التائية، التي تلعب دوراً أساسياً في ضمان مناعة الجسم لمقاومة مسببات الشيخوخة، قد تسرّع إصابتنا بالشيخوخة. لكن دراسة حديثة كشفت أن هذه الخلايا قد تسرّع إصابتنا بالمرض.
978,أعلن كارل هاينتس شروتر وزير داخلية ولاية براندنبورغ الألمانية أن القنبلة الوهمية التي تم العثور عليها في سوق الكريسماس في مدينة بوتسدام كان بغرض ابتزاز شركة البريد السريع.
979,قتل 27 شخصا على الأقل وأصيب العشرات في اشتباكات بين قوات الأمن الداخلي السوري ومسلحي المعارضة في مدينة القامشلي السورية.
980,"يلقي الرئيس الامريكي جورج بوش كلمة وصفها بأنها كانت عالية لكنه سيؤكد أن زيادة القوات الأمريكية هناك فتحت الباب أمام ""نصر استراتيجي كبير"" على المتشددين الإسلاميين. بوش يُنتظر أن يحذر من انسحاب متسرع للقوات الأمريكية."
981,كشفت دراسة حديثة أن النساء الحوامل ممن يتعاطين مسكن باراسيتامول كمسكن للألم بصفة منتظمة ولفترات طويلة يعرضن للخطر مستويات هرمون التستوستيرون لدى أولادهم ما يسبب لهم مشاكل تناسلية محتملة في مراحل لاحقة من حياتهم.
982,تُوَّج اللاعب البلجيكي كيفين دي بروين أداءه غير العادي هذا الموسم بكسر رقم قياسي. نجم خط الوسط وصانع الألعاب الماهر ساعد زملاءه من خلال تمريراته الحاسمة في تسجيل 21 هدفا في مباريات الدوري الألماني هذا الموسم.
983,أعلن مكتب الدولة لمعلومات الانترنت في الصين أنه لن يسمح بتوفير منتجاتها في عمليات السيطرة على أنظمة العملاء أو تعطيلها أو استخدامها.
984,"وصف الرئيس الأمريكي باراك أوباما الاتفاق الدبلوماسي الخاص بسوريا بـ ""الخطوة المهمة والملموسة"" إذا لم يكن مدعوما بالتهديد باستخدام القوة العسكرية."
985,"كذب الحبيب ثمة ما يطلق عليه ""الأكاذيب البيضاء"" في العلاقات العاطفية، لكن طريقة الإجابة على بعض الأسئلة قد تساعدك على معرفة مدى صدق أو كذب أحدهم. فكيف يمكن الإجابة على بعض الأسئلة؟"
986,أعلن نادي بوروسيا دورتموند لكرة القدم غياب لاعب خط الوسط إلكاي غوندوغان عن المنتخب الألماني في بطولة أمم أوروبا (يورو 2016) التي ستقام بفرنسا بسبب إصابته في الركبة.
987,"ذكر مصدر بوزارة الداخلية المصرية أن تسعة عناصر ""إرهابية"" قتلوا اليوم الأحد في تبادل لإطلاق النار أثناء مداهمة أمنية بمنطقة العجوزة بالجيزة."
988,قال وزراء خارجية 11 دولة عربية وغربية إنهم اتفقوا على إرسال أسلحة إلى المعارضة السورية لمحاربة قوات الرئيس بشار الأسد.
989,قالت وزيرة الخارجية الباكستانية، وزيرة الخارجية الباكستانية، إنها يمكنها إهمال تقرير سري لحلف شمال الأطلسي، يشير إلى وجود علاقات مع حركة طالبان في أفغانستان.
990,أظهرت دراسات حديثة أن هناك علاقة بين التهاب اللثة واحتمال التعرض لنوبات قلبية أو جلطات. لكن الأطباء يحذرون من هذا الأمر، لكنهم يحذرون من هذا الأمر.
991,أعلن وزراء خارجية دول الاتحاد الأوروبي تعليق تراخيص تصدير التجهيزات الأمنية والأسلحة إلى مصر، وذلك على خلفية الأحداث الدامية التي شهدتها مصر. بيد أن الوضع المصري فرض نفسه بقوة على الأجندة الأوروبية قبل العربية.
992,"أعلن محامي مدير شركة نيسان، جونيتشيرو هيروناكا، أن بلاده ""فشلت في ترتيب محاكمة عادلة لموكله تحترم حقوق الإنسان العالمية""."
993,قالت حركة الجهاد الاسلامية في قطاع غزة إن ثلاثة فلسطينيين قتلوا في غارة جوية اسرائيلية على اراضيها.
994,أفادت الأنباء الواردة من أفغانستان بأن انفجارا استهدف منشأة تابعة لقوات التحالف الذي تقوده الولايات المتحدة في العاصمة كابول.
995,بعد خروج فريق باريس سان جيرمان على يد المدرب زيدان وكتيبته من دور الستة عشر لنسخة بطولة دوري أبطال أوروبا، يبدو أن هذا الأمر فتح باب التكهنات على مصرعيه، لكنه فتح باب التكهنات على مصرعيه حول مسألة المدرب واضحا.
996,أفرج الرئيس الفرنسي، فرانسوا هولاند، عن الرهينة الفرنسية، إيزابيل بريم، التي اختطفت في اليمن.
997,أعلنت المنظمة الدولية للاتحاد الدولي لكرة القدم (فيفا) أن الرئيس السابق لاتحاد كرة القدم قطري السابق نيكولاس ماين-نيكولاس ينوي الطعن على قرار منعه من المشاركة في أي نشاط كروي لسبعة أعوام.
998,"ذكرت تقارير صحفية أن الدولي الإسباني سيسك فابريغاس استعاد شريط ذكرياته مع صديقه المُقرب ليونيل ميسي، الذي لعب سويا في أكاديمية برشلونة ""لا ماسيا"" في مرحلة الطفولة. فما هو سبب ذلك؟"
999,شارك عشرات الآلاف من عمال القطاعين العام والخاص في مظاهرة نظمها رئيس الوزراء اليوناني انتونيس ساماراس في مقر البرلمان وسط تحليق لطائرات هليكوبتر.
