idx,prediction
0,"قال المتحدث باسم فرق الإطفاء الليفتنانت كولونيل غابريل بلوس لوكالة فرانس برس إنه ""تمت السيطرة بالكامل على الحريق (في كاتدرائية نوتردام). لقد أخمد جزئيا، وهناك بؤر لا تزال مشتعلة نعمل على إخمادها"". والحريق الضخم الذي لم تعرف أسبابه حتى الساعة اندلع قبيل الساعة السابعة مساء في الكاتدرائية الباريسية التاريخية وقد أدت النيران إلى انهيار برج الكاتدرائية القوطية التي شيدت بين القرنين الثاني عشر والرابع عشر والبالغ ارتفاعه 93 مترا، وسقفها. وشارك حوالى 400 إطفائي في مكافحة النيران ومحاولة إنقاذ برجيها الأماميين، وهو ما تمكنوا من تحقيقه قبيل منتصف الليل. وأفادت فرق الإطفاء أن الحريق ""مرتبط على الأرجح"" بورشة الترميم التي تشهدها الكاتدرائية البالغ عمرها 850 عاما والمدرجة"
1,"وتشهد محافظتا الانبار ونينوى انتخابات المجلس المحلي حيث يقوم أكثر من ثمانية ملايين ناخب باختيار 69 عضوا في مجالس المحافظتين الواقعتين في شمال وغرب البلاد من بين 1185 مرشحا ينتمون ل 44 كيانا وائتلافا حزبيا. كانت المحافظتان استثنيتا من الانتخابات التي جرت في نيسانابريل الماضي بسبب ""الظروف الأمنية"" بهما. ويقول حداد صالح من مكتب بي بي سي في العراق إن قيادة عمليات الانبار نفت في خبر عاجل بثه تلفزيون العراقية شبه الرسمي خبر سقوط تلك القذائف رغم وجود صور التقطتها بعض وسائل الاعلام في مكان الحادث. وفي مدينة الموصل مركز محافظة نينوى، أفاد مصدر أمني بمقتل شرطيين اثنين وموظف في مفوضية الانتخابات وجرح اربعة موظفين آخرين في حادثيين منفصلين بانفجار عبوات ناسفة زرعت على جانب الطريق."
2,"أعلن الائتلاف الوطني لقوى المعارضة والثورة السورية الأربعاء (الثامن من أيار مايو 2013) أن أي حل سياسي للنزاع المستمر في سوريا منذ 26 شهرا يجب يبدأ برحيل الرئيس بشار الأسد، في رفض غير مباشر لدعوة روسيا والولايات المتحدة إلى حوار بين الطرفين المتقاتلين يضع حدا للنزاع على أساس اتفاق جنيف. وقال الائتلاف في بيان أنه ""يرحب بكل الجهود الدولية التي تدعو لحل سياسي يحقق تطلعات الشعب السوري وآماله في دولة ديمقراطية على أن يبدأ برحيل بشار الأسد وأركان نظامه"". وكان وزيرا الخارجية الروسي والأميركي سيرغي لافروف وجون كيري قد أعلنا في موسكو يوم أمس أن البلدين اتفقا على حث النظام السوري ومعارضيه على إيجاد حل سياسي. وينص اتفاق جنيف الذي توصلت إليه مجموعة العمل حول سوريا (الدول الخمس الأعضاء في مجلس الأمن وتركيا والجامعة العربية)"
3,في مباراة ظلت نتيجتها معلقة حتى اللحظات الأخيرة فرض التعادل الإيجابي 4  4 نفسه على لقاء هانوفر مع ضيفه بايرليفركوزن اليوم الأحد (17 ديسمبر 2017) في المرحلة السابعة عشر لبطولة الدوري الألماني لكرة القدم. ورفع ليفركوزن رصيده إلى 28 نقطة في المركز الرابع، وبات رصيد هانوفر 23 نقطة في صدارة البوندسليغا، فيما تجمد رصيد هانوفر عند 28 نقطة، وتراجع إلى المركز الخامس. وبادر يوليان برانت بالتسجيل لمصلحة ليفركوزن في الدقيقة 11، غير أن إيلاس بيبو أدرك التعادل سريعا لهانوفر في الدقيقة 12، لكن الفريق المضيف لم يهنأ بتقدمه طويلا، بعدما أحرز أدمير محمدي هدف التعادل لليفركوزن في الدقيقة 25. وأعاد فيلكس كلاوس التقدم لهانوفر مرة أخرى بتسجيله الهدف الثالث في الدقيقة
4,"قال كارلو انشيلوتي مدرب ريال مدريد الأربعاء (31 يوليوتموز) إن النادي الاسباني يتفاوض لضم لاعب الوسط جاريث بيل من توتنهام هوتسبير الانجليزي بينما تثور تكهنات بأن لاعب منتخب ويلز سيحطم في طريقه للانتقال إلى اسبانيا الرقم القياسي للانتقالات في عالم كرة القدم. وأبلغ انشيللو في مؤتمر صحفي في لوس انجليس بالولايات المتحدة، حيث يعسكر فريقه ""من الصعب الحديث عن بيل لأنه في هذه اللحظة ليس لاعبا في ريال مدريد."" وقال المدرب الإيطالي ""أعتقد أن النادي يتفاوض للبحث عن حل وسنرى ما الذي سيحدث"" مضيفا أنه لم يتحدث إلى بيل. ووفقا لتقارير إعلامية في اسبانيا وانجلترا فإن ريال يتصدر كوكبة الأندية الساعية لضم بيل، ومستعد لمنح توتنهام مبلغا قياسيا قدره 85 مليون جنيه استرليني (1"
5,"تحطمت غواصة يتم التحكم فيها عن بعد، عندما كانت تستكشف خندقا في أعماق البحار شمال شرق نيوزيلندا، حسبما ذكر موقع ""ذا ستاف"" اليوم الثلاثاء 13 مايو آيار 2014 . وقال مشغلو الغواصة ""نيريوس"" إنها انفجرت نتيجة للضغط، حيث كانت على عمق 10 كيلومترات بينما كان على بعد أكثر من 10 كيلومترات تحت سطح الأرض، عندما كان على عمق عشرة كيلومترات، عندما انفجرت غواصة آلية في أعماق المحيطات، والتي يطلق عليها اسم ""ديب سي تشالنجر"" في عام 2012. ونقل تقرير ""ذا تاف"" عن المخرج السينمائي ومستكشف المحيطات جيمس كاميرون قوله إن خسارة الغواصة ""خسارة مأساوية للعلم"" . وأضاف: ""أشعر وكأنني قد فقدت أحد الأصدقاء. الغواصة نيريوس كانت مذهلة، فقد"
6,"أصيب عشر اشخاص آخرين في الهجوم وذكرت الشرطة أن أكثر من عشرة أشخاص آخرين، بينهم اثنان من أشقاء المسؤول، أصيبوا في الهجوم الذي وقع في وادي سوات. وكان النائب، ويدعى شمشير علي، عضوا في حزب عوامي الوطني، وهو أحد مكونات الائتلاف الذي يحكم الإقليم الواقع على حدود البلاد. وقال فاروق خان أحد أقارب شمشير ""كان الناس يتوافدون لتبادل التهاني معه (مع النائب القتيل) بمناسبة العيد، عندما جاء رجل وفجر نفسه"". وكان شمشير، وهو عضو في الحزب الحاكم، قد قتل في هجوم شنه مسلحون على منزله الذي يملكه في منطقة سوات، في وقت سابق من العام الحالي. يذكر أن باكستان تتعرض لضغوط أمريكية متواصلة كي تستأصل المسلحين الناشطين في المنطقة الحدودية مع افغانستان. وقال رئيس الوزراء البريطاني جوردن"
7,"بعد رحلة طويلة من الإبداع الفني والإنتاج المتواصل رحل الأديب والكاتب الصحفي المصري أنيس منصور الجمعة (21 أكتوبر تشرين الأول) عن عمر 87 يناهز عاما بعد إصابته بالتهاب رئوي وشرخ بين فقرات الظهر. ولد انيس منصور في 18 آبأغسطس 1924 بقرية بالقرب من مدينة المنصورة بدلتا النيل بمصر. وتخرج من كلية الآداب جامعة القاهرة، قسم الفلسفة عام 1947 ثم عمل لفترة أستاذا بقسم الفلسفة بجامعة عين شمس وبجامعة القاهرة، ثم تفرغ للكتابة والعمل الصحفي. بدأ منصور حياته الصحافية في مؤسسة ""أخبار اليوم"" قبل أن ينتقل إلى مؤسسة ""الأهرام"". وترأس إدارة تحرير العديد من المجلات من بينها ""الجيل"" و ""آخر ساعة"" و""أكتوبر""و ""العروة الوثقى"" ""و""المجلة"" و"
8,"قالت مصادر مغربية إن ما حصل كان مجرد مناوشات وقالت الجبهة إن مسلحيها قصفوا منطقة الكركرات الواقعة على الحدود بين الصحراء الغربية وموريتانيا، في منطقة عازلة تشرف عليها قوات الأمم المتحدة. ولم يتضح ما إذا كان الهجوم الصاروخي، الذي وقع في منطقة بعيدة لا يصل إليها الصحفيون، قد أسفر عن وقوع ضحايا. وقال المسؤول البارز في جبهة بوليساريو، سيدي ولد لوكال، لوكالة فرانس برس: ""لن يكون هناك أي ضحايا، كل مواقع الجيش المغربي تشكل هدفا محتملا للهجوم"". وقال مسؤول في الجبهة، إن ""القصف الصاروخي الذي وقع صباح الأحد، لم يسفر عن سقوط ضحايا، ولم يسفر عن وقوع إصابات في صفوف الجيش المغربي. وقال مسؤول بارز في جبهة البوليساريو، إن ما حدث كان مجرد ""مناوشات""، وإن """
9,شهدت فرنسا أسوأ هجوم إرهابي على أراضيها الشهر الماضي، حيث قتل 130 شخصا في باريس وقال برنار كازانوف الثلاثاء إن رجلين، اعمارهما 20 و24 عاما، اعتقلا يوم 19 ديسمبركانون الأول وإنهما احتجزا للاستجواب. ويعتقد أن الرجلين كانا على اتصال بفرنسي آخر يعتقد أنه حاليا في سوريا. وكان أحدهما من توغو بينما يعتقد أن الثاني من بوركينا فاسو بينما كانا في سوريا ويعتقد أن الثاني في توغو. وكان الثاني في سوريا بينما كان في سوريا في وقت سابق من الشهر الماضي. وأشارت تقارير إلى أن أحد المعتقلين في هذه المؤامرة المزعومة من أصول مغربية بينما يعتقدأن الثاني من توجو. مواضيع قد تهمك نهاية وقال كازانوف أيضا إن 3414 شخصا لم يسمح لهم بدخول الحدود الفرنسية منذ إعلان حالة الطوارئ
10,"دعا الرئيس اليمني السابق علي عبد الله صالح اليوم السبت (2 ديسمبر كانون الأول 2017) التحالف بقيادة السعودية إلى وقف الهجمات ورفع الحصار عن اليمن لتمهيد الطريق أمام إنهاء الحرب المستمرة منذ قرابة ثلاثة أعوام. وتأتي الدعوة في وقت تدور فيه اشتباكات في العاصمة صنعاء بين أنصار صالح والحوثيين المتحالفين معه. وقال صالح في كلمة عبر التلفزيون ""أدعو الأشقاء في دول الجوار والمتحالفين أن يوقفوا عدوانهم ويرفعوا الحصار وأن يفتحوا المطارات وأن يسمحوا للمواد الغذائية وإسعاف الجرحى وسنفتح معهم صفحة جديدة للتعامل معهم بحكم الجوار وسنتعامل معهم بشكل إيجابي ويكفي ما حصل في اليمن"". وكان صالح قد قال اليوم السبت في تصريحات صحفية أن ""الشعب اليمني تحرك وقام بانتفاضة ضد العدوان السافر من الحوثي""، وقال ""اليمنيون الآن يختارون قيادة جديدة بعيدا عن"
11,"وفي إطار الخدعة، تظاهر الرجلان باستحضار أرواح من المصباح، كما حدث في إحدى روايات كتاب ""ألف ليلة وليلة""، وفقا لما ذكرته وسائل إعلام محلية. وبحسب تقارير، طلب الرجلان مبلغ 15 مليون روبية (أكثر من 201 ألف دولار) مقابل المصباح، قبل أن يقبلا بدفعة أولى من 3310000 روبية (41584 دولارا). ومازال البحث جاريا عن امرأة يشتبه في أنها شاركت في عملية الاحتيال. وتقدم الطبيب بشكوى لدى الشرطة المحلية الأسبوع الماضي، بحسب تقارير. وقال الطبيب إنه التقى الرجلين في إحدى الزيارات، وشلرجلين اللذين كانا يتقمصان شخصية ""علاء الدين"" الأسطورية. ولن الرجلان لم يكتشفا"
12,"يرغب زعماء دول آسيا والمحيط الهادي في إطار منتدى التعاون الاقتصادي لدول آسيا والمحيط الهادى إيبك في الاعتراف بأن حماية المناخ في عصر التغيرات المناخية تشكل إحدى المصالح الحيوية لديمومة الحياة. وخلال المنتدى اتفق المجتمعون على ""أهداف محددة لدول إيبك بشأن كثافة الطاقة""، والتي ستترجم إلى خفض الطاقة المستخدمة في إنتاج السلع والخدمات. إلا إن هذا الاتفاق جاء مشوبا بإخفاق زعماء دول أوروبا في تحديد أهداف واضحة للحد من الانبعاث المسببة لظاهرة الاحتباس الحراري، ولكنهم اتفقوا من حيث المبدأ على أن الدول الغنية والفقيرة تحتاج إلى خفض الانبعاث ويجب عليها أن تقوم بذلك على السواء. الحل في اتفاق أممي يرى الصحفي المتخصص في شؤون المناخ فريد بيرس في مقابلة مع دويتشه فيله أن اتفاقية تحت رعاية الأمم المتحدة يمكن أن تشكل المخرج الوحيد من أزمة"
13,"أعلنت وزارة الخارجية الأمريكية إعادة فتح 18 سفارة من سفارات الولايات المتحدة التسعة عشر التي أغلقت هذا الشهر بسبب مخاوف من احتمال وقوع هجمات إرهابية بداية من يوم غد الأحد (11 أغسطس آب 2013). فيما قررت مواصلة إغلاق بعثتيها الدبلوماسيتين في العاصمة اليمنية صنعاء ومدينة لاهور الباكستانية، حيث أعلن الرئيس باراك أوباما أمس الجمعة أن تنظيم القاعدة مستمر في تهديد أمن الولايات المتحدة والعالم. وقالت جين بساكي، المتحدثة باسم الخارجية الأمريكية، إن ""سفارتنا في صنعاء ستظل مغلقة بسبب استمرار القلق من تهديد يشير إلى احتمال وقوع الهجمات إرهابية من تنظيم القاعدة في جزيرة العرب."" وأضافت أن الولايات المتحدة ستبقى أيضا قنصليتها في لاهور بباكستان مغلقة، قائلة إنها أغلقت يوم الخميس بسبب ""تهديد منفصل موثوق به."" وأغلقت الولايات المتحدة السفارات التسعة عشر في الشرق الاوسط في الثاني"
14,"يواصل فيروس كورونا انتشاره السريع في أرجاء متفرقة حول العالم، مع زيادة مهولة لنسب الإصابات بهذا الفيروس المستجد التي قفزت إلى أكثر من 420 ألف إصابة مؤكدة، ومئات الوفيات يوميا، لاسيما في القارة الأوروبية، التي تحولت إلى بؤرة لهذا الوباء، حسب منظمة الصحة العالمية. وأمام هذا الوضع الخطير والمعقد للغاية، يحاول الناس اتباع عدة طرق من أجل حماية أنفسهم من الفيروس، حيث يقبل الكثير من الناس مثلا على شراء كميات كبيرة من الأطعمة اعتقادا منهم أنها ستقوي جهاز مناعتهم، وتمنحهم حماية إضافية. بيد أن شراء وتناول كميات كبيرة، لا يعني بالضرورة حصول الجسم على ما يحتاجه من مواد وفيتامينات مهمة في هذه الأوقات العصيبة، ففي مقابلة مع صحيفة ""فولدا تسايتونع""، قدمت"
15,"تقول الشركة إن تلك الخطوة، والتي تطال العديد من أنواع السيارات التي تنتجها، ستكلفها نحو 200 مليون دولار وقالت الشركة إنها، والتي يطال العديد من السيارات التي أنتجتها، ستقوم بالإسراع في حل المشكلات الحالية فيما يتعلق بمفاتيح التشغيل، والتي تتطلب منا تحركا. وفي الشهر الماضي، كشفت الشركة عن تحملها لمبلغ 1,3 مليار دولار لتغطية تكاليف سحب نحو 2,6 مليون سيارة بها عيوب أخرى تتعلق بمفاتيح التحكم في المكابح. وقالت الشركة إن هناك نحو 2,4 مليون سيارة من طراز شيفروليه ماليبو، والتي تم سحبها بشكل رئيسي من الأسواق في الولايات المتحدة، بسبب عيوب في المصابيح الأمامية، والتي أدت إلى توقف عمل المصابيح الأمامية دون أن تستخدم المكبح. وقال جيف بوير، مسؤول قسم السلامة بالشركة:"
16,"إيموان كينشاسا تقول إن الشباب كانوا يصفونها بعبارات مسيئة وقالت إيموان، التي تبلغ من العمر 25 عاما وتعمل في قطاع تكنولوجيا المعلومات وتعيش حاليا في فيينا، وكان البعض يحدق النظر إليها، وهي ترتدي فستان ""درندل""، الزي التقليدي في النمسا، في مهرجان الخمور بالقرب من فينيا. وحذف فيسبوك مشاركاتها لأنها ذكرت فيها الألفاظ المسيئة أكثر من مرة. وكتبت إيموان في مدونتها على موقع التواصل الاجتماعي ""فيس بوك"" أن فيسبوك حجب مشاركاتها لأنه انتهكت المعايير المطبقة على الموقع. ونشرت إيموان على موقع فيسبوك على الإنترنت مشاركاتها على مدونتها (باللغة الألمانية) التي ذكرت فيها أن البعض يحدقون النظر إليها في أي شيء أرتديه. وقالت إنها لم تكن تشعر بالغضب أو الغضب أو المتعة أو المتعة في"
17,"يرى رئيس اتحاد أرباب العمل الألماني، إنغو كرامر، أن بلاده ستكون معتمدة على هجرة العمالة الأجنبية المتخصصة إليها خلال الأعوام المقبلة. وقال كرامر في تصريحات لوكالة الأنباء الألمانية (د.ب.أ) نشرت اليوم السبت (28 كانون الأولديسمبر 2019): ""نقص العمالة المتخصصة هو التحدي الأكبر للاقتصاد. إذا كنا نريد الحفاظ على أدائنا الاقتصادي، يتعين علينا تحقيقه أيضا عبر استقدام العمالة المتخصصة من الخارج"". وذكر كرامر أنه في ثلاثينيات القرن الحالي سيتراجع عدد الأفراد في سن العمل بواقع ستة ملايين فرد بسبب التغير الديموغرافي، وقال: ""أمر جيد أن الأوساط السياسية والاقتصادية والاجتماعية طورت استراتيجية لاستقدام العمالة المتخصصة، لكن يتعين على المواطنين أيضا مواكبة الأمر"". وأوضح كرامر أن توفير الرعاية اللازمة في المستشفيات سيتطلب جذب"
18,"قالت السلطات البلجيكية اليوم الخميس (22 حزيرانيونيو 2017) التي تحقق بمحاولة الهجوم بقنبلة يوم الثلاثاء الماضي على محطة القطارات الرئيسية في بروكسل إنها اعتقلت أربعة أشخاص بعد مداهمة عدة منازل في العاصمة البلجيكية أمس الأربعاء. وقال الادعاء الاتحادي في بيان إن قاضيا أمر بتفتيش أربعة منازل في أحياء مختلفة في بروكسل من بينها حي مولنبيك حيث كان يعيش أسامة ز. الذي حاول تنفيذ الهجوم. وسينظر القاضي اليوم الخميس في أمر تمديد احتجازهم. من جانب آخر، عثرت النيابة العامة البلجيكية الأربعاء على أدلة بأن الرجل الذي فجر قنبلة في محطة للقطارات في بروكسل قبل مقتله، كان متعاطفا مع تنظيم ""داعش""، كما عثرت في منزله على مواد متفجرة. ولدى تفتيش الشرطة منزله الواقع في منطقة مولن بيك تم العثور على مواد يمكن استخدامها في صنع عبوات"
19,"القوات العراقية وقوات الحشد الشعبي تحرز بعض التقدم في عملية صلاح الدين لكن المتحدث باسم وزارة الدفاع العراقية، العميد يحيى العبيدي، نفى وقوع أي هجوم انتحاري على تلك القطعات، مؤكدا أن ""عددا من أبراج مقر اللواء 17 في الشرطة الاتحادية في منطقة الثرثار تعرضت لإطلاق نار وهجوم انتحاري بمركبات مفخخة من قبل مسلحي تنظيم ""الدولة الإسلامية"". وأضاف أن القوات الأمنية تصدت للمهاجمين وأحبطت الهجوم دون وقوع أي خسائر في صفوف القوات الأمنية والحشد"". وأكد المتحدث باسم خلية الإعلام الحربي التابعة لقيادة العمليات المشتركة العراقية، العقيد محمد البيضاني، ""أن طيران التحالف الدولي وبالتنسيق مع وكالة التحقيقات والاستخبارات الاتحادية قصف صباح الثلاثاء مخازن للأسلحة ودوريات وأرتال ومواقع لتنظيم ""الدولة"" قرب الموصل، مما أدى إلى تدميرها، كما أسفر القصف عن"
20,لعب النجم الجزائري رامي بن سبعيني دورا بطوليا وقاد بوروسيا مونشنغلادباخ إلى انتصار مثير وثمين على ضيفه بايرن ميونيخ 2  1 اليوم السبت (السابع من كانون الأول ديسمبر 2019) في الجولة الرابعة عشر من الدوري الألماني لكرة القدم (بوندسليغا)، ليحتفظ مونشنغهادباخ بموقعه في الصدارة ويعزز آماله في إنهاء هيمنة بايرن على المسابقة. وافتتح البديل إيفان بيريسيتش التسجيل لبايرن ميونيخ في الدقيقة 49 ثم أدرك رامي بن ستيني التعادل لأصحاب الأرض في الدقيقة 60، قبل أن يضيف النجم الجزائري نفسه، هدف الفوز 2 ن في الدقيقة 90. ويملك مونشنغليباخ 31 نقطة فيما تراجع بايرن، الذي تلقى الهزيمة الثانية على التوالي في الدوري، إلى المركز السادس برصيد
21,وقال مسؤولون أمنيون وموظف في مشرحة إن مسلحين قتلوا ليلة السبت بعض الجنود ثم قيدوا جنودا آخرين وأطلقوا النار من مسافة قريبة عليهم. وقالت وكالة فرانس برس إن الجنود اختطفوا حوالي الساعة الحادية عشرة مساء السبت، ثم عثر على جثثهم بعد ساعة. وأضافت المصادر أن أعدادا كبيرة من المسلحين كانوا يستقلون عربات اختطفوا الجنود من قاعدة صغيرة في عين الجحش الواقعة خارج مدينة الموصل، ثم أطلقوا النار على رؤوسهم من مكان قريب من موقع الحادث. وقال مسؤول في قطاع الصحة إن 11 جنديا قتلوا وأصيب 11 آخرون بجروح في الهجوم على القاعدة العسكرية التي تقع بالقرب من مدينة الموصل التي تسكنها أغلبية سنية. وكان الجنود القتلى مكلفين بحماية أنابيب النفط التي تنقل النفط الخام العراقي إلى الأسواق الدولية وحماية طريق سريع في المنطقة الواقعة بالقرب من
22,تقول تقارير أن هذه هي الانتخابات الأولى التي تشهد مثل هذه المنافسة منذ استقلال البلاد عام 1960 وأرجأت مفوضية الانتخابات التصويت بسبب مشاكل تقنية في أجهزة قراءة البطاقات الانتخابية، وهي تقنية جديدة هدفها الحد من التلاعب في الأصوات. وشاب الانتخابات بعض أحداث العنف، حيث قتل أكثر من 20 شخصا في هجمات شنها مسلحون مجهولون. ويواجه الرئيس الحالي غودلاك جوناثان منافسة قوية من المرشح محمد بوهاري. ويواجه رئيس نيجيريا الحالي غودلك جوناثان منافسة شرسة من المرشح الآخر محمد بوهري. وتواجه هذه الانتخابات الرئاسية التي أرجئت التصويت بسبب خلل تقني في أجهزة لقراءة البصمات الانتخابية، حيث لم تتمكن هذه الأجهزة من قراءة بيانات الناخبين، كما لم تتمكن من قراءة البصمات. وكان من بين الذين لم يتمكنوا من قراءة بصماتهم في الانتخابات التي جرت يوم السبت الماضي
23,"رغم ضرورة دعم الاتحاد الأوروبي لعملة اليورو تحاشيا لأزمة مالية جديدة وتفاديا لركود الاقتصاد الأوروبي يخيم جو يحدوه التفاؤل على الشركات الصناعية في معرض هانوفر لهذا العام 2011 الذي يعد حجم مشاركة الشركات فيه مقياسا لمستوى الازدهار الاقتصادي. فبعد تراجع عدد الشركات العارضة فيه العام الماضي، ها هو يعاود الارتفاع في العام الجاري كما يقول الرئيس التنفيذي للمعرض فولفرام فون فريتش مستبشرا:"" ها نحن نلد عدد الشركات التي تشارك في المعرض هذا العام، حيث وصل عدد هذه الشركات إلى 400 شركة لتشارك في معرض هذه السنة، ونصف هذه الشركات من خارج ألمانيا، وأنا أشعر بالتفاؤل""، وفي المعرض يناقش القائمون على المحطات النووية ورواد متنجي طاقة الرياح والطاقة الشمسية والطاقة"
24,"أكد تسيبراس أن البنك المركزي الأوروبي يصر على ""التضييق المالي"" على اليونان وتأتي هذه الإتهامات بعد تصريحات أدلاها رئيس الوزراء اليوناني ألكسيس تسيبتراس مفادها أن ""الدائنين الدوليين يحاولون ""إذلال"" اليونان. وأكد جان كلود يونكر أن ""الحكومة اليونانية لم تقل الحقيقة كاملة بشأن اقتراحاتها لسداد ديونها"". وأضاف ""لا أريد أن أقول الحقيقة كاملة، بل أريد أن أكشف الحقيقة كاملة. "" وأضاف ""ليس لدي أي شك في ذلك، لكن لدي شك في هذا الأمر، لأن الحكومة اليونانية لم تكشف عما تقترحه المفوضية الأوروبية بشكل دقيق. "" وتابع ""لم أتوصل إلى الحقيقة الكاملة بشأن اقتراحات المفوضية الأوروبية، بل لم أكشف عن ذلك بشكل دقيق، لأن ذلك سيعتبر خطأ كبيرا،"
25,تم اختيار فنزويلا من بين 14 عضوا جديدا اليوم الخميس (17 تشرين الأولأكتوبر 2019) لعضوية مجلس حقوق الإنسان التابع للأمم المتحدة، في خطوة مثيرة للجدل تأتي على الرغم من أن جماعات معنية بحقوق الإنسان ومعارضين للحكومة كانت تحض الدول على التصويت ضدها. وقد جرى التصويت في اقتراع سري عقد في الجمعية العامة في نيويورك. وانتخبت الهيئة المؤلفة من 193 عضوا فنزويلا والأعضاء الجدد الآخرين في المجلس المؤلف من 47 عضوا لمدة ثلاث سنوات تبدأ من الأول من كانون الثاني يناير المقبل. وتمثل فنزويلا حالة مثيرة للجدل كون حكومتها بقيادة الرئيس نيكولاس مادورو متهمة بانتهاك حقوق الإنسان بما في ذلك التعذيب والقتل خارج نطاق القضاء والترويع من أجل الحفاظ على السلطة. وقال مسؤول بوزارة الخارجية الأمريكية الأسبوع الماضي إن أزمة حقوق الإنسان في فنزويلا نجمت عن نظام مادورو
26,"تنطلق في العاصمة السعودية الرياض اليوم الثلاثاء (العاشر من ديسمبر كانون الأول 2019)، أعمال قمة مجلس التعاون لدول الخليج العربية، وسط ترقب لما ستسفر عنه الجهود المبذولة لإنهاء الخلاف مع قطر. وكان من المقرر عقد قمة هذا العام في الإمارات، ولكن تم تغيير المكان إلى الرياض في الأسابيع الأخيرة. وقد أعلنت الدوحة أن الوفد القطري المشارك في القمة سيرأسه رئيس الوزراء وليس أمير البلاد كما كان متوقعا. ولم يحضر الأمير قمة المجلس العام الماضي والتي عقدت أيضا في الرياض. وكان حضوره هذا العام سيكون بمثابة إشارة إلى تحسن في العلاقات الخليجية. وكانت الآمال معلقة على حضور أمير قطر للقمة في أعقاب مؤشرات على احتمال حدوث انفراج في الخلاف السياسي الناتج عن قطع السعودية والبحرين والإمارات ومصر علاقاتها مع الدوحة في 2017. لكن وكالة الأنباء القطرية قالت انه ""ب"
27,"أ أبلغ رئيس الوزراء الماليزي نجيب عبد الرزاق أسر ركاب الطائرة المفقودة التابعة لشركة الخطوط الجوية الماليزية اليوم الاثنين (24 مارس آذار 2014) أن الطائرة أنهت رحلتها في جنوب المحيط الهادي. واختفت طائرة الرحلة إم.إتش.370 للخطوط الماليزية من على شاشات الرادار المدني بعد أقل من ساعة على إقلاعها من كوالالمبور في طريقها إلى بكين وعلى متنها 239 شخصا في الثامن من آذار مارس. وقال عبد الرزاق في بيان: ""موقعها الأخير كان في وسط محيط الهندي غرب بيرث (الاسترالية)"". وأضاف: ""هذا موقع نائي بعيد عن أي موقع هبوط محتمل. وبالتالي يجب أن أبلغكم بعميق الحزن والأسف أنه بحسب هذه البيانات الجديدة فإن الرحلة (اتش ام 370) انتهت جنوب المحيط الهندي"". وقال رئيس الوزراء"
28,أظهرت النتائج الرسمية لانتخابات برلمان ولاية بافاريا الألمانية بعد فرز جميع الأصوات، في وقت مبكر من اليوم الاثنين (15 أكتوبر تشرين الأول 2018)، أن الحزب المسيحي الاجتماعي البافاري الحاكم والحزب الاشتراكي الديمقراطي هما أبرز الخاسرين في الانتخابات. وحصل الحزب المسيحي البافاري، الشقيق الأصغر لحزب المستشارة أنغيلا ميركل المسيحي الديمقراطي على المستوى الاتحادي، على 2ر37% فقط من إجمالي الأصوات، متكبدا خسارة قدرها 10%، وفقا لنتائج الانتخابات، وتعد تلك النتيجة أسوأ نتيجة له منذ عام 1950. حصل الحزب الاشتراكي الديمقراطي-الشريك الثالث على مستوى الاتحادي في ائتلاف ميركل - على 7ر9%، أي ما يقارب نصف ما حصل عليه في انتخابات عام 2013. بينما برز حزب الخضر كثاني أكبر حزب في الولاية الجنوبية بعد حصوله على 5ر17 % ، أي بزيادة حوالي 8 نقاط
29,في أول زيارة لخارج البلاد بصفته رئيسا للمجلس العسكري الانتقالي، توجه الفريق أول عبدالفتاح برهان إلى العاصمة المصرية القاهرة ليلتقي فور وصوله الرئيس المصري عبدالفتاح السيسي. وتأتي زيارة البرهان إلى القاهرة قبل أيام من إضراب عام دعا إليه قادة حركة الاحتجاج في السودان الثلاثاء والأربعاء لمطالبة المجلس العسكري بتسليم السلطة للمدنيين. كما تأتي وسط تفاقم الأزمة السياسية في السودان في ظل عدم التوصل إلى اتفاق مع قوى إعلان الحرية والتغيير التي تتصدر الاحتجاجات الشعبية، التي أسفرت عن الإطاحة بالرئيس عمر حسن البشير وتولي المجلس العسكري الانتقالي إدارة البلاد. ولم تتوافر تفاصيل عما بحثه الزعيمان ولكن جماعات المعارضة والاحتجاج السودانية ستراقب الاجتماع عن كثب بعد أن حذرت مصر من التدخل في السياسات السودانية. ويرفض السودانيين النموذج المصري في التغيير السياسي في البلاد، حيث كان السيسي نفسه وزيرا للدفاع في ظل حكم الرئيس
30,"أعلنت السلطات المغربية اليوم الجمعة (18 ديسمبر  كانون الأول) أن الناشطة الصحراوية أمينتو حيدر وصلت ليل الخميس الجمعة إلى مطار مدينة العيون، كبرى مدن الصحراء الغربية، على متن طائرة قادمة من جزيرة لانثاروتي الإسبانية، حيث كانت مضربة عن الطعام منذ أكثر من شهر، احتجاجا على منعها من العودة إلى وطنها. وحطت الطائرة التي كانت تقلها في مطار العيون في الساعات الأولى من فجر اليوم الجمعة. وأعربت حيدر عن سعادتها بعودتها إلى الصحراء الغربية بعد إصابتها بغثيان وإعياء شديدين، بحسب المتحدثة باسمها ايدي ايسكوبار. وأضافت المتحدثة باسم حيدر أن ""حيدر استقبلت من قبل أفراد عائلتها عند باب الطائرة"" ثم ""نقلت سريعا في سيارة لتكون مع أمها وطفليها في المنزل"". وكانت حيدر قد أصيبت ب"
31,"لم تتوصل الحكومة الألمانية حتى الآن إلى اتفاق مع الأردن حول إبرام اتفاقية لتمركز قوات ألمانية هناك بعد انتقالها من تركيا. وذكرت مجلة ""دير شبيغل"" الألمانية، في عددها الصادر اليوم السبت (25 أغسطس آب)، أن ألمانيا تريد حماية الجنود الألمان، وعددهم نحو 250 جنديا، خلال مهمتهم في الأردن عبر حصانة تامة من الملاحقة الجنائية. ولم يوافق الأردن حتى الآن على هذا الأمر. وذكرت مصادر من وزارة الدفاع الألمانية في برلين اليوم: ""لا نزال في تفاوض حول اتفاقية تمركز القوات"". إلا أنه في المقابل، أوضحت المصادر أنه ليس من المتوقع إرجاء خطط نقل طائرات الاستطلاع من طراز ""تورنادو"" من قاعدة إنجرليك التركية إلى قاعدة الأزرق الأردنية في تشرين أولأكتوبر المقبل. تجدر الإشارة إلى أن الأردن بها محاكم إسلامية بجانب"
32,"وواجهت إدارة بايدن انتقادات، لا سيما من صحيفة واشنطن بوست التي رأت في افتتاحيتها أنه كان ينبغي على الرئيس أن يبدي صرامة أكثر تجاه ولي العهد السعودي الذي لم تفرض عليه عقوبات على الرغم من إلقاء اللوم عليه في الموافقة على مقتل الصحفي السعودي. وحين سئل بايدن عن معاقبة محمد بن سلمان، أجاب الرئيس ""سيصدر بيان يوم الاثنين يتعلق بما سنفعله مع السعودية بشكل عام"". ولم يقدم بايدن تفاصيل حول هذا البيان. وكان خاشقجي قبل مقتله يقيم في أمريكا ويكتب مقالات رأي في صحيفة واشنطن، فضلا عن مقالات في صحيفة يرت في الولايات المتحدة. مواضيع قد تهمك نهاية وقتل خاشقجي على أيدي فريق على علاقة بمحمد بن سلمان في قنصلية المملكة بإسطنبول في أكتوبرتشرين الأول 2018. وأصدر النظام السعودي"
33,"هدف المشروع: تشييد مباني من خشب البامبو (الخيزران) بغرض استخدامها في المجال الاجتماعي. الهدف البيئي: إعادة تشجير الغابات المطرية بزرع أشجار البامبو، وفي الوقت ذاته الاستفادة من قدرة تلك الأشجار على امتصاص كميات كبيرة من ثاني أكسيد الكربون. حجم المشروع: 50 ألف هكتارا من غابات البامبو. ومن خلال هذا المشروع، يمكن الاستفادة من الغابات المطرية في بناء المدارس والمراكز الخدمية، كما تفعل المنظمة الألمانية الكولومبية ""مدرسة للحياة"" (مدرسة للحياة). ومن خلال ذلك، يمكن استخدام الأشجار في بناء مدارس ومراكز خدمية، كما يفعل ليوري ريشيتو. ومن ثم، فإن أشجار البام تنمو بمعدل 35 مترا خلال ستة أشهر، لذا فهي تعتبر من أنسب أنواع الأشجار المستخدمة بغرض إعادة رصف الغابات. وهي تمتص بالإضافة إلى"
34,"اختلفت الأساطير حول نشأة أكلة المول تاشن اللذيذة والتي قد تشبه في مفعولها ما يطلق عليه بالمصرية العامية ""سد الحنك""، إذ تجعل الإنسان يحس بالشبع مجرد تناول قطعة واحدة منها. ويعزي البعض نشأة هذا الطبق الذي يعود تاريخه إلى القرون الوسطى، لرهبان الدير الواقع في وسط مدينة ماولبرون في شمال مقاطعة بادن-فورتنبورغ الألمانية. ومن هنا جاءت تسمية النصف الأول من هذه الوجبةMaul، أما تاشن -الجزء الثاني من الاسم-والتي ترجع لكلمة Taschen الألمانية وتعني حقائب، فيعود إلى شكل قطعة العجينة المطبقة والتي يتم حشوها بالخضار واللحم. وإليكم فيما يلي الوصفة الأصلية لتحضير هذه الوجبة. المقادير: تكفي لتحضير 10قطع تقريبا 1 كيلو من العجين المقطع على"
35,"ينعكس تنظيم المسابقات على تحفيز الأداء الأفضل، أما النجاح فهو يضفي الشهرة والشرف على الفائز. وهذا بالطبع أمر فكر فيه ممثلو ستة عشر مدينة أوروبية لدى خوضهم السباق عام 2006 في مدينة تالين للتنافس على لقب ""عاصمة أوروبا البيئية"". وقد توجت مدينة ستوكهولم باللقب كأول حاملة له لعام 2010، أما هامبورغ فستحمل ذات اللقب للعام القادم 2011. يعيش أكثر من نصف سكان العالم في المدن، أما في دول الاتحاد الأوروبي فتصل النسبة إلى ثمانين في المائة. إن أربعة أخماس من انبعاثات الغازات الدفيئة يوميا يتسبب فيها سكان المدن، لذا فإن المدن تتحمل قسما كبيرا من المسؤولية في تخفيض هذه الانبعاثات الضارة بسلامة المناخ. عشرة معايير للمدينة الخضراء لكن ما الذي يتوجب فعله لجعل المدن رفيقة بالبيئة من جهة، وفي الوقت ذاته أكثر ملائمة للحياة اليومية للناس؟ وكيف تبدو"
36,"القتال حول قاعدة المسطومة يمثل معركة أوسع للسيطرة على محافظة إدلب. وتسيطر على القاعدة التي يسيطر عليها عدد من الجماعات المسلحة، من بينها جبهة النصرة، وحركة أحرار الشام. ونقل المرصد السوري لحقوق الإنسان عن مصدر عسكري قوله إن وحدات الجيش ""أنزلت خسائر فادحة"" بالجماعات المسلحة في المعركة حول المسطوة. وقالت وسائل الإعلام السورية أيضا إن اشتباكات وقعت حول قرية فليون الواقعة غرب القاعدة، التي توجد على طريق رئيسي يتجه جنوبا من مدينة إدلب. وتقع القاعدة شرق بلدة جسر الشغور التي سيطر عليها في أبريلنيسان متمردون من السنة، وقربتهم هذه الخطوة من المناطق الساحلية حيث تقطن الأقلية العلوية التي ينتمي إليها الرئيس السوري، بشار الأسد. مواضيع قد تهمك نهاية قصف أحياء سكنية قال المرصد أيضا ان اشتباكات عنيفة اندلعت بين مسلحي داعش والقوات"
37,"منحت جائزة نوبل في الطب للبريطاني روبرت ادواردز البالغ من العمر 85 عاما، والذي ابتكر تقنية التلقيح الاصطناعي، كما اعلنت لجنة نوبل اليوم الاثنين (4 تشرين أولأكتوبر) في ستوكهولم. وقالت لجنة نوبل في مؤسسة كاورلينسكا السويدية إن ""مساهماته تشكل اختراقا في تطوير الطب الحديث"". وأضافت أن ""الاكتشافات التي قام بها ادواردز ساهمت في معالجة العقم الذي يطال شريحة كبيرة من البشر بنسبة تفوق 10% من الأزواج في العالم"". وقد بدأ ادواردز العمل على تطوير هذه التقنية في خمسينات القرن الماضي ""وتكللت جهوده أخيرا بالنجاح في 25 تموزيوليو 1978 حين ولد أول طفل أنبوب""، كما أعلنت لجنة نوبل. ومنذ ولادة لويز براون، أبصر النور حوالي أربعة ملايين شخص عبر تقنية التخصيب الاصطناعي. وقالت اللجنة في لجنة نوبل"
38,"خلصت دراسة دولية تتبعت 130 ألف شخص في 17 دولة بعضها غني والآخر فقير إلى أن النشاط الجسماني يطيل العمر ويحد من الأمراض سواء كان بارتياد صالات الألعاب الرياضية أو السير إلى العمل أوإنجاز الأعباء المنزلية اليومية كغسل الملابس أو الاعتناء بالحدائق. وقال الباحثون بقيادة سكوت لير وهو أخصائي في القلب بمستشفى سانت بول في كندا إن الحركة الجسمانية لها تأثير، فكلما تحرك الإنسان زاد من مخاطر إصابته بأمراض القلب أو وفاته مبكرا. لكن الدراسة لم تتوصل إلى أي نتائج حتى الآن. لكن دراسة أخرى تتبعت أكثر من 200 ألف شخص شملت 17 دولة معظمها غني وبعضها فقير، توصلت إلى أنه كلما تحرك الإنسان كلما زاد من نشاطه الجسماني أو قل منفعته. وقال لير ""السير لثلاثين دقيقة على الأقل أغلب أيام الأسبوع له فائدة"
39,"كثيرا ما شغل العثور على دواء أو سر يساعد على تأخير الشيخوخة أو يقلل من علاماتها بال العديد من الخبراء في المجال الطبي، إذ أن مرحلة الشيخوخة لاتؤثر على وظائف الجسم المختلفة فقط، بل تؤدي إلى تتراجع قدرات الجسم العقلية أيضا. ويبدو أن العلماء توصلوا إلى ""خلطة سحرية"" ييمكنها الحماية من الشيخوخة. وفي هذا الشأن، توصلت دراسة حديثة إلى أن تناول عنصر الزنك مع بعض الأطعمة: مثل القهوة والشوكولاتة والشاي يحمي من الإصابة ب""الإجهاد التأكسدي""، المسؤول جزئيا عن الإصابة بالشيخوخة وانخفاض متوسط العمر، وفق ما أشار إليه موقع ""هايل براكسيس"" الألماني، نقلا عن دراسة صادرة في المجلة العلمية ""نايتشر كيميستري""."
40,"وقع الهجوم في ولاية فان جنوب شرقي تركيا وحمل الجيش حزب العمال الكردستاني الانفصالي مسؤولية الهجوم. وجاء في بيان اصدره الجيش التركي إن العربة المدرعة التي كان يستقلها العسكريين ""استهدفت بعبوة كانت مخبأة على حافة الطريق"" في ولايةفان. ونقلت وكالة فرانس برس عن مسؤول عسكري تركي قوله إن العسكريين كانوا في طريقهم الى مكان احرق فيه مسلحو الحزب عددا من السيارات عندما استهدفت العربة، التي كانوا يستقلونها. واضاف المسؤول ان مسلحي الحزب اطلقوا عدة صواريخ على الدورية بعد انفجار العبوة. مواضيع قد تهمك في أي وقت من اليوم الجمعة 14 يناير كانون الثاني 2018 . وقال الجيش التركي ان الطيران الحربي شن غارات على اهداف للحزب بعد الهجوم. ويخوض الجيش التركي حربا شرسة مع مسلحي الحزب في المناطق الجنوبية الشرقية ذات الاغلبية الكردية عقب انهيار"
41,بدأت اليوم الثلاثاء (23 نيسان أبريل 2019) محاكمة أربعة لاجئين في ألمانيا بتهمة الاعتداء على عدد من المارة عشوائيا قبل أربعة أشهر. ويتهم الادعاء العام الألماني اللاجئين الأربعة، الذين تتراوح أعمارهم بين 17 و 19 عاما، بالاعتداء عشوائيا على 21 فردا نهاية كانون الأول ديسمبر الماضي في مدينة أمبرغ بولاية بافاريا بجنوبي ألمانيا، مما تسبب في إصابة 15 فردا منهم. ويحاكم المتهمون المنحدرون من أفغانستان وإيران أمام محكمة بمدينة أمبرغ بتهمة التسبب في إصابات جسدية خطيرة، كما يحاكم ثلاثة منهم بتهمة السب والشتم. وكانت هذه الاعتداءات أثارت جدلا على مستوى ألمانيا حول تشديد إجراءات الترحيل للأجانب الجناة. اتفاق على العقوبة وخلال جلسة المحاكمة اليوم الثلاثاء قدم المتهمون اعترافا تفصيليا واعتذارا عما بدر منهم، واتفق القضاء والادعاء العام
42,"لعبت فونتين أدوار البطولة في أفلام عدة إخراج هتشكوك وقال صديق فونتين، نويل بويتل، إن الممثلة الراحلة وجدت ميتة في منزلها بولاية كاليفورنيا الأحد. وكانت فونتين-اسمها الحقيقي جوان دي بوفوار دي هافيلاند، قد حصلت على جائزة الأوسكار للدور الذي جسدته في فيلم ""ريبيكا"" عام 1942، الذي كان أول أفلامها في هوليوود. ولعبت فونتين دور البطولة في العديد من أفلام المخرج ألفريد هيتشكوك، منها فيلم ""شك"" الذي لعب فيه دور البطولة، وفيلم ""شك""، الذي لعب دور البطولة فيه. كما لعبت دور البطولة أيضا في أفلام للمخرج ألفريد هتشكوك. ومن بين الأفلام الأخرى التي شاركت فيها فونتان، ""جين إير"" و""خطاب من امرأة مجهولة"
43,"وافق مجلس الولايات الألمانية ""بوندسرات"" يوم أمس الجمعة (11 تموز يوليو 2009) على اتفاقية تبادل المعلومات الحساسة بين ألمانيا والولايات المتحدة والخاصة بالأشخاص المشتبه في صلتهم بالإرهاب. وطالب المجلس في توصية للحكومة الاتحادية بإجراء المزيد من المفاوضات مع الولايات المتحدة حول هذا الشأن. وكان البرلمان الألماني ""البوندستاغ"" وافق قبل أسبوع على الاتفاقية التي تفاهم عليها الوزراء المختصون في الدولتين في آذار مارس من العام الماضي، والتي تجيز للولايات المتحدة الحصول على معلومات وفيرة عن المعلومات التي يمكن الحصول عليها من خلال تبادل المعلومات مع الجانب الأمريكي. ومن المقرر أن تتولى هيئة مكافحة الجريمة في الولايات المتحدة عملية تبادل المعلومات التي تشمل البيانات الشخصية وبصمات الأصابع وبيانات الحمض النووي (دي إن ايه) والتحري عن الحالة الصحية والحياة الجنسية لهؤلاء الأشخاص، بالإضافة إلى النشاط"
44,أفاد مراسل وكالة فرانس برس أن الجيش المقدوني أوقف مئات المهاجرين القادمين من مخيم إيدوميني اليوناني، بعد أن دخلوا بعد ظهر اليوم الاثنين (14 آذار مارس 2016) مقدونيا عبر طريق فرعية. كما اقتادت الشرطة المقدونية 20 صحافيا رافقوا المهاجرين من ايدوميني الى مركز الشرطة في جيفجيليا، حسب ما قال المراسل. ونجح المهاجرون بعد اجتيازهم الحقول وعبور أحد الأنهار غرب إيدومين، في الوصول إلى آخر الشريط الشائك الذي أقامته مقدونيا والوصول إلى قرية موان المقدونة. بيد أن الجيش طوقهم ويعمل على إعادتهم إلى اليونان، كما استجوب صحافيين وناشطين رافقوهم. وحسب مراسلين آخرين في وكالة فرانس بريس، فإن مئات آخرين من المهاجرين كانوا لا يزالون يتقدمون باتجاه قرية م
45,"قال رئيس مؤتمر الأساقفة الألمان الكاردينال راينهارد ماركس اليوم الأحد (16 أبريل 2017) إنه يأمل ""أن يقول المسلمون والمسيحيون معا: لا للعنف باسم الله. وعلى خلفية الاعتداءات ضد مسيحيين أقباط قبل زيارة البابا في ال 28 و ال 29 من أبريل الجاري دعا ماركس إلى التمييز بين الإرهاب والإسلام، معتبرا أن الإرهابيين يريدون التحريض ضد الأديان والقضاء على جميع جهود السلام. وأوضح ماركس أنه من المهم ""أن يزور البابا القاهرة  إنها إشارة قوية"". وفي ألمانيا أيضا حث أسقف الأقباط الأرثوذكس الأنبا داميان في عيد الفصح إلى عدم الرد على الاعتداءات الإرهابية بالكراهية. وقال الأحد في رسالة بمناسبة عيد الفصح إنه يجب على المسيحيين أن يحموا عالمهم من العنف والدمار. ودعا أسقف الأقباط إلى الصلاة من أجل المسيحيين المهددين في مصر، معبرا في"
46,"أعلن أولي هونيس في بيان أصدره اليوم الجمعة (14 آذارمارس 2014) استقالته من رئاسة نادي بايرن ميونيخ الألماني إثر قرار محكمة المدينة بسجنه ثلاث سنوات ونصف السنة لتهربه من دفع ضرائب قدرت بحوالي 27 مليون يورو. كما قرر هونيس عدم استئناف قرار المحكمة ودخول السجن. وقال في هذا الصدد ""بعد التشاور مع عائلتي قررت قبول حكم القضاء في ما يتعلق بالتهرب من دفع الضرائب"". وتابع هونيس قائلا: ""لقد طلبت من فريق محاميي عدم التقدم بأي استئناف. هذا يتطابق مع تفهمي لتحمل مسؤولياتي. التهرب من دفع الضريبة هو أكبر خطأ ارتكبته في حياتي"". وأوضح ""بالإضافة إلى ذلك، أستقيل من منصبي كرئيس للمجلس الاستشاري لنادي بايرن ميونيخ. أريد أن أتحاشى أي ضرر يمكن أن يلحق بالنادي"". وشكر"
47,"أكدت الولايات المتحدة أهمية مواصلة مهمة الجيش الألماني في مكافحة تنظيم ""داعش"". وطالبت القيادة المركزية الأمريكية (سنتكوم) في خطاب للمفتش العام للجيش الألماني بمواصلة المهمة. وجاء في الخطاب الذي بعثه الجنرال الأمريكي كينيث ماكينزي، ونقلته مجلة ""دير شبيغل"" الألمانية الصادرة اليوم السبت (الثامن من يونيوحزيران): ""أؤكد بشدة أهمية الاستطلاع التكتيكي والتزود بالوقود من الجو... كل واحدة من هذه الإمكانيات تلعب دورا محوريا في دحر تنظيم داعش، وستستمر في تأدية هذا الدور إذا أبقينا الضغط على بقايا التنظيم"". وأكد الجنرال الأمريكي الحاجة الماسة لاستمرار القدرات العسكرية لكافة الشركاء في التحالف من أجل نجاح العمليات الجارية ضد المتطرفين في المنطقة. وبدأ وزير الخارجية الألماني هايكو ماس أمس الجمعة جولة في منطقة الشرق"
48,"أقدمت كوكاكولا، لأول مرة في تاريخها البالغ 125 عاما حتى الآن، على إنتاج شراب يحتوي على الكحول. ووصف رئيس قسم منتجات اليابان بالشركة، جورج غاردونيو، في مدونة له على موقع الإنترنت الخاص بالشركة، هذه الخطوة بأنها ""فريدة"" في تاريخ كوكاكو لا كوكا كولا. ويتكون المشروب الجديد واسمه تشو هي، من خليط مقطر يشبه الفودكا وماء غازي ومواد مكسبة للطعم. وأضاف أن على المستهلكين ألا يتوقعوا الحصول على مشروبات كحولية من كوكاكواكولا في جميع أنحاء العالم، مبينا بالقول: ""أعتقد أن الثقافة اليابانية لها خصوصيات متفردة للغاية، ومن ثم سيظل كثير من المنتجات التي تنتج في اليابان أيضا للاستهلاك المحلي"". وأضاف غاردونو أن السوق اليابانية هي من أشد"
49,"تجاوزت انتهاكات المذيع الراحل الارقام المعلنة سابقا لعدد الضحايا ويعتقد ان مقدم البرامج التلفزيونية الذي توفي عن عمر ناهز 84 عاما ربما اعتدى على عشرات الفتيات وبعض الصبية طوال فترة تجاوزت 40 عاما. وتحدثت الشرطة حتى الان مع 130 ضحية فيما سجل المسؤولون 114 اتهاما. جدير بالذكر ان كارولين روبنسون، حفيدة شقيق سافيل، اتهمته بالاعتداء الجنسي عليها عندما كانت في الثانية عشرة من عمرها. ووصف المفوض بيتر سبندلر تحقيقات الشرطة بانها لحظة ""بالغة الاهمية"" في التحقيق المعني بانتهاك الاطفال. واشاد بدور وسائل الاعلام في الكشف عن ""افعال"" سافيل. وكان سافيل ""من دون شك"" أحد ابرز شخصيات التحرش الجنسي في التاريح الحديث، وهناك ادلة كثيرة دامغة من الضحايا ضد المذيع الراحل. واضاف المفوض: """
50,"اليونان وإسبانيا على رأس قائمة مباحثات صندوق النقد والبنك الدولي افتتح في العاصمة اليابانية طوكيو الاجتماع السنوي المشترك بين البنك الدولي وصندوق النقد الدولي. شاهد أحدث الإصدارات من برنامج ""فلاش بلاير"" من برنامج الفلاش بلاير. شاهد آخر الإصدارات من الفلاش بلاير من برنامج فلاش بلاير من أجل استخدام هذا الملف لابد من تشغيل برنامج النصوص ""جافا"" من أجل تشغيله. شاهد هذا الملف في مشغل آخر من مشغل آخر. لاغارد: مهلة سنتين إضافيتين لليونان كافية لتنفيذ برنامج خفض العجز في موازنتها وقالت لاغارد في نقاش أجرته بي بي سي في طوكيو حيث تعقد الجمعية السنوية لصندوق النقد والبنك الدوليين إن ""مهلة اضافية من سنتين ضرورية (لليونان) لتنفيذ برنامج من سنتين إضافيين حتى 2016 من أجل خفض العجز. لكن ألمانيا، أكبر شريك"
51,تولت القوات الأفغانية مهام الأمن منذ انسحاب القوات الأجنبية في ديسمبر 2014 ووصل عدد القتلى إلى 3699 بينما وصل عدد الجرحى إلى 6849 مما يجعل عام 2014هو الأكثر دموية منذ بدء الأمم المتحدة تسجيل الضحايا عام 2009. وللمرة الأولى يفوق عدد الضحايا في المعارك بين طالبان والحكومة عدد ضحايا القنابل التي توضع في الشوارع ، حسب ما كشفت الاحصاءات. وفي عام 2014 ارتفع عدد الضحايا من المدنيين إلى أكثر من 30 في المئة، بينما ارتفع عدد القتلى من القوات الحكومية إلى أكثرمن 50 في المئة من الضحايا المدنيين، كما تضاعف عدد الجرحى من المدنيين. وكانت القوات الأجنبية قد أنهت مهامها في البلاد في ديسمبركانون الأول الماضي. وكشف المبعوث الخاص للأمم المتحدة نيكولاس هايسوم في كابول عن أرقام تشير إلى أن القتال بين مسلحي طالبان والقوات الحكومية كان السبب وراء سقوط أكثر من
52,"وقد أنكر بو يوم امس التهم الموجهة له انكارا تاما، وقال إنه لم يأخذ أي رشى من رجال أعمال. وقال بو، الذي كان متوقعا له ان يتبوأ منصبا رفيعا في الحزب، إنه أجبر على الادلاء باعترافات وسخر من شهادات الشهود. ورفض الشهادة التي أدلت بها زوجته، جو كايفاي مشيرا إلى أن حالة زوجته غير مستقرة وأنها لم تشهد ضد بو. ورفض بو الشهادة التي أدلى بها أمام محكمة الشعب المتوسطة في مدينة جينان، مشيرا إلى أنه لم يشهد ضد بو، وأن حالته العقلية غير مستقرة. واضاف بو أنه ""بالنظر إلى حالتها العقلية غير المستقرة، فقد مارس عليها المحققون ضغوطا، كي تشهد ضدي"". مواضيع قد تهمك نهاية وتتعلق تهمة سوء استغلال السلطة بمقتل رجل أعمال بريطاني. ولم تسمح السلطات"
53,عبر سفراء الدول الدائمة العضوية في مجلس الأمن عن قلقها من عودة القتال في دافور وجاءت هذه المطالبة بعد أن قام مسلحون باختطاف موظف مدني يعمل في قوة حفظ السلام المشتركة بين الاتحاد الافريقي والامم المتحدة في الفاشر كبرى مدن دارفور. حيث عبر السفراء عن قلقهم تجاه تجدد القتال في دارفور في غرب السودان، كما عبروا عن القلق تجاه وضع اللاجئين في المخيمات المقامة هناك. وقد أجرى سفراء الدول الخمس زيارة تفقدية خاطفة لمخيم ابو شوك للاجئين في دارفور حيث استمعوا الى شكاوى النازحين قبل التوجه الى الخرطوم لامضاء يوم اخير من المحادثات. وتوقفت السيارات الرباعية الدفع التابعة لموكب الامم المتحدة قرب احد الاسواق في المخيم حيث بدأ ممثلو المجلس بقيادة السفيرة الاميركية سوزان رايس والسفير البريطاني مارك لايل غرانت بالاستماع الى شكاوى اللاجئين حول نقص الغذاء
54,"وجاء في تصريح اصدرته وزارة الخارجية في واشنطن ""ان الوزارة قد خصصت مكافآت تبلغ 5 ملايين دولار لكل من يدلي بمعلومات تفضي الى القاء القبض على كل من عزيز حقاني وخليل الرحمن حقاني ويحيى حقاني وعبدالرؤوف حقاني ومحمد حقاني."" كما رفعت الوزارة قيمة المكافأة التي كانت قد خصصتها لمن يدلوي بمعلومات عن قائد الشبكة سراج الدين حقاني الى 10 ملايين دولار. واضافت الوزارة في تصريحها ""ان شبكة حقاني متحالفة مع تنظيم القاعدة وحركة طالبان الافغانية، وتتعاون مع منظمات ارهابية اخرى في المنطقة."" وقالت الوزارة إن الشبكة التي مقرها في باكستان تعتبر ""واحدة من اخطر المجموعات المسلحة"" التي تستهدف قوات التحالف الغربي والقوات الافغانية في افغانستان. مواضيع قد تهمك في مواضيع تهمك في موضوع واحد:"
55,نقلت وكالة رويترز عن مصدر أمني قوله إن أربعة أشخاص قتلوا في انفجار بالضاحية الجنوبية في بيروت اليوم الثلاثاء (21 ينايركانون الثاني 2014) مضيفا أن انتحاريا يرتدي حزاما ناسفاا نفذه. وقال المصدر أن 20 شخصا آخرين أصيبوا في الانفجار الذي وقع في الضاحية الجنوبية معقل حزب الله. وكانت الوكالة الوطنية للإعلام في لبنان قد ذكرت في وقت سابق بأنه تم نقل قتيلين و 5 جرحى إلى مستشفى بالقرب من مكان الانفجار. وقالت الوكالة إن سيارة كيا بيضاء شوهدت أجزاء منها تتطاير في الهواء ويرجح أن الفاعل انتحاري فجر نفسه. وأضافت الوكالة أن الانفجار ضخم وتسبب بوقوع إصابات واشتعال مبنى كبير وسيارات محترقة وسيارات محترقة وسيارات مشتعلة في موقع الانفجار. وذكرت الوكالة أنه تم نقل الجرحى إلى مستشفى قريب من
56,"قال منتقدونالرئيس الأمريكي دونالد ترامب إن الأفراد الذين رافقوه في سيارته خلال موكب لتحية مؤيديه أمام المستشفى الذي يعالج فيه بعد إصابته بفيروس كوفيد 19، عليهم الآن عزل أنفسهم لمدة 14 يوما. وقال الدكتور جيمس فيليبس الطبيب بالمستشفى في تغريدة على تويتر ""هذا انعدام مسؤولية مذهل"". واعترضت رابطة مراسلي البيت الأبيض على عدم إخطار الصحفيين مسبقا بموكب ترامب لكن المتحدث باسم البيت الأبيض جود دير قال إن الجولة حصلت على موافقة الطاقم الطبي وخضعت للإجراءات الاحترازية الملائمة. رسائل متضاربة بشأن الوضعية الصحية للرئيس وبعث الأطباء الذين يعالجون الرئيس الأمريكي دونالد دونالد ترامب من مرض كوفيد-19 برسائل متناقضة عن مدى خطورة حالته وذلك قبل ساعات من ظهوره بشكل مفاجئ في موكب سيارات خارج المستشفى لتحية مؤيده. وكان"
57,"ذكر خبراء في مجال أمن المعلومات أن الثغرات الأمنية التي تنوي مايكروسوفت سدها يتم استغلالها بواسطة قراصنة الانترنت لشن هجمات ضد مستخدمي الكمبيوتر وخاصة في اليابان وتايوان. وأكد داستن تشايلدز المسئول بشركة مايكروسوفت أن ""حزمة التحديث المهمة لبرنامج إكسبلورر ستكون بمثابة حزمة تراكمية لعلاج المشكلة الأمنية التي تم الكشف عنها في المذكرة التحذيرية رقم 2887505"". وكانت مايكروسوفت قد أعلنت يوم 17 أيلولسبتمبر الماضي أن قراصنة الإنترنت يستغلون ثغرة أمنية خطيرة في الإصدارين 8 و9 في برنامج المتصفح، مشيرة إلى أن الثغرة موجودة في جميع إصدارات انترنت إكسبلوربلورر بدءا من الإصدار السادس الذي صدر قبل 12 عاما وانتهاء بالإصدار الأحدث رقم 11. ومن المقرر أن تطرح مايكروسوفت حزم التحديث الجديدة يوم 8 تشرين أولأكتوبر، ونصح الخبراء المستخدمين بضرورة تحميل"
58,"القصف يأتي بعد ساعات من إطلاق إسرائيل أعيرة تحذيرية على قذيفة مماثلة وقال الجيش في بيان ""قبل قليل، سقطت قذيفة هاون في أرض فضاء بالقرب من قاعدة للجيش في وسط هضبة الجولان، وذلك في اطار النزاع الداخلي الدائر في سوريا، من دون أن تسفر عن اضرار او اصابات"". واضاف بيان الجيش أنه ""ردا على ذلك، أطلق الجنود قذائف من الدبابات باتجاه مصدر النيران، مؤكدين تحقيق إصابات مباشرة"". وبحسب مصادر عسكرية إسرائيلية فإن ""مدفعية سورية متنقلة اصيبت بشكل مباشر"" بالرد الاسرائيلي، من خلال الادلاء بمزيد من التفاصيل. وحذر الجيش الإسرائيلي في بيانه من أنه سيرد ""بشدة"" في حال إطلاق المزيد من النيران على المنطقة التي تخضع للسيطرة الإسرائيلية من هضبة الجولان"". واضاف ""لن يتم التسامح مع النيران الآتية من سوريا وسيتم الرد عليها"
59,في أغلب الحالات التي يتفاوض فيها الإيطالي مينو رايولا باسم اللاعبين الذين ينوب عليهم يتمكن من قلب الطاولة على إدارة النوادي ويدفعها إلى تغيير شروطها لمصلحة وكيله. وهو ما حدث مؤخرا مع فريق ميلان الإيطالي عندما كان يستعد لتمديد عقد حارسه الشاب جيانلويجي دوناروما. كل شيء كان يوحي بأن الحارس الذي تدرج بالفئات العمرية لفريق ميلان سيمدد عقده بالفريق، خاصة وأن ابن ال 18 عاما كان قد صرح بأنه يرغب في إنهاء مسيرته بميلان الذي التحق به منذ أن كان عمره 16 عاما. بيد أن الأمور أخذت منحى آخر بعد دخول رايولا على الخط. إذ تعثرت مفاوضات التمديد وأعلن الحارس الشاب، الذي يعد من أفضل حراس المرمى الصاعدين في العالم، عن رغبته في مغادرة ميلان. رايولا انتقد المدير
60,"أعلنت المفوضية العليا للاجئين التابعة للامم المتحدة مساء أمس الأربعاء (16 مارسآذار 2016) أن أكثر من مليون مهاجر ولاجىء دخلوا اليونان منذ كانون الثانييناير 2015. وقالت المفوضية في بيان ""دخل اليونان منذ مطلع العام 2015 أكثر من 1,7 مليون شخص غالبيتهم لاجئون من سوريا والعراق وأفغانستان"". وأضافت المفوضية أنه منذ مطلع هذه السنة دخل اليونان أكثر من 2,1 مليون شخص قادمين من تركيا، في حين أن هذه النسبة كانت أقل بكثير من النصف، حسب المفوضية. وأشارت المفوضية إلى أنه منذ بداية السنة دخل أكثر من 448 ألف شخص الى اليونان، غالبيتهم من السوريين والعراق وأفغانستان. ولقي منذ مطلع السنة 448 شخصا مصرعهم أو اعتبروا في عداد المفقودين خلال عبورهم من اليونان، مقابل 3771 للعام 2015. ويمثل النساء والاطفال نحو 60 بالمائة من"
61,"قال وزير المالية السعودي محمد الجدعان اليوم الأربعاء (24 يناير كانون الثاني 2018) إن تسويات قضايا الفساد ستساهم في تمويل الأوامر الملكية لدعم المواطنين، وتوقع أن يكون عام 2018 عاما ""فارقا وإيجابيا"" خاصة على صعيد الاقتصاد غير النفطي في السعودية. وأوضح في مقابلة مع قناة ""العربية""، على هامش المنتدى الاقتصادي العالمي في ""دافوس"" السويسرية، بثتها اليوم، أن صندوق النقد الدولي رفع بالفعل توقعاته للنمو الاقتصادي في السعودية بنسبة كبيرة. وحول تكلفة الأوامر الملكية، قال الجدعان إنها ""تقدر بنحو 50 مليار ريال، لن تصرف دفعة واحدة، وستمول من خلال الوفر في الميزانية ومن خلال ما تم تحصيله من حملات مكافحة الفساد"". وشدد على أن ""ما تقوم به المملكة من إصلاحات ومكافحة للفساد تهدف إلى خلق بيئة"
62,"صرح ناشطون بأن شخصين على الأقل لقوا حتفهم اليوم الثلاثاء بعدما أطلقت القوات الحكومية قذيفة هاون بالقرب من معسكر للمحتجين في العاصمة اليمنية. وقال ناشط في ساحة التغيير لوكالة الأنباء الألمانية (د.ب.أ) إن أحد القتيلين طفل، مضيفا أن القصف أسفر عن إصابة أربعة آخرين. وذكرت تقارير أخرى أن قذائف هاون سقطت في شارع (هائل) في حي (الشارع الكبير) في صنعاء، حيث تتمركز قوات الفرقة الأولى مدرع بقيادة اللواء علي محسن الأحمر الداعم للمحتجيين المناهضين لنظام الرئيس اليمني علي عبد الله صالح. وكانت تعز بجنوب اليمن شهدت الليلة الماضية قصفا مدفعيا واشتباكات عنيفة، وصفت بالأعنف منذ تعرض المدينة للقصف طوال الأربعة الشهور الماضية. ووفقا لموقع ""نيوز يمن"" فقد استهدفت قوات الجيش الموالية للنظام أمس ساحة"
63,"زودت مجموعة ""جنرال موتورز"" أكبر منتج سيارات في الولايات المتحدة، سياراتها من طرز ""كاديلاك"" و ""شيفورليه"" و""بويك "" و""جي.إم. سي. سي"" بتطبيق جديد اسمه: ""جي إم ماركت بليس"" . ويحتوي التطبيق الجديد على قسم ""التسوق الإلكتروني"" (شوب) الذي يحتوي على قسم خاص باسم ""ماركت بليس"" (ماركت)، حيث يمكن للسائق استخدام هذا القسم للتسوق الإلكتروني. ويحتوي القسم على قسم مخصص للتسوق الإلكتروني (شوب)، إذ يمكن لمستخدم هذا القسم الحصول على خدمات الجيل الرابع للهاتف المحمول من الجيل الرابع، والحصول على تخفيضات على أسعار خدمة السيارات والكماليات. وبحسب موقع ""موتور تريند"" المتخصص في موضوعات التكنولوجيا، فإن ""جنرال"
64,"توجه حوالي 74 ألف من أعضاء حزب كاديما الحاكم في إسرائيل اليوم الأربعاء إلى مراكز الاقتراع لاختيار زعيم جديد للحزب، إذ يأمل كل من المرشحين الأوفر حظا وزيرة الخارجية تسيبي ليفني ووزير النقل شاؤول موفاز في الفوز بعدد كاف من أصوات الناخبين وتحقيق نسبة أكثر من 40 في المائة لتجنب الاحتكام إلى جولة ثانية من الانتخابات. ومن المتوقع أن يتم الإعلان عن النتائج الأولية لاستطلاعات الرأي في وقت مبكر من صباح اليوم الأربعاء، وذلك على الرغم من أن النتائج الأولية ستعلن في وقت متأخر من مساء غد الأربعاء، فيما ستعلن النتائج الأولية في وقت لاحق من صباح يوم. لكن وسائل الإعلام الإلكترونية الإسرائيلية ستعلن نتائج استطلاعات الرأي لدى خروج الناخبين من مراكز الاقتراع بمجرد انتهاء عملية الاقتراع. موفاز يطرح نفسه ك""زعيم قوي لضمان أمن إسرائيل"" وتشير استطلاعات الرأي"
65,"إجراءات الحجر الصحي في مطار القاهرة الدولي في مصر وجاء نفي مصر وجود أي إصابات جديدة متزامنا مع إعلان رفع العزل عن شاب صيني بعد تعافيه من المرض وخروجه من المستشفى بمدينة مطروح على الساحل الغربي للبلاد، والذي كان يمثل الحالة الأولى التي أعلن رسميا عن إصابتها بالفيروس في البلاد. وقال بيان لمجلس الوزراء اليوم الجمعة إنه ""لا صحة لاكتشاف أي حالات جديدة مصابة بفيروس كورونا في مصر في الوقت الحالي، وإنها خالية تماما من أي إصابات... في حال الاشتباه بوجود أي حالات إصابة بالفيروس سيتم الإعلان عنها وإبلاغ منظمة الصحة العالمية على الفور"". وأوضحت الحكومة المصرية أنها رفعت درجة الاستعداد القصوى بجميع أقسام الحجر الصحي بمنافذ الدخول وجميع المستشفيات المخصصة لمواجهة أي حالة طوارئ، وعددها 26 بالمحافظات المختلفة، وتزويدها بجميع الإمكانيات والمستلزمات الطبية اللازمة لعملها."
66,"دعا الأمين العام للأمم المتحدة أنطونيو غوتيريش اليوم الجمعة (31 آذارمارس 2017) من العراق إلى تضامن دولي أوسع مع أهالي الموصل الذين عانوا لسنوات تحت حكم ""داعش"" وأشهرا من ويلات المعارك، إضافة لضرورة التوصل إلى مصالحة حقيقية بعد استعادة كامل المدينة من أيدي تنظيم ""داعش"". وقال الأمين العام للمنظمة الدولية في مقابلة مع صحافيين في مخيم حسن شام الذي يستقبل الفارين من المدينة ""ليس لدينا الموارد الضرورية لدعم هؤلاء الناس وليس لدينا التضامن الدولي المطلوب"". وأضاف أن ""هؤلاء عانوا الأمرين ولا يزالون يعانون. نحتاج لتضامن أكبر من المجتمع الدولي"" معهم. وأشار غوتيرش إلى انه ""لسوء الحظ، برنامجنا هنا يتم تمويله فقط بنسبة ثمانية في المائة، وهذا يدل على مدى محدودية مواردنا"". كما ذكر انه ليس"
67,في لقاء ودي أقيم على ملعب آل مكتوم في دبي حقق المنتخب الألماني لكرة القدم فوزا ساحقا على مضيفه الإماراتي بسبعة أهداف لهدفين. بعد إهدار العديد من الفرص الجيدة للفريق الألماني، نجح هايكو فيسترمان في إحراز الهدف الأول لألمانيا في الدقيقة 29 بعد تلقيه الكرة من مدافع بايرن ميونخ فليب لام. وفي الدقيقة 35 من الشوط الأول، تمكن لاعب وسط المنتخب الألماني، ماريو غوميس، من إحراز الهدف الثاني في المباراة بعد أن تلقى تمريرة رائعة من قائد الفريق باستيان شفاينشتايغر. وبعد 3 دقائق على بداية الشوط الثاني، عاد لاعب وسط بايرن ميونخ، يوب هايكو، ليسجل الهدف الشخصي الأول في المباراة في الدقيقة 35 بعد أن سدد الكرة من داخل منطقة جزاء المنتخب الألماني
68,"أعلنت حديقة حيوان مدينة لايبزيغ شرقي ألمانيا أن اللبؤة ""كيغالي"" التهمت صغيريها بالكامل والبالغ عمرهما بضعة أيام. وأوضحت الحديقة أن لبؤة كانت تهتم بشكل مكثف بولديها اللذين ولد يوم الجمعة الماضي في أول تجربة أمومة لها، وذكرت أن حالة الأم وولديها الذكرين ""كانت جيدة على ما يبدو"". وتداول رواد مواقع التواصل الاجتماعي الخبر الذي نشرته حديقة الحيوان عبر صفحتها على ""فيسبوك""، وحاول المعلقون تخمين السبب وراء هذا التصرف. وتنوعت التخمينات بين مخاطر حبس الحيوانات في أقفاص وتأثير ذلك على تصرفاتها، في حين رجح البعض أن الحيوانات ربما كانت مريضة بمرض لم تعرف عنه سوى الأم وأن غريزتها الطبيعية هي التي دفعتها لهذا التصرف لحماية الصغار من المعاناة مستقبلا،"
69,"لا يوجد الأسد الأفريقي سوى في منطقة جنوب الصحراء الكبرى وقال علماء إن قلة الطعام عامل يفسر سبب تعرض سبع قطط برية كبيرة بما في ذلك نمور لها أسنان قواطع مثل السيوف تعرضت للانقراض خلال نهاية العصر الجليدي الأخير. وحذر العلماء من أن هذا الاتجاه لا يزال مستمرا، وقد يهدد طائفة من القطط البرية الكبيرة المعاصرة. وخلصت الدراسة إلى أنه في حالة تراجع فرائس هذه الحيوانات، فإن ذلك سيضع ضغوطا إضافية عليها مثل فقدان المواطن الطبيعية. وقال الدكتور كريس ساندوم من جامعة ساسكس: ""أعتقد أن (هذا الأمر) يضع ضغطا إضافيا على هذه الحيوانات. إنها تعاني أصلا وبشدة من نتيجة نزاعها مع الإنسان والتغير المناخي."" وأضاف قائلا إن ""الدرس المستخلص هو أن هذه الحيوانات حتى لو لم تنقرض بعد انتهاء العصر"
70,"بدلا من القناص البولندي روبرت ليفاندوفسكي صعد على متن رحلة لوفتهانزا الخاصة، التي حملت بايرن ميونيخ إلى اسكتلندا لملاقاة سيلتيك غلاسغو، ناشئ واعد، ينبغي من الآن حفظ اسمه جيدا. إنه مانويل فينتسهايمر، صاحب الأعوام الثمانية عشرة، الذي يتمنى أن يشركه المدرب يوب هاينكس في مباراة الليلة بدوري أبطال أوروبا، في مركز قلب الهجوم. ويقول موقع ""بيلد"" إن هذا اللاعب الشاب، الذي لم يسبق له أن لعب في مباراة اليوم أمام سيلتيك، في دوري أبطال أوروبا في كرة القدم، هو أحد أكبر المواهب في فريق الناشئين تحت 19 عاما لدى بايرن ميونيخ، وأن مانويل فينسيهيمر أحد أكبر المهاجمين في بايرن ميونيخ. فقد سجل 12 هدفا في 7 مباريات"
71,تكافح هذه السيدة منذ أكثر من ثلاثين سنة لجمع قوتها. تبحر شريفة يوميا بقاربها الصغير لتجلب بعض الأسماك وتبيعها لزوار الميناء، مهنة رجالية بالأساس إلا أنها لم تثبط عزيمتها يوما وتعد البحر بحرا من أبنائها. يأتي هذا التقرير في إطار موسم 100 امرأة الذي تتناول فيه بي بي سي قضايا تخص المرأة.
72,"تلعب شركات صناعة المواد الكيميائية دورا مهما للغاية في تطوير السيارات الكهربائية، إذ توفر المعرفة والخبرات المطلوبة لصناعة قلوب السيارات الكهربائية والمتمثلة بالبطاريات، والتي يتطلب إنتاجها خليطا معينا من المواد الكيميائية الخاصة لتتمتع البطارية بأداء متميز ومتانة عالية وقدرة على تخزين الطاقة، تحددها أقطابها وعوازلها ومحاليلها الكهربائية. وصفات خاصة والأداء الجيد والأمان والتكلفة المعقولة وتوفر مصدر الطاقة وطول مدة الصلاحية هي المعايير الخمسة الرئيسية التي يقاس من خلالها الأداء العام لبطاريات السيارات الكهربائية. كما يقول هنريك هان المدير العام لشركة ليتاريون المتخصصة في إنتاج مكونات بطاريات الليثيوم الكيميائية المخزنة للطاقة. ويستطرد هان قائلا: ""صناعة بطاريات السيارات تماما مثل صنع الكعك، فلا يرى المرء المواد المكونة للكعكة التي أمامه"
73,"على الرغم من الآمال الكبيرة التي تحدو كل من جورجيا وأوكرانيا للانضمام إلى حلف الناتو ودعم الولايات المتحدة لهما في هذا الإطار، فإن المراقبين يذهبون إلى القول إن اجتماع وزراء خارجية الدول الأعضاء في الحلف في بروكسل غدا الثلاثاء لن يشهد عرض مسار سريع على الدولتين للحصول على عضوية حلف شمال الأطلسي (ناتو) أو على ""خطة عمل من أجل العضوية"" (في نيسان أبريل 2008)، بل إن هذا المسار قد يستغرق وقتا أطول من الوقت الذي تستغرقه عملية انضمامهما إلى الحلف في وقت لاحق من هذا الشهر. وفي هذا السياق، أبلغ وزير الخارجية الألماني فرانك فالتر شتاينماير برلمان بلاده يوم الأربعاء الماضي (26 تشرين الثاني نوفمبر 2008) أنه ""ليس ثمة ما يدعو"" الحلف إلى الذهاب إلى مدى أبعد من اتفاق نيسان"
74,"اندلعت اشتباكات برية في العديد من المناطق على الرغم من مطالبة الأمم المتحدة جميع الأطراف باحترام وقف إطلاق النار للسماح بمرور المعونات الإنسانية وقال مسؤولون في مطار عدن لبي بي سي إن طائرة تابعة للتحالف فتحت النار على متمردين هاجموا المطار بالصواريخ. وزار منسق الشؤون الإنسانية في اليمن التابع للأمم المتحدة عدن قبل الهجوم وتقدم بطلب عاجل بدخول مواد الإغاثة. وقال مسؤول في مكتب الأمم المتحدة في عدن إنه لم يتم استشارتهم بشأن الهدنة التي بدأت منتصف الليل للسماح بمرور مواد الإغاثة التي توجد حاجة ماسة لها. ونقلت عدة مصادر تقارير عن وقوع حادث ""نيران صديقة""، قصفت فيه طائرات قوات التحالف قوات موالية لهادي في لحج مما أدى إلى مقتل 12 شخصا. وقال بيان للقوات الموالية لهادي التي تطلق على نفسها اسم ""المقاومة الشعبية"" إن 12 شخصا قتلوا وأصيب 50 في القصف الذي"
75,"وأوضح أحمد في اتصال مع بي بي سي أن المجلس الأعلى لتنظيم الإعلام في مصر لم يخطر بعد بشكل رسمي بأسماء المواقع التي حجبت، غير أن معلوماته الأولية تؤكد حجب مواقع إخبارية بسبب نشر أخبار ""غير دقيقة"" عن المظاهرات. وقالت شبكة ""نت بلوكس"" لمراقبة أنشطة الإنترنت إنها رصدت ""تعطيلا"" لمواقع إخبارية من بينها موقع هيئة الإذاعة البريطانية (بي بي سي) وقناة ""الحرة"" الأمريكية، تزامنا مع احتجاجات تشهدها مصر. ولم يتعرض موقع بي سي للحجب في مصر من قبل، وهو الموقف نفسه بالنسبة لموقع الحرة. هل المظاهرات الأخيرة في مصر ""خداع إخواني"" أم ""ثورة قادمة""؟ وأوضحت شبكة ""نيت بلوكس""، وهي مجموعة مستقلة من منظمات المجتمع المدني الدولية المعنية بالحقوق والحريات الرقمية على الإنترنت، أن اثنين من"
76,"ناقش كول الفكرة مع رئيسة وزراء بريطانيا حينذاك مارغريت ثاتشر في اجتماع في بون عام 1982. وأفادت مجلة دير شبيغل في موقعها على الانترنيت أن المستشار الألماني ناقش الفكرة مع نظيرته البريطانية آنذاك مارغريتي ثاتشر. وقال كول حينها إن الأتراك ""لم يندمجوا جيدا"" في المجتمع الألماني، كما ورد في محضر اللقاء الرسمي. وأبلغ ثاتشر أنه يريد تخفيض عدد الأتراك إلى النصف في مدة أربع سنوات، ولكنه لم يقل ذلك في العلن كما أوضح محضر الاجتماع. وأبلغ كول ثاتشر بذلك في الاجتماع الذي عقد عام 1982 في مدينة بون الألمانية. وأبلغه كول أنه يريد تقليل عدد الأتراك بنسبة 50 في المئة خلال أربع سنوات. وأبلغته ثاتشر أن يريد تخفيض ""الأقل في عدد الأتراك في ألمانيا إلى النصف"
77,القوات النيجيرية فرت من القاعدة العسكرية الواقعة بمدينة باغا بعد تعرضها لهجوم من جانب بوكو حرام وقالت مصادر عسكرية إن المسلحين هاجموا القاعدة الواقعة على بحيرة تشاد يوم السبت الماضي خلال وجود القوات النيجيريية بمفردها فيها. وقال عضو برلمان عن ولاية بورنو إن القوات لاذت بالفرار من القاعدة، التي تقع في بحيرة تشاد. وقال أحد سكان المدينة إن عددا كبيرا من الجنود النيجيريين قتلوا في الهجوم الذي وقع يوم السبت. وقال بعض سكان المدينة لاذوا بالفرار إلى تشاد المجاورة على متن بعض القوارب الصغيرة إن عدد كبيرا قتل في الهجوم وأن المدينة أضرمت فيها النار. وباغا، التي شهدت مذبحة للجيش عام 2013، هي آخر مدينة تسيطر عليها الحكومة في شمال بورنو. مواضيع قد تهمك عن موضوع قد لا تهمك عن طريق اختيار عنوان موضوع موضوع مواضيع قد لا
78,"بحث ولي ولي العهد وزير الدفاع السعودي الأمير محمد بن سلمان اليوم الخميس (16 تموزيوليو 2015) مع رئيس هيئة الأركان العامة اليمني اللواء الركن محمد علي المقدشي جهود ""تحرير مدينة عدن"" من مقاتلي حركة ""أنصار الله""، أو الحوثيين، وأنصار الرئيس المخلوع علي عبد الله صالح. من جهة أخرى، تسعى حكومة الرئيس اليمني المعترف به دوليا عبد ربه منصور هادي، المقيم في الرياض، إلى اتخاذ مدينة عدن الجنوبية موطئ قدم لها، عبر إيفاد عدد من الوزراء والمسؤولين، وذلك بعد التراجع الكبير لمقاتلي حركة ""الحوثي""، وحلفائهم في المدينة. لكن مسؤولا محليا أكد بعيد ظهر الخميس أن ""أيا من وزراء حكومة الرئيس هادي لم يصل بعد إلى عدن""، في ما قال مدير أمن المطار، عبد الله قائد،"
79,"قال أحد كبار مستشاري ولي لي العهد السعودي، الأمير محمد بن سلمان، إن اللقاء الذي تم بين الرئيس الأمريكي، دونالد ترامب، والأمير محمد يوم الثلاثاء (14 مارسآذار 2017) كان ناجحا للغاية مؤكدا أنه ""يعتبر نقطة تحول تاريخية في العلاقات بين البلدين التي مرت بفترة من تباعد وجهات النظر في العديد من الملفات إلا أن اللقاء أعاد الأمور لمسارها الصحيح"". والاجتماع يشير فيما يبدو إلى توافق في الآراء بشأن قضايا كثيرة بين ترامب والأمير محمد في اختلاف واضح عن علاقة الرياض المشحونة عادة مع إدارة الرئيس الأمريكي السابق، باراك أوباما، لاسيما بعد الاتفاق النووي الإيراني في 2015. وكانت السعودية تنظر بعدم ارتياح إلى إدارة أوباما وشعرت أن تحالف الرياض مع واشنطن كان أقل أهمية من التفاوض على الاتفاق النووي مع إيران. وقال محللون إن الرياض وحلفاء آخرين في"
80,"وقع الرئيس الأميركي ترامب وشركة بوينغ صفقة ""غير رسمية"" لطائرتين جديدتين من ""Air Force One""، تم تعديلهما من طائرات بوينغ (Boeing 747-8 jumbo) بتكلفة تقدر ب 3.9 مليار دولار، لتحل محل الطائرة الحالية، التي كانت في الخدمة منذ رئاسة جورج بوش الأبن. وقد اجتمع ترامب مع المديرين التنفيذيين لشركة بوينغ يوم الثلاثاء الماضي في البيت الأبيض لوضع اللمسات الأخيرة على الاتفاق. وأبرز ما في الطائرتين المقترحتين هي السرعة، إذ تبلغ سرعة طيران الطائرة الحالية 200-747، 84 ماخ، في حين أن سرعة الطائرة المقترحة 8-747 هي 855 ماخ ، في حين تبلغ سرعة الطائرة الحالية ما بين 200 - 747 و 200 - 847 . وبحسب صحيفة الشرق"
81,"في دراسة أعدتها كلية جامعة لندن، بالتعاون مع مستشفى الكلية، نشرت نتائجها مؤخرا مجلة ""ساينتيفيك ريبورتس"" العلمية، تبث أن ركلات الجنين داخل رحم الأم، قد تسمح له بتشكيل ""خريطة جسدية"" لنفسه، وتمكينه في النهاية من استكشاف البيئة المحيطة به. وقام الباحثون بقياس موجات الدماغ التي تصدر عندما تقوم الأجنة بالركل بأطرافها، أثناء ""نوم حركة العين السريعة""، حيث وجدوا أن الموجات الدماغية السريعة، وهي بالضبط نمط الموجات لدى حديثي الولادة، يتم إطلاقها في النصف المقابل من المخ. يشار إلى أن ""نوم الحركة السريعة""، هي مرحلة من مراحل النوم تتميز بحركة العين السريعة. وعلى سبيل المثال، تؤدي حركة اليد اليمنى للجنين إلى إطلاق موجات دماغية، بعد ذلك مباشرة، في الجزء"
82,"وقال البيان ان ""هذا اول اختبار لنظام الاعتراض حيتس-3 وتم تنفيذه في منطقة تدريب اسرائيلية فوق البحر المتوسط"" مشيرا الى ان ""منظومة الدفاع الصاروخي الاسرائيلية ومسؤولين من وكالة الدفاع الصاروخي الاميركية قاموا باجراء الاختبار"". ويعتبر حييتس-3 نظام دفاع صاروخي متطور صمم لاعتراض هجمات الصواريخ بعيدة المدى وخصوصا تلك التي قد تأتي من ايران. وقال مسؤول كبير في وزارة الدفاع الاسرائيلية انه خلافا للانظمة السابقة صمم نظام حيتس-2 لاعتراض الصواريخ البعيدة المدى التي تطلق من ايران او اي مكان اخر في الغلاف الجوي للارض. وسيعمل هذا النظام على اعتراض الصواريخ القادمة من ايران عبر الغلاف الجوي لغلاف الارض بالاضافة الى انظمة الدفاع الصاروخي بعيدة المدى ""ديفيد سلينغ"" التي تعمل على اعتراض الاهداف البعيدة المدى مثل الصواريخ القصيرة والمتوسطة المدى. مواضيع قد تهمك نهاية وتشتبه اسرائيل"
83,أفادت دراسة جديدة موسعة أن الأزمات القلبية تحدث في كثير من الأحيان عندما تنخفض درجات الحرارة. وذكر تقرير، نشر في دورية جمعية القلب الأمريكية، أنه استنادا إلى بيانات طبية ومعلومات عن الطقس خلال فترة تزيد عن 15 عاما، ربط الباحثون بين زيادة التعرض للنوبات القلبية وانخفاض درجة حرارة الجو والضغط الجوي وزيادة سرعة الرياح وتراجع فترات سطوع الشمس. وقال كبير الباحثين إن الشيء الفريد في الدراسة الجديدة هو أنه تمت متابعة جميع الأزمات القلبية التي تحدث في بلد بأكمله لمدة 16 عاما بالإضافة إلى بيانات الطقس في يوم حدوث النوبة القلبية. وقال الدكتور ديفيد إيرلينغ، رئيس قسم أمراض القلب في جامعة لوند ومستشفى سكونه الجامعي في السويد، لرويترز هيلث أنه لديه بيانات عن أكثر من 280 ألف أزمة قلبية وثلاثة ملايين معلومة من بيانات الأرصاد الجوية. وفحص إيرلينغ وزملاؤه سجلات
84,"رجل ينقذ طفلة مصابة. البداية من صحيفة الغارديان وتقرير لمارتن شولوف، مراسل الصحيفة في بيروت، بعنوان ""غضب في بيروت بعد تفويت تحذيرات بشأن ""قنبلة عائمة"". ويقول الكاتب إن الغضب والفزع يتصاعدان في العاصمة، حيث اعترف المسؤولون بأن الانفجار في مرفأ بيروت، الذي خلف الكثير من الدمار والخراب، كان متوقعا وكان محل تحذيرات متكررة. ومع استمرار اشتعال العاصمة، بدأ الربط بين الانفجار وبين شحنة ضخمة من نترات الأمونيوم، وصف ذات مرة بأنها ""قنبلة العائمة""، وموجودة في الميناء منذ عام 2014. ويقول الكاتب إنه منذ ستة أشهر حذر مسؤولون يتفقدون الشحنة إنه إذا لم يتم نقلها، فسوف ""تفجر بيروت كلها"". مواضيع قد تهمك نهاية ويقول الكاتب عن الكشف عن أن إهمال الحكومة ربما لعب دور"
85,"وأكد مسؤولو منظمتي ""وثاق"" و""الكرامة"" لبي بي سي أن آلاف الأسر بدأت بالفعل النزوح عن مدينة الحوث، الواقعة في محافظة عمران، بعد أن سيطر عليها الحوثيون صباح الأحد. وتشير التقديرات إلى أن عدد سكان حوث لا يقل عن مائتي ألف شخص. وكان مصادر أمنية وقبلية قد أكدت مقتل 85 شخصا على الأقل في معارك ضارية بين ميليشيات الحوثيين المعززة بالمدفعية الثقيلة وميليشيات قبيلة حاشد بمحافظة عمران. ويقول عبد الله غراب، مراسل بي بي سي في اليمن، إنه في حالة استمرار نزوح المدنيين من حوث، فإن المناطق التي سوف ينزح إليها هؤلاء سوف تشهد كارثة إنسانية. مواضيع قد تهمك نهاية ويضيف مراسلنا أن النازحين يتجهون إلى العاصمة صنعاء والمدن القريبة من حوح. استعدادا للهجوم وقالت"
86,"تستحوذ فيسبوك على شركات التكنولوجيا بهدف تنويع قواعد البيانات لديها لتحقيق أهداف إعلانية أكبر وكانت شركة ""بروتو جيو""، ومقرها العاصمة الفنلندية هيلسنكي، قد طورت تطبيق ""موفز"" الذي يعتمد على المجسات داخل أجهزة المحمول في متابعة نشاط المستخدم الرياضي وكمية السعرات الحرارية التي أحرقها. ومن شأن عملية الاستحواذ هذه أن تمهد الطريق أمام شركة فيسبوك لدخول سوق التكنولوجيا الصحية المتنامي. وتتضمن عمليات الاستحواذ الأخرى شركة ""أوكيولاس في آر""، مطورة أجهزة الواقع الافتراضي الترفيهية، وشركة ""بروتو جيو"" التي تعمل في مجال الواقع الافتراضي، التي تعمل بنظام التشغيل آندرويد، بالإضافة إلى شركتين أخريين تعملان في نفس المجال. وتتضمن عملية الاستحواذ أيضا الاستحواذ على شركة ""واتس آب""، التي يعمل فيها أكثر من عشرة أشخاص. وتتضمن الصفقة التي أبرمت"
87,"يرغب روني في الوصول للدور قبل النهائي للمرة الأولى وكانت الإصابات تطارد روني خلال أخر بطولتين مماثلتين لكنه أكد أنه أصبح جاهزا بشكل تام للمشاركة في بطولة البرازيل بعد تعافيه من الإصابة الأخيرة التى ألمت به. وقال لاعب مانشستر يونايتد "" أنا في أفضل حالاتي وأرغب في أن يرى العالم ما يمكنني تقديمه ولن يكون لي عذر واحد إذا لم أفعل ذلك "" . وقال روني ""إنني في أفضل حالة بدنية في الوقت الحالي. ""لقد كنت بعيدا عن أخر مباريات فريقي في بطولة الدوري الإنجليزي"". وقال روني إنه يرغب في المشاركة بشكل فوري في معسكر المنتخب الإنجليزي في البرتغال استعدادا لانطلاق نهائيات كاس العالم المقبلة. وكان روني قد شارك في بطولة كأس العالم عام 2006 رغم إصابته بكسر في إحدى عظام القدم قبل أن يتم طرده في في مباراة البرتغال في الدور ربع"
88,"اعترفت شركة صناعة السيارات الألمانية أودي، وهي شركة تابعة لعملاق السيارات الألماني فولكسفاغن، مساء الاثنين (23 نوفمبرتشرين الثاني 2015) بأن المحركات التي تصنعها احتوت على برمجيات تعتبر غير قانونية في الولايات المتحدة. وقالت الشركة انها أخبرت الجهات الرقابية في الولايات الأمريكية أن سياراتها الديزل سعة 3 لتر احتوت على ثلاثة برامج لم تكشف عنها سابقا عند حصولها على موافقات الجهات الرقابية. وأحد تلك البرامج يمكن اعتباره ""جهاز احتيال"" على معرفة النسب الدقيقة لانبعاثات محرك السيارة بموجب القانون الأمريكي. وكانت فولكسفاجن قد أصرت في السابق على أن فضيحة الانبعاثات اقتصرت فقط على محركات الديزل سعة 2 لتر التي تقوم بتصنيعها، نافية في الوقت نفسه أن تكون المحركات الأكبر المصنعة من قبل الشركة الشقيقة أودي مشتبه بها أيضا. وتم استخدام محركات فولكسفا"
89,"فقد ازداد حال المشردين الذين فقدوا منازلهم في غزة سوء، بسبب الطقس البارد والنقص الشديد في الاحتياجات الأساسية في مراكز الايواء والمخيمات التي يعيشون فيها. وأعلنت وكالة غوث وتشغيل اللاجئين الفلسطينيين، الاونروا، حالة الطواريء في قطاع غزة نظرا لسوء الأحوال الجوية. وذكرت وسائل إعلام محلية أن جهاز الدفاع المدني بغزة طالب صباح الخميس سكان بعض المناطق بإخلاء منازلهم تحسبا لتسرب المياه وبخاصة إلى الطوابق الأرضية. ونشر طبيب وناشط إنساني في غزة يدعى باسل ابو وردة عبر حسابه على تويتر صورا تظهر أطفال يحاولون الذهاب إلى مدرستهم في الشوراع الغارقة، وقال معلقا عليها ""هذا هو حال الأطفال خلال رحلتهم اليومية إلى المدرسة، في مدينتهم التي دمرت معظم بنيتها التحتية"". مواضيع قد تهمك في هذه الصفحة، نشر حساب يدعى على تويتر يدعى """
90,"صورة أرشيفية لقوات عراقية خلال تدريبات في صحراء الأنبار. كما اعلن ايضا عن مقتل ضابط عراقي اثناء محاولته ابطال مفعول قنبلة وضعت في جثة عثر عليها جنوب غرب مدينة سامراء. من جانب آخر قال مصدر عسكري عراقي في محافظة الانبار إن قوات عراقية مدعومة بطائرات هليوكوبتر قتالية اقتحمت وادي حوران والوادي الأبيض اللذين يوصفا بأنهما أخطر مناطق صحراء الانبار، وبدأت عملية انتشار واسعة لمطاردة المسلحين. وقال مصدر عسكري، في محافظة الأنبار، غربي العراق، الأحد إن الجيش ""بدأ عملية انتشار واسع تستهدف مطاردة المسلحين."" وتأتي هذه العملية بعد ساعات من اغتيال عدد من كبار قادة الجيش العراقي. مواضيع قد تهمك نهاية هذا الاسبوع: مقتل قائد الفرقة السابعة في الجيش العراقي مع اربعة ضباط اخرين وعشرة جنود خلال اقتحامهم معسكرا لتنظيم القاعدة في الأنبار،"
91,"من اغرب القصص ، أن سيدة قد أعلنت إنها قررت الانفصال عن حبيبها لأنه "" لم يتشاجر معها كثيرا"" ، ورأت في هذا الأمر دليلا على أنه لا يعطي علاقته بها اهتماما كافيا، في حين تحدث شاب آخر في تقرير صحيفة ""ذي هوفننغ بوست"" الالكترونية عن قطع صديقته علاقتها به لأنه تركها تدفع ثمن مشروبها الأول أثناء خروجهما للعشاء سويا رغم قيامه بدفع باقي المشروبات والعشاء، فيما رأت امرأة أخرى أن عدم وصول أي رسالة نصية لهاتفها من حبيبها يكفي أن يكون سببا لقطع العلاقة. ولم تكن النساء وحدهن بطلات ""الأسباب الغريبة"" لقطع العلاقات العاطفية، إذ ذكر أحد الشباب في تقرير الصحيفة إلى أنه قد قطع علاقته بفتاة أثناء مرحلة التعارف لأن يديها كانتا دائمتا التعر"
92,توقع مدرب بايرن ميونيخ الألماني، المتوج أمس السبت (25 مايرو  ايار) بلقب دوري أبطال أوروبا لكرة القدم، أن يلحق مهاجم بوروسيا دورتموند الدولي البولندي روبرت ليفاندوفسكي بزميله ماريو غوتسه الذي انتقل رسميا قبل أيام إلى النادي البافاري مقابل نحو 40 مليون يورو. وينتهي عقد ليفاندوفسكي في حزيرانيونيو 2014، ولكن بعد أن أصر مستشاره مايك بارتيل على أنه سيغادر بايرن ميونيخ في نهاية الموسم الحالي. وقال هاينكيس الذي سيترك منصبه في نهاية موسم 2014-2015، إنه لا يعتقد بأن ليفاندوفسكي سيتردد كثيرا في ذلك أيضا. وكان بايرن ميونيخ قد أعلن قبل أيام أنه سينضم إلى بايرن ميونيخ. وكان ليفاندوفسكي، مهاجم ريال مدريد، قد فشل في هز شباك دورتموند في ذهاب نصف نهائي أبطال أوروبا في دوري أبطال أوربا، لكنه فشل في
93,"سلالة الفيروس الجديدة اكتشفت العام الماضي في الهند. وقالت إن الدراسات الأولية كشفت أن سلالة بي.1. 617، الناتجة عن تحور الفيروس، تنتقل بسهولة أكثر من غيرها وتتطلب المزيد من البحث. وذكرت المنظمة أن السلالة الهندية انتشرت فعلا في أكثر من 30 دولة. ويشمل التصنيف نفسه ثلاث سلالات أخرى اكتشفت في بريطانيا وجنوب أفريقيا والبرازيل. ويرتفع تصنيف الفيروس المتحور من ""سلالة قيد البحث"" إلى ""سللة مثيرة للقلق"" عندما تتوفر فيه واحدة من الخصائص على الأقل، وهي سهولة الانتقال، وشدة المرض، وضعف فعالية الأجسام المضادة ضده، وضعف العلاج أو اللقاحات ضده. مواضيع قد تهمك عن فيروس ""كوركورويوي"" المسبب لمتلازمة الشرق الأوسط وشمالي ""التهاب الكبد الفيروسي"" وفيروس ""إي. تي. جي"
94,"دعا رئيس جهاز المخابرات الألماني إلى تطبيق""إجراءات منظمة"" فيما يتعلق بالدخول اليومي لآلاف اللاجئين إلى ألمانيا قائلا إن المتطرفين قد يستغلون وضع الهجرة الذي يتسم بالفوضى أحيانا. وأثارت الهجمات الدامية التي وقعت في باريس يوم الجمعة الماضي وقتل فيها ما لا يقل عن 129 شخصا جدلا في ألمانيا بشأن موقف المستشارة أنغيلا ميركل المرحب باللاجئين وكيفية إجراء مراجعة أفضل لمن يدخلون ألمانيا. وتواجه أوروبا أسوأ أزمة لاجئين منذ الحرب العالمية الثانية وتستوعب ألمانيا العدد الأكبر من الأشخاص المتوقع وصولهم هذا العام والبالغ عددهم نحو مليون شخص. وقال هانز-كريستيان ماسن رئيس وكالة المخابرات الداخلية الألمانية إن ""من الممكن أن يكون هناك أيضا إرهابيون قادمون مع اللاجئين ولكننا نعتبر هذا احتمالا أقل"". وأضاف المسؤول الألماني بالقول: """
95,شخصية المعلم وطريقة تعامله قد تترك بصمة فارقة في شخصية طلابه ومسارهم الدراسي. ولا شك أن المدرس الناجح هو قدوة ومصدر إلهام لطلابه، قصة المدرسة الإسبانية فيرونيكا دوكي، ربما تأتي في هذا السياق. فمن خلال بحثها عن طريقة سهلة لإيصال المعلومة لطلابها الذين لا تتجاوز أعمارهم الثماني أو التسع سنوات، وتمكينهم من فهم مادة معقدة مثل مادة الأحياء، توصلت المدرسة الإسبانية إلى طريقة مبتكرة لشرح مادتها لطلابها الصغار من خلال ارتداء بذلة ملتصقة بالجسم، طبعت عليها جميع أعضاء الجسم الداخلية بأدق تفاصيلها. البذلة الشبيهة إلى حد ما بملابس الغوص، أظهرت المعلمة وكأنها واقفة بجسد مشرح بالكامل، وهي طريقة اختارتها المدرسة لشرح مادة الأحياء لطلابها في إحدى المدارس بمدينة Vall
96,"تؤدي حكومة التوافق الفلسطينية اليمين القانونية اليوم الاثنين، أمام الرئيس الفلسطيني محمود عباس وفق ما أعلنت الرئاسة الفلسطينية. ودعا مكتب الرئاسة الصحفيين إلى متابعة أداء اليمين للحكومة التي يرأسها رئيس الوزراء الحالي في السلطة الفلسطينية رامي الحمدالله، وهي تضم 17 وزيرا. وقد أعرب كيري خلال اتصال مع الرئيس الفلسطينيمحمود عباس عن قلقه إزاء ""دور حماس في مثل هذه الحكومة (حكومة التوافق الفلسطينية)"" وشدد على أهمية أن ترفض الحكومة الجديدة العنف وان تعترف بدولة إسرائيل وان تحترم الاتفاقات الموقعة، بحسب المتحدثة باسم وزارة الخارجية جنيفر بساكي. وأضافت بساكي إن ""عباس أكد لكيري أن الحكومة الجديدة ستلتزم بهذه المبادئ"". وكان رئيس الوزراء الإسرائيلي بنيامين نتانياهو حض المجتمع الدولي على عدم ""التسرع"" والاعتراف بحكومة التوافق الوطني الفلسطينية المدعومة من حركة حماس التي تسيطر على قطاع غزة. وأورد"
97,"يسيطر المسلحون على الفلوجة واجزاء من الرمادي بمحافظة الانبار وكان مسلحون يتبعون ما يسمى ""بالدولة الاسلامية في العراق وبلاد الشام""، وهو تنظيم مرتبط ""بتنظيم القاعدة""، قد بسط سيطرته على الفلوجة بمساعدة مسلحين محليين في الاول من الشهر الحالي. ولم يحدد المالكي موعدا لشن هجوم عسكري على المدينة. واضاف المالكي ان زعماء العشائر يجب أن يجبروا المسلحين على الانسحاب حقنا للدماء. وقال المالكي في كلمته الاسبوعية المتلفزة الاربعاء ""جاء الوقت لحل هذه القضية. "" واضاف المالكي ""يسعى المجرمون لاشعال نيران حرب طائفية وتقسيم العراق. "" وكان المالكي قد دعا زعماء العشائر في وقت سابق من الاسبوع الحالي الى قصف مناطق في شرق وشمال الفلوجة. ولم يتضح إن كان هذا استعدادا لعمل عسكري أوسع نطاقا. "" وكانت القوات العراقية وقوات الأمن تضرب طوق"
98,"شجب الرئيس التركي رجب طيب أردوغان اليوم الثلاثاء (13 يونيو حزيران 2017) بقوة عزل قطر ووصفه بأنه ""لا إنساني ومخالف للتعاليم الإسلامية""، وقال إن الأساليب المستخدمة مع قطر غير مقبولة. وتأتي تصريحات أردوغان، التي ألقاها خلال كلمة بالبرلمان أمام نواب حزب العدالة والتنمية الحاكم، بعد قرار السعودية والإمارات والبحرين ومصر قطع العلاقات مع الدوحة الأسبوع الماضي واتهامها بدعم إسلاميين متشددين وإيران، وهو ما تنفيه قطر. وقال أردوغان لقد ""صدر على قطر حكم بالإعدام وهو أمر غير مقبول"" مطالبا السعودية بحل الأزمة. وأوضح أردوغان في خطابه أيضا أنه يعتزم اليوم الثلاثاء إجراء مكالمة هاتفية مع الرئيس الفرنسي إيمانويل ماكرون وأمير قطر الشيخ تميم بن حمد آل ثاني للتباحث في الأزمة. وفي خبر ذي صلة، أعلن المغرب إرسال طائرات محملة بمواد غذائية لقطر. وتضمن"
99,"قام فريق من الباحثين من المركز الألماني لأمراض التآكل العصبي في توبنغن، بإجراء أبحاث على إصابات العدوى لفيروس كورونا، حيث بينت الأبحاث أن فيروس كورونا لا يصيب الجهاز التنفسي فقط، بل من الممكن أن يصيب المرض أعضاء أخرى في جسم الإنسان. ويقصد بأمراض التآكل أو التنكس العصبي الأمراض التي تصيب بنية أو وظيفة الخلايا العصبية، بما يصل لموتها أو يصيب أجزاء منها بالتصلب والضمور، وفقا لما أورد موقع SWP الألماني. وبين البحث الذي تم نشره في المجلة المتخصصة ""Cell Reports"" أن فحص مدى انتشار الفيروس في الجهاز التنفسي وطريقة عمله، يساعد على فهم كيف يمك أن ينتشر في الجسم، وذلك وفقا لما صرح به العالم الألماني فيكاس بانزال من المركز الألمانية لصحيفة بيلد. تقييد إنتاج الحيوانات"
100,"لم تكن تلك أول عملية خطف عمال إغاثة من مخيم داداب في كينيا. ونقلت وكالة رويترزعن قائد في الجيش الصومالي قوله صباح الاثنين إنه تم تحرير العمال الأربعة ""في عملية إنقاذ الليلة الماضية."" ويعمل هؤلاء مع مجلس اللاجئين النرويجي وهم كندي ونرويجي وباكستاني وفلبيني. وكان سائق كيني قد قتل أثناء عملية اختطاف العمال من قبل مسلحي حركة الشباب في داداب. وقال متحدث باسم مجلس اللاجئين في كينيا إن المجلس سوف يصدر بيانا في وقت لاحق. مواضيع قد تهمك في هذا القسم من موقع ""أون لاين"" المتخصص في شئون اللاجئين في الصومال. ولم تكن تلك ثاني عملية اختطاف عمال إغاثة في المخيم. ففي اكتوبر تشرين الأول تم اختطاف موظفتان اسبانيتان من منظمة ""اطباء بلا حدود"" في كينيا قبل نقل"
101,"لا تسيطر حكومة رئيس الوزراء عبد الله الثني، التي تحظى باعتراف دولي، على الأراضي الليبية كافة. وقال النائب عيسي العريبي لوكالة رويترز للأنباء إن إن مجلس النواب ""صوت اليوم لصالح وقف المشاركة في الحوار"". وكان مبعوث الأمم المتحدة إلى ليبيا برناردينو ليون قد قال أمام مجلس الأمن الأربعاء إن المخرج الوحيد للأزمة الليبية هو ""حل سياسي"". وأشرفت الأمم المتحدة على جولات حوار عدة بين الأطراف الليبية. وتعاني ليبيا فوضى سياسية وأمنية بالغة منذ الإطاحة بالزعيم معمر القذافي من سدة الحكم عام 2011. مواضيع قد تهمك في مواضيع أخرى قد تهمك أيضا في مواضيع السياسة والاقتصاد والاجتماع. وتسعى الأمم المتحدة للتوسط بين أطراف النزاع من أجل التوصل إلى اتفاق لحل الأزمة. ولا تسيطر حكومة حكومة الثني ومجلس النواب المنتخب إلى مدينة طبرق الشرقية التي يوجد فيها برلمان وبرلمان آخر"
102,"يعترف تنظيم جبهة النصرة التابع لتنظيم القاعدة بعدائه للجماعات المسلحة التي تدعمها الغرب في سوريا وقال المرصد السوري لحقوق الإنسان المعارض، ومقره بريطانيا، إن الغارات تأتي بعد هجوم شنه مسلحون تابعون لجبهة النصرة على مواقع لقوات معارضة يدعمها الغرب، يطلق عليها اسم ""الفرقة 30"". وقالت ""الكتيبة 30"" إن ""مسلحي النصرة هاجمو مقرا لهم، وخطفوا عددا من عناصرهم من بينهم قائد الفرقة. وقتل خمسة من أفراد الفرقة اثناء تصديهم للهجوم""، حسب وكالة رويترز. ونقلت الوكالة عن مصادر في المعارضة قولها إن الفرقة 30 تلقت تدريبات ضمن برنامج تقوده الولايات المتحدة، بدأ في شهر مايوآيار من العام الجاري."
103,ستدرس فكرة إنشاء قوة عربية خلال القمة المقررة في مصر في نهاية مارس وأوضح السفير عبد العاطي في تصريحات صحفية أن التشاور بين القادة العرب يتم حول تشكيل قوة انتشار سريع عربية في المنطقة لمواجهة التنظيمات الإرهابية التي تزعزع استقرار وأمن المنطقة. وأضاف المتحدث باسم الخارجية المصرية أن تشكيل قوة الحماية العربية الموحدة يمكن بحثها وإقرارها خلال القمة العربية المقبلة التى تستضيفها مصر نهاية مارس - آذار المقبل، ويمكن أن تتركز بصورة مبدئية في منطقة الخليج أو الأردن.
104,من الناحية السيكولوجية تمثل السعادة – وتحديدا اللذة التي تقود إلى السعادة - هدفا تصبو إليه نفوس الناس . فنحن نطارد السعادة، التي تمثل في جوهرها في الغالب مفهوما أنانيا بشكل مطلق. وجزء من هذه اللذة يتحقق بتناول الشوكولاته، فحين نأكلها نسعى إلى الحصول على اللذة ليتسامى الألم. وهذه من أعمدة مبدأ اللذة. وربما سيكون صعبا قياس مستويات تأثير الشوكولاته على سعادتنا بشكل ملموس ، لكن أغلب الناس يؤمنون بوجودها. وفي هذا السياق فإن حبوب السعادة التي هي عبارة عن عقاقير مستخرجة من خلاصة الشوكولاته مطروحة قيد التداول في الأسواق ، وهذا يعني ان البعض يحاول ان يخلق هذا الشعور دون ان يتناول شوكولاته حقيقة (خوفا من البدانة ) . ولم تنجح دراسة كندية أجريت على مجموعة من الأشخاص للعثور على
105,"ورأى آخرون أن العمليات السورية بغطاء جوي روسي تحمل رسالة تهديد لتركيا ولخططها في المنطقة. ""الأغبياء لا يتعظون"" يقول جمال ظريفة في صحيفة ""السبيل الأردنية"" في الوقت الأردنية: ""ما يجري في إدلب من انتصارات كبيرة على المستويين السياسي والعسكري، وتحرير كامل ريف حماة أبلغ رسالة للداخل والخارج مفادها بأنه لن تبقى بقعة واحدة من الأراضي السورية من دون تحرير، وأن أي محتل أو غاز سيندحر ويجر أذيال الخيبة وراءه"". ويضيف: ""رئيس النظام التركي العثماني الجديد رجب أردوغان ينتهج أسلوب النعامة في السياسة، يدعم التنظيمات الإرهابية في سوريا على مرأى من العالم. فهو يحاول استمالة الأمريكي واسترضاء الروسي وإقناع الإيراني، ويلعب على كل الحبال، ويحاول إقامة ما يسم"
106,"وقالت بي بي سي إن إيران هددت عائلات 15 موظفا في القسم الفارسي، بأنهم إذا لم يتوقفوا عن العمل في بي وبي سي فإن حياتهم في لندن ستكون في خطر. وتلقت عائلات الموظفين أيضا تهديدات بالفصل عن العمل والمنع من السفر إلى الخارج. ولم تعلق السلطات الإيرانية عن هذه الادعاءات. ""ثبات"" وقالت مسؤولة أقسام اللغات، ليليان لاندور، إنه ""خلال الأيام القليلة الأخيرة استجوبت وزارة الاستخبارات في طهران ومدن أخرى 15 فردا من عائلات موظفي بي بي. وقالت لاندور إن ""التهديدات طالت عائلات الموظفين، بما في ذلك تهديدات بالفصل من العمل والعزل عن العمل، والتهديد بأن يفقد الاقارب وظائفهم ومعاشاتهم، وأن يمنعوا من السفر الى الخارج""، موضحة أنها المرة الأولى التي تعرض فيها حياة موظفي تلفزيون بي بي"
107,الجلوس مع شخص مدخن ليست مسألة مزعجة فحسب، لكنها شديدة الخطورة على الصحة أيضا، وقد تؤدي إلى سرطان الرئة ومعظم الأمراض التي يعاني منها المدخنون. وتزيد مخاطر الاقتراب من المدخن (التدخين السلبي) عما يعتقد البعض، إذ يحتل المركز الثالث في قائمة أهم أسباب الوفاة التي يمكن تفاديها. ويحتل التدخين الإيجابي المركز الأول في هذه القائمة. ولبحث مخاطر التدخين السلبي، حاول الباحثون رصد التغير الذي يحدث في الهواء عند التدخين. وأظهرت أجهزة القياس أن نسبة الجزيئات الضارة في الهواء في مكان لا يوجد به تدخين محدودة جدا. ولكن عند إشعال السيجارة يمتلئ الهواء بالجزيئات الضارة. المشكلة الأكبر تكمن في أن هذه المواد الضارة تبقى لفترة طويلة في المنازل وتستقر على السجاد وقطع الأثاث ولا تنفع معها حتى التهوية الدائمة للمنزل. مخاطر لا يمكن حسابها ويتصدر
108,"غالبية الحالات البشرية المصابة ب ""إتش5 إن1"" نقل إليها الفيروس من خلال الاتصال بالدواجن الحية أو الميتة ودعت فرق الباحثين في خطاب نشرته مجلته ""ساينس آند نيتشر"" إلى عقد ندوة دولية لمناقشة الأخطار المحتملة وأهمية هذه الدراسات. وكانت السلطات الأمريكية قد طلبت الشهر الماضي من القائمين على هذه الأبحاث تنقيح التفاصيل الرئيسية في المطبوعات القادمة. وقالت لجنة استشارية حكومية إنه يمكن استخدام هذه المعلومات من قبل ""إرهابيين."" ويخشى خبراء الأمن البيولوجي من إمكانية أن يؤدي شكل متحور من الفيروس إلى انتشار وباء أكثر فتكا من انتشار الانفلونزا الأسبانية عامي 1918 و 1919 والذي قتل ما يقرب من 40 مليون شخص. خطوة صحيحة واوصت الهيئة الاستشارية العلمية الوطنية للأمن البيولوجي بحذف التفاصيل الأساسية من المطبوعة الخاصة بالبحث، والتي يمكن أن تحدث"
109,خرج مئات الآلاف من المحتجين يحملون لافتات ويدعون لتغيير جذري إلى شوارع الجزائر العاصمة اليوم الجمعة (5 أبريل نيسان 2019) للأسبوع السابع على التوالي في حين أفادت تقارير بإقالة مدير المخابرات في علامة أخرى على حدة الاضطرابات عقب استقالة الرئيس عبد العزيز بوتفليقة. وكان مدير المخابرات اللواء المتقاعد عثمان طرطاق حليفا وثيقا لبوتفليقة الذي تنحى يوم الثلاثاء تحت ضغط من الجيش. وبثت قناة النهار التلفزيونية الخاصة خبر إقالة طرطاق وقالت إن منصبه الذي يتبع الرئاسة حاليا سيعود ليصبح تحت إشراف وزارة الدفاع. واحتشدت أعداد ضخمة من المتظاهرين وسط العاصمة الجزائرية وفي أنحاء عدة من البلاد في أول يوم جمعة بعد استقالة الرئيس بوتفليقة، وردد المتظاهرون شعارات ترفض تولي المقربين السابقين من الرئيس المستقيل إدارة المرحلة الانتقالية، بحسب صحافيي فرنس برس
110,"قالت الصين إنها نجحت ولأول مرة في استخراج ""جليد قابل للاحتراق""، وهو أحد مصادر الطاقة المختزنة في أعماق البحار ويعتبر مصدرا واعدا لاستخراج الغاز الطبيعي. وذكرت وكالة أنباء الصين الجديدة (شينخوا) أن الخبراء نقبوا عن هذه المادة التي تسمى أصلا ب ""هيدرات الميثان"" على عمق 1266 مترا في بحر الصين الجنوبي. وحسب الوكالة فإنه تم استخراج 16 ألف متر مكعب من الغاز خلال في اختبارات بدأت منذ أواخر آذارمارس الماضي. وتعرف مادة ""هيدرات الميثان على مستوى العالم بأنها جليد يحتوي على غاز الميثان. وتتسبب درجة الحرارة المتدنية وارتفاع الضغط في قاع البحر في تكوين جزيئات الماء ""مستودعات"" تلتقط جزيئات الميثان، وعندما تعرض هذه القطع الثلجية البيضاء التي يعتقد"
111,"وقال المنتج المصري، لوكالة الأنباء الألمانية(د.ب.أ) إن المسلسل الذي يستمر عرضه منذ بداية شهر رمضان يقدم شخصية موجودة في الحياة تهدف إلى تحقيق مصالح الآخرين من شخصيات سياسية ورجال أعمال وتجار وغيرهم نافيا أن تكون الشخصية حقيقية أو ترمز إلى شخص بعينه وإنما هي تعبر عن نوعية من البشر الذين تعرفهم كل المجتمعات. وبدأ التحضير للمسلسل أواخر العام الماضي حيث اشترك في كتابته عمرو الشامي وياسر عبد المجيد وتولى إخراجه محمد علي وشارك في بطولته خالد صالح وجومانا مراد ودينا وأحمد صفوت وطارق عبد العزيز. ولفت المنتج إلى أنه كان يفكر في تقديم شخصية فرعون كفيلم سينمائي ""لكن أحداثه حتمت تقديمه كمسلسل ولا علاقة للأحداث أو الشخصية على الإطلاق بشخصية صبري نخنوخ البلطجي المعروف المسجون حاليا على ذمة العديد من القضايا""."
112,"أفادت صحيفة الخليج الإماراتية اليوم (الأربعاء التاسع من أكتوبر تشرين الأول 2013) أن محاكمة مجموعة تضم 30 إماراتيا ومصريا متهمين بالانتماء إلى الإخوان المسلمين ستبدأ في الخامس من تشرين الثانينوفمبر المقبل. وذكرت الصحيفة ان المحكمة الاتحادية العليا ستقوم بمحاكمة المجموعة التي تضم خصوصا 14 مصريا. وكانت السلطات الاماراتية اعلنت في حزيران يونيو انها احالت على محكمة امن الدولة العليا في الامارات العربية المتحدة في قضية ""تنظيم سري يهدف إلى قلب نظام الحكم في الدولة"". وكانت النيابة العامة في الامارات اعلنت في السادس من تموزيوليو عن احالت امام المحكمة الاتحادية في الامارات الى محاكمة ""مجموعة تضم 30 مواطنا"" متهمين بالانتماء الى جماعة الاخوان المسلمين المحظورة. وقال المحامي العام لنيابة امن الدولة حينها احمد راشد الضنحاني كما نقلت عنه وكالة انباء الامارات الرسمية ان بعض"
113,حملة الخروج تقول إن بريطانيا ستتحرر وتكون أكثر استقلالية في قرارها بعد خروجها من الاتحاد الأوروبي بالنسبة للكثير من البريطانيين سيكون التصويت خيارا صعبا ومحيرا، وقد يلجأ بعضهم إلى اتباع ما يمليه عليه احساسه. أما أولئك الذين اختاروا الوقوف في صف حملة الخروج من الاتحاد البريطاني، فيعدون بأن الاستفتاء يمنحهم فرصة لاستعادة السيطرة على ما يجري في بريطانيا وداخل حدودها، بعيدا عن املاءات بروكسل وقوانين الاتحاد. مستقبل كاميرون رواد حملة البقاء في الاتحاد يقولون إن السوق الموحدة ستكون لصالح الاقتصاد البريطاني، لكن في حالة نجاح حملة الخروج في الاتحاد الأوروبي، هناك مسائل سياسية ستطرح نفسها بشكل ملح، من بينها مستقبل رئيس الوزراء ديفيد كامرون: هل سيبقى في منصبه إذا خسر الرهان بدعم حملة البقاء؟ البعض قد يفضل أن يغادر كاميرون منصبه، لكن الكثيرين يميلون إلى بقائه
114,الجانبان توصلا غلى اتفاق لوقف إطلاق النار الثلاثاء وقالت مصادر سورية في الحسكة لبي بي سي إن الخطوات اللازمة لتبادل الأسرى وجثامين القتلى ونقل الجرحى إلى المشافي وإعداد لوائح بالمفقودين بحثت خلال الاجتماع، واتفق على إعداد قوائم من الجانبين بالأسماء، على أن يعقد اجتماع ثان الأربعاء لتبادل اللوائح وإطلاق سراح الأسرى على دفعات. ورغم أن البيانات الصادرة حول الاتفاق لم تحدد مدة تنفيذه فإن المصادر السورية قالت إنه اتفق على تحديد الفترة لغاية 30 من الشهر الجاري لتطبيق بنود الاتفاق كاملة. وتضمن الاتفاق - حسب المصادر - خروج الوحدات الكردية وقوات الدفاع الوطني الموالية للحكومة من المدينة، وإسناد مهمة حمايتها للشرطة والأسايش لتخفيف الوجود المسلح فيها. ونص الاتفاق الذي توصل إليه الجانبان الثلاثاء على فتح طريق الحسكة القامشلي والطرق المؤدية إلى أماكن تمركز القوات الحكومية السورية داخل المدينة وخارجها،
115,تهدف حملة الجيش اليمني إلى القضاء على معاقل التنظيم القاعدة. وكان الجيش اليمني قد منح مسلحي القاعدة يومين لمغادرة منطقة الحوطة. وجاءت المهلة بعد تزايد هجمات مسلحي القاعدة في العاصمة صنعاء، فيما يبدو أنه رد على العملية العسكرية الموسعة التي يقوم بها الجيش ضد التنظيم في محافظتي شبوه وأبين جنوبي البلاد . وكانت السلطات اليمنية قد أعلنت الاثنين الماضي عن مصرع ستة أشخاص من عناصر تنظيم القاعدة، بعد هجوم مجموعة من التنظيم على المنطقة العسكرية الثالثة بقذائف الهاون، على حد قولها، في حين قال مصدر أمني يمني إن خمسة أشخاص على الأقل، يعتقد أنهم ينتمون لتنظيم القاعدة، قتلوا في غارة جوية شنتها طائرة من دون طيار في نفس اليوم. وتهدف الحملة العسكرية ضد معاقل التنظيم خاصة في محافظتي أبين وشبوة. وقد أعلن الجيش عن مقتل العشرات من عناصر يشتبه بانتمائها
116,"تمكنت نحو 40 أسرة من الفرار من الفلوجة. وقالت بيكي بكر عبد الله، المنسقة الإعلامية للمجلس النرويجي للاجئين، ""إذا بقوا في الفلوجة يواجهون خطر المجاعة وإذا فروا، فإنهم يخاطرون باحتمال أن يقتلوا أثناء الخروج من المدينة"". وشن الجيش العراقي هجوما يوم الاثنين لاستعادة السيطرة على المدينة الواقعة على بعد حوالي 60 كيلومترا غربي بغداد من تنظيم ""الدولة الإسلامية"". وكانت الفلوجة أول مدينة تسقط تحت سيطرة التنظيم في ينايركانون الثاني 2014، وهي محاصرة منذ نحو ستة اشهر. وقالت امرأة للمنظمة الإغاثية إن أسرتها عاشت على التمر وعلى الماء من نهر الفرات قبل الفرار من المدينة. مواضيع قد تهمك نهاية كانت الفلوجة، مدينة الفلوجة، في يناير كانون الثاني 2014، وكانت محاصرة منذ أكثر من ستة اشهر، حسبما يقول المجلس النروجي للاجئين."
117,"قالت اللجنة الأمنية بإمارة منطقة عسير جنوب غرب السعودية اليوم السبت (13 أبريلنيسان)، في بيان لها اليوم إن ""عمليات ملاحقة المجهولين تتم وفق آلية مخطط لها بمتابعة مباشرة من أمير منطقة عسير"". ويشار إلى أن أمير منطقةعسير فيصل بن خالد بن عبد العزيز اتهم من وصفها ب""دولة معادية"" لم يسمها بالوقوف وراء زيادة أعداد المتسللين إلى منطقته. وتواصل السعودية بناء جدار امني مزود بأنظمة رصد الكتروني عند حدودها مع اليمن. وأوردت الصحيفة أن هذا الجدار رملي ويبلغ ارتفاعه ثلاثة أمتار وهو مجهز بأنظمة رصد الكترونية على طول الحدود مع اليمن البالغة 1800 كلم. وذكرت الأنباء أن بناء هذا الجدار كان قد انطلق في عام 2003، لكنه توقف بعد عام اثر اعتراض الحكومة اليمنية على ترسيم الحدود، علما بان هذا الأمر كان تم التوافق"
118,"دانت الولايات المتحدة بشدة الخميس (29 أيلول سبتمبر 2011) الهجوم الذي تعرض له سفيرها في سوريا روبرت فورد واعتبرته ""غير مبرر""، داعية مجلس الشيوخ إلى تأكيد تعيينه بما يسمح له بمواصلة مهمته ""الشجاعة"". وطالبت وزيرة الخارجية الأميركية هيلاري كلينتون السلطات السورية باتخاذ إجراءات لحماية الدبلوماسيين الأميركيين بعد التهجم ""غير المبرر على الإطلاق""، الذي تعرضت له السفير الأميركي في دمشق روبرت فورد. وقالت كلينتون ""إننا نطالب بأن تتخذ كافة الإجراءات الممكنة لحماية دبلوماسيينا""، قبل أن تشيد ب""شجاعة"" فورد. كما أدان البيت الأبيض الهجوم على السفير، حيث قال المتحدث باسم الرئاسة جاي كارني ""يوما بعد آخر يعرض السفير فورد سلامته الشخصية للخطر ليدعم التطلعات المشروعة للشعب السوري""، واصفا الهجوم بأنه ""ليس هناك"
119,"قال وزير الداخلية الألماني فولفجانج شويبله إن شبكة من المشتبه بهم الذين اعتقلوا في وقت سابق من هذا الشهر ونسبت إليهم تهمة التخطيط لتنفيذ تفجيرات إرهابية في ألمانيا، قد تكون ممتدة لسوريا ودول أخرى في أوروبا. ونقلت وكالة رويترز عن الوزير الألماني قوله للصحفيين لدى لقائه وزير الأمن الداخلي الأمريكي مايكل تشيرتوف في واشنطن أمس الإثنين بأن المشبه بهم ""عملوا بطريقة تآمرية ذات حرفية عالية"". وكشف شويبلله عن أن المشتبه بهم يمثلون جزءا من شبكة دولية امتد مداها ليس فقط إلى باكستان بل أيضا إلى سوريا وقد تكون هناك صلات بدول أوروبية أخرى، حسب تعبيره. وأضاف قائلا إن هناك احتمالات لوجود أشخاص آخرين على اتصال بالشبكة في ألمانيا إلا أن السلطات لا تملك الأدلة الكافية لاتخاذ إجراءات قانونية ضدهم. يذكر أن السلطات الأمنية الألمانية كانت قد أعلنت"
120,مذاق الكمون يعجب البعض ولا يعجب آخرين، ونظرا لتأثيره الإيجابي على عملية الهضم ينبغي عدم الاستغناء عن الكمون في الوجبات الغذائية الصعبة الهضم. ويوصى باستخدام هذا البهار في تتبيل كل الوجبات تقريبا: كاللحم والحساء والشوربة والصلصات والخضار والأجبان والسلطات وحتى الخبز، لما له من فوائد صحية وخصائص علاجية، نذكر هنا أهمها: غني بالألياف الغذائية ملعقة صغيرة من الكمون (حوالي 6 غرامات فقط) تزود جسم الإنسان بغرامين من الألياف الغذائية اللازمة لهضم الطعام، وهذه تعتبر كمية جيدة تعادل 10بالمائة من كمية الألياف الغذائية الموصى بها لشخص بالغ في اليوم الواحد. ويساهم الكمون بذلك إضافة إلى المواد الغذائية الليفية الأخرى في تزويد الجسم بالألياف، التي تساعد على هضم الطعام وتعمل أيضا على التخلص من
121,"وأعتبر كيم التجربة خطوة أولى لعملية عسكرية ضد ""الاحتلال"" الأمريكي في المحيط الهادي. وهي المرة الأولى التي تعترف فيها الوكالة الرسمية بتعمد اطلاق صاروخ نحو اليابان. ونقلت الوكالة عن كيم قوله إن ""التدريب الحالي لإطلاق صاروخ باليستي مثل حربا حقيقية وهو الخطوة الأولى من العملية العسكرية للجيش الشعبي الكوري- في إشارة للجيش الكوري الشمالي في المحيط الهادئ- ومقدمة جادة لاحتواء غوام"". وهددت بيونغيانغ هذا الشهر بإطلاق 4 صواريخ من طراز هواسونج-12 في البحر قرب منطقة غوام الأمريكية. وأطلقت كوريا الشمالية الثلاثاء صاروخا باليستيا جديدا مر على شمال اليابان قبل أن يسقط في المحيط. وزعت وكالة الأنباء الكورية الشمالية تلك الصورة التي زعمت أنها لعملية إطلاق الصاروخ الأخير وندد مجلس الأمن الدولي بالإجماع بالخطوة، وطالب بيونغي"
122,"أطلقت 85 مجموعة سورية تضم ناشطين سلميين حملة تطالب العالم بالمساعدة على وقف البراميل المتفجرة التي يلقيها النظام السوري فوق مناطق مختلفة وتشجيع محادثات سلام، كوسيلة وحيدة لوقف التطرف الذي أفرزته الأزمة السورية. ونقل بيان وزع منتصف الليلة الماضية عن سلمى كحالة المشاركة في تنظيم حملة ""كوكب سوريا""، قولها ""نشعر بإحباط شديد في داخلنا لافتقارنا إلى الحد الأدنى من دعم الأصدقاء حول العالم. الفكرة ليست معقدة بتاتا، فالغالبية المطلقة من السوريين لا يريدون دكتاتورية أو عنفا. نحن نريد بالضبط ما يحتاجه أي إنسان في أي مكان على الأرض: الحرية والكرامة"". ووقعت 85 مجموعة ناشطة في المجتمع المدني البيان، وبينها الشبكة السورية لحقوق الإنسان ومركز توثيق الانتهاكات في سوريا ومنظمات نسائية وكردية وأشورية وإعلامية وحقوقية،"
123,لم يمثل تيفيز منتخب الارجنتين منذ عام 2011 وخلت القائمة المكونة من ثلاثين لاعبا من اسم لاعب مانشستر سيتي السابق واليوفنتوس حاليا كارلوس تيفيز على الرغم من تألق اللاعب في الكاليتشيو واحتلاله حاليا المركز الثالث على لائحة الهدافين قبل مرحلة من نهاية الموسم برصيد 19 هدفا بالاضافة الى فوز اليوفنتوس بلقب الدوري بالفعل. ولم توجه لتيفيز الدعوة الى صفوف المنتخب منذ عام 2010 وتحديدا بعد مباراة الدور ربع النهائي لكوبا اميركا التي اقيمت في الارجنتين وخسرها منتخب التانغو امام الاوروغواي حيث اهدر وقتها تيفيز ركلة جزاء ترجيحية منحت الفوز للاوروغواي التي فازت باللقب. وضمت القائمة عددا من النجوم في خط الهجوم على رأسهم ليونيل ميسي (برشلونة الاسباني) والى جانبه سيرجيو اغويرو (مانشستر سيتي الانكليزي) وانخل دي ماريا
124,"في الجولة 21 من الدوري الألماني لكرة القدم أهدر ثلاثة لاعبون ركلات جزاء، ليبلغ عدد ركلات الجزاء المهدرة في الموسم الحالي 18 ركلة. وتقول صحيفة ""بيلد"" إن 35 ركلة جزاء عانقت الشباك من بين 53 ركلة حصلت عليها مختلف الأندية الألمانية في البوندسليغا هذا الموسم. وبذلك تكون نسبة التهديف من ركلات الجزاء هي 66 بالمائة. وبالمقارنة مع الموسم الماضي (34 جولة) تم إهدار 18 ركلة من بين 86 ركلة، ما يعني تسجيل 68 هدف، أي بنسبة نجاح بلغت 79 في المائة. رقم قياسي وشهدت الجولة السابعة من البوندبوندسليجا هذا الموسم أكبر عدد لركلات الجزاء المهدره في جولة واحدة في تاريخ المسابقة التي بدأت عام 1963. حيث جرى أهدار سبع ركلات من بينها خمس في يوم واحد."
125,"بمناسبة اقتراب فصل الصيف وانتهاء موسم الدراسة في مختلف الدول، تنظم المؤسسات التعليمية والترفيهية العديد من الأحداث الي تجمع الآباء والأبناء لقضاء أوقات ممتعة ومفيدة، وبالتحديد في مركز سانت ماري الطبي بالولايات المتحدة. وتقدم خبيرتان، هما روجوتا ديويكار، إحدى أشهر أخصائي التغذية في الهند، في مقال لها على موقع فيت ""ذا كونت"" المهتم بالصحة والأطفال، وإرين روبلز، التي حصلت على لقب واحدة من أقوى 50 شخصية في الهند لمجلة بيبول الأمريكية عام 2012-، مجموعة من النصائح، نختار منها ستة: قل ""لا ""قل ""لا"" لا تتردد في رفض العديد من الأمور التي يطالبك بها طفلك، مثل: ""لا "". أجريت دراسات طويلة في جميع أنحاء الاتحاد الأوروبي لبحث البيئة التي ينشأ فيها الأطفال."
126,"وقعت مصادمات في فبرايرشباط عندما أزالت السلطات الفرنسية خياما في جزء من مخيم المهاجرين بكاليه. وقالت ناتاشا بوشار إن على باريس التحرك على ضوء تصويت البريطانيين لصالح الخروج من الاتحاد الأوروبي. وأضافت: ""يجب على البريطانيين أن يتقبلوا تبعات خيارهم"". وبموجب اتفاق يعود إلى عام 2003، تجري بريطانيا فحوصات في كاليه لوقف المهاجرين الذين يحاولون الوصول إلى أراضيها. وأوضحت بوتشارت: ""نحن في موقف قوي للضغط من أجل طلب مراجعة، ونطلب من الرئيس (فرانسو هولاند) أن يلقي بثقله (في هذه القضية)"". وقالت بوشار: ""إن على بريطانيا أن تتقبل تبعات خيارها، وأن تقبل تبعات هذا الخيار"". وأضافت بوشار أن على فرنسا التحرك من أجل التحرك من خلال التحرك"
127,"وصل عدد المبعدين عن الأراضي السعودية إلى اليمن خلال الستة الأشهر الماضية إلى 400,000 مهاجر غير شرعي بحسب بيانات المنظمة الدولية للهجرة منهم 130,000 من جنسيات غير يمنية (أفارقة). فيما تؤكد بيانات وزارة شؤون المغتربين اليمنية بأن عدد المرحلين الذين دخلوا الأراضي اليمنية هو 270,105 مبعدين، مستندة إلى ما قالت إنها إحصائيات الجانب السعودي والمنافذ اليمنية. ولكن يبدو أن العدد أكثر من هذا الرقم بكثير، فهناك أعداد كبيرة منهم لم تمر عبر المنافذ الرسمية خوفا من أخذ بصماتهم كي لا يحرموا من فرصة العودة مرة أخرى نظرا لانعدام فرص العمل في اليمن الذي تعاني أوضاعه الداخلية من عدم الاستقرار السياسي وارتفاع نسب البطالة وتدني مستوى المعيشة، حيث يواجه هؤلاء بعد طردهم ظروفا معيشية صعبة. معاناة يومية يقول"
128,"أصبحت الخطوط الجوية القطرية الراعي الجديد لنادي بايرن ميونيخ، مزيحة بذلك الشريك التجاري الأول للنادي الألماني، شركة لوفتهانزا الألمانية، والتي كانت متعاقدة مع البافاري لستة عشر سنة كاملة. وأكدت إدارة البافاري لصحيفة ""فرانكفورتر ألغماينه تسايتونغ"" صحة الأنباء حول عقد مبرم بين الطرفين لخمس سنوات، بدء من انطلاق الموسم القادم. ونقلت الصحيفة الألمانية في عددها الصادر اليوم الأربعاء (21 فبراير شباط 2018)، عن رئيس قسم التسويق ببايرن، أندرياس يونغ، أن التعاقد مع الشركة الخليجية يتوافق ""جيدا"" مع استراتيجية النادي لتثبيت أقدامه على الساحة الكروية ""الدولية"". وحسب ذات المسؤول فإن الشركة القطرية تتوسع في الأسواق الأمريكية والآسيوية ، وهذا ما سيخدم أيضا طموح البافاري، و """
129,"قال الرئيس البولندي أندريه دودا إن ""بولندا لديها الحق بالدفاع عن الحقيقة التاريخية"" وقبل التوقيع على القانون، دافع دودا عن القانون الذي يجرم اتهام بولندا بالتواطؤ في الجرائم النازية التي ارتكبت أثناء خضوع البلد للاحتلال في الحرب العالمية الثانية. وتقول الحكومة البولندية إن الهدف من القانون هو حماية الأمة البولندية والدولة من أي مسؤولة جنائية عن الفظائع التي ارتكبت في المعسكرات. وأعربت إسرائيل عن قلقها من أن القانون قد يغطي على تورط بعض البولنديين. كما أن هناك مخاوف من احتمال أن يواجه ناجون من محارق النازي (الهولوكوست) اتهامات جنائية بسبب شهاداتهم ضد بولنديين. وفي كلمة ألقاها أمس قبل التوقيع، قال دودا إنه ""القانون يحمي المصالح البولندية ويحمي كرامتنا والحقيقة التاريخية، كي يحكم علينا بطريقة عادلة من"
130,بعد فوزه التاريخي في الانتخابات الأمريكية، انبرى باراك أوباما على الفور في التحضير لتسلم منصبه الجديد في 20 كانون ثان يناير 2009. وذكرت تقارير إخبارية أن أوباما رشح النائب اليهودي في الكونجرس رام إيمانويل، وهو من أصل إسرائيلي، ليصبح رئيسا لطاقم البيت الأبيض. وقد لاقى ترشيح أوباما لإيمانويل ترحيبا واسعا بين صفوف السياسيين الديمقراطيين، غير أنه ليس واضحا فيما إذا كان إيمانويل سيقبل عرض أوباما أم لا. وكان إيمانويل قد اتخذ موقفا محايدا من باراك أوباما وهيلاري كلنتون أثناء الحملة الانتخابية لتحديد هوية مرشح الحزب الديمقراطي. لقاء أوباما الرسمي الأول وعلى الصعيد ذاته، من المقرر أن يجتمع أوباما اليوم الخميس (السادس من تشرين ثان نوفمبر 2008) مع مسؤولين من جهاز الاستخابارات الأمريكي، ليقف
131,"أعلنت الشرطة البريطانية الاثنين (19 حزيرانيونيو 2017) مقتل رجل ونقل ثمانية أشخاص إلى المستشفى بعدما قامت شاحنة صغيرة بدهس مارة بالقرب من مسجد في شمال لندن، موضحة أن شرطة مكافحة الإرهاب تتولى التحقيق في هذه القضية. وأكدت رئيسة الوزراء البريطانية، تيريزا ماي، الاثنين أن عملية الدهس التي قام بها سائق شاحنة صغيرة بالقرب من مأواة في مسجد شمال لندن ليل الأحد على الاثنين تعالج على أنها ""هجوم إرهابي محتمل"". وقالت في بيان إن ""الشرطة أكدت أن الأمر يعالج على أنه هجوم إرهابي"". وأضافت ""سأترأس اجتماعا طارئا صباح اليوم (الاثنين)""، مؤكدة تضامنها مع ""الضحايا وعائلاتهم وأجهزة الإسعاف في مكان"" الهجوم. وأكدت الشرطة في بيان أن ""رجلا تأكدت وفاته في المكان (...)"
132,"قتل عنصران من الحرس الثوري الإيراني كانا منتشرين في العراق كمستشارين في الحرب ضد تنظيم ""الدولة الإسلامية"" بضربة من طائرة أميركية بدون طيار كما أفادت وكالة الأنباء الرسمية الإيرانية. وقالت الوكالة التي أشارت إلى دفنهما في إيران، إن الرجلين قتلا في 23 آذار مارس بضربة من الطائرة بدون طيار خلال عملية ضد التنظيم المعروف إعلاميا ب ""داعش"" في العراق. وأضافت أن الرجلين كانا يرتديان بزات عسكرية ويحملان أسلحة وأسلحة. وكانا فيلق القدس التابع للحرس الثوري الإيراني، وهما من عناصر الحرس الثوري في العراق، في عملية ضد تنظيم الدولة الإسلامية المعروف باسم ""داعش""، في العراق وسوريا، في مواجهة القوات الحكومية العراقية التي تدعمها إيران. وكانت القوات العراقية منذ الثاني من آذارمارس، استعادة مسقط رأس"
133,أوباما هو أول رئيس خصص له حسابا خاصا به على تويتر، وقد بدأ أوباما في استخدام حسابه الخاص على تويتر في مايوأيار 2015، ومنذ ذلك الحين فقد استخدم هذا الحساب للتواصل مع متابعيه من عامة الشعب في أمريكا وفي أنحاء مختلفة من العالم. بعض تغريدات أوباما حظيت بشعبية أكثر من غيرها، وفيما يلي أهمها. 18 مايوأيار 2015 أول تغريدة - والتي تم إعادة تداولها أكثر من 284 ألف مرة مرحبا تويتر! أنا باراك! وأخيرا وبعد 6 سنوات (في منصب الرئاسة) قرروا إعطائي حسابي الخاص 26 يونيوحزيران 2015 الترحيب بقرار السماح بزواج المثليين في أمريكا - تم إعادة تداول هذه التغريدة أكثر من 424 ألف مرة اليوم حققنا خطوة كبيرة في مسيرتنا نحو المساواة. فقد أصبح من حق
134,"قال ترامب إن ما قالته كلينتون ""اهانة للملايين من الامريكيين المدهشين والمثابرين"" واعترفت كلينتون في بيانها بأن ما قالتها كان ""تعميما مفرطا."" ولكن كلينتون شنت هجوما لفظيا لاذعا على ترامب، وقالت السبت إنها ستواصل ""فضح التعصب والخطاب العنصري"" بينما تشتد الحزازات بينها وبين منافسها الجمهوري. وكان ترامب قد قال في بيان له السبت إنه ""لا يصدق ما تقوله كلينتون. "" وقال في بيانه ""لا تصدقوا ما تقولونه. "" وكانت كلينتون قد قالت في بيان لها السبت إنها ""لن تصدق ما تقولانه. "" وقالت في بيانها ""لا اصدق ما اقوله. "" واضافت في بيانها الذي نشرته في وقت سابق من الاسبوع الحالي ""انا نادمة على قول"
135,"قال رئيس المجلس الأوروبي هيرمان فان رومبوي إن الاتحاد الأوروبي لا يسعى إلى توسيع نفوذه في أوكرانيا. وقال: ""قلت بوضوح للرئيس الروسي فلاديمير بوتين إنه ليس لديه أي طموحات جيوسياسية"". وأضاف أن الاتحاد الأوروبي ليس لديه ""طموحات جيوسياسية"" في أوكرانيا، مشيرا إلى أنه ""لا يسعى إلى التوسع في علاقاته مع روسيا في الوقت نفسه"". وأضاف: ""لا نسعى إلى توسيع علاقاتنا مع روسيا، لكن ليس هناك أي رغبة في توسيع هذه العلاقات مع الاتحاد الأوروبي"". وأشار إلى أن ""الاتحاد الأوروبي لا يرغب في توسيع علاقاته مع أوكرانيا، لكنه قال: ""ليس هناك أي خيار آخر. ليس هناك خيار إما هذا أو هذا إما الشرق أو الغرب"". وكتب رئيس المجلس الاوروبي في رسالة إلى بوتين: ""في الوقت نفسه، ليس هناك"
136,"دعا قادة الدول الإسلامية اليوم الخميس (7 شباط فبراير 2013) في ختام قمة منظمة التعاون الإسلامي، التي نظمت يومي الخميس والأربعاء في القاهرة، إلى إجراء حوار جاد بين الحكومة والمعارضة في سوريا حول نقل سلمي للسلطة لإنهاء الحرب الأهلية الدائرة منذ نحو عامين. وفي البيان الختامي للقمة، أيدت منظمة التعاون الإسلامية، التي تضم نحو 57 عضوا، مبادرة تقدمت بها مصر وتركيا وإيران والسعودية لرعاية مفاوضات لوقف إراقة الدماء التي كلفت سوريا أكثر من ستين ألف قتيل، وفق أرقام الأمم المتحدة في وقت سابق. دعم نشر قوات بمالي على صعيد آخر، أعلنت الدول الإسلامية المشاركة تأييدها لنشر قوة عسكرية دولية في مالي بقيادة إفريقية وإجراء انتخابات تشريعية في البلد الإفريقي، وذلك ""دعما لسيادة مالي ووحدة أراضيها"". غير أن بيان القمة لم يشر إلى التدخل العسكري الفرنسي بمالي والذي"
137,الجنيه الاسترليني انخفض أمام الدولار واليورو بعد الإعلان عن الركود وقال مكتب الإحصاءات الوطني البريطاني إن انخفاضا حادا في قطاع الإنشاءات وراء الانكماش المفاجئ. ويعتبر الاقتصاد البريطاني في حالة ركود بعد أن تعرض للانكماش لستة أشهر متصلة. وكان هذا الاقتصاد في انكماش بنسبة0.3 في المائة في الربع الأخير من العام الماضي. والأرقام الصادرة عن مكتب الاحصاءات الوطني الأربعاء هي تقدير مبكر سيخضع لمراجعتين أخريين خلال الشهور القادمة. وقال المكتب إن ناتج الصناعات الإنتاجية الإجمالي انخفض بنسبة 0.4 في المائة، بينما انخفض نشاط قطاع الإنشاءات بنسبة 3 في المائة ، أما قطاع الخدمات فقد زاد بنسبة0 في المائة. وقد شكك البعض في دقة الأرقام الصادرة عن المكتب الوطني البريطاني، خصوصا الأرقام الخاصة بقطاع الإنشاءات ، الذي يشهد تقلبا في الشهور الأخيرة. غير أن
138,"وتظهر الصور نحو 3700 مبنى تضرر أو دمر في باغا، ودورون باغا هذا الشهر، كما قالت المنظمة. وكانت الحكومة النيجيرية قد شككت في تقارير أفادت بمقتل نحو 2000 شخص، وقالت إن عدد القتلى بلغ 150 شخصا فقط. ونقلت أمنستي عن شهود قولهم إن المتشددين يقتلون الأشخاص بلا تمييز. وقالت إن الأضرار ""فاجعة"". وكان هناك زيادة في العنف المرتبط بجماعة بوكو حرام. ففي الأسبوع الماضي وقعت عدة هجمات، من بينها هجمات يشتبه بأن منفذيها أطفال انتحاريون. مواضيع قد تهمك في هذه المواضيع مواضيع وقد تهمك في هذا الوقت. ومن المقرر إجراء انتخابات في نيجيريا الشهر المقبل، ولكن هناك شكوك حول إمكانية إجرائها في جميع أرجاء البلاد. ""محيت من الخارطة"" وقالت منظمة العفو الدولية إن الهجوم على باغا"
139,تعرضت “مي” لحادثة دهس جعلتها طريحة الفراش في المستشفى لسنتين متواصلتين. مي تحدثت لبي بي سي عن معاناتها والتي كانت خلف تصميمها على إنشاء مارثون في لبنان أو ما يعرف بمارثون بيروت والذي أصبح اليوم مصنفا عالميا وبالتالي وضع لبنان على الخارطة العالمية لسباقات الماراثون.
140,كشف موقع شبيغل الإلكتروني عبر مقابلة مع خبير أسلحة ألماني أن الهجمات التي استهدفت موقعين انتاجيين لشركة آرامكو السعودية الأسبوع الماضي تمت بأسلحة إيرانية الصنع على الأرجح وبدرجة عالية من الثقة. وحلل الخبير فابيان هينتس، كل الصور والأدلة التي قدمتها السعودية في عرضها الصحافي بعد الهجمات. كما تابع أيضا وحلل أقوال وصور الحوثيين الذين أعلنوا مسؤوليتهم عن الهجمات. وقال الخبير الألماني، الذي درس العلوم السياسية والإسلامية في جامعتي فرايبورغ بجنوب المانيا وأصفهان الإيرانية ويعمل حاليا كباحث علمي لدى مركز جيمس مارتين للدراسات الخاصة بمنع انتشار الأسلحة النووية والكيميائية في كاليفورنيا؛ إن ما تم عرضه في الرياض من قطع لطائرة مسيرة تذكره بما تم عرضه من قبل معرض للأسلحة في إيران قبل سنوات، ما يجعله مقتنعا بدرجة
141,"تعتبر تركيا وحدات حماية الشعب الكردية في سوريا منظمة ارهابية يذكر ان التقدم السريع الذي حققه المسلحون الاكراد الذين تدعمهم الولايات المتحدة - والذين يستغلون الغارات الجوية الروسية للاستيلاء على مساحات كبيرة من الاراضي قرب الحدود التركية - قد اغضب انقره التي تعتبرهم ارهابيين. وما لبث الجيش التركي ان يقصف مواقع وحدات الحماية الشعب في الاراضي السورية منذ عدة ايام. كما قال الرئيس التركي إن تجاهل الروابط بين الاكراد السوريين وحزب العمال الكردستاني التركي الانفصالي يعد ""عملا عدائيا"" موجها ضد تركيا. وأكد بأن تركيا لن تسمح بقيام كيان كردي في شمالي سوريا، وقال ""لن نسمح بقيام قنديل جديد على حدودنا الجنوبية"" في اشارة الى جبل قنديل في شمالي العراق الذي اصبح منذ سنوات معقلا لمسلحي حزب العمال الكردستاني. وقال اردوغان ""لا ينبغي على احد"
142,في ألمانيا يحكم الكبار. والمعارضة الصغيرة هم الناخبون الشباب الذين تصل أعمارهم حتى 30 سنة  وفرصهم ضئيلة تقريبا، لأن الغالبية من أجيال آبائهم وأجدادهم كبيرة ومرتاحة. فالناخبون المسنون بالتالي لهم تفوق رقمي في صناديق الاقتراع: فالأشخاص الذين يحق لهم الاقتراع ابتداء من سن 60 عاما لهم نسبة تتجاوز 36 في المائة وهي لا تتعدى 15 في المائة في صفوف الذين تقل أعمارهم عن 30 عاما. ولكن كيف نعايش بدايات ديمقراطية المتقاعدين؟ في تلك الفترة كان الناخبون المسنون في سن تتجاوز أعمارهم 60 عاما و 22.3 في المائة من الذين لا يحق لهم التصويت في سن تسمح لهم بالمشاركة في الانتخابات البرلمانية في سن ال 60 عاما هم من الشباب الذين تتراوح أعمارهم بين 30 و 60 عاما. كيف يعايشون بدايات ديمقراطية
143,"قال مدعون في مدينة فرانكفورت الألمانية اليوم الخميس (17 مارسآذار 2016) إن الشرطة داهمت منزل شقيقين من سوريا على صلة بتنظيم ""الدولة الإسلامية"" للاشتباه في تخطيطهما لشن هجوم. وضبطت الشرطة مسدس صوت وأجهزة تخزين إلكترونية وهواتف محمولة وهاتف محمول وكاميرات مراقبة. وقالت الشرطة إن المشتبه بهما قدما من سوريا إلى ألمانيا في فبراير شباط 2015 في سيارة فارهة تخص شقيقه الأصغر. وقال المدعون إن الشرطة ضبطت مسدسا وهاتفا محمولا وكاميراتا إلكترونية وأجهزة تخزين الكترونية وهواتف محمول. وقال مكتب المدعي العام في فرانكفورت إن الشرطة اعتقلت الشقيقين وعمرهما 21 و30 عاما. ولم يقدم المدعون المزيد من المعلومات عن طبيعة الجريمة التي يشتبه بأن الشقيقين كانا يعدان لارتكابها واكتفوا بوصفها بأنها ""عمل"
144,"ردا على التفجير الإرهابي، الذي وقع أمام مقر المعهد القومي للأورام بمنطقة منيل الروضة بالقاهرة، والذي راح ضحيته 20 قتيلا على الأقل، أعلنت السلطات المصرية عن مقتل ""إرهابيين"" خلال عملية نفذتها قوات الأمن ضد ""أوكار إرهابية"" لحركة حسم، التي يصنفها النظام المصري مجموعة إرهابية تابعة لتنظيم الإخوان المسلمين. وها هو حادث إرهابي جديد، يعقبه تعامل أمني سريع، مسفرا عن مقتل وإصابة العشرات من قوات الأمن المصرية، في عملية نوعية ضد ""وكرين للإرهابين"" بمحافظتي القاهرة والفيوم، ما أسفر عن مقتل 15 شخصا، بينهم 15 من أفراد المجموعة الأولى منهم، وفقا لبيان وزارة الداخلية، المنشور عبر حسابها الرسمي على موقع تويتر. كما أعلنت وزارة الداخلية المصرية عن استهداف ""وكر إرهابي"" بمنطقة من"
145,"تسعى دول الخليج العربية والأردن أن يضع مجلس الأمن التابع للأمم المتحدة نجل الرئيس اليمني السابق علي عبد الله صالح وزعيم الحوثيين على القائمة السوداء، إلى جانب فرض حظر أسلحة ناجع على الحوثيين الذين يبسطون سيطرتهم على معظم أنحاء اليمن. وصاغ الأردن ودول مجلس التعاون الخليجي الست قرار الأمم المتحدة بهذا الخصوص، وسيفرض في حال إقراره حظر أسلحة على ""أولئك الذين يعملون نيابة عنهم أو بتوجيه منهم في اليمن"" في إشارة إلى المسلحين الحوثيين والجنود الموالين لصالح. وكان مجلس الأمن قد وضع الرئيس اليمني سابقا صالح واثنين من كبار قادة الحوثيين وهما عبد الخالق الحوثي وعبد الله يحيى الحكيم على القائمة البيضاء في نوفمبر تشرين الثاني. ويقاتل جنود يمنيون موالون للرئيس السابق إلى جانب الحوثيين. وتشن السعودية مع تحالف يضم بشكل أساسي أربعة من حلفائها"
146,"وتشير الدراسة، التي نشرت في دورية ساينتيفيك ريبورتس، إلى أن كل ساعة يمضيها الطفل يوميا في استخدام مثل هذه الأجهزة التي تعمل باللمس تؤدي لانخفاض فترة نومه بمقدار 15 دقيقة. لكن في المقابل، يطور هؤلاء الأطفال مهاراتهم الحركية الدقيقة بشكل أسرع من نظرائهم، وفقا للدراسة. وقال خبراء إن الدراسة ""جاءت في الوقت المناسب""، لكن لا يجب على الآباء أن يشعروا بقلق بالغ من نتائجها. وحدثت طفرة كبيرة في استخدام الأجهزة، التي تعمل شاشاتها باللمس في المنازل، لكن هناك نقص فيما يتعلق بفهم أثرها على نمو الأطفال، في مراحل عمرهم المبكرة. ووجهت الدراسة ، التي أجريت في كلية بيركبيك التابعة لجامعة لندن، أسئلتها إلى 715 من أباء وأمهات لديهم أطفال تقل أعمارهم عن ثلاث سنوات. وسألت"
147,"كتب النجم الأرجنتيني ليونيل ميسي في صفحته على أنستاغرام ردا على المدير الرياضي لفريق برشلونة إريك ابيدال، الذي قال في تصريح صحفي إن ""الكثير من اللاعبين لم يكونوا راضين"" عن فالفيردي الذي اقيل وعين بدلا منه كيكي سيتيين. وكتب ميسي يقول ""بصراحة لا أحب هذا النوع من الأشياء، لكن أعتقد ان الجميع يجب أن يكون مسؤولا عن مهامه ويتحمل مسؤوليات قراراته. نحن أول من يتحمل المسؤولية عندما لا نكون جيدين. المدراء أيضا يجب أن يتحملوا مسؤولياتهم"". وتابع ميسي (33 عاما)، الذي نادرا ما يطلق تصريحات هجومية، بالقول: ""في النهاية، أعتقد أنه عندما نتحدث عن اللاعبين (بهذه الطريقة)، يجب أن نذكر الأسماء، وإلا سيشعر الجميع بالقلق ويغذي"
148,"قرر البرلمان الألماني ""بوندستاغ"" اليوم الخميس (24 تشرين الأولأكتوبر 2019) تمديد فترة مهمة طائرات الاستطلاع الألمانية ""تورنادو"" وطائرت التزويد بالوقود عبر الجو العاملة في سوريا حتى نهاية آذار  مارس المقبل. وينص القرار على إنهاء مهمة الجيش الألماني وإنهاء عمل هذه الطائرات المتمركزة في الأردن خلال العام الجاري. وكان البرلمان الألماني قد وافق على تمديد مهمة طائرات تورنادو لمدة عام آخر، إلا أنه لم يتم التصويت على تمديد المهمة في هذا التوقيت، لما تثيره هذه العملية من جدل كبير في ألمانيا. ومن خلال هذه المهمة الاستطلاعية تشارك ألمانيا مع القوات الدولية في القتال ضد تنظيم ""الدولة الإسلامية"" (داعش) الإرهابي في كل من سوريا والعراق. وجاء القرار بأغلبية ضئيلة في البرلمان ""البوندستاج""، حيث"
149,"أوزبورن، وزير المالية الحالي، هو أحد مخططي استراتيجية الحزب في الانتخابات المقبلة. أوزبرن يشارك في وضع استراتيجية المحافظين للانتخابات المقبلة. وقال كاميرون في تصريحات لشبكة سكاي نيوز الإخبارية إن أوزبورون"" لن يغادر منصبه""، وأكد أنه سيواصل ممارسة دوره وزيرا للمالية في الانتخابات القادمة. جاءت تأكيدات كاميرون بعد شيوع تقارير تتحدث عن عدم ارتياح لدى بعض أعضاء حزب المحافظين، الذي يحكم بريطانيا بمشاركة حزب الديمقراطيين الليبراليين، من جمع أوزبول بين دوره كوزير للماليةوأحد مخططي استراتيجي الحزب في شهر مايو المقبل. وكان أحد أعضاء حزب الديمقراطيين الاشتراكيين قد طالب الشهر الماضي ايضا بأن يتولى فينس كيبل، أحد قادته ووزير الأعمال الحالي، وزارة المالية. وقد رد كيبل على هذه الدعوة بقوله إنه سيكون ""وزير"
150,"كشف وزير الخارجية في السلطة الفلسطينية رياض المالكي السبت(18 تشرين ثاننوفمبر 2017) لوكالة فرانس برس أن الخارجية الاميركية لم تجدد أوراق عمل مكتب منظمة التحرير الفلسطينية في واشنطن في الوقت المحدد، ""وهذا ما لم يحدث"" منذ الثمانينات، حسب تعبيره. وأكد المالكي أن ""السلطة الفلسطينية تسلمت رسالة من الخارجية الأميركية قبل يومين تقول إن وزير الخارجية لم يتمكن من ايجاد ما يكفي من الأسباب للإبقاء على المكتب مفتوحا"". واضاف ""هذا وضع لم يحدث سابقا، وطلبنا من الخارجية الاميركية والبيت الابيض توضيحات، وأبلغونا أنه سيعقد الاثنين اجتماع على مستوى الخبراء القانونيين، ومن ثم يعطون ردا واضحا للسلطة الوطنية"". من جانبها، حذرت الرئاسة الفلسطينية اليوم السبت من أن إغلاق مكتب منظمةالتحرير الفلسطينية في العاصمة الأمريكية واشنطن ""سيترتب عليه عواقب خطيرة"". وعبرت الرئاسة على"
151,"قال الأمين العام للأمم المتحدة أنطونيو غوتيريش اليوم (الأحد 16 ديسمبر كانون الأول 2018) ردا على سؤال خلال مؤتمر صحافي، على هامش ""منتدى الدوحة"" الذي يعقد سنويا، بشأن جريمة قتل الصحافي السعودي جمال خاشقجي إن ""وجود تحقيق ذي مصداقية، ومعاقبة المذنبين، أمر أساسي"". وذكر الامين العام للامم المتحدة ان معلوماته الرئيسي حول هذه القضية يستقيها من الاعلام، موضحا ان ""مصدر معلوماتي هو الاعلام"". وقتل خاشقجي الذي كان يكتب مقالات رأي في صحيفة ""واشنطن بوست"" الأميركية ينتقد فيها السلطات السعودية، في الثاني من تشرين الأول  أكتوبر على أيدي عناصر سعوديين في قنصلية بلاده في اسطنبول. وذكرت السلطات السعودية أن خاشقجي قتل بعدما تعرض للتخدير بجرعة كبيرة، ثم قطعت جثته داخل القنصلية"
152,"طالب المؤتمر الوطني العام (البرلمان ) الليبي في بيان أصدره الثلاثاء (الثامن من أكتوبر تشرين أول 2013) الحكومة الأمريكية بضرورة تسليم المواطن الليبي المختطف نزيه الرقيعي الملقب بأبو أنس الليبي فورا. كما طالب البيان أيضا بضرورة تمكين السلطات الليبية من لقاء الرقيعي والتواصل معه وتكوين فريق للدفاع له طبعا في حال لم يتأت تحقيق المطلب الأول. واستنكر المؤتمر في بيانه ما وصفه ب ""الاعتداء الصارخ على السيادة الليبية والمتمثل في اختطاف مواطن ليبي من أمام بيته""، مشيرا إلى أنه تابع ""بقلق بالغ حادثة اختطاف أبو أنس"" مع اعتراف الإدارة الأمريكية بعملة الاختطاف وبوجوده في قبضتها. من جانبه قال رئيس الوزراء الليبي علي زيدان الثلاثاء إن العلاقات مع الولايات المتحدة لن تتأثر بقيام القوات الأمريكية باعتقال الرجل الذي يشتبه بانتمائه إلى القاعدة"
153,"قتل 22 جنديا تركيا على الأقل الخميس (27 فبراير شباط 2020) في غارات جوية في محافظة إدلب في شمال غرب سوريا، بحسب حصيلة جديدة أوردتها السلطات التركية. وقال والي محافظة هاتاي التركية المحاذية لسوريا في خطاب متلفز، إن جنودا عدة تعرضوا لإصابات خطرة وتتم معالجتهم في هاتااي. ونسب والي الهجوم الى النظام السوري الذي يشن غارات جوية على مواقعه في إدلب، بحسب ما أوردت وكالة ""ان تي في"" التركية. ولم تؤكد السلطات التركية سقوط ضحايا من الجنود الأتراك، بحسب وكالة ""الأناضول"" التي أوردت النبأ. ونسب أيضا إلى النظام السوري، بحسب الوكالة التركية الرسمية ""إن تي في""، التي أوردت الخبر نقلا عن مسؤول في وزارة الدفاع التركية، قوله إن الجيش التركي قتل"
154,"وفدا التفاوض الإسرائيلي والفلسطيني ومن جانبه أعرب خليل الحية عضو المكتب السياسي لحركة حماس عن استنكار واستغراب واستهجان حركته لما تم كشفه من وثائق وهو ما وصفه بالمسلسل التنازلي الذي وصل لحد التفريط بالمسجد الأقصى والأرض والمقدسات الفلسطينية. وقال الحية في كلمة له أمام أنصار حماس الذين رددوا شعارات تدعوا لحل السلطة ومعاقبة قادتها ""لقد صدمنا من جملة التنازلات في الثوابت ونحن نقول وبكل وضوح أن كل ما فعلته السلطة لا يمثلنا ولا يمثل الفلسطينيين ولن نعترف به في أى يوم من الأيام"". ورفع المتظاهرون الذي تجمعوا في أحد شوارع مدينة غزة الرئيسية شعارات كتب على بعضها ""خائن من يفرط في الثوابت ويا أيها المفاوض بأي حق تنازلت عن الثوابت"". وتجدر الإشارة إلى أن أنصار حماس خرجوا في تلك التظاهرات بعد نشر شبكة الجزيرة لوثائق اتضحت من خلالها"
155,"الصحة العالمية: عدد الإصابات بإيبولا قد يتخطى - بالمتوفين - حاجز التسعة آلاف هذا الأسبوع. وقال بانبري في كلمة له أمام مجلس الأمن الدولي إن الفيروس ""يسير بخطى أسرع منا، إنه يكسب السباق"". من جهة أخرى، أثير المزيد من التساؤلات في الولايات المتحدة بشأن ممرضة أصيبت بالفيروس في تكساس. وتقول منظمة الصحة العالمية إن 4447 شخصا لقوا حتفهم من جراء الإصابة بالإيبولا، معظمهم في منطقة غرب أفريقيا. وكانت سيراليون، وليبيريا، وغينيا، هي الدول الأكثر تضررا من المرض، الذي اكتشف في ديسمبركانون الأول الماضي، وتأكد وجوده في مارسآذار. مواضيع قد تهمك نهاية ""وضع غير مسبوق"" وأقر الرئيس الأمريكي باراك أوباما الثلاثاء بأن العالم ""بأسره لا يفعل ما فيه"
156,"تقوم المستشارة الألمانية أنغيلا ميركل ووزير ماليتها فولفغانغ شويبله بمداخلة أمام مجلس النواب الذي تبدو موافقته مضمونة لها بالرغم من المعارضة المتزايدة التي تواجهها في معسكرها المحافظ حيث يعبر عديدون عن تحفظات على دعم اليونان من جديد. وأفاد مشاركون في اجتماع الكتلة النيابية المحافظة ان المستشارة أعربت عن ""ثقتها الكاملة"" بدخول الحكومة المفاوضات. غير ان مسالة خفض ديون اليونان التي تصل الى 180% من إجمالي الناتج الداخلي تبقى على قدر خاص من الحساسية بالنسبة لألمانيا. واعتبر صندوق النقد الدولي مؤخرا ان الدين اليوناني ""لا يمكن إطلاقا تحمل أعبائه"" وحض الأوروبيين على تخفيضه إلى حد كبير من خلال إعادة جدولته او شطب جزء منه تماما، وهو خيار تتصدى له ألمانيا بشكل حازم . وقال شويبل في"
157,"ذكرت وسائل الإعلام التركية الأربعاء (التاسع من يناير كانون الثاني 2013) أن السلطات التركية وزعيم حزب العمال الكردستاني المسجون عبد الله أوجلان اتفقا في مفاوضاتهما الأخيرة على مبدأ وقف للقتال المستمر منذ 1984 بين الجانبين. وقالت محطة التلفزيون إن تي في وصحيفة راديكال، بدون أن تكشفا مصادرهما، إن الاتفاق الذي يتضمن عدة مراحل يقضي بتعليق جميع العمليات العسكرية التركية في الأراضي التركية اعتبارا من آذار مارس المقبل، مقابل إصلاح في الدولة التركية يهدف إلى زيادة حقوق الأقلية الكردية. وتجري الاستخبارات التركية بتكليف من رئيس الوزراء رجب طيب إردوغان، منذ نهاية 2012 مفاوضات مباشرة مع أوجلين الذي يمضي منذ 1999 عقوبة بالسجن مدى الحياة في جزيرة إيمرالي (شمال غرب تركيا). ويقضي الاتفاق الذي كشفته محطة ""إن تي في"" و"
158,"توصلت دمشق والأمم المتحدة الى اتفاق حول خروج المدنيين ودخول المساعدات الإنسانية الى أحياء البلدة القديمة بمدينة حمص، المحاصرة منذ أكثر من 600 يوم، بحسب ما أفادت وكالة الأنباء الرسمية السورية (سانا) الخميس (السادس من شباط فبراير 2014). وأضافت الوكالة أن محافظ حمص وممثل الأمم المتحدة ""توصلا الى اتفاق يمنح المدنيين الأبرياء المحاصرين في أحياء حمص القديمة من أطفال ونساء ومصابين وكبار السن الفرصة لمغادرة المدينة فور توفر الترتيبات اللازمة""، موضحة أنه بموجب الاتفاق ستقوم ""الجهات السورية المختصة بتوفير المساعدات الإنسانية اللازمة من مأوى وأغذية للمواطنين الأبرياء الذين يغادرون المدينة"". من جانبه، قال متحدث باسم الأمم المتحدة إن المنظمة الدولية رحبت الخميس بالتقارير حول التوصل لاتفاق على هدنة إنسانية لمدينة حمص السورية المحاصرة. وأوضحت الأمم المتحدة أنها ليست طرفا في الاتفاق وأنها جاهزة لإيصال المساعدات،"
159,"تصر إيران على أن برنامجها النووي للأغراض السلمية. وأشارت طهران إلى أنها قدمت ""خططا محددة"" في مستهل محادثاتها مع الدول الكبرى في كازاخستان. وتصر إيران على أنه برنامجها النووي سلمي، لكن تخشى الدول الكبرى من استخدامه في أغراض عسكرية. ودافع كبير المفاوضين الإيرانيين سعيد جليلي عن برنامج بلاده قبيل المحادثات، موضحا أنه يجب على المجتمع الدولي قبول حق إيران في تخصيب اليورانيوم. وانتهت جولة المحادثات التي كانت مقررة اليوم، ومن المتوقع استئنافها غدا السبت. مواضيع قد تهمك نهاية الأسبوع الماضي، حيث كان من المقرر استئناف المحادثات في مدينة ألماتي صباح الجمعة. وكان من المقرر أن تستأنف المحادثات غدا السبت، لكن لم يتم التوصل إلى أي رد واضح وملموس على برنامج إيران النووي، بحسب ما قاله دبلوماسي غربي. وقال دبلوماسي غربي، رفض ذكر اسمه"
160,"اوباما مستعد لتوقيع سقف اقتراض غير مشروط وقال شيوبله لصحفيين إن المسؤولين الأمريكيين ""ليسوا بحاجة إلى درس. إنهم بحاجة فقط للقوة للتوصل إلى اتفاق بين الديموقراطيين والجمهوريين لوضع حد لشلل الدولة الفيدرالية ورفع سقف المديونية."" وعن احتمال تخلف واشنطن عن سداد التزاماتها المالية جراء أزمتها الداخلية، قال المسؤول الألماني إن ""تخلف الولايات المتحدة عن السداد هو في الحقيقة أمر لا يمكن التفكير به. يصعب تقدير عواقبه."" وأدلى شيوبلة بالتصريحات هذه في واشنطن، حيث يشارك في الجمعية العمومية لكل من صندوق النقد الدولي والبنك الدولي، بالإضافة إلى اجتماع لمجموعة العشرين، التي أعربت عن قلقها إزاء الجمود المالي في الولايات المتحدة. وفي الآونة الأخيرة، أصيبت الحكومة الأمريكية بالشلل بعد إخفاق الديمقراطيين والجمهوريين بالكونغرس في التوصل"
161,"أثار مشروع قانون زواج المثليين انقساما حادا في فرنسا. ورفضت المحكمة الدستورية يوم الجمعة طعنا تقدمت به المعارضة اليمينية، وهو ما مهد الطريق أمام هولاند للتوقيع على القانون. وقال هولاند ""لقد اتخذت (القرار)، والآن حان الوقت لاحترام قانون الجمهورية"". ويمكن عقد أول زواج مثلي في فرنسا بعد عشرة أيام من التوقيع على مشروع القانون. لكن وزير العلاقات البرلمانية الان فيدالي قال للتلفزيون الفرنسي إنه يتوقع إجراء أول مراسم خاصة بزواج المثليين ""قبل الأول من يوليوتموز"" المقبل. مواضيع قد تهمك نهاية طعن دستوري ومنذ توليه منصبه رئيسا للبلاد، كان تشريع زواج المثليين هو الإصلاح الاجتماعي الرئيس له وللحزب الاشتراكي الحاكم الذي ينتمي إليه. وبعد جدل محتدم، أقر مجلس الشيوخ والجمعية الوطنية (مجلس النواب) مشروع القانون، لكن المحكمة الدستورية رفضت"
162,"خلصت دراسة حديثة إلى أن الرجال يكذبون ضعف النساء، كما أن واحدا من بين كل عشرة رجال يعتقد أنه يجيد الكذب. ووفقا لصحيفة ""ديلي ميل "" البريطانية التي نشرت الدراسة فإن الرجال تكذبون مرة كل أربعة أيام، في حين تكذب السيدات مرة كل ثمانية أيام. ويشار إلى أنه تم إجراء الدراسة بالتزامن مع إصدار لعبة بلاي ستيشن 4 ""هايدن أجيندا""، وأشرف عليها الخبير النفسي دارين ستانتون، الذي يدير مركز كشف الكذب البشري ولغة الجسد ""Human Lie Detector and Body Language "" وذلك بطلب من شركة ""Supermassive Games"". وتعتمد اللعبة على أساس أن يقوم اللاعبون باكتشاف الكذابين. وأوضحت الدراسة أن تسعة من بين 10 أشخاص يعتقدون أنهم يمكنهم كشف الكذب، حيث يعتبر الهروب من"
163,"صوت البرلمان اليمني مساء الأحد (15 كانون الأول ديسمبر 2013) على قانون يمنع استخدام الطائرات من دون طيار لشن هجمات في اليمن، وذلك بعد قصف قامت به طائرة من هذا النوع الخميس الماضي أوقع العديد من الضحايا المدنيين. ونقلت وكالة سبأ اليمنية الرسمية أن ""نواب الشعب صوتوا بالموافقة على منع ما تقوم به الطائرات من فوق طيار من شن هجمات في الأجواء اليمنية"". وأضافت الوكالة أن نواب الشعب ""شددوا على أهمية الحفاظ على سيادة الأجواء اليمنية من أي اعتداء على المواطنين الأبرياء، وكذلك الحفاظ على السيادة على الأجواء اليمنية، من خلال منع تحليق طائرات دون طيار في أجواء اليمن. كما صوت نواب الشعب على مشروع قانون يمنع ما يقوم به من غارات على المدنيين في اليمن من خلال الأجواء اليمنية. وكان مسؤولون أمنيون يمنيون قد أعلنوا أن طائراتهم من دون"
164,"""كل سنة وأنت طيب،. ""ربنا يرحمنا برحمته من هذه النار""، ""ربنا يعطينا القوة على الصيام في هذا الحر"". هذه بعض العبارات التي تتردد على ألسنة الناس في القاهرة هذه الأيام، والتي تشير إلى معاناتهم أثناء الصوم هذه السنة، نظرا لموجة الحرارة المرتفعة والتي وصلت في بعض الأيام إلى 46 درجة مصحوبة بمعدلات رطوبة شديدة. وتصف ""نجاة"" الموظفة بإحدى الشركات الحكومية ل دويتشه فيله، شهر رمضان الحالي بأنه الأصعب، لكونه تصادف مع شهر أغسطسآب الذي يشهد ارتفاعا غير مسبوق لدرجات الحرارة هذا العام وترى أن يوم الصوم طويل هذه المرة على عكس السنة الماضية حيث كان وقت الإفطار في حوالي الساعة الخامسة، أما الآن فموعده قرب الساعة السابعة، مما يزيد الإحساس بالجفاف الشديد والعطش وخاصة في ظل"
165,يقول حزب الله إنه سيطر على مرتفعات مراد غازي وحرف وادي الهوا في جرود عرسال على السلسلة الشرقية اللبنانية وأنهم يتقدمون باتجاه جبل الزاروب الاستراتيجي جنوب وادي الخيل. وقد وقف حزب الله اللبناني إلى جانب الرئيس السوري بشار الأسد خلال الأعوام الأربعة للصراع في سوريا، ويساهم مقاتلوه الى جانب القوات الحكومية السورية في العمليات العسكرية في منطقة مرتفعات القلمون إلى الشمال من دمشق ضمن الجهود التي يبذلها النظام السوري لإحكام سيطرته على المناطق الغربية في سوريا. يقاتل مسلحو حزب الله إلى جانب قوات النظام السوري في المعارك الدائرة في سوريا ضد جماعات المعارضة السورية المسلحة، من بينها جبهة النصرة ومسلحين من تنظيم الدولة الإسلامية. وأوضح البيان أن مقاتلي الحزب سيطروا على مساحات واسعة من الأراضي في مرتفعات القلمون ومرتفعات مراد غازي، وحرف الوادي، وجبال الزا
166,"كشفت مواقع إسبانية عدة أن فريق برشلونة قام بأولى الخطوات في سبيل التعاقد مع مهاجم فريق سانتوس اللؤلؤة البرازيلية رودريغو غوز، والذي كثيرا ما يتم تشبيهه بنيمار نجم الفريق السابق ومهاجم سان جيرمان الفرنسي حاليا . وعبر بطولة كأس ""ليبيرتادوس"" 2018 ذاق رودريغز طعم النجومية، بعد أن بات أصغر هداف في تاريخ البطولة وذلك ب17 عاما وشهرين. وعقب هذا الهدف أعلن المهاجم أمام الصحفيين: ""عذرا للأساتذة لقد تغيبت عن المدرسة لسبب جيد!"". وأفادت مواقع إسبانيو عدة صباح الجمعة (27 أبريل نيسان 2018) استنادا على مصادر من الكاتالوني بأن النادي أرسل موفدا بالفعل إلى البرازيل، ليبدأ مفاوضات مع ممثلين عن ""محيط اللاعب""، كما أوردت التقارير التي ذكرت أيضا أن برشلونة يطارد"
167,"قال المتحدث باسم رئاسة بوروندي اليوم الجمعة (15 مايو ايار) إنه تم اعتقال الميجر جنرال غوديفرويد نيومباري الذي قاد محاولة انقلاب على الرئيس بيير نكورونزيزا في العاصمة بوجومبورا وإنه وغيره من الضباط الذين كانوا وراء المحاولة الفاشلة سيمثلون أمام القضاء. وردا على سؤال من رويترز عن مصير نيباري قال المتحدث جيرفايس أباييهو ""تم الإمساك به ولم يستسلم."" وحين سئل عما سيحدث له وللضباط الآخرين الذين شاركوا في محاولة الانقلاب قال ""سيتحملون المسؤولية"" عما اقترفوه. وأضاف أن الرئيس بيير بيير نكوروونزيزا الذي كان خارج البلاد وقت إعلان الانقلاب في طريقه الآن من نغوزي مسقط رأسه في شمال البلاد إلى العاصمة بوجمبورا. من ناحية أخرى قال شاهد من"
168,بعدما تم التعرف على المتأهل الأول لنهائي كأس ألمانيا لكرة القدم في مباراة دويسبورغ وكوتبوس والتي حسمها الأول لصالحه بهدفين لهدف، جرت اليوم الأربعاء (الثاني من مارسآذار 2011) مباراة النصف النهائي الثانية والتي جمعت بين الغريمين التقليدين بايرن ميونيخ وشالكه. وحظيت هذه المباراة التي أقيمت أمام أكثر من 69 ألف متفرج بأهمية خاصة على اعتبار أن الفائز فيها سيخطو خطوة كبيرة للظفر بأول لقب هذا الموسم، خاصة بعد أن أصبح الفوز بلقب البوندسليغا أمرا مستحيلا، في ظل الفارق الكبير في النقاط بينهما وبين فريق دورتموند المتصدر. تركيز شالكه تفوق على اندفاع ميونيخ بدأ بايرن ميونيخ المباراة بضغط خفيف على دفاع شالكه، وبادر بالهجوم خاصة بواسطة هدافه ماريو غوميز. غير أن التكتل الدفاعي
169,"تدهورت حالة صالح الصحية عقب اجراء جراحة بالقلب وذكر سامح الصريطي وكيل نقابة المهن السينمائية المصرية لبي بي سي أن الجنازة ستشيع فجر الجمعة من مسجد عمرو بن العاص بالقاهرة. وقالت مؤسسة مجدي يعقوب لأمراض وأبحاث القلب في بيان صدر تعقيبا على وفاة صالح إن ''الفنان الراحل مضى أكثر من ثلاثة أسابيع بالمركز داخل العناية المركزة قبل إجراء الجراحة لتحضيره نظرا لخطورة حالته وتعقد الإجراء الجراحي المطلوب"". وأفادت تقارير إعلامية أن الآلام اشتدت على الفنان الراحل خلال تصويره أحد المسلسلات يوليوتموز الماضي لكنه قرر تأجيل العملية، ليجريها خلال الأيام الماضية. وصالح من مواليد القاهرة في 12 نوفمبرتشرين الثاني 1964، بدأ التمثيل على مسرح الجامعة ومسرح الهناجر بدار الأوبرا وتخرج من كلية الحقوق جامعة القاهرة وعمل بالتجارة ثم تفرغ للتمثيل في عام"
170,"أعلن مكتب الإحصاء الاتحادي الألماني اليوم (الثلاثاء السابع من مايو 2013) أن عدد المهاجرين إلى ألمانيا ارتفع بنسبة 13 بالمائة بالمقارنة مع عام 2011. ووفقا لبيانات المكتب، ينحدر 765 ألف مهاجر من دول أوروبية، خاصة من جنوب وشرق أوروبا. وكان أكبر عدد من المهاجرين منحدر من بولندا (176 ألف شخص)، ثم رومانيا (116 ألف شخص) ثم إيطاليا (116 ألفا شخص)، تليهما اليونان (115 ألف شخص). كما ارتفع عدد المهاجرين من الدول الواقعة جنوب الاتحاد الأوروبي، والتي تأثرت بشدة من الأزمة المالية وأزمة الديون، مثل أسبانيا واليونان والبرتغال وإيطاليا. وارتفع عدد المهاجرين القادمين من اسبانيا واليونان والبرتغال، بنسبة 40 في المائة أو أكثر مقارنة بالعام السابق. وقال مكتب الإحصاء الألماني ""ارتفاع معدلات الهجرة من دول الاتحاد الأوروبي المتضررة من أزمة الديون شديدة على وجه"
171,"يتهم الجيش قوات الانفصاليين بقصف القافلة. ولم تتضح بعد تفاصيل عن الحادث. ولم تحصل بي بي سي بعد على تأكيد من مصدر مستقل عن الحادث، الذي تنحي أوكرانيا باللائمة فيه على الانفصاليين الموالين لروسيا. ونقل مصدر إخباري تابع للانفصاليين حدوث تبادل شديد لنيران المدفعية في المنطقة، حسبما قالت وكالة رويترز. وما زالت لوهانسك في ايدي الانفصاليين. وقال المتحدث الرسمي العسكري الاوكراني إن ""مسلحين"" تمدهم روسيا بالسلاح اطلقوا مدافع الهاون وصواريخ غراد على قافلة اللاجئين الاثنين. واضاف ""لقد قتلوا الكثير من المدنيين، ومن بينهم نساء واطفال. يبدو انهم قتلوا المزيد من المدنيين مثلما فعلوا من قبل من قبل"". وقال اندري بورجين المتحدث باسم ما يطلق عليه الانفصاليون ""جمهورية دونيتسك الشعبية"" إن"
172,يونسف وثقت أربع حالات قتل لفلسطينيين دون مبرر وقالت المنظمة في بيان صحفي نقلته عنها وكالات أنباء محلية إنه بناء على عمليات البحث والتحري التي قامت بها في الضفة الغربية والقدس، فإنها وثقت آخر أربعة أحداث قتل فيها فلسطينيون، ليتبين أنهم تعرضوا للقتل دون تعريض أي حياة للخطر. وذكر البيان أن الجيش الإسرائيلي، ومنذ الأول من أكتوبرتشرين الأول الجاري قتل أكثر من 30 فلسطينيا في مناطق مختلفة من الضفة الغربية وإسرائيل، وذلك إما بعد عمليات طعن، وإما كما زعمت بذلك السلطات الإسرائيلية. وأضاف أنه حسب ما يظهر، فإن هناك أدلة متزايدة أدت إلى رفع حدة التوتر بشكل كبير، وفي بعض الحالات فإن قوات الاحتلال لم تتعامل بالأسلوب اللازم ولجأت إلى استخدام إجراءات وتدابير متطرفة وغير قانونية، إذ يبدو أنهم استخدموا القوة المميتة ضد أي شخص
173,من المؤكد أن منفذي تفجيرات ماراثون بوسطن كانوا على علم بأن عملياتهم قد تخلف عددا كبيرا من القتلى والجرحى وكل ذلك أمام عدسات عدد كبير من الكاميرات التي كانت تنقل سباق الماراثون على الهواء مباشرة. فمارثون بوسطن يعتبر أقدم وأعرق ماراثون في العالم ويحظى بمتابعة مئات الآلاف من الجماهير التي تصطف سنويا في شوارع بوسطن من ضاحية هوبكينتون إلى وسط المدينة لمتابعة السباق. وبلغ عدد العدائين الذي شاركوا في سباق هذا العالم أكثر من 26 ألف رياضي من بينهم 250 ألماني. اثنين الماراثون يرجع تاريخ ماراثون بوسطن إلى عام 1897 وكان العداء جون غرام هو صاحب فكرة تنظيم هذا السباق. فخلال مشاركته مع المنتخب الأمريكي في أولمبياد 1898 في آثينا أعجب غرام بالماراثون الذي نظم في هذه الأولمبياد وهو ماجعله يفكر في تنظيم ماراثون
174,"ذكرت وكالة رويترز نقلا عن مسؤولين أمريكيين، وكذلك اعتمادا على وثائق اطلعت عليها، أن خطة إدارة الرئيس دونالد ترامب الاقتصادية للسلام في الشرق الأوسط، التي يبلغ حجمها 50 مليار دولار تدعو لإقامة صندوق استثمار عالمي لدعم اقتصاديات الفلسطينيين والدول العربية المجاورة وبناء ممر بتكلفة خمسة مليارات دولار يربط بين الضفة الغربية وقطاع غزة. وأظهرت الوثائق أن خطة ""السلام من أجل الازدهار"" تشمل 179 مشروعا للبنية الأساسية وقطاع الأعمال. ومن المقرر أن يقدم جاريد كوشنر، صهر ترامب، الخطة خلال مؤتمر دولي في البحرين هذا الأسبوع. لكن الخطة الاقتصادية الطموحة لا تطبق إلا بعد أن يقدم الفلسطينيون تنازلات ترضي إسرائيل تماما.، حسب مصادر مطلعة عليها. وحسب التسريبات، سيتم انفاق أكثر من نصف الخمسين مليار دولار في الأراضي الفلسطينية المتعثرة اقتصاديا على مدى عشر سنوات في حين سيتم تقسيم المبلغ المتبقي بين مصر"
175,"توجد في دول عديدة ومن بينها ألمانيا أمهات، ولاسيما بين الشابات الصغيرات، تتخلي عن أطفالهن بعد ولادتهن مباشرة؛ حيث يقمن بإلقائهم في مكان مهجور وغالبا ما يلقى هؤلاء الرضع حتفهم من بعد؛ وتجنبا لوقوع مثل هذه الكوارث افتتحت قبل عشرة أعوام في مدينة هامبورغ الألمانية أول نافذة لاستقبال المواليد الذين لا ترغب أمهاتهم في الاحتفاظ بهم. والآن وصل عدد هذه النوافذ في ألمانيا إلى 80 نافذة من بينها ""نافذة الرضيع"" و ""صندوق الرضيع"" Babyklappe. وتقوم مؤسسات خاصة وجهات كنائسية وكذلك مستشفيات بإدارة وتمويل هذه النوافذ. وتقوم هذه المؤسسات بإدارة وتمويل مثل هذه النوافذ، وتقوم مؤسسات حكومية وخاصة وجهات كنسية ومستشفيات بإدارة وتمويلها وتمويلها. بإمكان أي أم أن تذهب إلى أحد هذه النوافذ وتضع"
176,ذكرت متحدثة باسم محكمة جزائية ألمانية اليوم الثلاثاء(20 حزيران يونيو) في برلين أنه تم الحكم على رجل بالسجن مع إيقاف التنفيذ لمدة عام وتسعة أشهر بتهمة الاعتداء الجنسي على فتاة ( 13 عاما) وإنتاج مواد إباحية للأطفال. وعرفت القصة بإسم الطفلة ليزا من برلين والتي اختفت إثر خروجها من المدرسة في شهر كانون الثاني يناير لمدة 30 ساعة، ما أدى إلى تنظيم حملات للبحث عنها. وأصبحت الواقعة معروفة لأن الفتاة قالت للشرطة بعد اختفائها أنه تم اختطافها واغتصابها من جانب ثلاثة رجال. وتبين بعد ذلك أن واقعة الاغتصاب كانت مختلقة. وكان الجاني 24 عاما من معارف الفتاة التي تبلغ حاليا 15 عاما. وبحسب عريضة الدعوى، فإنه أقام علاقة جنسية مع التلميذة التي كانت تبلغ 13 عاما عند الواقعة، ولكن بالتراضي. وقالت المتحدثة
177,"جونسون آند جونسون تقول إنها تواصل دفاعها عن سلامتها وتدافع عن سلامة منتجاتها القائمة على معدن التالك (بيبي باودر). وقالت لوي سليمب، 62 عاما، من فرجينيا، إنها أصيبت بالسرطان بعد استخدام البودرة لنحو أربعة عقود. وقال المدعي العام إن الشركة لم تحذر بدرجة كافية عملاءها بشأن مخاطر السرطان المرتبطة بالمنتجات. ويقول خبراء إنه لم يثبت حتى الآن وجود أي علاقة بين سرطان المبيض والمستحضر. وقالت سليمب في بيان، إنها ستطعن في الحكم. وقال محامي المدعية تيد ميدوز: ""نثبت أن الشركة تجاهلت الأدلة العلمية وواصلت التنصل من مسؤولياتها تجاه النساء في الولايات المتحدة."" ويعتبر هذا الحكم الأكبر حتى الآن من بين نحو 2400 دعوى قضائية مرفوعة ضد جونسون آند، بحسب"
178,انتشرت قوات الأمن في محطات لتمشيطها فقد استهدفت أربعة انفجارات محطات المترو المكتظة بالركاب أثناء ساعات الذروة فى الصباح، ولم تفصل تلك الانفجارات عن بعضها البعض سوى دقائق محدودة. ففي محطة مترو شبرا الخيمة شمالي القاهرة أصيب 4 اشخاص أحدهم في حالة خطيرة في انفجار أحدى العبوات الناسفة. وذكر مسؤول من وزارة الداخلية أن عبوة انفجرت بينما كان شخص يحملها إلى المحطة. كما أصيب شخص بإصابات طفيفة في انفجار عبوة ناسفة كانت مخبأة في صندوق للقمامة في محطة مترو غمرة بوسط القاهرة في التوقيت ذاته. كما انفجرت عبوة ناسفة أخرى كانت مزروعة أسفل إحدى السيارات التي كانت متوقفة أمام محكمة مصر الجديدة بميدان المحكمة مما أدى إلى إصابة شخص واحد على الأقل جرى نقله إلى المستشفى لتلقي العلاج. وقال مسؤول في وزارة الداخلية إن عبوة ناسفة انفجرت في
179,"أعلنت النيابة العامة في مرسيليا الفرنسية اليوم الجمعة (السابع من يونيوحزيران) أنه تم إخلاء سبيل رئيس الاتحاد الإفريقي لكرة القدم، المصري أحمد أحمد الذي يخضع للاستجواب الخميس من قبل مكتب مكافحة الفساد التابع للشرطة القضائية الفرنسية، على خلفية شبهات فساد. والقضية تتعلق بفسخ من جانب واحد لعقد مع شركة تجهيزات رياضية وتحديدا الاتفاق المبرم في كانون الأولديسمبر 2017 مع شركة ""بوما"" لتوفير تجهيزات وملابس رياضية تخصص لنحو 580 متطوعا في إطار بطولة كأس الأمم الإفريقية للمحليين (""شان"") 2018 التي استضافها المغرب في مطلع العام المذكور. لكن الاتحاد الإفريقي قام من طرف واحد بفسخ هذا العقد، وإبرام آخر بقيمة مالية أكبر مع ""تاكتيكال ستيل"". وينفي فيفا في بيان أصدره الخميس أنه"
180,يوجد في تركيا عدد كبير من اللاجئين الذين يحتاجون إمدادات. وقال مراسلنا في اسطنبول، عبد الناصر سنكي، إن شرطة مكافحة الإرهاب فتشت المكتب تنفيذا لأمر المدعي العام الجمهوري في مدينة كليس، حيث تم تفتيش المكتب الذي تدار منه عمليات الإغاثة في سوريا. ووفق المعلومات الواردة أيضا فإن شرطة كليس وواليها لم يكونوا على علم بعملية المداهمة تلك، وقامت الشرطة بمصادرة أجهزة الحاسوب الموجودة في المكتب على الرغم من اعتراض محامي الهيئة. وقال المنسق الاعلامي لهيئة الاغاثة الانسانية سركان نرجيس في تغريدة على تويتر إن شرطة شرطة مكافحة الارهاب صادرت دون وجه حق أجهزة الحاسوب في مكتب الهيئة في كليس. وإن تفتيش الشرطة مخازن الهيئة المجاورة للمكتب ومصادرة ما فيها عمل غير قانوني. ومن المنتظر أن يعقد محامو ومسؤولو الهيئة مؤتمرا صحفيا الثلاثاء
181,"أعلنت رئيسة الوزراء البريطانية تيريزا ماي الأربعاء (14 آذارمارس 2018) سلسة عقوبات ضد روسيا بينها طرد 23 دبلوماسيا وتجميد العلاقات الثنائية معتبرة موسكو مسؤولة عن تسميم الجاسوس الروسي السابق على أراضيها. وقالت ماي أمام البرلمان ""ليس هناك من نتيجة أخرى سوى أن الدولة الروسية مسؤولة عن محاولة اغتيال"" سيرغي سكريبال وابنته يوليا، مضيفة أن ""هذا يشكل استخداما غير مشروع للقوة من قبل الدولة الروسية ضد بريطانيا"". كما أكدت ماي أنه ""لن تكون هناك مشاركة في كأس العالم لكرة القدم هذا الصيف في روسيا""، مشيرة إلى أنه ""من المأساوي أن يكون الرئيس الروسي فلاديمير بوتين قد اختار هذا النهج في المجال الدبلوماسي"". كما أعلنت ماي أنها ""تأسف للنهج الذي اتبعه فلاديمير بوتين في المجال السياسي، مشيرة إلى أن ""كثيرين من"
182,"أفاد موقع صحيفة ""الشروق"" التونسية اليوم (الجمعة الثالث من نوفمبر تشرين الثاني 2017) أن قاضي التحقيق بالمحكمة العسكرية الدائمة بتونس أصدر نهار اليوم بطاقة ايداع بالسجن في حق وزير الداخلية الأسبق، وسفير تونس الحالي بالمغرب، ناجم الغرسلي ضمن تحقيقات موضوعها التآمر على أمن الدولة الداخلي. ويجري التحقيق في ذات القضية مع رجل الأعمال شفيق جراية الموقوف منذ أيار  مايو الماضي وهو يخضع للإقامة الجبرية، إلى جانب اثنين من كبار المسؤولين بوزارة الداخلية، وهما مدير سابق لوحدة مكافحة الارهاب ومدير عام سابق للمصالح المختصة بوزارة الداخلية. وفي سياق متصل سبق وأن أرجأت محكمة تونسية يوم الثلاثاء الماضي، النظر في قضية الهجوم الإرهابي على متحف باردو إلى التاسع من كانون الثاني يناير المقبل. بطلب من محاميي المتضررين. ويمثل في القضية 25 متهما من بينهم أربعة في"
183,هاشمي رفسجاني كان رئيسا لإيران ما بين 1989 و1997 بينما يعتبر مشائي حليفا مقربا من محمود أحمدي نجاد ولم يسمح مجلس صيانة الدستور سوى لثمانية مرشحين من بين 686 مرشحا كانوا قد أودعوا طلبات ترشحهم. ومن بين المرشحين الثمانية الذين سمح لهم بالترشح، سعيد جليلي وهو مسؤول ملف المفاوضات بشأن الملف النووي لبلاده وكبير المفاوضين السابق، علي لاريجاني، الذي يخضع حاليا للإقامة الجبرية في منزله في طهران، آية الله علي خامنائي. ومن قبل، لم يسمح لمجلس صيانة الدستور إلا لثمان مرشحين من بينهم سعيد رفسجان ومهدي مشائي وهو كبير المفاوضين بمرشد الثورة الإيرانية آية الله على خامنئي . ومن بين هؤلاء المرشحين الثمانية الذي سمح لهم أيضا بالترشح سعيد جليلى وهو مسؤول
184,"لم تكن أمنياته في عيد الميلاد فوز نادي بايرن ميونيخ بلقب دوري الأبطال أو بلقب الدوري، بل كشف رئيس نادي بايرن ميونخ أولي هونيس عن قلب كبير، حين أجاب على سؤال في لقاء مع صحيفة ""تاغ تسايتنوغ"" الصادرة في ميونيخ، أن أمنيته في""أن تتوقف الحروب، حتى يمكن لجميع الناس العيش بسلام ومن دون خوف. هذا ما يحزنني دائما"". وأضاف رئيس النادي البافاري، أنه بالذات خلال موسم أعياد الميلاد يفكر كثيرا في هذا الأمر. وقال ""نحتفل نحن تحت شجرة عيد الميلاد، وفي مكان آخر نشاهد صورا للدمار في مدينة حلب. أو صورا للاجئين أو طالبي لجوء، لا يعلمون ماذا سيحصل لهم مستقبلا"". وكان هونيس قد دعا خلال عيد الميلاد العام الماضي 30 لاجئا إلى"
185,"اعلن بتريوس مضاعفة المساعدات الامريكية لليمن من بغداد ويشن اليمن حاليا حملة امنية ضد متشددي القاعدة، الذين يعتقد انهم وراء عملية فاشلة لتفجير طائرة امريكية الاسبوع الماضي. وقال مسؤولون امريكيون انهم يبحثون عن طرق لتوسيع التعاون العسكري والمخابراتي مع اليمن بهدف اجتثاث تنظيم القاعدة في البلاد. وقال الجنرال ديفيد بتريوس، رئيس القيادة المركزية الامريكية، في مؤتمر صحفي في العاصمة العراقية بغداد: ""قدمنا، كما هومعروف، ما يقرب من 70 مليون دولار مساعدات امنية العام الماضي. سيزيد ذلك باكثر من الضعف هذا العام"". وكان تنظيم القاعدة، الذي يعتقد انه وراء محاولة تفجير طائرة تابعة لشركة نورثويست ايرلاينز في ديترويت يوم عيد الميلاد. وزادت واشنطن بشكل كبير من برامج التدريب، والمعدات الاستخباراتية والعسكرية المقدمة للقوات اليمنية ما ساعدها في تنفيذ"
186,"تتجه كل الأنظار إلى الجولة التي يبدؤها الرئيس الأمريكي جورج بوش الأربعاء 14 مايوآيار في الشرق الأوسط، بزيارة إسرائيل للمشاركة في احتفالات الذكرى الستين لقيام الدولة العبرية. وتمثل تصريحات بوش عشية هذه الجولة، التي تستمر خمسة أيام، خير مؤشر على ضعف فرص تحقيق أي تقدم على المسار الإسرائيلي الفلسطيني، إذ أوضح بوش لإحدى الصحف الإسرائيلية اليوم الثلاثاء أنه "" لا يحمل مطالب بل تشجيع للطرفين""، مؤكدا أن "" الرؤية بإقامة دولة فلسطينية هي رؤية قوية وهامة للغاية بالنسبة لوجود إسرائيل "" وأن ""هناك فرصة للتوصل إلى تقدم ما"". لكن الكثير من المراقبين الدوليين لا يشاركون بوش تفاؤله، ويقيمون الوضع السياسي على أرض الواقع في المنطقة بأنه جد مأساوي. ولن يزور الرئيس الأمريكي المناطق الفلسطينية، كما أنه لا يعتزم عقد اجتماع مشترك بين رئيس الوزراء الإسرائيلي إيهود أولمرت"
187,"هدد وزير الداخلية الإيطالي ماتيو سالفيني اليوم الأحد (19 آب أغسطس 2018) بإعادة نحو 180 مهاجرا عالقين منذ ثلاثة أيام قبالة جزيرة لامبيدوزا إلى ليبيا في حال لم يتم التوصل إلى حل أوروبي لاستقبالهم. وترفض السلطات الأوروبية هذا الاحتمال لأنها تعتبر أن ليبيا لا تتضمن مرفأ ""آمنا""، الأمر الذي يشترطه القانون البحري الدولي. وقال سالفيني، وهو أيضا زعيم حزب الرابطة اليميني المتطرف ونائب رئيس الوزراء، الأحد ""إما أن تقرر أوروبا مساعدة إيطاليا في شكل ملموس، بدءا ب 180 مهاجرا موجودين على متن السفينة ديتشيوتي، وإما سنكون مجبرين (...) على إعادة من يتم إنقاذهم في البحر إلى ميناء ليبي"". والسفينة أكواريوس ديتشيريوس تابعة لخفر السواحل الإيطاليين وعالقة منذ الخميس قبالة جزيرة مالطا بسبب عدم"
188,تعرض المسجد لثلاث تفجيرات خلال صلاة الجمعة ويقع المسجد المركزي بالقرب من قصر أمير كانو الذي عادة ما يؤم هذا الزعيم المسلم المتنفذ المصلين. بيد أن الأمير محمد السنوسي لم يكن موجودا في المكان حين حصول الهجوم بل يزور حاليا المملكة العربية السعودية. وكان أمير كان كانو دعا في وقت سابق السكان إلى الدفاع عن أنفسهم في وجه هذه الهجمات وعدم انتظار الجيش لنجدتهم. وعمل أميركانو سابقا محافظا للبنك المركزي، وكان معروفا بانتقاده الصريح للحكومة. وقال أحد عمال الإغاثة في اتصال مع بي بي سي إن عدد القتلى هو 64 قتيلا وعدد الجرحى هو 126، لكن لم يتسن التأكد من مدى صحة هذه الأرقام من مصدر مستقل. وذكرت تقارير أن الإمام كانو كان على وشك أن يبدأ في الصلاة عندما بدأ في إطلاق النيران على المصلين في المسجد ومحيطه
189,"رسائل كراهية ونداءات مقاطعة، بل وصل الأمر حتى التهديد بالعنف، بعد بث برنامج ""شباب توك"" حلقة حول وضع النساء في السودان. وهدف الهجمات الشفوية ليس فقط مقدم برامج دويتشه فيله جعفر عبد الكريم، بل أيضا مقدم برامج قناة السودانية 24. والحادثة بدأت مع ظهور وئام شوقي، البالغة من العمر 28 عاما، والتي انتقدت في مداخلة لها ضمن البرنامج ""القمع والإهانة التي تتعرض لها النساء في مصر. ""عندما أسير في الشارع ويعاملني الرجل مثل بضاعة وليس كبشر، فإن هذا الشخص مريض. وليس من حقه تحديد ما ألبس""، قالت شوقي التي تحدثت أيضا مباشرة إلى البروفيسور محمد عثمان صالح، رئيس هيئة علماء السودان الذي كان يشارك في البرنامج الحواري. ""اللباس الذي أضعه هو"
190,"السعودية في مقدمة الدول العربية من حيث عدد مستخدمي موقع تويتر وقد وصف رئيس الهيئة مواقع التواصل الاجتماعي بأنها ""سبورة من لا سبورة له""، مما اثار ردة فعل محمد الحضيف، هو ناشط سعودي على تويتر، الذي انتقد تصريح الشيخ قائلا "" صادروا الأبجدية، وحرموا علينا الكتابة، وخنقوا الكلمات في حناجرنا، فساق الله لنا (تويتر).. "" وأضاف الحضيف ""تويتر ليس دليلا لأحد. هو وسيلة تواصل فيه الغث والسمين. لماذا لا يكون للبعض سبورة ويحرم منها البعض؟"". وجاء تعليق من عبد اللطيف آل الشيخ على صفحته على موقع التواصل الاجتماعي ""تويتر"" يقول فيه ""يخسر (تويتر) الدنيا والاخرة، ويخسر الدنيا والآخرة والآخرة، بسبب عدم تفعيل دور عضو الهيئة في تعزيز الأمن"
191,"نشر التنظيم صورا لعناصره وهم يحطمون تحفا في تدمر وقالت المدير العام للمنظمة، إيرينا بوكوفا، إن التنظيم يحاول تجريد الناس من تراثهم في محاولة لاستعبادهم. واعتبرت بوكوفا أن تدمير الآثار - ومنها تمثال أسد أثينا - يعكس وحشية وجهل الجماعات المتطرفة. ويعتبر تنظيم ""الدولة الإسلامية""، الذي سيطر على مدينة تدمرها الأثرية في سوريا في مايو ايار، أن القطع الأثرية القديمة تروج لفكرة الوثنية. نشر التنظيم، الذي يسيطر على مدينة تدمر الأثرية، في سوريا، صورة لعناصره وهي يحطمون التحفا نهبت من مدينة تدمر، في مايو أيار. مواضيع قد تهمك نهاية ويظهر في الصور المطارق الذي قام به عناصر ""داعش""، وهو يقوم بتحطيم التماثيل التي كانت محتجزة عند أحد المهربين"
192,في اليوم الثالث على تنصيبه أمينا عاما لحلف شمال الأطلسي (الناتو)، قام أندرس فوج راسموسين اليوم الأربعاء ( 5 أغسطس آب) بزيارة لأفغانستان، وفقا لما أعلنه الحلف. وجاء في البيان أن راسموسن سيلتقي إلى جانب الرئيس الأفغاني حامد كرزاي، قائد قوات الحلف في أفغانستان الجنرال ستانلي إيه ماكريستال، وكذلك المبعوث الخاص للأمم المتحدة إلى أفغانستان، كاي إيدي، الذي يزور أفغانستان للمرة الأولى منذ سقوط نظام طالبان في نهاية 2001. كما سيزور الأمين العام الجديد للناتو أفغانستان، الأمين العام لحلف الأطلسي (ناتو)، الذي يزور العاصمة الأفغانية كابول، في أول زيارة له لأفغانستان منذ توليه مهام منصبه، وذلك وفقا لما نقلته وكالة الأنباء الفرنسية. وتأتي هذه الزيارة في وقت سجلت فيه أعمال العنف مستويات قياسية
193,يقول مراسل بي بي سي في العاصمة الكورية الجنوبية سول إن محاصرة قوات الجيش للجندي الهارب ربما تهدف الى اقناعه بالاستسلام وتقول التقارير الاخبارية إن جنديا واحدا اصيب بجروح بعد ان تبادل الجندي الهارب - الذي كان يؤدي الخدمة الالزامية في الجيش الكوري الجنوبي - اطلاق النار مع الجنود الذين كانوا يطاردوه في بلدة جوسيونغ القريبة من الحدود الواقعة في ولاية غانغوون. ولم تتضح الاسباب التي تكمن وراء قيام المجند - واسمه ايم - باطلاق النار على رفاقه مساء السبت، ولكن الجيش الشعبي الكوري الجنوبي قد شهد احداثا ماثلة في الماضي. ويقول مراسل بى بي سي الذي يحمل رتبة رقيب-واحد التقارير الى ان جنديا هاربا من الجيش الكوري الشمالي قد اصيب بجروح في الحادث. ويشير احد التقارير الاخبارية الى ان والدي المجند قد اخذا
194,أحرز شتوتغارت العائد للبطولة ثلاثة أهداف في غضون عشر دقائق ليكتسح مضيفه بروسيا دورتموند 5-1 في الجولة 11 بالدوري الألماني لكرة القدم (بوندسليغا) اليوم السبت (12 ديسمبر كانون الأول) ويحافظ على سجله الخالي من الهزيمة خارج ملعبه هذا الموسم. وبدأ شتوتغارت بقوة وحصل على ركلة جزاء في الدقيقة 26 بعد تدخل من إيمري جان على ماتيو كليموفيز وأرسل سيلاس وامانغيتوكا الحارس رومان بيركي في الاتجاه الخاطئ. وضغط الفريق الضيف لتعزيز تقدمه لكن دورتموند، بدون مهاجمه إيرلينغ هالاند، أدرك التعادل عكس مجريات اللعب عندما سدد جيوفاني رينا كرة من فوق حارس شتوتغارت بعد تمريرة عرضية متقنة من رفائيل غيريرو. لكن غيريرو ارتكب خطأ عند حدود منطقة الجزاء استغله وامانغيوكا ليحرز هدفه
195,"عاد ألبوم الموسيقى التصويرية لفيلم (فروزن) ليتصدر قائمة مجلة بيلبورد الأسبوعية، ليصبح أول ألبوم لموسيقى تصويرية يحتل المركز الأول بالقائمة لأكثر من خمسة أسابيع في 15 عاما. وقالت شركة متابعة المبيعات نيلسن ساوند-بيلبورد في بيان إن الألبوم الذي يضم أغنية ""Let It Go"" المرشحة لإحدى جوائز الأوسكار بيع منه 89 ألف نسخة أخرى الأسبوع الماضي. ومنذ إصداره في تشرين الثاني نوفمبر وصلت مبيعات الألبوم إلى 1.1 مليون نسخة وتصدر قائمة بيلبورد لخمسة أسابيع غير متتالية. ومازال فيلم الرسوم المتحركة (فيروزن) يظهر أداء قويا مع اقتراب مبيعات التذاكر في دور السينما حول العالم من مليار دولار. وآخر البوم لموسيقى التصويرية تصدر بالقائمة منذ خمسة أسابيع كان البوم الفيلم الشهير (تايت"
196,"أثار منح الكاتبة والمحامية الإسرائيلية فليسيا لانغر لوسام الاستحقاق الألماني من الدرجة الأولى، الأسبوع الماضي (16 يوليو تموز 2009) انتقادات شديدة داخل إسرائيل ولدى شخصيات يهودية في ألمانيا. ونقلت صحيفة ""جيروزاليم بوست"" الإسرائيلية عن نائب رئيس المجلس المركزي لليهود في ألمانيا، ديتر غراومان، قوله ""إن تكريم لانغر سيعني أنها المرة الأولى التي تكرم فيها ألمانيا تهجمات كلامية على الدولة اليهودية."" وذلك في إشارة إلى فليسا لانغر المعروفة بانتقاداتها اللاذعة لإسرائيل وسياساتها. كما طالب الكاتب الألماني اليهودي المعروف رالف جيوردانو بسحب الجائزة من لانغر مضيفا: ""لا أحد أضر بإسرائيل خلال الخمسة وعشرين عاما الماضية مثل هذه التي تدعو نفسها مدافعة عن حقوق الإنسان بسبب موقفها شبه الأعمى والقائم"
197,"صحيفة الأنباء الكويتية بثت مقطعا مصورا آخر يوم الخميس، تظهر فيه الخادمة وهي تتلقى مساعدة من مسعفين ورجل إطفاء للنزول عبر سلم وسمعت الخادمة وهي تصرخ ""امسكيني، امسكيني""، قبل أن تنزلق يدها وتسقط على سقف مبنى مجاور بالأسفل. وسارع المسعفون إلى إنقاذ الخادمة، ونقلوها للمستشفى للعلاج من كسر في الذراع وإصابات أخرى. وكانت ربة المنزل التي تعمل لديها خادمة إثيوبية تعمل في الكويت، قالت في تصريح لصحيفة الأنباء الكويتية إن ربة المنزل كانت من واجبها إنقاذ الخادمة التي سقطت على السقف المعدني لمبنى مجاور مكون من طابق واحد. ونقلت صحيفة ""كويت تايمز"" الصادرة بالانجليزية عن المحامية فوزية الصباح قولها إنها سترفع قضية لدى النائب العام ضد ربة"
198,"غوغل احتجت على الاجراء وقالت إنها لا تتقاضى أموالا مقابل تقديم خدماتها التي تعتمد على البحث على شبكة الانترنت وقالت الشركة إنها سوف تغلق الخدمة في 16 ديسمبر كانون الأول قبل تطبيق القانون في يناير كانون الثاني العام المقبل. ويجبر القانون الجديد أي موقع ينشر محتويات إسبانية مثل خدمة ""غوغل للأخبار"" بدفع مبالغ مالية للناشر مقابل استخدام ذلك المحتوى. كما يفرض القانون الجديد على الناشرين الإسبان تقاضي مبالغ مالية من غوغل مقابل استخدامهم ذلك المحتوى، كما يفرض عليهم تقاضي مبالغ من غوغل على المدى الطويل، بما في ذلك دفع رسوم ترخيص على الموقع. وقال غينغراس، رئيس خدمة غوغل للأخبار في مدونته يوم الأربعاء ""من المحزن حقا أن نحذف ناشرين إسبان من خدمةغوغل للأخبار وأن نغلق الخدمة في إسبانيا."" مواضيع"
199,"أعلنت وزيرة الخارجية الإسرائيلية السابقة تسيبي ليفني اليوم الاثنين (18 شباط فبراير 2019) اعتزال الحياة السياسية. وقالت بعينين دامعتين في مؤتمر صحفي في تل أبيب نقله التلفزيون ""أعتزل الحياة السياسية لكنني لن أدع إسرائيل تتخلى عن الأمل في السلام"". وأضافت ليفني أن الديموقراطية الإسرائيلية ""تتعرض لهجوم"" وأن ""السلام أصبح كلمة قذرة""، في إشارة إلى حكم اليمين بزعامة رئيس الوزراء بنيامين نتانياهو. وأكدت أنه رغم المناخ السائد إلا أنها تعتقد أن ""نهجنا"" هو الذي سيفوز في النهاية. وعلى الفور أعربت حركة ""السلام الآن"" التي تنتقد بناء المستوطنات الإسرائيلية في الضفة الغربية المحتلة، عن أسفها لخروج ليفني، ""الصوت الجريء المؤيد لحل الدولتين"". وليفني واحدة من أبرز السياسيين المؤيدين للحلول السلمية في إسرائيل وكانت مفاوضة للسلام"
200,"رغم أنه كان يمتلك أكثر من سبب لكراهيتها، إلا أن شابا من الولايات المتحدة الأمريكية قدم درسا كبيرا في كيفية الصفح وتجاوز مشاعر الانتقام والحقد. فبعد دقائق قليلة فقط من إعلان المحكمة إدانة الشرطية آمبر غاير بالسجن 10 سنوات بتهمة قتل جارها عن طريق الخطأ، قام أخ الضحية بتصرف لا يتكرر كثيرا. أما عن هذا التصرف، فقد ذكرت صحيفة ""الغارديان"" البريطانية أن براندت جان أخ الضحية صفح عن قاتلة آخيه. وقال أمام أعضاء المحكمة والحضور موجها كلامه للشرطية آمبر (غاير ""أنا لا أريد لك أن تذهبي للسجن، لأنني أعرف أن هذا ما يريده بوثام (الضحية)، لكنني لا أريدك أن تذهبين للسجن لأنك لا تريدين الذهاب للسجن."
201,"أدى رئيس وزراء ليبيا عبد الله الثني وحكومته اليمين اليوم الأحد (28 سبتمبر أيلول 2014) بعد أن وافق مشرعون على تشكيلة الحكومة الجديدة لكنه سيواجه تحديات في حكم بلد يوجد فيه برلمان منافس في العاصمة طرابلس. ومنحت حكومة الثني ثقة مجلس النواب بعدد 110 صوتا من أصل 112 هم مجمل عدد أعضاء مجلس النواب حضروا جلسة التصويت الاثنين الماضي. وكان مجلس النواب قد وافق على تشكيلة حكومة عبد الثني في جلسة التصويت التي عقدت الاثنين الماضي في مقر رئاسة مجلس النواب في طرابلس، حيث وافق البرلمان على تشكيلة حكومته الجديدة بأغلبية 110 أصواتا مقابل 112 هم مجموع عدد أعضاء المجلس الذين حضروا الجلسة، فيما لم تشمل القائمة وزيرا للدفاع. وتحدث رئيس مجلس النواب الليبي عقيلة صالح عيسى عن ""انزلاق ليبيا إلى الفوضى مما دفع الحكومة"
202,"أعلنت الشرطة البريطانية انه تم توقيف ثلاثة رجال الأربعاء في جنوب مانشستر (شمال غرب انكلترا) ""على علاقة"" بالاعتداء الذي وقع مساء الاثنين في قاعة حفلات في المدينة. وكانت الشرطة أوقفت رجلا الثلاثاء في جنوب المدينة اثر الاعتداء الإرهابي. وأكدت وزيرة الداخلية البريطانية أمبر رود الأربعاء(24 أيارمايو 2017) أن سلمان عبيدي، الذي يشتبه بأنه نفذ التفجير الدامي الذي استهدف حفلا غنائيا في مدينة مانشستر، كان تحت رقابة الأجهزة الأمنية. وقالت الوزيرة لإذاعة ""بي بي سي"" إنه ""شخص كانوا يعرفونه وأنا متأكدة من أنه مع انتهاء هذا التحقيق، سنتمكن من معرفة المزيد"" عنه. وأضافت لهيئة الإذاعة البريطانية ""بيبي سي"" انه كان هجوما ""أكثر تطورا من بعض الهجمات التي شهدناها في السابق، ويبدو من المرجح أن المهاجم"
203,"شهدت عدة ولايات أمريكية تخريب عدد من تماثيل كولومبوس وتعدت القضية حدود أمريكا لتشعل جدلا عبر مواقع التواصل الاجتماعي عن إزالة التماثيل الخاصة بتجار الرقيق والشخصيات الجدلية التاريخية، إذ تساءل مغردون عن دلالة استئصال هذه النصب الرمزية، وإن كانت تعد طريقة فعالة لمحاربة العنصرية. تماثيل شهيرة حطمت في العراق وسوريا وفي العالم العربي، أعادت مشاهد إزالة التماثيل لذاكرة رواد مواقع التواصل لحظات ""تاريخية"" قال مغردون إنها ""تعيش في ذاكرة كل عربي""، مثل تحطيم تمثال صدام حسين عام 2003. وكذلك ""تحطيم وتدنيس"" تماثيل لحافظ الأسد في سوريا. وفي السودان، طالب مغردون بتغيير أسماء شوارع لأشخاص قالوا إنه كان لهم دور في تجارة الرق في القرن التاسع عشر. مواضيع قد تهمك نهاية ""طمس للتراث"" أم ""تصحيح للتاريخ"
204,"قال الصحفي التركي عادل يغيت (60 عاما) لوكالة الأنباء الألمانية إنه تبلغ بأن عليه مغادرة البلاد بحلول كانون الثانييناير القادم. وقال يغيت ""يجب أن يكون هناك علاقة بين الأمرين، ليس هناك تفسير آخر محتمل"". وارتدى الصحافي الذي يقول إنه يعيش في ألمانيا منذ 36 عاما قميصا يحمل عبارة ""الحرية للصحافيين في تركيا"". وقد رافق رجال الأمن الصحفي الى خارج مكتب المستشارة على مرأى من أردوغان. وقال شتيفن زيبرت المتحدث باسم ميركل على تويتر في وقت لاحق بعد انتشار الانتقادات حول الحادثة على نطاق واسع ""في المؤتمرات الصحافية الخاصة بالمستشارية، نقوم بأشياء بنفس الطريقة كما في البوندستاغ (البرلمان): لا تظاهرات أو شعارات لقضايا سياسية"". وكتب يغيت عمودا لصحيفة ""تاتس"" الألمانية اليسارية"
205,"لا يزال هاري بوتر يلقي تعويذاته السحرية على دار بلومزبري للنشر رغم مرور سنوات على صدور أول كتب السلسلة الشهيرة. إذ ساعدت طبعات خاصة من أولى مغامرات الساحر الصغير في زيادة إيرادات دار النشر بنسبة 15 بالمئة. وأصدرت بلومزبرى طبعات جديدة من أولى كتب السلسلة بعنوان (Harry Potter and the Philosophers Stone ) أو هاري بوتر وحجر الفيلسوف بأغلفة تتضمن صورا لمدرسة هوجوارتس للسحر التي يدرس بها بوتر في القصة وذلك بعد الاحتفال في شهر حزيران يونيو بذكرى نشر الكتاب للمرة الأولى. وساعدت التصميمات الجديدة قسم كتب الأطفال بدار النشر على تحقيق ما وصفته بأنه ""أداء متميز آخر"" زاد الإيرادات بمقدار الثلث في النصف الأول من العام. وقالت دار النشر اليوم الثلاثاء"
206,"وتظهر في الصور امرأة ذات بشرة سوداء تصبح بيضاء بعد استخدام أحد منتجات الشركة. واستخدمت في الحملة الإعلانية ثلاث صور، إذ تظهر امرأة سوداء تخلع قميصها لتكشف عن امرأة بيضاء. وفي الصورة الثالثة، تخلع المرأة البيضاء ملابسها لتظهر امرأة آسيوية. وقالت شركة دوف، المتخصصة في منتجات العناية الشخصية، على حسابها بموقع تويتر: ""نأسف للغاية إزاء الإساءة التي سببها الإعلان"". وحذف الإعلان من على موقع فيسبوك، لكن بعد أن أثار موجة من الجدل على مواقع التواصل الاجتماعي. واتهم بعض المستخدمين الشركة ب""العنصرية"". ولكن مستخدمين آخرين قالوا إنهم يعتقدون أن الشركة حاولت الإشارة إلى أن الصابون يمكن استخدامه من كافة الأعراق. وكتب أحد مستخدمي فيسبوك: ""اعتقد أنهم يقصدون أنه يصلح لكل أنواع البشرة"". وذكرت هذه الحملة بمواقف سابقة"
207,"28 إصابة و9 وفيات في الصين بسبب انفلونزا الطيور حتى يوم الأربعاء الماضي. وأكد المسؤولون أنه يجرى الآن علاج فتاة ضمن سبعة أشخاص في مستشفى بالعاصمة. وظهرت على الطفلة المصابة بالفيروس أعراض حمى واحتقان بالحلق والصداع يوم الخميس الماضي. وقال المسؤولون إن أسرة الطفلة تعمل في تربية الدواجن. ووصفت حالة الطفلة بأنها مستقرة. وقال المركز الوطني لمراقبة الأمراض في الصين إنه جرى عزل شخصين، كانا على اتصال مباشر بالطفلة، من دون أن تظهر عليهما أعراض الإصابة بالفيروس، وأن معظم الحالات نجمت عن الاتصال بالدواجن. وقالت منظمة الصحة العالمية إنه لم يبلغ عن حالات إصابة خارج الصين. وكان قد جرى الإبلاغ عن أول حالة إصابة بفيروس ""إتش7إن9"" في الصين في شهر فبراير شباط الماضي في شرق الصين، وأن جميع الحالات نجم"
208,"يعتزم أعضاء يهود بحزب البديل من أجل ألمانيا (آيه اف دي) المعارض تأسيس رابطة على مستوى ألمانيا مطلع شهر تشرين الأول  أكتوبر 2018. وقال ديميتري شولتس عضو مؤسس للرابطة اليوم الثلاثاء لوكالة الأنباء الألمانية (د.ب.أ): ""حزب البديل يعد الحزب الوحيد بجمهورية ألمانيا الاتحادية الذي (...) طرح موضوع كراهية المسلمين لليهود للنقاش دون أن يقلل منها"". وأضاف أن حدوث ""هجرة جماعية لرجال شباب منحدرين من دائرة ثقافية إسلامية"" يعد أمرا مضرا للحياة اليهودية بألمانيا بسبب ""تنشئتهم الاجتماعية المعادية للسامية"". وكانت صحيفة ""فرانكفورتر ألغيماينه تسايتونغ"" ذكرت أنباء عن ذلك في عددها الصادر يوم السبت الماضي. ومن المقرر أن تنعقد الجمعية التأسيسية للرابطة يوم السابع من تشرين الأول أكتوبر القادم"
209,"يحتفل الدوري الألماني لكرة القدم يوم الأحد القادم (11 أيلولسبتمبر 2017) بحدث تاريخي قلما نشهده. فهذا اليوم سيشهد ظهور أول إمرأة تتولى تحكيم مباراة في منافسات دوري الدرجة الأولى للرجال، في خطوة تشكل علامة فارقة في المساواة بين الجنسين في كرة القدم الألمانية. ويتعلق الأمر ب ""الحكمة"" الألمانية بيبيانا شتاينهاوس البالغة من العمر 38 عاما. وستدير الشرطية القادمة من هانوفر مباراة هيرتا برلين أمام فيردر بريمن، ضمن منافسات المرحلة الثالثة في دوري الرجال، وهو ما سيزيد حتما من نسب المشاهدة لهذه المباراة بالذات. واحتفالا بالمناسبة، أعلن نادي هيرتا هرتا برلين (صاحب الأرض) عن بيع تذاكر المباراة بنصف الثمن للسيدات، كما أصدر 500 تذكرة خاصة تحت مسمى ""تذاكر بيبينا شتاين"
210,"أدى صادق خان عضو حزب العمال البريطاني اليمين الدستورية كأول عمدة مسلم للندن اليوم السبت (السابع من آيارمايو 2016). وخلال أدائه اليمين في كاتدرائية ساوثورك قرب جسر لندن تعهد خان أن يمثل ""كل المجموعات"" وأن يسعى ""ليتمكن جميع سكان لندن من الإفادة من الفرص التي منحتها لي مدينتنا"". وبعد الاحتفال في الكاتدرائية قال: ""لندن هي أكبر مدينة في العالم"". وأضاف إنه ""فخور"" معربا عن تواضعه الشديد إزاء ""انتخابه"". واعتبر صادق خان، وهو أول مسلم يتولى هذا المنصب في عاصمة غربية كبرى، أن فوزه هو انتصار على ""الخوف""، في وقت طاولت انتقادات الأساليب التي لجأ إليها خصمه خلال الحملة. حملة المحافظين عليه جاءت بنتائج عكسية ودرس صادق خان القانون وأصبح أحد المحامين المدافعين عن حقوق"
211,"قال وزير الخارجية السعودي، عادل الجبير، اليوم الأحد (التاسع من كانون الأولديسمبر 2018)، في مؤتمر صحافي في ختام قمة لدول لمجلس التعاون الخليجي ""نحن لا نسلم مواطنينا""، مضيفا ""من المستغرب أن دولة لا تقدم إلينا المعلومات في طريقة قانونية (...) تصدر أوامر اعتقال وتود أن يرسل أشخاص إليها""، وذلك في إشارة إلى تركيا وتابع الجبير ""المعلومات التي تلقيناها من تركيا هي معلومات سبق أن سربت إلى الصحف. طلبنا منهم أدلة يمكن أن نستخدمها في المحكمة، لكننا لم نتلقها بالطريقة المناسبة""، معتبرا أن تركيا لا تفصح عن معلومات ""كما يجب أن تفعل"". وكان الرئيس التركي رجب طيب أردوغان قد دعا مرارا الرياض إلى تسليم مشتبه بهم موقوفين في السعودية لمحاكمتهم في تركيا،"
212,"تناولت صحف ألمانية في تعليقاتها الحديث عن تدخل عسكري غربي محتمل في سوريا ردا على الاتهامات الموجهة للنظام السوري باستخدام الأسلحة الكيميائية في 21 آباغسطس بريف دمشق. وفيما كثفت العواصم الغربية اتصالاتها على المستويات الاعلى خلال الأيام الماضية، يدرس الرئيس الأميركي باراك أوباما امكانية توجيه ضربة عسكرية محدودة ضد سوريا كما أفادت الصحافة الأمريكية. نبدأ هذه الجولة بتعليق في صحيفة فولدر تسايتونغ التي كتبت تقول: ""الصور القادمة من سوريا أصبحت لا تطاق، لكن هل تلك الصور كافية للقيام بهجوم على سوريا؟ العاطفة تجيب بكل وضوح: نعم للقيام بهذا الهجوم. فبغض النظر عن استخدام الأسلحة الكيميائية والجهة المسئولة عن ذلك، فإنه يجب وقف حمام الدم في سوريا. لكن العقل ينادي بتوخي الحذر، فمن يريد التدخل العسكري في سوريا عليه"
213,اقتحم مسلح اليوم الأربعاء (السابع من يونيوح. 2017) ضريح زعيم الثورة الإسلامية في إيران آية الله روح الله الخميني، حيث أطلق النار على عدد من الأشخاص، كما ذكرت وكالة تسنيم الإيرانية. فيما نقلت وسائل إعلام أخرى أن ثلاثة مسلحين هاجموا مرقد الإمام الخميني أحدهم كان يحمل حزاما ناسفا فجره بعد اشتباكات مع رجال الأمن. وقالت قناة ايريب التلفزيونية ووكالة فارس للأنباء أن الرجل كان داخل الضريح في جنوب طهران بينما تحدثت أنباء أخرى موازية عن إطلاق نار داخل مجلس الشورى الإيراني الذي يبعد بضعة كيلومترات. وتضاربت الأنباء حول عدد المقتحمين وذلك بين مسلح وثلاث مسلحين. و. ب. أ، أ ف ب، أ ش أ، د ب، د. أ. د.
214,"قال نائب الرئيس الأمريكي مايك بنس اليوم الأربعاء (السادس من كانون الثاني يناير 2021) للكونغرس إنه لا يتمتع ب ""سلطة أحادية"" لرفض أصوات المجمع الانتخابي، رافضا بذلك جهود الرئيس دونالد ترامب لإلغاء هزيمته في انتخابات تشرين الثاني نوفمبر الماضي. وأضاف بنس أن ""حكمي المدروس هو أن قسمي بدعم الدستور والدفاع عنه يمنعني من المطالبة بسلطة أحادية - لتحديد أي الأصوات الانتخابية يجب احتسابها وأيها لا ينبغي احتسابها"". ويأتي ذلك في الوقت الذي يجتمع فيه الكونغرس برئاسة بنس لفرز الأصوات الانتخابية من كل ولاية أمريكية وتأكيدها، وهي عادة ما تكون خطوة روتينية في تأكيد المرشح الفائز في الانتخابات الرئاسية. وتعرض بنس، الذي يعد دوره شكليا إلى حد كبير ويتضمن قراءة نتائج التصويت، لضغوط من ترامب لرفض"
215,"واحتل نشطاء من مجموعة ""حراك من أجل فلسطين"" سطح بناية المصنع المملوك لشركة إسرائيلية بعد أن صعدوا إليه صباح الأربعاء. وينتج المصنع طائرات بدون طيار يقول المحتجون إنها استخدمت في النزاع الأخيرة بين إسرائيل وحماس في غزة. وقد نظمت عدة مظاهرات مؤيدة للاحتجاجات خارج بوابة المصنع. ولم تعلق الشركة على الاحتجاجات حتى الآن. نظم الاحتجاج بسبب القصف الإسرائيلي على غزة وقد انتشرت الشرطة في الموقع خلال الليل، ويجري التواصل مع المحتجين باستخدام سلم تابع لخدمات الإطفاء. مواضيع قد تهمك في هذا الموقع. وكان كيري سميث، مساعد رئيس الشرطة، قد قال الأربعاء ""يبقى أفراد الشرطة المدربون في الموقع هذا المساء ويستمرون في الحديث إلى المحتجين"". وأكدت الشرطة أن مجموعات أخرى ذهبت إلى الموقع، وأن الشرطة ""تقوم بتسهيل ممارسة حقهم في الاحتجاج السلمي في الموقع"". وقالت مجموعة"
216,"أكد روحاني استعداد بلاده للتعاون ضد ""الدولة الاسلامية"" مقابل تنازلات في البرنامج النووي وأضاف روحاني ""أن الضربات الجوية التي شنها التحالف على شمالي سوريا، غير قانونية، لأنهم لم يحصلوا على موافقة الحكومة السورية، إلا أن ذلك لا يعني عدم نية ايران المشاركة في الحرب ضد ""التنظيم"" في سوريا"". وأردف الرئيس الايراني أن ""المشاركة في هذه الحرب ممكنة فقط بعد التوصل إلى اتفاق نهائي حول الموضوع النووي الايراني"". وأوضح أن ""أمام ايران والدول الست المشاركة في المحادثات النووية حتى 24 تشرين الثاني نوفمبر للتوصل الى الاتفاق نهائي حول برنامج ايران النووي الذي بدوره سيؤدي الى رفع العقوبات عن ايران"". وجاءت تصريحات روحاني خلال مقابلة مع رؤساء تحرير اميركيين على هامش فعاليات الدورة الحالية للأمم المتحدة في نيويورك. مواضيع قد تهمك نهاية وقالت مراسلة بي بي سي في نيويورك،"
217,"ويقول المرصد السوري لحقوق الإنسان المعارض إن قرابة 150 شخصا قتلوا في الهجمات التي استهدفت مدينتي طرطوس، مركز محافظة طرطوس، وجبلة في محافظة اللاذقية. لكن وسائل إعلام حكومية تقول إن حصيلة القتلى تقدر ب78 شخصا. ويقول مراسل بي بي سي في دمشق، عساف عبود، إن هذه هي المرة الأولى التي يقع فيها تفجير انتحاري في المدينتين. وبحسب المرصد، الذي يوجد مقره في بريطانيا، فقد قتل نحو 100 في جبلة، بينما قتل 48 في اللاذقية، حسب وكالة أنباء تابعة ل ""تنظيم الدولة الإسلامية"". وقالت وكالة أعماق التابعة لتنظيم الدولة الإسلامية إن الهجمات استهدفت مناطق سكنية في مدينة جبلة. وقالت مصادر حكومية إن أكثر من 100 شخص قتلوا في هذه الهجمات. وقالت وكالة أنباء موالية ل ""وكالة أعماق"" التابعة ل ""التنظيم"" إن الهجمات"
218,فرجاني ساسي يحيي المشجعين المصريين الذين ساندوه والمنتخب التونسي وانتهت المباراة والوقت الإضافي بتعادل الفريقين بهدف مقابل مثله قبل أن يحتكم الفريقان لركلات الترجيح ويحسمها فرجاني في الدقيقة 73. وسجل طه ياسين الخنيسي نجم المنتخب التونسي هدف المنتخب الغاني في الدقيقة 74 بعد تمريرة عرضية من الظهير الأيمن وجدي كشريدة أودعها على يسار الحارس الغاني فارتطمت بالقائم وارتدت داخل المرمى. وتعادل رامي البدوي للمنتخب التونسي في الدقيقة 91 بعدما سجل في مرماه بالخطأ من تسديدة قوية من رأسيه كان يحاول بها إبعاد الكرة لكنها مرت من فوق الحارس وسكنت الشباك. ولم يحتسب الحكم ركلة جزاء واضحة للمنتخب التونسي بعدما لمست الكرة يد المدافع الغاني وابتعدت عن المرمى بعدما كانت في طريقها إلى داخل الشباك. وقدم المنتخب التونسي أداء أفضل مما قدمه
219,"أثارت عملية استخراج كنز بالمغرب سخرية وتهكما عارمين على مواقع التواصل الاجتماعي في البلاد. آلاف المغاربة يتحلقون حول شاب زعم أنه سيستخرج لهم كنزا ينتشلهم جميعا من الفقر. ففي مشهد غريب، تجمهر آلاف المغاربة حول جبل من أجل مشاهدة شاب يستخرج كنزا قال إنه سينتشلهم جميعامن الفقر. تعود القصة حين زعم أحد شبان قرية ""سرغينة"" وسط المغرب، أنه شاهد رجلا في المنام، أخبره بوجود كنز كبير مخبأ في مغارة بجبل القرية. انساق الناس أفواجا وراء حلم استخراج الكنز وتفاعلوا مع كلمة الشاب الذي ظهر بمظهر الخطيب الواعظ، ليكتشفوا فيما بعد أنه ""مخادع"". تأتي هذه الواقعة بعد أيام من انتشار فيديو تظهر فيه أضواء بيضاء تتحرك في سماء مدينة مكناس المغربية،"
220,"أكثر من 90 امرأة من مختلف دول العالم شاركن في المسابقة التي عقدت في أتلانتا الأمريكية. وفازت زوزيبيني على ملكتي جمال بورتوريكو، ماديسون أندرسون، والمكسيك، سوفيا أراغون، اللتين وصلن إلى المرحلة النهائية بعد أن طرحت عليهن أسئلة عن مواضيع مثل التغير المناخي والتظاهرات ومواقع التواصل الاجتماعي. وتعلق السؤال النهائي لزوزيبيني (26 عاما) بماذا يجب أن تعلم الفتيات اليوم وكان جوابها ""الزعامة"". مضيفة: ""إنه شيء كانت تفتقر إليه الفتيات والنساء لوقت طويل جدا، ليس لأننا لم نكن نريد ذلك، بل بسبب التصنيفات التي ألصقها المجتمع بدور النساء"". وأضافت: ""إننا لا نستطيع أن "
221,"شهدت المدينة شهورا من القتال العنيف وجاء التوصل إلى الاتفاق في محادثات يجريها أطراف النزاع برعاية الأمم المتحدة في جنيف. وعلى مدار شهور، شهدت المدينة قتالا شرسا بين الحوثيين والقوات الموالية للحكومة المعترف بها دوليا. وصدر العديد من التحذيرات بشأن معاناة المدنيين في المدينة من الشح في كافة المجالات. ورحب مبعوث الأمم المتحدة إلى اليمن بالاتفاق، واعتبره ""خطوة أساسية سوف تخفف من معاناة اليمنيين وتؤكد الطابع الحيادي للمساعدات الانسانية"". مواضيع قد تهمك نهاية وجاء الاتفاق بعد يوم من إكمال أطراف النزاع عملية تبادل شملت المئات من الأسرى. وقتل نحو 6 آلاف شخص، معظمهم من المدنيين، منذ بدأ تحالف بقيادة السعودية في مارس آذار حملة عسكرية ضد الحوثيين وأنصارهم من قوات الأمن الموالية للرئيس السابق علي عبد الله صالح. ويسعى التحالف إلى دحر الحوثيين وإعادة حكومة الرئيس عبد ربه"
222,أظهرت الصور التلفزيونية الطواقم الطبية وقد تنقل الجرحى الذين لم يعرف عددهم بعد وقالت الشرطة الاسترالية إن 4 أشخاص أصيبوا خلال عملية تحرير الرهائن الذي احتجزوا لأكثر من 16 ساعة. وكانت طواقم طبية هرعت باتجاه المقهى بعيد لحظات من سماع دوي سلسلة من الانفجارات والومضات. وأوضحت الشرطة أن القتيلين هما رجل 34 عاما وسيدة 38 عاما إضافة إلى المحتجز وهو لاجئ إيراني يدعى مان هارون مونيس. وذكرت وكالة اسوشييتدبرس أن قوات الأمن دخلت المقهى بعد فرار نحو 5 أو 6 أشخاص من الرهائن. وقالت الشرطة في بيان لها إن الرهائن كانوا في حالة من الانعزالية وقد رفعوا أياديهم في الهواء ورفعوا أعلاما إسلامية سوداء ورفعوا الأعلام السوداء في الهواء. وأضافت الوكالة أن رجال الأمن طوقوا المقهى الذي يقع في منطقة م
223,"من المعروف أن كتابة رسائل نصية قصيرة أثناء المشي ينطوي على خطورة، لكن البروفيسور ديتريتش يله أستاذ طب الطوارئ بجامعة بافلو في نيويورك، يقول إن الشرود الذهني أثناء المشي ينجم عنه إصابات في الميل الواحد أكثر من الإصابات الناجمة عن الشرود النفسي أثناء قيادة السيارات. وذكر موقع ""ساينس ديلي"" العلمي أن العواقب تشمل الارتطام بالجدران أو السقوط من على الدرج أو التعثر بسبب وجود أشياء في الطريق أو السير أمام السيارات دون وعي. وقد شاع هذا الأمر إلى حد أن في لندن يتم وضع المطبات الصناعية بين أعمدة الإنارة في الشوارع المزدحمة لمنع المشاة من الارتطام بها. ويؤكد البروفيسور ديتيرريتش يلله أن خطورة كتابة الرسائل النصية القصيرة أثناء المشي تتجلى في ""عدم رؤية الطريق"". وأضاف"
224,"كشفت مجلة ""دير شبيغل"" الألمانية في تقرير على موقعها في الإنترنت نشر اليوم الجمعة (الرابع من كانون الأول ديسمبر 2015) أن شركات أوروبية تمنح إمكانيات لتنظيم ""داعش"" من أجل نشر دعايته على الشبكة العنكبوتية، ما وصفه التقرير بأنه ""عار على أوروبا"". لكن التقرير أوضح في الوقت ذاته أنه من غير المعروف بعد ما إذا كانت هذه الشركات على معرفة بذلك، بيد أن وثائق حصلت عليها المجلة تكشف أن هذه الشركات بإمكانها معرف استخدام التنظيم لخوادمها للإنترنت إذا مارغبت في ذلك، كما أنه يمكنها قطع هذه الخوادم بأسرع وقت ومن دون جهد يذكر. وقال التقرير إن من يحتاج إلى منفذ إلى الإنترنت في سوريا والعراق، يمكنه الحصول على منظومات الحصول على الإنترنت عبر الأقمار الاصطناعية في محافظة"
225,"أدى إضراب المراقبين لحركة الطيران في فرنسا اليوم الثلاثاء (11 يونيوحزيران) إلى إلغاء ربع الرحلات المقررة ودفع باريس وبرلين إلى دعوة بروكسل لتأجيل مشروع السماء المفتوحة المعروض بعد ظهر اليوم أمام البرلمان الأوروبي. وأفاد متحدث باسم الإدارة العامة للطيران المدني الفرنسي أن 1800 رحلة ألغيت في مجمل المطارات الفرنسية من أصل 7650 رحلة، لكن ""الوضع هادئ نسبيا"" مع حالات تأخير قليلة بفضل إجراءات استباقية. وكانت إدارة الطيران المدني طلبت من الشركات تخفيض برامج رحلاتها إلى النصف من الثلاثاء إلى الخميس في مطاري باريس والمطارات الرئيسية في البلاد. وأعلنت نقابة مراقبي الملاحة الجوية الإضراب من الثلاثاء الى الخميس احتجاجا على ""النتائج المباشرة للقيود الأوروبية على السياسة الوطنية"" في هذا القطاع. ولكنها اعتبرت الوضع مشجعا بعد ان وجه وزير النقل الفرنسي فرد"
226,"توعد الرئيس الأوكراني بترو بوروشنكو السبت الانفصاليين المسلحين الموالين لروسيا ""برد ملائم"" على إسقاطهم طائرة عسكرية أوكرانية ما أدى إلى مقتل 49 شخصا. وقال الرئيس في بيان معلنا يوم غد الأحد يوم حداد وطني أن ""المتورطين في عمل إرهابي بهذه الفداحة سيعاقبون، وأوكرانيا في حاجة إلى السلم لكن الإرهابيين سينالون الرد الملائم"". وكانت وزارة الدفاع الأوكرانية أعلنت اليوم السبت 14( حزيران يونيو) أن متمردين موالين لروسيا أسقطوا طائرة نقل عسكرية في لوغانسك شرق أوكرانيا مما أدى إلى قتل 49 عسكريا كانوا على متنها. وقالت الوزارة في بيان إن ""الإرهابيين أطلقوا النار من رشاش ثقيل وأصابوا طائرة من طراز ايليوشين 76 تابعة للجيش الأوكراني كانت تقل جنودا في عملية تبديل وعلى وشك الهبوط في"
227,"خسر السودان معظم موارده النفطية مع انفصال الجنوب ونقلت وكالة فرانس برس عن أحد اهالي حي أم دوم شرقي العاصمة السودانية الخرطوم قوله إن المتظاهر توفي نتيجة الجروح التي أصيب بها في اشتباك مع الشرطة يوم أمس. وأضاف الشاهد أن ""سكان المنطقة أغلقوا الطريق واشتبكوا مع الشرطة."" وكان زهاء 400 متظاهرا قد أحرقوا إطارات السيارات ورشقوا رجال الشرطة بالحجارة، وقطعوا الطريق الرئيسي شرقي المدينة يوم أمس للاحتجاج على مشروع زراعي استثماري خليجي أقيم على اراض عائدة لهم. ويوقع السودان بشكل متزايد عددا من صفقات الأراضي مع عدد من المستثمرين الخليجيين، في الوقت الذي يسعى فيه للحصول على مصادر دخل بديلة بعد فقدان قدر كبير من الإيرادات النفطية من جنوب السودان الذي نال استقلاله قبل عامين. مواضيع قد تهمك:"
228,"اجرى المقابلة كبير مراسلي بي بي سي الدوليين جون سمبسون وقال الناطق ذبيح الله مجاهد في المقابلة التي اجراها معه كبير مراسل ""بي بي سي الدولية جون سمسمون إن مسلحي طالبان موجودون ""في كل مكان"" في الريف الافغاني، فيما تخشى القوات الغربية مبارحة قواعدها. ونفى الناطق ان تكون لطالبان أي علاقة بأي من المرشحين في الانتخابات الرئاسية ""المزيفة"" التي المزمع اجراؤها في افغانستان. ولكن سمبسبس يقول إنه من الصعب تصور عودة حركة طالبان الى الحكم في افغانستان تحت المعطيات الحالية، ولكن يجب ان نتذكر ان استيلاء الحركة على كابول عام 1999 لم يكن لمرا متوقعا، ومن شأن انتخاب رئيس ضعيف وفاسد ان يعزز من موقف الحركة. ومن المقرر ان تنسحب معظم القوات الغربية المقاتلة"
229,"التشاؤم كان لعبة مفضلة قبيل هذه الانتخابات، إذ أن الحديث جرى عن سباق متقارب الحظوظ (صوت مقابل صوت) لكلا المعسكرين، وسط مخاوف من أن يتولى حزب الله، المدعوم من إيران وسوريا مقاليد السلطة، بل إن المخاوف وصلت إلى حد الخشية من إعلان لبنان ""جمهورية إسلامية"". والحق يقال أنه لولا نظام الانتخابات المتبع في لبنان لكانت نتائج هذه الإنتخابات قد شكلت ثورة حقيقية من خلال صناديق الاقتراع؛ إذ أن قانون الانتخاب في لبنان ينص على تقسيم المقاعد بين المسيحيين والمسلمين بالمناصفة؛ لذلك لم تحدث حتى الآن تغيرات كبيرة في ظل بقاء هذا التوزيع على حاله، إلا إذا ما كان الشركاء المسيحيون لميشيل عون قد حققوا مكاسب أكبر كانت ستكفي لتشكيلهم أغلبية مع حزب الله. لكن هذا أولا: لم يحدث"
230,"بعد 26 ساعة من الفوز على البرازيل والتتتويج بلقب بطولة العالم للمرة الثانية على التوالي عاد الفريق الألماني للسيدات إلى أرض الوطن بعد رحلة جوية استمرت 11 ساعة من شانغ هاي الصينية إلى فرانكفورت. وفي مطار فرانكفورت الدولي استقبلت بطلات العالم بحفاوة كبيرة. واستمرت الاحتفالات في ساحة ""روميربريغ"" في فرانكفورت حيث احتشد عشرات الآلاف من المشجعين لاستقبال اللاعبات ومدربتهن الناجحة سلفيا نايد. وتلقى الفريق التهاني من شخصيات ألمانية بارزة، على سبيل المثال مدرب المنتخب الألماني للرجال يورغين لوف الذي صافح اللاعبات متمنا لهن مزيدا من التقدم والنجاح. وقال لوف: ""غالبا ما أتابع منافسات الدوري الألماني للرجال في نهاية الأسبوع، لكني هذه المرة قررت مشاهدة الفريق الألماني في المباراة النهائية التي جمعته"
231,"يزور الرئيس الأمريكي باراك أوباما السعودية الأسبوع المقبل للمشاركة في اجتماع مع قادة دول مجلس التعاون الخليجي. وأعلن البيت الابيض الخميس أن الرئيس ألأمريكي باراك اوباما سيلتقي العاهل السعودي الملك سلمان بن عبد العزيز في الرياض الأربعاء المقبل عشية قمة تجمعه في العاصمة السعودية. وينظر إلى هذه الزيارة كمحاولة لترطيب الأجواء بين الولايات المتحدة الأمريكية والسعودية التي اتسمت ببرود شديد طيلة فترة ولايتي الرئيس الأمريكي اوباما. ورغم أن الزيارة هي الرابعة لأوباما إلى المملكة، إلا أن السعوديين ما زالوا مستاءين من موقف إدارة اوباما من قضية الملف النووي الإيراني، ومن مستوى دعمها لثورات ""الربيع العربي"". في سياق ذي صلة، بحث الأمير محمد بن سلمان ولي ولي العهد السعودي وزير الدفاع مع وزير الخارجية الأمريكي جون كيري هاتفيا ""تطورات الأوضاع في الشرق الأوسط"". وذكرت وكالة الأنباء السعودية"
232,"أعلن نادي شالكه الألماني لكرة القدم اليوم (الثلاثاء 26 مايو أيار 2015) أن مدربه الايطالي روبرتو دي ماتيو استقال من منصبه. وقال النادي في بيان رسمي إن دي ماتيو (35 عاما) الذي استلم تدريب شالكه في السابع من تشرين الأولأكتوبر الماضي خلفا لينتس كيلر. وقال دي ماتيو ""على الرغم من ان المحادثات مع هورست هيلدت كانت بناءة، بدا واضحا لي بأن النادي لديه أولويات اخرى، ولهذا السبب قررت الاستقالة من منصبي"". وأكد دي ماتيو في بيان أن ""هيلدت لم يكن راضيا عن النتائج التي حققها مع شالكه في الموسم الماضي. ولم يحقق شالكه أي فوز في مبارياته العشر الأخيرة في الدوري المحلي. وقال شالكه في بيان ""أ. ف. ب.  أ. ش. أ"
233,"حكمت المحكمة الجزائية في مدينة الخبر شرق السعودية السبت (11 ىيار مايو 2013) على سعودي ولبناني بالسجن ثماني سنوات و500 جلدة لكليهما بعد اتهامهما بالمشاركة في ""تهريب فتاة سعودية إلى بيروت وتنصيرها"". وأوضح محامي أسرة الفتاة، حمود الخالدي في بيان له مساء السبت ""أن الحكم تضمن إدانة المتهم الأول اللبناني في الحقين العام والخاص بالسجن لمدة 6 سنوات وجلده 300 جلدة، إلى جانب إدانة المتهم الثاني السعودي في الحق العام والخاص، في حقين عامين وجلده 200 جلدة"". وأشار إلى أنه أبدى قناعته بالحكم، فيما اعترض المتهمان وأعلنا اعتزامهما تقديم مذكرة استئنافية عليه. يذكر أن هذا الحكم يأتي بعد 14 جلسة عقدتها المحكمة للنظر في القضية التي تفجرت قبل نحو عام،"
234,"اللاجئون الفارون من سوريا وصلوا إلى معسكر في قبرص بعدما تعرض قاربهم لمشكلات قبالة سواحل الجزيرة ليلة السبت وقال أوزبورن لبي بي سي إن بريطانيا ""بحاجة إلى بذل المزيد من الجهد"" لمساعدة اللاجئين، مشيرا إلى ضرورة ""إعادة النظر بشكل أساسي"" في كيفية استخدام المملكة المتحدة للميزانية التي تصل إلى مليار جنيه استرليني. وأضاف الوزير البريطاني أن المملكة المتحدة ستركز على اللاجئين القادمين مباشرة من سوريا، مشيرا في الوقت نفسه إلى أن الحكومة البريطانية سوف تستقبل ""آلاف"" من اللاجئين القادمين من سوريا. وسوف يعلن رئيس الوزراء البريطاني ديفيد كاميون تفاصيل خطة الحكومة في بيان لمجلس العموم حول هذه القضية يوم الاثنين. وكان كاميرون قد صرح في وقت سابق بأن المملكة المتحدة سوف تستقبل""آلاف"" اللاجئين السوريين، لكن أوززبورن لم يحدد رقما بعينه"
235,"قال الوزير التركي ايضا إن تركيا ترغب في تعزيز التعاون مع بغداد في مجال الطاقة وكانت بغداد قد عبرت عن قلقها ازاء تصميم حكومة اقليم كردستان بناء خط انابيب ثان لتصدير النفط الى تركيا. وقال الوزير التركي للصحفيين في انقره إن ""تركيا على علم بالقلق الذي يشعر به العراق، ولذا فهي تعهدت بألا تسمح باستيراد أي كميات من النفط دون موافقة الحكومة الاتحادية في بغداد""، مضيفا ان بلاده لا ترغب في انتهاك الاتفاقات التي وقعت عليها مسبقا مع العراق. يذكر ان اقليم كردستان العراق يصدر منذ عام 2012 كميات صغيرة من النفط الى العراق بالشاحنات عن طريق البر. وكانت بغداد، حذرت مرارا بأن أي اتفاق قد تبرمه تركيا مع حكومة الاقليم قد يعد انتهاكا للاتفاقيات التي وقعها البلدان. مواضيع قد تهمك نهاية وقال آشتي هورامي، وزير الموارد الطبيعية في"
236,في عام 2016 خصصت وزارة الداخلية الألمانية مبلغ 160 مليون يورو لدعم الرياضة. هذه الأموال حصلت عليها أندية رياضية موزعة في جميع أنحاء البلاد، إضافة إلى اللجنة الألمانية للألعاب الأولمبية. غير أن هذه الأموال بالنسبة للبعض لا تكفي لتثبيت ألمانيا على سجل الذهب الأولمبي، حسب ما يرى مراقبون، لكونها تستند إلى نهج الكم وليس الكيف. أي أن الأموال المخصصة توزع على الجميع ولا تفضل ناديا على آخر، وذلك ضمانا لمبدأ تكافؤ الفرص. المنتقدون يرون أن هذه السياسية تمنع الأندية الأكثر قدرة على البروز دوليا من مقارعة الكبار، خاصة وأن هناك منافسة شرسة بين الدول على تقديم أفضل الرياضيين حتى وإن تمت الاستعانة بوسائل غير شرعية كما هو الحال في روسيا. ومن باب المقارنة، نرى أن بريطانيا صاحبة المركز الثالث على قائمة البلدان من حيث عدد
237,"قال مسؤولون من جمهورية التشيك، التي تتولى الرئاسة الدورية للاتحاد الأوروبي، إن الاتحاد هدد بتخطي روسيا وأوكرانيا فيما يتعلق بالحصول على احتياجات الكتلة الأوروبية من الغاز الطبيعي، إذا ما تواصلت المخالفات التي تشهدها إمدادات الغاز الروسي التي تمر عبر أوكرانيا إلى أوروبا. ونقلت وكالة الأنباء الألمانية عن الكسندر فوندرا نائب رئيس الوزراء التشيكي للشؤون الأوروبية، قوله إن الاتحاد الأوروبي مستعد لتسريع العمل في خطي أنابيب ""نورد ستريم"" و""ساوث ستريم""، اللذين سينقلان الغاز الروسي إلى أوروبا من دون المرور عبر أوكرانيا. وأضاف المسؤول الأوروبي أن الاتحاد الأوروبي سيدعم أيضا خطط بناء خط أنابيب غاز نابوكو الذي سينقل غاز بحر قزوين إلى الاتحاد الأوروبي. كما قال المبعوث التشيكي لأمن الطاقة فاسلاف بارتوسكا ""إذا استمر هذا الأمر لوقت طويل فانه لدى الاتحاد الأوروبي"
238,"ألكسي نافالني واعتبر أحد مساعدي نافالنى إزالة مقاطع الفيديو من يوتيوب رقابة سياسية. وقالت شركة غوغل إن على كل المعلنين على شبكتها الالتزام بالقوانين المحلية التي تحكم البلد المتواجدين فيه بالإضافة إلى قواعد النشر الخاصة بغوغل. وكان مسؤولون روس طلبوا من شركة ""أو في دي"" حذف مقاطع الفيديو التي يدعو فيها نافالاني إلى الاحتجاج الشهر الماضي بحجة أن ما تحويه خرق لقانون الانتخابات الروسي. ويمنع قانون الانتخابات في روسيا أي حملة سياسية خلال الأربع والعشرين ساعة السابقة لبدء الاقتراع. وكان روسيا في التاسع من سبتمبر  أيلول مظاهرات شارك فيها الآلاف احتجاجا على رفع سن التقاعد من 60 إلى 65 عاما للرجال و من 55 إلى 60 عاما للنساء. وتزامنت المظاهرات مع إجراء انتخابات الحكام المحليين. وحسب منظمة ""أوفي دي"" الحقوقية،"
239,قال فريق دولي من العلماء إن طائفة مذهلة من الحفريات الجيدة الحفظ التي اكتشفت شمال شرق الصين على مدار العقدين الماضيين تمثل إطلالة فريدة على الحياة قبل 160 مليون سنة أي أثناء العصر الجوراسي. ومن بين هذه الحفريات المثيرة ديناصورات غريبة ذات ريش وأحد الزواحف الطائرة، إضافة إلى أقدم نوعين معروفين من الحيوانات الثديية الطائرة والمائية وحيوان السلمندر. وأكد العلماء أن هذه الحفريات النباتية والحيوانية تمثل معا توليفة بيئية متميزة الأشكال حيت كانت متزامنة وتجمعها ظروف بيئية واحدة. ويعتبر السجل الحفري للحياة على الأرض غير مكتمل إذ لاتزال بعض الحقب الزمنية مجهولة. غير أن هذا لا ينطبق على حالة ما أسماه هؤلاء العلماء بطائفة كائنات داوهوغو الحية نسبة إلى قرية في المنطقة التي اكتشفت فيها
240,"مازال أنصار مرسي يواصلون احتجاجاتهم. وقال إيهاب بدوي المتحدث الرسمي باسم رئاسة الجمهورية في بيان له إنه ""ارتباطا بتطورات الأوضاع الأمنية في البلاد، وبعد موافقة مجلس الوزراء، قرر الرئيس عدلي منصور مد حالة الطوارىء في جميع أنحاء جمهورية مصر العربية، لمدة شهرين، اعتبارا من الساعة الرابعة عصرا، من يوم الخميس الموافق 12 سبتمبر 2013"". وكان منصور قد أعلن في 14 أغسطسآب الماضي فرض حالة الطوارئ لمدة شهر إثر فض قوات الأمن بالقوة اعتصامي أنصار مرسي في ميداني رابعة العدوية والنهضة في القاهرة، اللذين سقط فيهما مئات القتلى. عدم استقرار وتشهد مصر حالة عدم استقرار أمني منذ أن أطاح الجيش بالرئيس محمد مرسي في الثالث من يوليوتموز الماضي بعد مظاهرات حاشدة طالبت برحيله. وتصاعد العنف في الأسابيع الأخيرة، خاصة في شبه"
241,"لا يسمح للجماهير حضور مباريات الدوري المصري. وقال الاتحاد المصري لكرة القدم إنه فرضت غرامة قدرها 30 ألف جنيه مصري (4,400 دولار) على نادي الزمالك بعدما رصدت كاميرات تلفزيونية حضور مجموعة من المشجعين في مباراة الزمالك مع الاسماعيلي الجمعة الماضية، بحسب وكالة رويترز. وانتهت المباراة بفوز الزمالك بهدفين نظيفين على منافسه الاسماعيلي. ولا تسمح القواعد حاليا في مصر إلا بحضور أعضاء مجالس إدارة الأندية المباريات ووسائل الإعلام، وذلك منذ استئناف مباريات الدوري الممتاز في فبرايرشباط الماضي. وتوقف النشاط الكروي في مصر بعد أحداث شغب شهدتها مباراة الأهلي والمصري بإستاد بورسعيد العام الماضي، وأسفرت عن مقتل 74 شخصا. مواضيع قد تهمك في مواضيع تهمك في موضوع سابق من مواضيع المنتدى"
242,"أفادت منظمة هيومن رايتس ووتش المدافعة عن حقوق الإنسان أنها استجوبت نشطاء من أربع منظمات في صنعاء أغلقها الحوثيون في نيسان  أبريل لارتباطها على ما يبدو بحزب الإصلاح، وهو حزب مقرب من الإخوان المسلمين ومعارض للحوثيين المدعومين من طهران. وأبلغ مكتب المفوضية العليا لحقوق الإنسان في اليمن هيومن ووتش أنه منذ سيطرتهم على العاصمة اليمنية في أيلول  سبتمبر 2014، ""داهم الحوثيون 33 منظمة في صنعاء وأغلقوها، وصادروا الأصول والمعدات في العديد من الحالات"" مشيرا إلى أن ""أغلب هذه المنظمات منعت من إعادة مزاولة نشاطها وخصوصا تلك الموالية لحزب الإصلاح"". وحزب الإصلاح كان أحد أبرز مكونات ""المقاومة الشعبية"" التي تقاتل بجانب قوات الرئيس عبد ربه منصور هادي، وتضم مزيجا من الإسلاميين ورجال القبائل والعسكري"
243,اليمن على صفيح نار. الحوثيون يتقدمون نحو عدن بعد سيطرتهم على صنعاء. يلاحقون الرئيس عبد ربه منصور هادي حتى عدن. ويقتربون من باب المندب. ودول الخليج وعلى رأسها السعودية تندد وتتوعد وتهدد. حول الأسباب التي تدفع الحوثيين للتقدم نحو عدن، التقت DW عربية بالباحث السياسي اليمني محمد عبده العبسي. وسألته عن أسباب وتوقيت توجه الحوثيين نحو العاصمة الجنوبية. DWعربية: لماذا يتجه الحوثيون نحو عدن؟ ولماذا يتجهون نحو العاصمة عدن؟ محمد عبده عبسي: من حيث المبدأ جماعة الحوثي، هي جماعة تسعى للسلطة والسيطرة. وهي لها أجندة سياسية واضحة ضمن تحالف يضم الرئيس السابق علي عبد الله صالح. والتحرك نحو عدن ينطلق بدرجة أساسية من كون عدن أصبحت تمثل الثقل السياسي لليمن، معترف بها، بعد انتقال الرئيس هادي
244,"منذ عدة سنوات يتربع نجم برشلونة ليونيل ميسي على عرش كرة القدم مناصفة مع البرتغالي كريستيانو ورنالدو، فقد ساهمت أهداف ومهارات ""البرغوث"" الأرجنتيني في تحقيق ""البلوغرانا"" الكثير من الألقاب المحلية والقارية. ويحتل الفائز بخمس كرات ذهبية مكانة خاصة لدى جماهير النادي الكتالوني وإدارته، التي تسعى دائما إلى الحفاظ على نجم الفريق الأول دون منازع. بيد أن التحول الكبير الذي أحدثته صفقة البرازيلي نيمار دا سيلفا في سوق الانتقالات الشتوية بدأ يقلق بعض مسؤولي فريق برشلونة. وفي هذا الصدد، قال بانشو شرودر المدير المالي والاستراتيجي لنادي برشلونة: إنه لن يتفاجأ إذا ما حاول فريق منافس ضم النجم الأرجنتيني ليونيل ميسي، عبر كسر شرطه الجزائي مع النادي، الذي يبلغ 700 مليون يورو. وأشار موقع شبكة """
245,في الجولة السادسة والأخيرة من منافسات الدور الأول للمجموعة الثانية عشرة حقق فريق فيردر بريمن فوزا كبيرا على مضيفه فريق أتليتكو بلباو الإسباني بثلاثة أهداف نظيفة. وجاءت أهداف المباراة الثلاثة في الشوط الأول من المباراة، وحملت توقيع كل من طلاوديو بيتسارو في الدقيقة 13 و البرازيلي نالدو في الدقيقة 20، وروزنبيرغ الذي اختتم أهداف المباراة في الدقيقة 36. وبعد الاستراحة لم يفعل الفريق الأخضر المزيد، بل حاول الحفاظ على تقدمه دون بذل جهود كبيرة. وهذا ما تحقق له ليخرج من المباراة بفوز مستحق ضمن له بطاقة التأهل إلى دور ال 32 للدوري الأوروبي على رأس المجموعة ال 12. هيرتا برلين يلحق بركب الفرق المتأهلة في لقاء ضمن منافسات المجموعة الرابعة حقق فريق العاصمة برلين فوزا ثم
246,قالت مصادر من الشرطة العراقية اليوم الأحد 08 ديسمبر كانون الأول 2013، إن تفجيرات سيارات ملغومة تسببت في مقتل 39 شخصا على الأقل وإصابة زهاء 120 في أنحاء العراق الأحد حيث استهدف مهاجمون شوارع تجارية مزدحمة في العاصمة. ومن المتوقع ان ترتفع حصيلة القتلى جراء العدد الهائل من المصابين الذي فاق التسعين. وأضافت أن أعنف هجوم وقع في حي البياع الذي تقطنه أغلبية شيعية ببغداد عندما انفجرت سيارة ملغومة في سيارة متوقفة قرب ورش لاصلاح السيارات ما أدى إلى مقتل سبعة وإصابة 14. وسجل العنف في العراق أعلى مستوياته منذ خمس سنوات على الأقل. وتتعرض بغداد لتفجيرات بشكل يومي تقريبا. وتقول الأمم المتحدة إن أكثر من ثمانية آلاف قتلوا منذ بداية العام. ولم تعلن أي جهة على الفور مسؤوليتها عن تفجيرات اليوم لكن تنظيم القاعدة شدد قبضته على مناطق في أنحاء
247,"قال علماء إن قمرا صناعيا علميا يتبع إدارة الطيران والفضاء الأمريكية (ناسا) اختتم يوم الجمعة الماضي (27 شباط فبراير) رحلة فضائية استغرقت سبعة أعوام ونصف العام إلى سيريس، وهو كوكب قزم لم يكتشف من قبل يدور في فلكه ضمن حزام الكويكبات الواقع بين كوكبي المريخ والمشترى. وكان القمر الصناعي (دون) قد زار كويكب (فيستا) قبل أن يحط في مداره حول كوكب (سيريس) يوم السبت الماضي (29 شباطفبراير) على متن مركبة (نيو هورايزونز) التابعة لناسا. وقال علماء إن القمر الصناعي الذي يعمل بالطاقة الشمسية وضع نفسه في مدار حول كويكب فيستا على سطح كوكب (سوفتستا) في باسادينا بكاليفورنيا ""تسير الأمور"
248,أصبح التونسي أسامة الملولي أول سباح يفوز بألقاب أولمبية وعالمية داخل الأحواض وفي المياه المفتوحة معا. يأتي ذلك بعدما انتزع ذهبية سباق خمسة كيلومترات في بطولة العالم المقامة في مدينة برشلونة الإسبانية أمس السبت أمام أشد منافسين من كندا وألمانيا. وأنهى السباح، البالغ من العمر 29 عاما، السباق في 53 دقيقة و30.4 ثانية متفوقا بفارق ضئيل على أقرب مطارديه. وحل الكندي ايريك هيدلين في المركز الأول بعدما سجل 54 دقيقة و31.6 ثانية ليحصل على الميدالية الفضية، بينما كانت الميدالية البرونزية من نصيب السباح الألماني توماس لورتس الذي سجل 53 دقيقة، و32.2 ثانية. وفاز الملولي بذهبية 800 متر حرة في البطولة التي أقيمت في ملبورن في 2007 لكنه جرد من ميداليته وعوقب بالإيقاف
249,"قال بلير إنه سيكون سعيدا بنشر مراسلاته مع الرئيس الامريكي آنذاك جورج بوش وقال بلير إن نشر التقرير سيساعده في تأكيد رأيه أن غزو العراق عام 2003 كان ""الاجراء الصحيح الذي يجب اتخاذه"". وقال إنه سيكون ""لا يوجد احتمال واقعي"" لنشر التقرير قبل إجراء الانتخابات العامة في بريطانيا في مايو أيار القادم. وقال رئيس اللجنة المشرفة على التحقيق السير جون تشيلكوت إنه لا يوجد ""احتمال واقعي "" لتأجيل نشر التقرير إلى ما بعد الانتخابات العامة التي ستجرى في مايو ايار القادم. وأعرب نواب بريطانيون عن غضبهم من تأجيل نشر التقرير الرسمي عن حرب العراق لعام 2003 إلى مابعد الانتخابات. مواضيع قد تهمك نهاية بدأ السير جون التحقيق عام 2009 وفي تصريح قال بلير انه اوضح ""مرارا وتكرارا"" أنه غير مسؤول عن ارجاء التقرير. وقال"
250,"زلماي خليل زاد وفي عدد من التدوينات على موقع تويتر قال زلما خليل زاد إن المفاوضات المستمرة على مدار ستة أيام ""كانت أكثر إنتاجية من أي مفاوضات سابقة بين الطرفين"". و قال خليل زاد إنه في طريقه إلى العاصمة الأفغانية كابول للتشاور مع الحكومة الأفغانية حول نتائج المفاوضات. وكتب على تويتر ""سنبني على الزخم ونستأنف المحادثات قريبا. لا يزال لدينا عدد من القضايا التي يجب أن نعمل عليها"". ولم يكشف خليل زاد مزيدا من التفاصيل. إلا أن من بين المقترحات التي تم طرحها، سحب الولايات المتحدة لقواتها مقابل ضمانات من طالبان بعدم إيواء أي متطرفين أجانب، وهو السبب الأول للغزو الأميركي لافغانستان. من جانبها قالت حركة طالبان إن هناك تقدما في المفاوضات بالفعل لكن لازالت هناك المزيد من الجولات بخصوص الموضوعات المعلقة وهو الامر"
251,"أكدت مصادر قضائية اليوم (الأربعاء الثامن من نوفمبر تشرين الثاني 2017) أن محكمة النقض أعلى محكمة مدنية في مصر أيدت حكما سابقا ضد الناشط المصري علاء عبد الفتاح. بالإضافة إلى عقوبة الغرامة والحبس، في قضية ""أحداث مجلس الشورى"". وكانت محكمة جنايات جنوب القاهرة، الدائرة 28 المنعقدة بمعهد أمناء الشرطة، أصدرت حكمها بسجن علاء عبد عبد الفتاح وأحمد عبد الرحمن بالسجن المشدد خمس سنوات، وخمس سنوات تحت المراقبة وغرامة 100 ألف جنيه ، فيما حكمت بسجن باقي المتهمين ثلاث سنوات ، و 15 سنة تحت المراقبة ، في قضية أحداث مجلس الشورى . كما قضت محكمة جنايات شمال القاهرة بالسجن المشدد 15 سنة، و 10 سنوات ل 6 متهمين في اتهامهم بسرقة جهاز لاسلكى من أحد الضباط المكلفين بالتأمين والتظاهر بدون تصريح وإحراز الأسلحة البيضاء وتعطيل مصالح المواطنين وتعريض"
252,"وكان الفتى قد نقل إلى مستشفى الزرقاء الحكومي وهو في حالة سيئة، إثر تعرضه لاعتداء بالضرب وبتر في ساعدي يديه وفقئ لعينيه يوم الثلاثاء. وقال الناطق الإعلامي باسم مديرية الأمن العام إن ""مجموعة من الأشخاص، وعلى إثر جريمة قتل سابقة قام بها أحد أقاربه، قاموا باعتراض طريقه واصطحابه إلى منطقة خالية من السكان والاعتداء عليه بالضرب وبالأدوات الحادة"". وأضاف الناطق الإعلامي أنه ألقي القبض على الأشخاص المعتدين، وأن سجلا جنائيا يضم 172 جرما، في حين لا يزال التحقيق جاريا في هذه الجرائم. وفي وقت سابق، قال مغردون إن ""الجريمة تكررت في مناطق مختلفة من الأردن، ولا سيما في المناطق القبلية أو ما يعرف ب ""العطوة"" في هذه المناطق. ""حل المشاكل بفناجين القهوة"" وأثارت"
253,"احد الانظمة المقترحة لتقنية خط الهدف وقال الاتحاد الدولي في بيان رسمي وزعه اليوم الثلاثاء إن القرار تم اتخاذه نهائيا بعد نجاح استخدام تقنية خط المرمى في بطولة العالم للاندية في اليابان في كانون الاولديسمبر عام 2012,. واضاف ان الهدف من اعتماد هذه التقنية هو مساعدة الحكام ومن اجل اعتماد هذا النظام في جميع الملاعب شرط نجاح هذه التجربة وبناء على الاختبارات التي يجريها الحكام قبل المباريات. كانت الدعاوى قد تصاعدت مطالبة بتطبيق هذه التقنية خلال العامين الاخيرين بعد ان تكررت اخطاء الحكام في المباريات والبطولات الكبرى، الا ان الفكرة ظلت تواجه اعتراضات من جانب بعض الاطراف التي قالت إن من شأنها ان تؤثر بالسلب على اللعبة. كما كان جوزيف بلاتر رئيس الفيفا من اكبر المعارضين للفكرة، الا انه خفف من موقفه لاحقا لينتقل الى جانب التأييد. مواضيع قد تهمك نهاية"
254,"خلص التقرير المبني على معلومات وكالة المخابرات المركزية الأمريكية ورفعت الإدارة الأمريكية السرية عنه إلى أن الأمير وافق على عملية ""لاعتقال أو قتل"" خاشقجي، الذي قتل في القنصلية السعودية في اسطنبول في 2018. وبقرار الرئيس الأمريكي جو بايدن نشر التقرير الذي رفض سلفه دونالد ترامب نشره يعود التركيز العام من جديد في موقف واشنطن من التعامل مع المملكة على سجلها في حقوق الإنسان وعلى مشترياتها الضخمة من السلاح الأمريكي. وقال الرئيس الأمريكي، جو بايدن السبت إن إدارته ستصدر إعلانا يوم الاثنين (الأول من مارس آذار 2021) عن المملكة العربية السعودية، في أعقاب تقرير المخابرات الأمريكية، الذي خلص إلى أن ولي العهد محمد بن سلمان وافق على قتل الصحفي جمال خاشقجي. وأعلن مكتب مراقبة الأصول الأجنبية التابع لوزارة الخزانة الأمريكية إدراج أحمد حسن محمد العسيري، النائب السابق"
255,يأتي هذا بعد إغلاق 21 سفارة وقنصلية أمريكية في المنطقة الأحد. وأوضحت وزارة الخارجية الأمريكية أن تمديد غلق بعض بعثاتها يأتي بدافع توخي الحذر وليس كرد فعل على وجود تهديد جديد. ومن بين البعثات الدبلوماسية الأمريكية التي ستفتح أبوابها يوم الاثنين بعد الإغلاق تلك التي في عواصم الجزائر وأفغانستان والعراق، حسبما أعلنت واشنطن. في غضون هذا، يبقى تحذير بشأن السفر على مستوى العالم، أصدرته وزارة الخارجية الامريكية يوم الجمعة، ساريا حتى نهاية أغسطس آب. وقالت الوزارة في بيان لها، إن هناك احتمالا لوقوع هجوم مستوحى من تنظيم القاعدة في المنطقة وما وراءها، مشيرة إلى أن المعلومات الحالية تشير إلى أن تنظيم القاعدة ومنظمات تابعة له تواصل التخطيط لهجمات إرهابية في كل من الشرق الأوسط وما وراءها. وأضافت الوزارة في بيانها أن هناك احتمال بوقوع هجوم مستوحي من تنظيم
256,"قال ""العالم"" السعودي إن مراجعة النسوة للاطباء دون ""محرم"" محرم شرعا وقال ""العالم) السعودي"" الشيخ آل مبارك آل مبارك المفتي العام في السعودية، إن مراجعة النساء للاطاط في العيادات الطبية دون محرم شرعا. وتأتي الفتوى بعد ان توفيت طالبة جامعية سعودية الاسبوع الماضي نتيجة منع فرقة الاسعاف من دخول المستشفى دون محرم. وقال آل مبارك ""إن النساء اصبحن يتساهلن بمراجعة الاطباء دون محرم، وهذا ممنوع. "" ونقلت صحيفة الحياة الصادرة في لندن عن الشيخ آل آل مبارك قوله ""إن المرأة اصبحت تتساهل في مراجعة الاطباء دون ""المحرم. "" وقال ""إن الفحص الطبي قد يتضمن كشف المرأة لاجزاء من جسمها امام الطبيب، وهو امر غير جائز الا في الضرورة القصوى."" واضاف ان ""الفحص الطبي"
257,"آمال بالتوصل إلى اتفاق خلال الجلسة الثانية حول المحادثات النووية الايرانية في جنيف وشهد اجتماع أمس، والذي يعد الأول منذ تولي الرئيس الإيراني حسن روحاني مقاليد الحكم، تقديم طهران مقترحات جديدة لمحاولة إنهاء الخلاف بشأن برنامجها النووي. وقال نائب وزير الخارجية الايراني عباس عراقجي الذي يمثل وفد بلاده في المفاوضات إنه كانت هناك ردود فعل ايجابية لأفكار بلاده بشأن كيفية المضي قدما في المحادثات، مشيرا إلى أن ""اقتراح بلاده التي قدمته خلال هذه المحادثات يمكن أن يشكل انفراجا لحل الخلاف القائم حول برنامجها النووي"". وأكدت مصادر إيرانية وأمريكية عقد محادثات ثنائية مباشرة بين الجانبين على هامش اجتماعات جنيف. ووصف مسؤولون أمريكيون المباحثات التي أجرتها ويندي شيرمان المسؤولة بالخارجية الأمريكية مع عراقجي بالجيدة. ويؤكد المفاوضون الغربيون انهم يأملون في تحقيق نتائج. مواضيع قد تهمك"
258,"وصفت سهير بلحسن رئيسة الفيدرالية الدولية لحقوق الإنسان (مقرها باريس) الوضع الصحي والإنساني للناشطة الصحراوية أميناتو حيدر بأنه""خطير"" ويدعو للقلق الشديد"" وناشدت كل الأطراف للتعجيل بإيجاد حل لقضيتها، وشددت بلحسن في حوار ل""دويتشه فيله"" على مسؤولية الحكومة المغربية وحثتها على التحلي""بالعقل"" وقالت أن ""الوضع الصحي والإنساني لأمينتو حيدر لا ينبغي أن يبقى على كل الاحتمالات"" وأن ""الوضع لا ينبغي ان يبقى كما هو عليه"" و ""لا ينبغي ان تظل وضعيتها الصحية على ما هي عليه"" بل ودعت الحكومة المغربية إلى التحلي"" بالعقل ""والتحلي بالشجاعة"" ودعت الحكومة الاسبانية إلى التحلي ""بالعقل والحكمة"" من أجل إيجاد حل سريع لمأساة أمينا"
259,مسجد الصيفة في سنغافورة أحد المسجدين المستهدفين بالخطة التي أفشلتها السلطات الصبي الذي تأثر بمنفذ مجزرة نيوزيلندا، برنتون تارانت، يواجه تهما بالتخطيط لطعن ضحاياه بواسطة ساطور، وبث الهجوم على الهواء مباشرة. المتهم هو أصغر من يحتجز بموجب قانون الأمن الداخلي في البلاد، الذي يسمح بالاحتجاز دون محاكمة، وقد اعتقل الشهر الماضي. ويعد هجوم كرايست تشيرش أسوأ مجزرة في نيوزيلندا، وراح ضحيتها 51 شخصا أطلق عليهم تارانت النار داخل مسجدين في 15 مارس آذار 2019، وحكم عليه بالسجن المؤبد من دون عفو مشروط. وقالت وزارة الداخلية في سنغافورة إن الصبي يحمل الجنسية السنغافورية، ولم تكشف عن هويته واكتفت بالإشارة إلى أنه مسيحي
260,"اقترب فريق بايرن ميونخ الألماني من التعاقد مع الدولي الفرنسي ولاعب خط الوسط بنادي ليون الفرنسي كورينتين توليسو. وحسب صحيفة ""بيلد"" الألمانية واسعة الانتشار، فإن توليسو، البالغ من العمر 22 عاما، سيجتاز الفحص الطبي الإلزامي ليوقع بعدها على العقد. وبلغت قيمة الصفقة حسب نفس المصدر 40 مليون يورو. كما نشرت صحيفة ""ليكيب"" الفرنسية نقلا عن مصادر في نادي ليون أن صفقة انتقال توليسو إلى بايرن باتت مسألة وقت فقط. ومن شأن توليسو أن يسد الفراغ في خط الوسط بالنادي البافاري بعد اعتزال الإسباني تشافي ألونسو. لكن بايرن ميونخ يخطط للاعتماد على اللاعب الفرنسي كلاعب محوري في خط وسط. لكنه أيضا قادر على التحول إلى لاعب في خط الهجوم الهجومي أو كظهير أيمن."
261,"قوات عراقية في قاعدة الحبانية في الانبار وجاء في بيان اصدرته خلية الاعلام الحربي التابعة لقيادة العمليات المشتركة ان ""عملية تحرير مدينة الرطبة الواقعة على الحدود مع الاردن والمناطق المجاورة لها انطلقت صباح اليوم الاثنين بمشاركة الفرقة 16 في الجيش العراقي وشرطة الانبار وحرس الحدود والحشد العشائري وبإسناد من الطيران الحربي العراقي وطيران التحالف الدولي"". كما أكد مصدر امني في شرطة الانبار ان "" عملية استعادة السيطرة على مدينة الرطبة انطلقت من محورين هما الجنوبي والغربي باتجاه مركز المدينة ""مضيفا ان "" العبوات الناسفة التي زرعها تنظيم مايعرف بالدولة الاسلامية تجعل تقدم القوات المهاجمة بطيئا."" وقال المصدر ايضا إن ""مسلحي التنظيم شنوا هجوما بالاسلحة المتوسطة والخفيفة والقنابل اليدوية على القوات الامنية التي تمكنت من قتل المهاجمين وسقط عدد"
262,"يرى محللون أن في حال إصرار حزب الاستقلال على موقفه، فإن الائتلاف الحكومي سيكون مهددا بالانفراط ولم يكن الائتلاف الحكومي منذ تشكله في أوائل ينايركانون الثاني 2012 منسجما إذ هدد الأمين العام لحزب الاستقلال، حميد شباط، مرارا بالانسحاب من الحكومة تارة متهما إياها بعدم الانسجام وتارة باتخاذ قرارات ""لا شعبية تضر بمصالح المغاربة""، وأيضا بعدم الانفتاح على قوى المعارضة. ثم وجه شباط مذكرة عاجلة إلى بنكيران يطالب فيها بتعديل الائتلاف الحكومي بهدف ""تطوير الأداء الحكومي وتسريع وتيرته""، متهما الحكومة بالفشل في معالجة الملفات الاقتصادية والاجتماعية المستعصية. لكن الحكومة ترى أنها تواجه ""إكراهات"" تحول دون تحقيق نتائج اقتصادية سريعة. ونفذ شباط وعيده وأعلن السبت الماضي انسحاب حزبه من الحكومة لكن الملك بصفته ""ضامن استقرار البلاد"" طلب هاتفيا من شباط استمرار"
263,تأمل الشركة بوقف التسرب بواسطة الجهاز الجديد وفي هذه الاثناء تتسرب عشرات الاف البراميل من النفط من البئر ريثما يتم تركيب الجهاز الجديد بعد ان تم فك الجهاز السابق الذي كان يقوم فقط باحتواء نصف كمية النفط المتدفق من البئر والتي تقد بنحو 50 الف برميل يوميا. وتأمل الشركة ان تتمكن من احتواء كل النفط المتسرب من البئر الى ان يتم الانتهاء من حفر بئرين اخرين قرب البئر الحالي بحيث تتمكن من تحويل كل النفط الى بئر جديدة في وقت لاحق من هذا الشهر. وفي الوقت نفسه تعمل الشركة على حفر بئر جديدة قرب البئر الحالية في وقت مبكر من نهار يوم الاثنين بالتوقيت المحلي. وفي هذا الوقت تعمل فرق العمل على تثبيت الجهاز الجديد الذي يعمل على مدار 24 ساعة بحيث تتمكن فرق العمل من سحب كل كمية النفط التي تخرج من البئر الحالية الى
264,"هناك مواقف متباينة بشأن زيارة أوباما للأراضي الفلسطينية وفي رسالته، شرح عبد الرحمن، وهو من سكان قطاع غزة ويعيش في رام الله، واقع شعبه واصفا اياه بالصعب وتحديدا قضية المعتقلين الفلسطينيين داخل السجون الاسرائيلية. وطالب عبد الرحمن الرئيس الامريكي بالتعامل مع القضية الفلسطينية بإنصاف وعدل. ورغم قصر مدة زيارة أوباما وانشغالاتها، لا يزال الشاب الفلسطيني ينتظر رد أوباما آملا لقاءه. فهو متفائل بأن رسالته قد وجدت طريقها إلى مكتب الرئيس الأمريكي بالفعل. وقال عبد الرحمن لبي بي سي: ""رسالة من شاب فلسطيني وصلتني على البريد الالكتروني الخاص بالرئيس الأمريكي باراك أوباما، وهو شاب فلسطيني يعيش في مدينة رام الله ويعيش في الضفة الغربية منذ نوفمبر الماضي. مواضيع قد تهمك عن زيارة الرئيس الامريكي لرام الله. ""لقد حققت من خلال هذه الرسالة عددا من الاهداف"
265,"في اليمن، البلد الفقير الواقع في جنوب شبه الجزيرة العربية، والذي تمزقه الحرب منذ ست سنوات، استهلاك نبتة القات أمر متوارث عبر الأجيال ويتمتع بشعبية بالغة لدى السكان. علي الزبيري، الذي يرتاد سوق الجبلي يوميا لشراء حاجته من القات، لا يشعر بالخوف من الإصابة بفيروس كورونا المستجد، وذلك رغم تحذيرات الأمم المتحدة ومنظمات إغاثية من تفشي هذا الفيروس في اليمن. ويقول علي، وهو من سكان صنعاء، لوكالة فرانس برس، إنه لا يشعر بالرعب من الإصابة بإنفلونزا الخنازير. ويقول ""أنا لا أشعر بالخوف، لكن لا أشعر بالرعب، لأن الناس يعتاشون على القات"". وتشير التقديرات إلى أن نحو 90 بالمائة من سكان اليمن يتعاط القات طيلة ثلاث إلى أربع ساعات يوميا في أسواق القات في صنعاء"
266,"قال محمد عبد الله القرقاوي، وزير شؤون مجلس الوزراء لدولة الإمارات العربية المتحدة اليوم الاثنين (10 فبراير شباط 2014)، إن بلده يخطط لاستخدام طائرات عمودية بدون طيار لتوصيل الوثائق الرسمية والطرود إلى مواطنيها في إطار جهود لتحديث الخدمات الحكومية، وهو ما يعتبر أول مشروع من نوعه في العالم. وتشبه المركبة-التي تعمل بالبطارية وقطرها نصف متر-الطائرة التي تعمل بالطائرات بدون طيار، كما أنها مزودة بحجيرة علوية يمكنها أن تحمل طرودا صغيرة. وتم صبغ المركبة باللون الأبيض وهي مزركشة بعلم الإمارات وتعمل بأربعة محركات. وقال المهندس الإماراتي عبد الرحمن السركال، الذي صمم المشروع، إنه سيتم ""استخدام نظم الأمن التي تعمل ببصمة الأصابع وبصمة العين لحماية الطائرات وشحناتها""."
267,اليمين المتطرف طالب بمنع شامل للنقاب في ألمانيا وسيمنع مشروع القانون، بعد التصديق عليه في الغرفة الثانية بالبرلمان، الموظفات الحكوميات والجنديات والقضاة من ارتداء النقاب في مكان عملهن. وطالبت أحزاب اليمين المتطرف بفرض حظر شامل لارتداء النقاب في الأماكن العامة. واستقبلت ألمانيا، في الفترة الأخيرة، أكثر من مليون مهاجر ولاجئ، الكثير منهم مسلمون من الشرق الأوسط. وتعرضت لهجمات نفذها إسلاميون متشددون، من بينها حادث الشاحنة، التي اقتحمت سوقا في برلين، وأسفر عن مقتل 12 شخصا. وقال وزير الداخلية، توماس دي ميزيير، إن مشروع القانون دليل على مدى تسامح ألمانيا مع الثقافات الأخرى. وتريد التيارات اليمينية من ألمانيا أن تقتدي بفرنسا، التي تمنع النقاب في جميع الأماكن العامة، منذ 2011. وكانت المستشارة، أنغيلا
268,"اول قرار بقانون للرئيس المصري وقال ياسر علي، المتحدث باسم الرئاسة، ان اسلام عفيفي رئيس تحرير جريدة الدستور سيخلى سبيله. وفي اول استغلال لسلطة التشريع التي منحها لنفسه بموجب الاعلان الدستوري الجديد الصادر في 12 اغسطساب الجاري، اصدر الرئيس المصري محمد مرسي مرسوما بقانون رقم 1 لسنة 2012 بالغاء الحبس الاحتياطي للصحفيين في كافة الجرائم التي ترتكبها الصحف. وتم تعديل المادة 41 من قانون الصحافة رقم 96 لسنة 1996، والتي كانت تنص على: ""الغاء الحبس الاحتياطي لكافة الجرائم التي يرتكبها الصحفيون""، لتصبح: ""الابقاء على حبس الصحفيين احتياطيا لمدة 24 ساعة او 3 ايام على الاكثر من عام الى 3 سنوات، حيث يعاقب بالحبس من 24 ساعة الى 3 ايام، كما يعاقب بالحبس لمدة 3 سنوات. وقال المستشار القانوني للرئيس،"
269,"أسس ""تنظيم القاعدة"" السعودي اسامة بن لادن وأسفر الهجوم عن مقتل 6 اجانب ورجل شرطة سعودي واحد. وقالت وكالة الانباء السعودية الرسمية إن المتهمين، الذين بينهم سبعة أخوة، ادينوا بمساعدة المسلحين الذين هاجموا شركة امريكية في ينبع شمال غربي البلاد، مما ادى الى مقتل امريكيين اثنين وبريطانيين اثنين واسترالي وكندي اضافة الى شرطي سعودي. وأدين المتهم الذي حكم عليه بالاعدام باعداد المتفجرات التي استخدمت في الهجوم وبالتدرب على يد احد اعضاء المجموعة التي نفذت الهجوم وقتل اثناءه. وحكم على المتهمين الآخرين بالسجن لمدد تتراوح بين 3 و12 سنة. مواضيع قد تهمك في نهاية هذا الاسبوع:"
270,جاء في قرار محكمة العدل الأوروبية (ECJ)، الصادر اليوم الخميس 12 نيسان أبريل 2018، أن اللاجئين القصر الذين وصلوا إلى أوروبا من دون ذويهم، يحتفظون بحقهم في لم شمل الأسرة حتى لو كانوا قد بلغوا سن الرشد خلال عملية طلب اللجوء. ومن المتوقع أن يؤثر هذا الحكم على عشرات الآلاف من القاصرين الذين وصلوا دون عائلاتهم وتقدموا بطلبات لجوء في أوروبا، في الوقت الذي ترتفع فيه أصوات الأحزاب اليمينية الشعبوية في أوروبا لوقف عمليات لم الشمل. كيف أثيرت القضية؟ بدأت القضية تثار في أوروبا بعد حالة واجهتها هولندا مع شابة إيريترية، تقدمت بطلب لجوء وبلغت سن الثامنة عشر أثناء عملية التقدم بالطلب، وبعد منحها حق اللجوء أرادت لم شمل والدها لكن المحكمة رفضت إذ أنها لم تعد قاصرا. ما الذي
271,"قتل 16 شخصا على الأقل، بينهم ثلاثة أطفال وسيدتان في غارة جوية استهدفت الأحد (14 أبريلنيسان) بلدة ذات غالبية كردية في محافظة الحسكة في شمال شرق سوريا، حسب ما أعلن المرصد السوري لحقوق الإنسان. وأفاد المرصد المعارض عن ""استشهاد 16 شخصا اثر القصف من طائرة حربية استهدف قرية حداد التي تقطنها غالبية كردية والواقعة جنوب مدينة القحطانية""، مشيرا إلى أن من بين الضحايا ""ثلاثة أطفال على الأقل وسيدتان"". وأوضح رامي عبد الرحمن مدير المرصد، الذي يتخذ من لندن مقرا له، أن القرية ""تضم تجمعا لمقاتلي المعارضة في نقطة تعرف بمحطة تسخين البترول""، لكن القصف طال منازل صغيرة يقطنها مدنيون. وبث ناشطون معارضون أشرطة مصورة على موقع ""يوتيوب""، يظهر فيها عدد من النسوة وهن خارجات من منزل استهدف"
272,"وافقت الجمعية العامة للأمم المتحدة الأربعاء (15 أيار مايو 2013) على مشروع قرار يطالب طرفي الصراع في سورية بوقف أعمال العنف فورا، والتي أدت حتى الآن إلى مقتل أكثر من 80 ألف شخص، حسب قول رئيس الجمعية العامة الأمم المتحدة، وبتطبيق إصلاحات سياسية ديمقراطية. ودانت الجمعية العامة في قرارها هذا ما وصفته ب ""تصعيد"" النظام السوري لهجماته، والاستمرار في استخدام أسلحة ثقيلة والقصف وإطلاق النار من جانب قواته على بلدان مجاورة وانتهاكات حقوق الإنسان. كما دعت المنظمة الدولية في قرارها الجديد إلى مفاوضات تشمل ""الائتلاف الوطني لقوى الثورة المعارضة""، الذي قدم على أنه محاور يتمتع بصفة تمثيلية. وفي هذا الإطار رحب قرار الجمعية العامة ب  ""إنشاء الائتلاف الوطني""، واصفا إياه ب""محاور فعلي ذي صفة تمثيلية"
273,"أبلغ رئيس الوزراء الإسرائيلي، بنيامين نتانياهو، الرئيس الفلسطيني، محمود عباس، اليوم الأحد (12 أبريلنيسان 2009) أنه يرغب في إجراء مباحثات معه بهدف دفع عملية السلام. ونقلت وكالة الأنباء الفرنسية عن بيان لرئاسة الوزراء الإسرائيلية أن نتانياهو قد تحدث خلال اتصال هاتفي مع عباس ""عن التعاون والمباحثات التي أجرياها في الماضي"" وأضاف أنه يعتزم أن يكرر ذلك في المستقبل بهدف ""دفع عملية السلام بين الإسرائيليين والفلسطينيين"". وأضاف البيان أن ""عباس تحدث خلال الاتصال الهاتفي مع نتانياهو عن المباحثات التي أجراها مع نتانياهو في الماضي، وأكد على ضرورة عمل الجانبين كل ما يمكن لدفع عملية السلام، وذلك في الوقت الذي أبدى فيه رئيس الوزراء بنيامين نتانياهو ورئيس السلطة الفلسطينية، إسماعيل هنية، مخاوف إزاء مستقبل المفاوضات. كما أعرب عباس عن استعداده لإجراء مباحثات مع نتانياهو خلال زيارته"
274,"قتل ضابطان بالجيش اللبناني وجندي وأصيب آخرون اليوم الأحد (23 حزيران يونيو 2013)، عندما اندلعت اشتباكات في مدينة صيدا الساحلية بجنوب لبنان بين أتباع شيخ سني سلفي مناهض لتدخل حزب الله الشيعي في سوريا والجيش اللبناني، فيما تحدثت قناة سكاي نيوز عربية عن مقتل 6 جنود لبنانيين في هذه المواجهات. وجاء في بيان صادر عن قيادة الجيش- مديرية التوجيه ""قامت مجموعة مسلحة تابعة للشيخ أحمد الأسير ومن دون أي سبب بمهاجمة حاجز تابع للجيش اللبناني في بلدة عبرا – صيدا، ما أدى إلى استشهاد ضابطين وأحد العسكريين وإصابة عدد آخر بجروح بالإضافة إلى تضرر عدد من الآليات العسكرية"". وأشار البيان إلى أن ""قوى الجيش اتخذت التدابير اللازمة لضبط الوضع وتوقيف المسلحين"". وقال مصدر أمني إن الاشتباكات التي اندلعت بين الجيش وأنصار الشيخ السني أحمد الأسير المعروف بمعاداته لحزب"
275,أعلنت السلطات التونسية اليوم الأحد (24 ديسمبر 2017) تعليق رحلات الخطوط الإماراتية في المطارات التونسية في ظل خلاف أزمة متصاعدة بعد منع تونسيات من السفر إلى الإمارات. وأصدرت وزارة النقل التونسية مساء اليوم الأحد بيانا تضمن قرارا بتعليق رحلات الخطوط، إلى حين تمكن الشركة من إيجاد الحل المناسب لتشغيل رحلاتها طبقا للقوانين والمعاهدات الدولية، بحسب نفس المصدر. وكانت الخطوط الإماراتية منعت بشكل مفاجئ في مطار تونس قرطاج الدولي أول أمس الجمعة، التونسيات من ركوب الناقلة باستثناء المسافرات اللاتي يحملن إقامات أو جواز سفر دبلوماسي. وجرى منع العديد من المسافرات التونسيات، بما في ذلك المسنات والرضع والمرتبطات بأزواج يعملون في دولة الإمارات. ولم تتضح على الفور أسباب هذا القرار المفاجئ ودون سابق إنذار. وتسبب الإجراء في حالة من السخط والغضب في
276,"حذرت الحكومة اليمنية الحوثيين من التمادي في تطويق العاصمة صنعاء بمسلحي الحركة. وأكد أنه حال لم يستجب الحوثيون لمطالب ""الإجماع الوطني"" فإنه سيضطر لاستخدام كافة الوسائل والأساليب المناسبة لحماية الأمن والقانون. وأقر هادي خلال مع قيادات يمنية بارزة تشكيل لجنة من كافة القوى السياسية للقاء زعيم الحوثيين لحثه على التراجع عن تهديداته بمحاصرة العاصمة صنعاء. وكانت اللجنة الأمنية العليا في اليمن قد حذرت الحوثيين من التحصن في العاصمة صنعاء من مختلف الجهات. وكشف مصدر بوزارة الدفاع اليمنية لبي بي سي عن خطة عسكرية أعدتها الوزارة لمواجهة مخاطر الحوثيين فيما بدأ اللواء الرابع وقوات من ألوية الحماية الرئاسية وقوات الاحتياط تدريبات ميدانية وأعلنت عن رفع جاهزيتها القتالية تحسبا لأي تطورات. مواضيع قد تهمك عن طريق اختيار المواضيع التي لا تهمك والتي قد لا تهمك عن المواضيع التي قد تهمك"
277,"وجه جوزيه مورينو انتقادات حادة للاعبي مان يونايتد سمولنغ وشو لتراجع دورهما في الفريق ووجه مورينو اللوم إلى اللاعبين لغيابهما عن مباراة الفريق أمام سوانزي في إطار دوري أبطال أوروبا يوم الأحد الماضي. وقال المدير الفني لأولد ترافورد للاعبيه: ""من أجل الفريق، لابد أن تفعلوا أي شيء"". وقال مورينو إنه ""من الواضح أن هناك خطبا في ما يتعلق باللاعبين"". وأضاف مورينو أنه ""من الصعب أن نحكم على الأشياء على أساس ما نراه من دون أن نعرفهم جيدا"". ولم يشارك اللاعبان في أي من المباريات منذ بداية الموسم، كما لم يشاركا في المباراة التي خسرها مان سيتي أمام فنربخشة في إطار الدوري الأوروبي يوم الخميس الماضي، وهي المباراة التي"
278,"ينظر إلى الإسراع بتشكيل الحكومة العراقية الجديدة على أنه خطوة بالغة الأهمية لمحاربة تنظيم الدولة الإسلامية وينظر إلى هذه الخطوة على أنها بالغ الأهمية لمحاربة التنظيم. ويقول مراسل بي بي سي إن تشكيل حكومة شاملة في العراق من شأنه أن يخفف التوتر بين الأغلبية الشيعية والأقلية السنية في العراق. ويضيف مراسلنا أن من شأن هذه الخطوة أيضا أن تساعد الولايات المتحدة على تكثيف مساعداتها إلى الحكومة العراقية للتصدي لتنظيم الدولة الإسلامية. ويمضي المراسل في القول إن نجاح الحكومة في مسعاها يتوقف على تمثيل السنة فيها بشكل واسع. مواضيع قد تهمك نهاية وكان الرئيس الأمريكي باراك أوباما قال إنه سيعلن الأربعاء المقبل عن استراتيجيته لمواجهة تنظيم ""الدولة الإسلامية"" بدون نشر قوات برية أمريكية، وذلك في خطاب يلقيه في البيت الأبيض في واشنطن. وقال أوباما، الذي تعرض لانتقادات بسبب عدم إعلانه"
279,"قرر الاتحاد الألماني لكرة القدم في اجتماع في فرانكفورت اليوم الاثنين (30 تشرين الثانينوفمبر 2020) الإبقاء عل مدرب المنتخب الألماني يوآخيم لوف (60 عاما) في منصبه ليخوض مع المانشافت بطولة كأس الأمم الأوروبية لكرة القدم 2021 وتصفيات مونديال الدوحة 2022. وقال اتحاد الكرة إن المدرب لا يزال يحظى بثقة مجلس الإدارة وذلك في ختام اجتماع قمة في فرانكفورت بين كبار المسؤولين والمدرب. وأكد الاتحاد في بيان أن ""رئاسة الاتحاد الألماني قررت بالإجماع خلال اجتماع عبر الفيديو الاثنين، أن تواصل بدون تحفظ مع المدرب يوآف لوف الطريق الصعبة للتجديد التي بدأت في آذارمارس 2019. وقد اتبعت هيئة الرئاسة توصية من اللجنة الرئاسية وأوليفر بيرهوف، مدير الفرق الوطنية والأكاديمية"". وأثيرت تكهنات حول اقتراب رحيل لوف عن منصبه عقب الهزيمة القاسية أمام إسبانيا"
280,خالد مشعل سيترأس الوفد ونقل الموقع عن مصدر، قوله أن الوفد الذي سيرأسه خالد مشعل رئيس المكتب السياسي للحركة سيضم على الأرجح في عضوية نائب رئيس المكتب السياسى للحركة، الدكتور موسى أبو مرزوق، وأعضاء المكتب السياسي بالحركة محمد نزال ومحمد نصر وعزت الرشق. واعتبر المصدر أن هذه الزيارة تأتي استكمالا للزيارة التي قام بها وفد من الحركة برئاسة خالد مشعل إلى الأردن في التاسع والعشرين من شهر كانون الثاني (يناير) الماضي. وأشار إلى أن الزيارة ستبحث بعض القضايا والموضوعات ذات الاهتمام المشترك للشعبين الأردني والفلسطيني وبما يحقق المصالح المشتركة لهما. وسيلتقي مشعل مع عدد من كبار المسؤولين في المملكة، إلا أن المصدر لم يؤكد إن كان الوفد سيلتقي العاهل الأردني أم لا. مواضيع قد تهمك في هذه المواضيع المواضيع التي قد تهمك من خلال هذه المواضيع مواضيع
281,85 في المئة من اللاجئين الواصلين إلى أوغندا هم من النساء والأطفال بحسب الأمم المتحدة وأضافت المنظمة الدولية أن ما لا يقل عن مليون لاجئ قد فروا إلى السودان وإثيوبيا وكينيا وجمهورية الكونغو الديمقراطية وجمهورية أفريقيا الوسطى. وعانى جنوب السودان من حرب أهلية شهدت سلسلة من الأعمال الوحشية منذ عام 2013. وكان رئيس جنوب السودان سلفا كير قد أقال في يوليو  تموز من ذلك العام، نائبه رياك مشار، واتهمه في ديسمبر  كانون الأول بالتخطيط لانقلاب ضده، وهو ما نفاه مشار. واندلعت بعد ذلك أعمال عنف ومعارك بين القوات الموالية لكل من كير ومشار. وقد أشادت الأمم المتحدة ومنظمات دولية أخرى بموقف أوغندا المرحب تجاه اللاجئين. فعلى سبيل المثال، تمنح الحكومة اللاجئين من جنوب السودان قطعة أرض لبناء منزل و
282,"أمير قطر يغيب عن القمة الخليجية ويكلف رئيس الوزراء ترؤس وفد بلاده واحتلت أزمة الخليج أبرز ما ناقشه المغردون العرب، بعد تغيب الأمير القطري الشيخ تميم بن حمد آل ثاني عن حضور القمة، وتكليف رئيس الوزراء القطري، الشيخ عبدالله بن ناصر بن خليفة آل ثاني، بقيادة وفد بلاده في الدورة. وشارك العديد من المغردين صورا تظهر استقبال الملك السعودي لرئيس وزراء قطر، وابتساماتهما المتبادلة. ورأى كثيرون في ذلك اللقاء الودي إشارة إلى بادرة حوار ثنائي مثمر يهدف إلى حل الخلاف بين البلدين. ""أجواء تلاحم ومساندة"" وغلبت أجواء إيجابية على تغريدات الخليجيين تحت وسمي #خليجنا_واحد_وشعبنا_كل و #القمة_الخليجية_40 اللذين ظهرا في أكثر من 81 ألف"
283,"متطوعون سنة من الموصل يشاركون في تدريبات استعدادا لقتال مسلحي تنظيم الدولة. ويحضر المؤتمر أسامة النجفي، نائب الرئيس العراقي، وصالح المطلك نائب رئيس الوزراء. وأكد منظمو المؤتمر على ضرورة حضور ممثلين لجميع القوى السياسية والدينية والعشائرية. ومن المقرر أن يبحث المؤتمر كذلك الخيارات الجديدة لتسليح أبناء العشائر السنية. وقال ظافر العاني، السياسي السني العراقي وعضو مجلس النواب عن اتحاد القوى الوطنية، في حديث لبي بي سي، إن لدى القيادات السنية الآن وعيا ورغبة حقيقية في محاربة الإرهاب. وقال خالد العلواني عضو اللجنة التحضيرية ""سيناقش المؤتمر الوضع الأمني في المناطق التي تقع تحت سيطرة المتمردين، ويبحث آليات استعادة السيطرة على مدننا"". مواضيع قد تهمك نهاية ويسيطر تنظيم الدولة الإسلامية على مناطق واسعة في العراق وسوريا. وأعلنت قوات البيشمركة الكردية عن"
284,"كان القطار يحمل مواد كيماوية واشتعلت النيران في عدد من العربات، ما تسبب في تصاعد سحب كثيفة من الدخان الأسود بمكان الحادث الذي وقع بالقرب من مدينة بالتيمور. وأكدت مصادر طبية أن سائق الشاحنة نقل إلى المستشفى في حالة حرجة. وقال كيفين كانتيز المدير التنفيذي في المقاطعة إن 15 عربة في القطار انقلبت، مضيفا أن ""القطار كان محملا بمادة كلورات الصوديوم (كلورات الصوديوم) التي تحتوي على كلورات كلور الصوديوم. "" وأضاف كانتيز أن عدد العربات التي احترقت كانت محملة بمواد كيماوية. وقال متحدث باسم شركة (سي إس إكس) للشحن إن ""الشاحنة التي اشتعلت فيها النيران كانت تحمل مادة كلورة الصوديوم، الذي تصنفه إدارة النقل الأمريكية باعتباره مادة خطرة. مواضيع قد تهمك عن"
285,"اعتبرت وزارة الخارجية الفلسطينية الاثنين (25 كانون الأول ديسمبر 2017) أن قرار غواتيمالا نقل سفارتها إلى القدس ""عمل مخز"" وغير قانوني. وقالت الخارجية في بيان إن القرار ""يستفز مشاعر المسيحيين والمسلمين"". ورأت أن القرار ""خطوة تجسد إصرار الرئيس (جيمي) موراليس على جر بلاده إلى الجانب الخاطئ من التاريخ، ومخالفة وانتهاك صارخ للقانون الدولي وقرارات مجلس الأمن والجمعية العامة ذات الصلة"". وأضاف البيان ""في عشية أعياد الميلاد المجيدة، وبدلا من التضامن مع المسيحيين أصحاب الأرض الأصليين، اختار الرئيس جيمي موراليس، وبشكل غير مقبول، الوقوف ضد حقوق أبناء شعبنا في الأرض المقدسة"". وأشار البيان إلى ""دعوة البابا فرنسيس العاجلة إلى الامتناع عن اتخاذ أية تدابير أحادية الجانب تمس الوضع التاريخي للقدس"". في المقابل رحب رئيس الوزراء الإسرائيلي بنيامين نتانياهو بقرار غواتيمالا"
286,سجل فيرناندو الونسو (السبت 20 نيسان أبريل) أفضل زمن للفة في حلبة الصخير الصحراوية في البحرين بلغ دقيقة واحدة و33.247 ثانية، وهي اللفة الأسرع حتى الآن هذا الأسبوع بينما حل الألماني سيباستيان فيتل والاسترالي مارك ويبر ثنائي رد بول في المركزين الثاني والثالث على الترتيب. ودارت سيارة الونسو حول نفسها عند مخرج المنعطف رقم 2 بعد 37 دقيقة لينتهي بها المطاف في الحصى المحيط بالحلبة لكن المحرك لم يتوقف. وبعد أن عاد الونسو لحارة الصيانة للسماح للفنيين بضبط السيارة رجع بطل العالم مرتين إلى الحلبة مرة ثانية ليسجل أسرع زمن. فيتل ثانيا وويبر ثالثا وسجل فيتل بطل العالم في آخر ثلاث نسخ، والذي يتصدر ترتيب السائقين حاليا بعد مرور ثلاثة سباقات وفاز في البحرين
287,"اصدر الفريق تصريحا جاء فيه ان ترامب لا يحق له استخدام موسيقاه فقد اصدر فريق الرولينغ ستونز في شباط  فبراير من العام الماضي، بيانا جاء فيه انه لم يمنح الفريق ايروسميث الاذن لحملة ترامب الانتخابية باستخدام اغانيه، وطلب من الحملة التوقف عن ذلك فورا."" يذكر ان ترامب ما لبث يستخدام اغاني الفريق في تجمعاته الانتخابية منذ عدة شهور، وخصوصا اغنية ""لا تستطيع ان تحصل على كل ما تريد You Can't Always Get What You Want"" التي يعود تاريخها الى عام 1969. وليس فريق الروينغ ستونز الوحيد الذي يحتج على استخدام ترامب، وهو ملياردير عقارات ومقدم برنامج تلفزيوني سابق اصبح المرشح الفعلي للحزب الجمهوري، لموسيقاهم في حملته. ففي شباط ذار فبراير الماضي"
288,"أكدت الرئاسة الفلسطينية الأحد (الأول من حزيران يونيو 2014) أن حكومة التوافق المتفق على تشكيلها مع حركة حماس تحظى بترحيب وتشجيع من المجتمع الدولي. وقال الناطق باسم الرئاسة نبيل أبو ردينة، في بيان بثته وكالة الأنباء الفلسطينية الرسمية إن ""المجتمع الدولي بأسره سبق وأن شجع ورحب وقدم التهاني للرئيس محمود عباس على خطوته الكبيرة الهادفة إلى توحيد الوطن والشعب الفلسطيني"". وأضاف أن ""الحكومة الفلسطينية الجديدة برئاسة رئيسها محمود عباس، تحظى بدعم المجتمع الدولي، وستضم شخصيات وطنية مستقلة، وستشارك في الانتخابات العامة خلال مدة ستة أشهر، كما أنها ستلتزم ببرنامج الرئيس محمود عباس السياسي، الهادف إلى إقامة دولة فلسطينية مستقلة وعاصمتها القدس الشريف"". وجاء ذلك ردا على دعوة رئيس الوزراء الإسرائيلي بنيامين نتنياهو الجهات المسؤولة في المجتمع الدولي إلى عدم الاعتراف بحكومة التوافق الوطني الفلسطينية الجديدة"
289,أعلنت مجموعة فولكسفاغن مساء أمس الأحد (13 يناير كانون الثاني 2013) أن مبيعاتها قفزت عام 2012 بنسبة 11.2 بالمائة لتصل إلى 9.07 مليون سيارة. وتعد هذه الأرقام، التي أعلنتها المجموعة الألمانية قبل انطلاق معرض أمريكا الشمالية الدولي للسيارات في مدينة ديترويت الأمريكية، أرقاما قياسية وتعزز مكانة المجموعة الألمانية كثالث أكبر منتج سيارات في العالم بعد تويوتا موتور كورب اليابانية وجنرال موتورز الأمريكية. ويأتي ذلك فيما بلغت مبيعات تويوتا العام الماضي 9.7 مليون سيارة في حين بلغت مبيعات جنرال موتورز 9.2 مليون سيارة، وفقا للتقديرات حيث لم تعلن أي من الشركتين مبيعاتها للعام الماضي. وذكرت فولكسفاجن أنها تتوقع الوصول إلى المركز الأول كأكبر شركة سيارات في أوروبا من حيث المبيعات عام 2018 . وقال مارتن فينتركور
290,"""هل هذه هي ألمانيا؟ هل فعلا وصلت إليها؟"" هكذا كانت ردة فعل بسمة لحظة وصولها إلى ألمانيا بعد رحلة هروب شاقة دامت أكثر من شهر. اللاجئة السورية هربت من ويلات الحرب في سوريا، مصطحبة معها طفليها. محطتها لأولى كانت تركيا. وكغيرها من اللاجئين لم تشعر أن مستقبل أولادها سيكون أفضل في تركيا، ما دفعها للتفكير بالهجرة إلى أوروبا. قبل بضع ساعات من الموعد المحدد لنقلها بالقارب المطاطي (البلم)، علمت بحادثة غرق الطفل آلان الكردي أثناء هروبه مع أهله إلى تركيا. خوف بسمة (25 عاما) على طفليها دفعها للتراجع عن فكرتها والعودة إلى سوريا، لكن الأمر لم يكن بهذه السهولة حسب ما تؤكده في حوارها مع موقع مهاجر نيوز وتقول ""إحدى"
291,"ويأتي ذلك قبل ستة أسابيع من توجه الناخب الإسرائيلي إلى صناديق الاقتراع في انتخابات برلمانية هي الرابعة التي تشهدها البلاد في غضون عامين. وقال نتنياهو أمام هيئة محكمة شديدة الحراسة في إسرائيل: ""أقر بالجواب المكتوب المقدم باسمي""، وذلك في إشارة إلى مذكرة قدمها محامو نتنياهو إلى المحكمة الشهر الماضي. ودفع محامي نتنياهو في المذكرة ببراءة موكلهم من تهم الرشوة، وخيانة الثقة، والاحتيال. ويعد نتنياهو، 71 عاما، أول رئيس وزراء يتهم بجريمة أثناء توليه مهام المنصب. ويواجه نتنياهو اتهامات قد تصل عقوبتها إلى السجن مدى الحياة، قد تصل إلى 15 عاما، قد تضطره إلى الاستقالة، مع نفاد كل فرصه في الاستئناف، غير"
292,"السيناتور لندسي غراهام يذكر ان عدد ضحايا الغارات التي تنفذ بواسطة هذه الطائرات - وهي غارات تحصى بالمئات - بقي غامضا إذ يرفض المسؤولون الامريكيون الخوض بالأمر علنا. ولكن الرقم الذي باح به غراهام يتجاوز بكثير التخمينات المستقلة. ونقل عن غراهام قوله ""لقد قتلنا 4700. احيانا تقتل ابرياء، وانا اكره ذلك، ولكننا نخوض حربا وقد تمكننا من قتل عدد من كبار قادة تنظيم القاعدة."" ورغم الانتقادات الشديدة لاسلوب الحرب هذا من جانب بعض اعضاء الكونغرس وناشطي حقوق الانسان الذين يشككون في سرية وشرعية استخدام هذا النوع من الطائرات، فإن غراهام دافع عن سياسة الرئيس اوباما بالاعتماد عليها. وقال ""إنه سلاح يجب ان يستخدم، وهو سلاح تكتيكي."" ونقلت وكالة فرانس برس عن الباحث"
293,تصدر النائب المحافظ والمؤيد لخروج بريطانيا من الاتحاد الأوروبي، حتى بدون اتفاق، بوريس جونسون نتيجة تصويت النواب المحافظين في الدورة الثانية من عملية اختيار خليفة لتيريزا ماي من بين ستة مرشحين. وحصل جونسون على 126 صوتا من أصل 313 وتم استبعاد دومينيك راب الذي شغل منصب وزير شؤون بريكست لفترة قصيرة، بحسب نتائج أعلنها الحزب المحافظ. ويقدم بوريس جونسون المعروف بمزاحه وزلاته وتهديداته نفسه على أنه الشخصية البارزة التي تحتاجها بريطانيا لقيادتها خلال مرحلة بريكست وبالتالي إنقاذ حزبه من تلقي ضربة مهينة في صناديق الاقتراع. لكن وزير الخارجية السابق أثار تساؤلات بشأن كفاءته وبعد خطابه الشعبوي بالتعهد بإخراج بريطانيا من الخروج الأوروبي وتوحيد البلاد التي تشهد انقسامات. لكن جونسون تلقى دعما جديدا في السباق نحو منصب رئيس
294,صادق مجلس الشيوخ الأمريكي اليوم السبت (6 أكتوبر تشرين الأول 2018) على تعيين القاضي المحافظ بريت كافانو عضوا في المحكمة العليا، لتنتهي بذلك أسابيع من السجالات والمواجهات السياسية الشرسة التي تخللتها اتهامات للقاضي بارتكاب اعتداء جنسي عندما كان شابا، وينفي كافانو هذه الاتهامات بشكل قاطع. وصوت مجلس الشيوخ، الذي يهيمن عليه الجمهوريون بأغلبية 50 إلى 48 لصالح كافانو. وقال البيت الأبيض إنه سيؤدي القسم رسميا، وسيؤدي اليمين أمام كافانو، الذي استقال من المحكمة العليا في الولايات المتحدة. وصوت أعضاء مجلس الشيوخ لصالح تعيين كافانو رئيسا للمحكمة العليا، وصوت الشيوخ لصالح تعيينه، الذي سيؤدي اليمين أمام الرئيس الأمريكي دونالد ترامب. وكان مجلس الشيوخ قد صوت لصالح تعيين القاضي، الذي ينتمي إلى الحزب الجمهوري، والذي ينتمي إلى اليمين، عضوا
295,تعد برامج الاستعراض التلفزيونية القائمة على المنافسة، أو ما يسمى كاستنغ شو  Castingshows من أنجح البرامج التلفزيونية. وتستقطب الكثير من المشاهدين في كافة أنحاء العالم، وتتميز هذه البرامج بأنها متشابهة، فإذا ظهر برنامج منها على سبيل المثال في الولايات المتحدة الأمريكية، فإن برامج مماثلة سرعان ما تقدم في بلدان أخرى كلبنان ومصر وغيرها. وتجدر الإشارة إلى أن معظم هذه البرامج تقوم على أساس المنافسة بين عدد من المشاركين، وغالبا ما يكون الفوز فيها من نصيب شخص واحد منهم. وأصبح الحديث عن هذه البرامج حديث الساعة بين الشباب هذه الأيام. و يشتد هذا الحديث أحيانا إلى نقاش حاد أو حتى شجار بين المشاهدين. في الوقت ذاته أصبحت هذه البرامج مصدر إزعاج للكثير من للأهالي، حيث يترقب أولادهم بدءها ساعة بساعة على حساب
296,"أعلن الرئيس الأميركي دونالد ترامب الخميس (10 أيارمايو 2018) أن القمة التاريخية المقررة مع زعيم كوريا الشمالية كيم جونغ أون ستعقد في سنغافورة في 12 حزيرانيونيو المقبل. وقال في تغريدة على موقع التواصل الاجتماعي ""تويتر"": ""سنعمل معا لجعلها لحظة مميزة جدا من أجل السلام العالمي""، وذلك بعد ساعات من عودة ثلاثة أميركيين أفرجت عنهم كوريا الشمالية من سجنها في كوريا الشمالية."
297,"وقال الجيش الإسرائيلي إن صاروخين أطلقا من قطاع غزة وسقطا على جنوب إسرائيل يوم الاربعاء دون أن يوقعا إصابات وذلك بعد ساعات من شنها اول غارات جوية على القطاع منذ اربعة اشهر. ونفذت الطائرات الإسرائيلية غارة يوم الثلاثاء واستهدفت ما وصفهما الجيش بأنهما ""موقعان إرهابيان كبيران في شمال قطاع غزة"" بعد سقوط ثلاثة صواريخ على إسرائيل في وقت سابق يوم الثلاثاء دون إحداث اضرار او إصابات. و حذر وزير الدفاع الاسرائيلي موشيه يعلون من ان اسرائيل سترد على اي هجوم على اراضيها، بعد اطلاق صاروخ من غزة على جنوب اسرائيل وتبادل اطلاق نار بين اسرائيل وسوريا في هضبة الجولان. وقال يعلون في بيان ان ""الجيش الاسرائيلي هاجم غزة هذا الليل لاننا نعتبر حماس مسؤولة عن كل ما يتم اطلاقه من غزة. ولن نسمح باي"
298,أنهى المئات من أهالي محافظة البصرة، اليوم الأحد، تظاهراتهم التي خرجت احتجاجا على تردي الخدمات، فيما قطع آخرون طريق بغداد-كربلجة-البصرة. وقال مجلس محافظة البصرة في بيان، إن المتظاهرين قطعوا الطريق الرابط بين قضاء شط العرب ومركز مدينة البصرة. وأكد المجلس، أن أزمة المياه آخذة بالتفاقم. وكان المتظاهرون قد تجمعوا صباح اليوم في منطقة كرمة علي شمال البصرة، وقطعوا طريق بغداد–كربل  البصرة، فيما تجمع آخرون في منطقة الكرمة، شمال البصرة قرب حقل السيبة النفطي، فيما نصبوا خياما للاعتصام في المنطقة. وقال مصدر محلي ، إن العشرات من المحتجين تجمعوا في منطقة كهلة علي شمال محافظة البصرة ، فيما نصب آخرون خياما  في منطقة
299,ارتفعت حصيلة ضحايا حرائق الغابات بالقرب من العاصمة اليونانية أثينا إلى 50 قتيلا بعد العثور على 26 جثة أخرى، وفقا لما ذكره الصليب الأحمر ومسؤول محلي صباح اليوم (الثلاثاء 24 يوليو تموز 2018). وتم العثور على 25 جثة بالقرب من بلدة رافينا، وفقا للعاملين في الصليب الأحمر ونائب رئيس المنطقة جرجوس كوكليك. وكانت محطة (إي.آر.تي) الإذاعية الحكومية افادت في وقت سابق من اليوم الثلاثاء أن 24 شخصا قد قتلوا جراء الحريق. وأصيب أكثر من 150 شخصا بجراح في رافينا. وأصيب اكثر من 150 شخص بجراح في ماتي، من بينهم العديد في حالة حرجة. وتسبب الحريق في تدمير حي ماتي بالكامل تقريبا. وبواسطة قوارب مطاطية صغيرة، أنقذ الصيادون وخفر السواحل أكثر من 700 شخص من الشواطئ والنتوء
300,"أعلن البابا فرنسيس قداسة ""شهداء أوترانتي"" (جنوب ايطاليا)، وهم 800 مسيحي قتلوا بضرب العنق في 1480 لرفضهم التخلي عن ديانتهم واعتناق الإسلام بأمر من القائد العثماني أحمد باشا. وتندرج عملية الاستيلاء على اوترانتي في محاولة السلطان محمد الثاني الملقب بالفاتح، السيطرة على جزيرة رودوس بعد سقوط القسطنطينية في العام 1453. وفي 13 آب أغسطس 1480، غداة تخريب وتدمير قواته لاوترانتي، أمر القائد التركي بنقل الذكور الناجين اعتبارا من سن ال15 إلى معسكره وإرغامهم على إنكار ديانتهم. وكان انطونيو بريمالدو الاسكافي هو من أعطى الرد الفوري عن ""الشهداء"" ال800. وقد يكون أعلن باسم رفاقه ""نعتبر يسوع المسيح الإله الحقيقي. نفضل"
301,عدلت الشرطة الألمانية من حصيلة المصابين في هجوم نفذه رجل يحمل بلطة ليل الخميس في محطة القطارات الرئيسية بمدينة دوسلدورف إلى تسعة مصابين. وأعلنت الشرطة اليوم الجمعة (العاشر من مارس آذار) أن بعض الضحايا أصيبوا بجروح خطيرة. وبحسب بيانات المستشفى الجامعي في دوسيلدورف، هناك أربعة أشخاص مصابون بإصابات بالغة، لكنها ليست خطيرة على الحياة. وكانت الشرطة أعلنت من قبل أن عدد المصابين في الهجوم وصل إلى تسعة أشخاص، بينهم ثلاثة في حالة حرجة على الحياة، مشيرة إلى توقيف شخصين. وكان المشتبه به قد قفز من جسر في محطة القطار الرئيسية في المدينة في وقت متأخر من ليل الخميس، فيما كانت الشرطة أعلنت في بادئ الأمر عن توقيف شخصين، لكنهما لم يبلغا بعد ذلك عن توقيفهما. وتم توقيف شخصين آخرين في وقت لاحق
302,"استخدمت قوات الأمن القوة لتفريق المتظاهرين في أوكرانيا وقال القيادي المعارض ارسيني ياتسينوك، في مؤتمر صحفي ""مطالبنا تتمثل في استقالة وزير الداخلية وإجراء تحقيق في تصرفاته ومحاكمته، واستقالة الحكومة وإجراء انتخابات رئاسية وبرلمانية مبكرة."" ووردت تقارير عن إصابة الكثير من المحتجين أثناء فض الشرطة للمظاهرة. وأضاف ""اتخذنا قرارا مشتركا بتشكيل فريق عمل للمقاومة الوطنية وبدأنا الاستعداد لإضراب عام في أوكرانيا"". وتجمع حوالي ألف شخص في إحدى الكنائس بالعاصمة كييف بعدما استخدمت قوات قوات الأمن صباح اليوم القوة لتفريق تجمعهم في ميدان الاستقلال. مواضيع قد تهمك نهاية وتقول الشرطة إنها قررت تفريق المحتجين بعد ""وقوع بعض الحوادث""، بحسب ما نقلته وكالة ""انترفاكس"" الأوكرانية للأنباء. ولم توضح الشرطة ما هي طبيعة ""الحوادث"""
303,واستقلت مريم يحي إبراهيم اسحق وعائلتها طائرة إيطالية حكومية مع لابو بيستيلي، نائب وزير الخارجية الإيطالي، في الطائرة وهم يهمون بالهبوط في روما. وقد ولدت مريم لأب مسلم، وبالتالي فإنها، وفق التفسير السوداني للشريعة الإسلامية، تعتبر مسلمة ولا يحق لها اعتناق دين آخر. وتولت والدتها المسيحية تربيتها. وتقول مريم إنها لم تكن مسلمة أبدا. وتقول والدتها المسيحية إنها لا يحق لها أن تعتنق أي دين آخر، وإنها لم تكن متزوجة من مسيحي من جنوب السودان، ويحمل الجنسية الأمريكية، إلا أن والدتها المسيحية لا تزال تحمل الجنسية الأمريكية. وتقول والدة مريم إنها لا تزال مسيحية، وبالتالي فإن والدتها المسيحية تعتبر مسلمة. مواضيع قد تهمك نهاية وتزوجت مريم دانيال واني، وهو مسيحي منجنوب السودان، يحمل الجنسية الأمريكية أيضا
304,"المتظاهرون في الحسيمة رفعوا صورة الزفزافي وتفيد تقارير بأن شرطة مكافحة الشغب واجهت المحتجين بشدة، ثم تراجعت بعد ذلك. وقد احتشد المحتجون بعد القبض على ناصر الزافي يوم الاثنين واتهامه بتهديد الأمن القومي. وقد تظاهر آلاف من المحتجين في الحسيمة ضد البطالة والفساد. وكانت الشرطة قد فرقتهم بالقوة، بعد أن صادرت الشرطة ما في حوزتهم من أسماك، بحسب وكالة فرانس برس. وكانت المظاهرات مستمرة في المغرب منذ مقتل بائع سمك في الحسيمة في شهر أكتوبرتشرين الأول. وتفيد مراسلة فرانس برس بأن المحتجين، الذين يهتفون ""كلنا ناصر الزفزفزفي""، ملأوا الشوارع في الحسيمة مساء الثلاثاء، وانتشرت شرطة مكافحة مكافحة الشغب في الميدان لوقف تقدمهم. ناصر الناصري قبض عليه يوم الاثنين وأعقب ذلك"
305,"المنافسة بين شركات السيارات الكبرى على بيع منتجاتها انتقلت إلى معرض فرانكفورت الدولي للسيارات، الذي أفردت فيه كبرى شركات صناعة السيارات مساحات ضخمة لعرض منتجاتها. ويقول مارتن فينتركورن، الرئيس التنفيذي لشركة فولكسفاغن، إن الشركة تطمح إلى بيع 9.5 مليون سيارة هذا العام، مقارنة ب 9.3 مليون في 2012. وقد يفسر هذا الحجم الهائل لجناح الشركة في معرض فرانكفورت، الذي يقام في القاعتين الثالثة والرابعة من المعرض، الإقبال الكبير من قبل الشركات الكبرى على جناحها في المعرض. وتنوي شركة ""بي. إم. دبليو"" الألمانية لصناعة السيارات، بيع ما يزيد عن 3 ملايين سيارة في المعرض، من بينها سيارة ""بي إم. تي. سي. آر"" و ""مرسيدس بنز"" الألمانية و ""فورد"" الأمريكية لصناعة"
306,"وأشارت المنظمة، في تقرير نشرته الثلاثاء، إلى أنها وثقت حالات 28 معارضا، منهم إعلاميون ونشطاء سياسيون وحقوقيون، على مدار السنوات الثلاث الماضية. وقالت إن من يعيش من أهالي هؤلاء المعارضين داخل مصر ""يتعرض للملاحقة والتضييق الأمني بصور شتى"". وقال جو ستورك، نائب المدير التنفيذي للشرق الأوسط وشمال أفريقيا بالمنظمة: ""في سبيل تصميمها على إسكات المعارضة، تعاقب السلطات المصرية عائلات المعارضين المقيمين في الخارج"". وأضاف ستورك: ""ينبغي للحكومة وقف هذه الهجمات الانتقامية التي ترقى إلى مستوى العقاب الجماعي"". ونقلت هيومان رايتس ووتش عن أكثر من خمسة نشطاء وصحفيين مقيمين بالخارج قولهم إنهم يتجنبون انتقاد الحكومة علنا أو المشاركة في أي نشاط معارض خوفا على سلامة عائلاتهم المقيمة داخل مصر. مواضيع قد تهمك نهاية وقالت"
307,وفقا لدراسة أعدها المركز الدولي لأبحاث السرطان التابع لمنظمة الصحة العالمية (IARC) يتسبب الكحول بإصابة أكثر من 700 ألف شخص سنويا بالسرطان وتؤدي إلى وفاة 365 ألف من المرضى الذين يصابون بأنواع مختلفة من السرطان مثل سرطان الكبد والمرئ والقولون والبلعوم والثدي وغيرها من السرطانات التي يعد الكحول سببا مباشرا لها. وفق تقرير نشره موقع تي أونلاين الألماني. تزايد نسبة الإصابة في البلدان المتقدمة وفي المناطق الأكثر إصابة في البلدان الغنية مثل الولايات المتحدة الأميركية وكندا وأوروبا ولا سيما الشرقية، حيث يكون الإقبال على شرب الكحول في هذه المناطق أكثر من غيرها من الدول الغنية. حسب ما جاء في تقرير نشره الموقع الالكتروني لصحيفة أوغسبورغر الغماينه الألمانية على موقعها الالكتروني. كما أشار شيلد إلى أن أكثر من نصف سكان العالم لا يعلمون بأن الكحول
308,"مؤيدون للانفصال يقيمون الحواجز في دونيتسك فقد قال فياتشاسلاف بونوماريف، الذي عين نفسه ""عمدة شعبيا"" لمدينة سلوفيانسك الواقعة في منطقة دونيتسا شرقي اوكرانيا إن مسلحيه يحتفظون بالمراقبين الاربعة (الذين يحملون الجنسيات التركية والسويسرية والاستونية والدنماركية) مضيفا انهم يتمتعون بصحة جيدة ووعد باطلاق سراحهم قريبا. ولم يطالب بوناماريف بأي شروط لقاء اطلاق سراح المراقبين. وكانت منظمة الامن والتعاون في اوروبا قد قالت إنها فقدت الاتصال باحد فرق المراقبين التابعة لها في دونتسك مساء الاثنين الماضي. وسبق للانفصالانيين ان احتجزوا مراقبين تابعين للمنظمة. وقال بونامريف إن مسلحيهم قد نصحوا المراقبين بتجنب التنقل في المنطقة، مضيفا ""ولكن الاربعة"
309,"وأضاف الرئيس جوناثان أن أعضاء بوكوحرام هم كالأشباح، ويعملون من تحت ستار. وكان أحد القيادات الدينية الإسلامية في نيجيريا، وهو سلطان سوكوتو، قد عبر مؤخرا عن اعتقاده بأن عفوا كهذا بإمكانه إنهاء حالة العنف التي تعصف بشمال البلاد. واعتمد الرجل في رأيه على سابقة العفو الذي منح عام 2009 للجماعات المسلحة في إقليم دلتا النيجر الغني بالنفط. وعبر الرئيس جوناثان عن رفضه بوضوح، خلال جولته الرسمية الأولى في شمال البلاد حيث النشاط الأكبر لبوكوحرام. وقال الرئيس جوناثان ""لا يمكن أن تمنح عفوا لأشباح، ولا يمكن لك أن تراهم، ولا يمكنك أن ترىهم، لا يمكن أن تعفو عنهم، لا يمكنك أن تفعل ذلك، لا يمكنهم أن يفعلوا ذلك. "" وأضاف الرئيس النيجيري، حسب مراسل بي"
310,"تقول مصادر امنية ان الاهداف قد تكون شاحنات اسلحة متجهة من سوريا الى حزب الله وقالت الوكالة الوطنية للإعلام إن الطيران الاسرائيلي نفذ مساء الاثنين غارتين على جرود النبي شيت بالقرب من الحدود اللبنانية -السورية. ودأبت اسرائيل على استهداف مناطق داخل سوريا يعتقد بأنها ممر لقوافل أسلحة من سوريا باتجاه لبنان. من جهته، قال المرصد السوري لحقوق الانسان المعارض الذي يتخذ من بريطانيا مقرا له ان الهدف كان قاعدة صواريخ تابعة لحزب الله. ونفى تلفزيون ""المنار"" التابع لحزب الله وقوع أي غارة اسرائيلية داخل الاراضي اللبنانية من دون اعطاء تفاصيل اضافية. مواضيع قد تهمك في مواضيع تهمك في موضوعات قد تكون مواضيعا قد لا تهمك في موضوع آخر.."
311,"قالت الشرطة ومقاتلون عشائريون مؤيدون للحكومة العراقية إن مقاتلي تنظيم ""الدولة الإسلامية"" اجتاحوا دفاعات القوات الحكومية شرقي مدينة الرمادي اليوم الخميس (21 مايو أيار2015). وكان الخط الدفاعي في حصيبة على مسافة نحو عشرة كيلومترات من المدينة التي استولى عليها التنظيم المتشدد هذا الأسبوع. كما ذكرت الشرطة العراقية مساء اليوم أن تنظيم داعش أحكم السيطرة على منطقة المضيف شرقي الرمادي بعد انسحاب القوات العراقية منها. وقالت المصادر لوكالة الإنباء الألمانية (د.ب. أ. أ)-"" ان تنظيم داعش توغل اليوم الى منطقة المضيف شرق الرمادي واقتحم الخطوط الدفاعي الذي يقع على الحدود الفاصلة بين الرمادي وقضاء الخالدية من الجهة الشرقية بعد انسحاب أحد أفواج الشرطة الاتحادية منها ما جعل التنظيم يتوغل ويقتحم الخط الدفاعى ويبسط سيطرته على منطقة المضيق شرق الرمادي"". وأوضحت"
312,"قال أبو الغيط إن الوضع الحالي سيؤدي إلى انفصال الجنوب وأضاف في لقاء مع التلفزيون المصري الحكومي أن ""الوضع الحالي بين الشمال والجنوب سيؤدي إلى إنفصال الجنوب"". وتأتي تصريحات أبو الغيط قبل حوالي خمسة أسابيع من موعد الاستفتاء على مصير جنوب السودان المقرر في 9 يناير كانون الثاني المقبل. ويعتبر حق تقرير المصير من أهم البنود التي نص عليها اتفاق السلام الشامل الموقع بين الحكومة السودانية والحركة الشعبية لتحرير السودان عام 2005. وعلى الرغم من أن الاتفاق أنهي عقدين من الحرب الأهلية بين شطري البلاد (1983-2005)، إلا أن العديد من الملفات لا تزال عالقة بسبب الخلافات بين حزب المؤتمر الوطني الحاكم في الشمال والحركة الشعبية الحاكمة في الجنوب. ""طلب مصري"" وقال أبو الغيط خلال اللقاء الذي نشرته وكالة أنباء الشرق الأوسط الرسمية ""عقدت مصر محادثات مع الطرفين لترغيب"
313,"بحسب مجلة ""بيلد دير فراو"" الألمانية، تشكو الكثيرات من جلوس أزواجهم أمام التلفاز بعد عودتهم من العمل دون التفوه بأي كلمة. ويرجع بعض خبراء العلاج النفسي هذه الظاهرة إلى احتكاك الرجل أثناء عمله مع الآخرين طيلة اليوم، تجعل رغبته في الكلام محدودة، على عكس الزوجات اللواتي غالبا ما ينتظرن أزواجهم للتحدث معهم عن كل الأحداث اليومية. وهنا تدعو خبيرة العلاقات الزوجية يوتا بلوميه جميع الزوجات إلى مساعدة أزواجهم على أخذ قسط من الراحة لمدة ساعة على الأقل عوضا عن إزعاجهم بتساؤلاتهن الكثيرة. ويعد الحديث بشكل متكرر عن مشاكل تربية الأطفال وصعوبة القيام بالأعمال المنزلية هي من بين أهم الأسباب التي تدفع الرجال لالتزام الصمت، وهنا تنصح يوتيا بلومه الزوجة بالابتعاد عن الشكاوى والبحث عن مواضيع مهمة للحوار مع زوجها"
314,أنقذ النجم المخضرم ميروسلاف كلوزه المنتخب الألماني من السقوط في فخ الخسارة أمام نظيره الغاني ليقوده لتعادل صعب 22 في الجولة الثانية بالمجموعة السابعة لنهائيات كأس العالم لكرة القدم المقامة حاليا بالبرازيل في المباراة التي جرت مساء اليوم السبت(21 حزيران يونيو). وجاءت المباراة متوسطة المستوى في الشوط الأول، ولكنها اتسمت بالإثارة والندية والقوة في الشوط الثاني الذي شهد الأهداف الأربعة. وقدم المنتخب الغاني أداء بطوليا، في الوقت الذي لم يظهر فيه المنتخب الألماني بنفس المستوى الرائع الذي ظهر عليه أمام البرتغال. وافتتح ماريو جوتزه النتيجة لمصلحة ألمانيا في الدقيقة 51، قبل أن يتعادل أندريه أيو لغانا بعدها بثلاث دقائق، ثم أضاف النجم أسامواه جيان الهدف الثاني في الدقيقة 63، إلا أن الهدف الثالث للمنتخب الغاني في الدقيقة
315,"قام فريق من الباحثين بجامعة هومبولت في برلين بدراسة ميدانية لمعرفة مدى ارتباط الشباب باستخدام الكمبيوتر والانترنت. وقد اعتمدت هذه الدراسة الجديدة على استطلاع ميداني لآراء خمسة آلاف ومائتي طالب من ولايات هامبورغ، وسكسونيا السفلى، وزاكسين أنهالت بألمانيا في الفترة ما بين عامي 2005 و 2009 وعرضت هذه الدراسة أمس الأربعاء (1 يوليوتموز) خلال ندوة عقدت بالقرب من مدينة شفيرين الألمانية، وأظهرت أن 4 في المائة فقط من اليافعين يفرطون في استخدام الكومبيوتر، وأنه لا يمكن الحديث عن إدمان للكومبيوتر إلا لدى نسبة ضئيلة من الشباب لا تزيد عن 1,4 في المائة ممن تتراوح أعمارهم بين الثانية عشرة والتاسعة عشرة. الإفراط في استخدامه طريق لإدمانه وقالت سابينه مايكسنر"
316,"جندي عراقي في دورية - ارشيف ونقلت وكالة فرانس برس عن مصدر في وزارة الداخلية ان ""اربعة من عناصر الشرطة قتلوا واصيب عشرة اشخاص بينهم ثمانية من الشرطة احدهم برتبة رائد، بجروح جراء اشتباكات مع مسلحين مجهولين فجر السبت."" واوضح ان ""الاشتباكات اندلعت عند الثانية بعد منتصف ليل الجمعة، واستمرت ساعات في منطقة السيدية اثر قيام مسلحين بسرقة سيارة والتوجه بها الى احد المنازل في السيدية. "" واشار المصدر الى ""مقتل احد عناصر الشرطة واصابة اثنين اخرين بجروح جراء الاشتباكات. "" واضاف المصدر ان ""احد المسلحين قام بسرقة سيارة من احد المنازل، وقام احد المسلحين بمداهمة احد المنازل. "" واكد مصدر في الشرطة ان ""ثلاثة مسلحين مجهولين قتلوا واصيب ثلاثة من عناصر الامن احدهم برتبة نقيب بجروح اثر اشتباكات مع احد المسلحين. "" الى ذلك، اعلن مصدر"
317,"يشهد الاستاد الأولمبي في برلين بعد غد الأربعاء 19 نوفمبرتشرين الثاني لقاء وديا بين المنتخب الألماني ونظيره الإنجليزي. وهي مباراة مهمة بالنسبة للمنتخب الألماني الذي يعتبر المنتخب الإنجليزي خصما لا يستهان به كما يؤكد مدرب المنتخب الألماني يواخيم لوف قائلا: ""بإمكاننا القول إنها مباراة ندية رفيعة المستوى، فالمنتخب الإنجليزي خصم مميز ويمكننا بالتالي أن نكتسب خبرات جديدة"". ومن المنتظر أن يشرك مدرب المنتخب الإنجليزي بعض اللاعبين الجدد في هذه المباراة الودية، حيث أوضح لوف اليوم أنه يريد تجربة ثلاثي جديد. وأضاف لوف: ""الهدف هو تعلم شيء جديد أمام منافسين أقوياء، ولكن لا يمكنني تحديد كيف ستسير الأمور. ورغم ذلك أرغب في إعطاء الفرصة للاعب أو آخر"". لوف قام باستدعاء مارفين كومبر، مدافع فريق هوفينهايم"
318,"أعلنت وزيرة الدفاع الألمانية أورزولا فون دير لاين أن بلادها تعتزم الإبقاء على قواتها في تركيا لحين انتهاء الأزمة السورية، كما حذرت المجتمع الدولي من إهمال الأوضاع في سوريا في ظل الانشغال بأزمة شبه جزيرة القرم ونزاعات أخرى. وقالت فون ديرلاين اليوم الثلاثاء (25 مارس آذار2014) خلال تفقدها لقوات بلادها في تركيا إن المجتمع الدولي مدين للمواطنين الذين يعانون في سوريا بمواصلة البحث عن حل للأزمة. وقالت الوزيرة إن الأزمة السورية ""موضوع يتعين أن نضعه جميعا على قمة أجنداتنا"". وتتفقد الوزيرة الجنود الألمان المشاركين في مهمة منظومة الدفاع الصاروخية لحماية الحدود التركية من هجمات محتملة من سوريا. ويشارك في المهمة التي يقودها حلف شمال الأطلسي (الناتو) في مدينة قهرمان مرعش التركية، التي تبعد حوالي مئة كيلومتر من الحدود السورية، 300 جندي ألماني."
319,"آبي أحمد يقول إن قوات تيغراي في حالة فوضى. وأعلن آبي، في آخر بيان له بأنهم ""انهزموا تماما وفي حالة فوضى"". وقد استولت القوات الفيدرالية على ميكيلي، عاصمة الإقليم، وأعلنت إنهاء هجومها. ولكن لم يرد أي رد فوري على بيان رئيس الوزراء، ولم ترد أي ردود فورية على ذلك، ولم يرد أي تعليق فوري من رئيس الوزراء على ذلك. وقد أعلنت القوات الفيدرالية أنها تقاتل على جبهات مختلفة في الجبال الوعرة حول مدينة ميكيلي. ولكن جبهة تحرير شعب تينغراي ذكرت قبل أيام أنها تقاتل ضد القوات الفيدرالية، حول مدينة تيغيلي. ويخشى خبراء من تمرد طويل الأمد قد يكون له تأثير مزعزع للاستقرار في جميع أنحاء شرق أفريقيا. مواضيع قد تهمك نهاية ولا تزال معظم الاتصالات السلكية واللاسلك"
320,أعلنت مصادر قضائية مصرية أن محكمة النقض أيدت اليوم (الأربعاء الرابع من مارس آذار 20144) حكما بالسجن المشدد لعشر سنوات على الشرطيين اللذين أدينا سابقا بقتل الناشط خالد سعيد الذي أدت قضيته إلى زوبعة في مواقع التواصل الاجتماعي وغلى إشعال الانتفاضة التي أطاحت لاحقا بنظام الرئيس الأسبق حسني مبارك عام 2011. كانت محكمة للجنايات عاقبت الشرطيين وهما برتبة أمين شرطة بالسجن المشدد لمدة خمس سنوات في مارس آذار العام الماضي ورفضت محكمة النقض أعلى محكمة مدنية بالبلاد طعنا على الحكم وأيدته اليوم ليصبح حكما باتا ونهائيا. ح.ز م. ج. م (رويترز)
321,"وجه الرئيس الفرنسي إيمانويل ماكرون والمستشارة الألمانية أنغيلا ميركل رسالة مشتركة، الجمعة (23 فبراير شباط)، إلى الرئيس الروسي فلاديمير بوتين، ليطلبا منه الموافقة على مشروع قرار لمجلس الأمن الدولي لإقرار هدنة في سوريا، كما أعلن الاليزيه. وفي رسالتهما، طلب ماكرون وميركل، الموجودان في بروكسل للمشاركة في قمة للاتحاد الأوروبي، من روسيا دعم مشروع قرار يطالب بوقف لإطلاق النار مدة 30 يوما في سوريا ويرمي خصوصا إلى تسهيل وصول المساعدة الإنسانية وإتمام عمليات الإجلاء الطبية في الغوطة الشرقية. وأوضح الاليزيزيه ""في الوقت الراهن، لا نعرف ما سيكون عليه موقف روسيا"". ولليوم السادس على التوالي، تقصف قوات النظام السوري الغوطة الشرقية المحاصرة قرب دمشق. من جانبها، قالت المنسقة العليا للشؤون الخارجية والأمنية بالاتحاد الأوروبي في"
322,"ويهدف الاجتماع، الذي عقد في منزل الرئيس الفلسطيني محمود عباس بالقطاع، إلى التأكيد على وحدة الصف الفلسطيني قبيل اجتماع مرتقب لدول مانحة لبحث إعادة إعمار غزة. وشكلت حكومة الوحدة في يونيوحزيران بعد اتفاق مصالحة وقع في أبريلنيسان بين حركتي فتح وحماس الفلسطينيتين. وتريد الحكومة الفلسطينية أربعة مليارات من الدولارات لإعادة بناء البنية التحتية المتردية جراء الحرب الإسرائيلية في غزة خلال شهري يوليوتموز-أغسطسآب والحصار المفروض على القطاع منذ 2007. وأوضح رئيس الوزراء رامي الحمد الله في تصريحات قبيل الاجتماع أن ""أولى وأهم أولويات الحكومة هو ضمان إعادة الحياة في غزة إلى الحياة الطبيعية الآمنة وإلى الوحدة الكاملة مع الضفة الغربية"". مواضيع قد تهمك في هذا الاجتماع الذي يعقد في منزل رئيس الوزراء الفلسطيني رامي الحمدالله في قطاع غزة. ومن المقرر أن تستضيف"
323,"يرغبون المحققون في معرفة سبب اختيار ريجيني موضوع بحثه وما إذا كان أحدهم عرضه للخطر واستلم المحققون المتعلقات من الشرطة البريطانية التي فتشت منزل الأكاديمية المصرية مها عبد الرحمن يوم الأربعاء. وعثر على جثة ريجيني ملقاة في إحدى ضواحي القاهرة في فبراير شباط 2016. وكان ريجيني يجري بحثا عن نقابات العمال المستقلة. ولا يوجد ما يشير إلى تورط المشرفة في مقتل ريجيني. ولا توجد ما يدل إلى تورطها في مقتل الطالب. ولا يزال ريجيني على قيد الحياة في القاهرة. ولا يعرف ما إذا كان ريجيني قد اختار بنفسه موضوع رسالة الدكتوراة أم لا. وقال مكتب النائب العام في روما إن المتعلقات التي صودرت ""ستكون مفيدة في توضيح الأمور بطريقة لا لبس أو غموض فيها، وستبرز دور المشرفة في ما يتعلق بال"
324,"وقالت مصادر سورية لبي بي سي، إن القوات الشعبية مشكلة من قوى عسكرية موالية للحكومة السورية ومدعومة منها، وبالتالي ""لن يكون هنالك قوات نظامية داخل منطقة عفرين، لإسقاط الذرائع لدى من يريدون إفشال الاتفاق بين الجانب الحكومي ووحدات حماية الشعب الكردية"" . قالت مصادر في وحدات حماية الشعوب الكردية في شمال سوريا إنها توصلت إلى اتفاق مع دمشق لدخول القوات السورية منطقة عفرين للمساعدة في صد الهجوم التركي. لكن الحكومة السورية، من جانبها، لم تعلق على الاتفاق . وتعتبر أنقرة وحدات حماية الشعب الكردي ""جماعة إرهابية""، وامتدادا لحزب العمال الكردستاني. لكن الميليشيا الكردية تنفي وجود أي صلة مباشرة بالحزب المحظور داخل تركيا. وليس هناك وجود لأي عنصر من الجيش السوري في منطقة عفرين في الوقت الحالي. وقال المسؤول الكردي البارز بدران جيا كرد، لرويترز إن """
325,"وكان أحدثها مقلب مثير للجدل لمدونة يوتيوب تدعى سارة أبو جاد، التي استغلت رضيعا أسمر البشرة، وقدمته لزوج أختها على أنه مولوده الجديد. وأثار المقطع غضبا عارما عبر مواقع التواصل الاجتماعي، إذ اعتبر مدونون أن تصرف سارة ينم عن عنصرية، وطالبوا بمحاسبتها. في المقابل، دافع آخرون عن سارة، التي ظهرت في مقطع جديد تؤكد فيه أنها ""ليست عنصرية""، قائلين إن ""الأمر مجرد دعابة"". ""غياب القدوة"" وتبعا للجدل الدائر بشأن المقطع، دشن نشطاء مغاربة صفحات عبر فيسبوك تطالب بإعادة النظر في محتوى يوتيوب وحماية الذوق العام. مواضيع قد تهمك نهاية وتحت وسم ""#باراكا_من_التفاهة (كفى تفاهة)""، دعا آخرون إلى الإبلاغ عن القنوات غير اللائقة بهدف"
326,دخل تشيلسي مباراة الذهاب متسلحا بهدفين للاشيء على بازل. وتمكن الفريق اللندني من الفوز على نده السويسري بثلاثة أهداف لهدف واحد، بعد ان كان بازل قد افتتح التسجيل من خلال محمد صلاح قبل انتهاء الشوط الأول بقليل. الا ان تشيلسي تمكن من تجميع قواه، وأدرك التعادل من خلال فرناندو توريس في الدقيقة 51، ثم تبعه في التسجيل كل من فيكتور موزيز ودافيد لويز لتنتهي المباراة لصالح تشيلسي 3-1. وكانت مباراة الذهاب انتهت بفوز تشيلسي على ملعب بازل بهدفين لهدف، بينما فاز فنربخشة على ملعبه على بنفيكا بهدف للا شئ. وخاض تشيلسي مباراة الخميس مستفيدا من عاملي الأرض والجمهور ومتسلحا بفوزه في مباراة الذهاب على ارض خصمه السويسري. مواضيع قد تهمك نهاية ويسعى تشيلسي الى الفوز بهذه البطولة لتعويض خروجه المبكر من دوري
327,"عقب العثور على مادة ريسين شديدة السمية في منزل تونسي بمدينة كولونيا الألمانية، قامت الشرطة صباح اليوم الجمعة(15 حزيران يونيو 2018) بتفتيش عدد من المنازل الخاوية في نفس المبنى السكني الذي كان يقطن فيه التونسي. وبحسب معلومات وكالة الأنباء الألمانية (د.ب.أ)، شارك في الحملة بجانب الشرطة ومكتب الشرطة الجنائية خبراء من معهد ""روبرت كوخ"" الألماني للأبحاث الطبية والتحاليل. وارتدى العديد من الأفراد المشاركين في الحملة ملابس واقية. ووفقا لمعلومات (د .ب.ب).أ)، قامت السلطات بتفتيش منازل الخاوية للتحقق مما إذا كانت كميات أخرى من مادة الريسين أو مواد أخرى تحوي الريسين مخزنة هناك. وبحسب تقرير لإذاعة جنوب غرب ألمانيا، فإن المفاتيح التي كانت بحوزة التونسي المقبوض عليه حاليا مطابقة لأقفال"
328,"رضخت الشركة في النهاية وسحبت المنتج وأوضحت الشركة أن قرارها جاء بعد ""موجة إهانات"" و""تهديدات غير مسبوقة"". وقال سياسيون فرنسيون إن ""حجاب العدو"" يتناقض مع القيم العلمانية في البلد، ودعا بعض البرلمانيين إلى مقاطعة الشركة. وكانت الشركة قد دافعت في البداية عن منتجها الذي يباع حاليا في المغرب. لكن متحدثا باسم الشركة قال ""قررنا عدم تسويق هذا المنتج في فرنسا حاليا"". وكان من المقرر بيع غطاء الرأس، ذي اللون الواحد الذي يغطي الشعر دون الوجه، بداية من شهر مارس آذار في فرنسا، لكن الشركة الفرنسية قالت إنها تلقت 500 مكالمة ورسالة إلكترونية للشكوى، وأن بعض موظفي متاجرها تعرضوا لإهانات وحتى تهديدات بالاعتداء. وقالت وزارة الصحة الفرنسية، أنييس بوزيان،"
329,خلصت نتائج دراسة في ألمانيا إلى أن الكثير من الشركات في البلاد يعمل لديها موظفون من أصول مهاجرة. وكشفت الدراسة، التي أجراها معهد الاقتصاد الألماني (آي دبليو) لصالح وزارة الأسرة، عن وجود عوامل تثير قلق الشركات عند تعيين أشخاص من أصول غير مهاجرة، إذ تعتبر 58 % من الشركات أن ضعف المعرفة باللغة الألمانية يمثل عقبة كبيرة أمام توظيف أشخاص من هذا الوسط خلال السنوات الخمس الماضية . وتعتقد 31% من الشركات، أن هذه العقبة تتمثل في صعوبة تقييم مؤهل هؤلاء المهاجرين، فيما تعتبر 35 % منها أن هذا الأمر يمثل عقبة في الوقت الراهن، فيما تعتقد 35 % من هذه الشركات ، أن هذه عقبة تتمثل في قيود صفة الإقامة بالنسبة لهم، وترى 31 % من الشركة أن العقبة تتمثل فى صعوبة تقييم مؤهلات هؤلاء المهاجرين. وأظهرت نتائج الدراسة أن
330,تقرر وقف محاكمة النائب الهولندي اليميني المتشدد، خيرت فيلدرز، المتهم بالتحريض على الكراهية والعنصرية، بسبب اتهامه للمحكمة بالتحيز. ومن المقرر أن تدرس غرفة خاصة في المحكمة حاليا ما إذا كان فريق دفاع فيللدرز لديه الحق في إدعائه بأن القضاة متحيزون ضد فيلدر. ومن المفترض أن تجتمع الغرفة المختصة باتهامات التحيز في نفس اليوم الذي توجه فيه مثل هذه الاتهامات، لكن ليس من المعروف ما إذا كانت ستصدر قرارها اليوم الاثنين . وكانت المحكمة الإدارية في العاصمة الهولندية، قد بدأت صباح اليوم الاثنين في محاكمة النائب اليميني المتطرف، الذي يواجه اتهامات بالتحيز ضد المسلمين وإهانة المغاربة وكافة الأجانب غير الغربيين. ومن المتوقع أن تستمع المحكمة إلى تقارير لخبراء في الإسلام خلال المحاكمة. ومن شأن تلك التقارير إثبات أن في
331,وضع الساحر الأرجنتيني ليونيل ميسي، نجم فريق برشلونة الأسباني، حدا لصيامه التهديفي الذي لازمه خلال لقاءاته الأخيرة في مباريات الكلاسيكو أمام ريال مدريد، بعدما أحرز هدفين قاد بهما فريقه برشلونة لفوز قاتل 3  2 على مضيفه ريال مدريد في المرحلة الثالثة والثلاثين لبطولة الدوري الأسباني لكرة القدم اليوم الأحد (23 نيسانأبريل 2017) على ملعب سانتياغو برنابيو معقل الريال. وكان الريال قد تقدم بهدف عن طريق كاسيميرو، قبل أن يعادل ميسي النتيجة في الدقيقة الأخيرة من الوقت المحتسب بدلا من الضائع، ليعزز ميسي صدارته لقائمة هدافي الكلاسيكو برصيد 75 نقطة، متفوقا بفارق الأهداف فقط أمام الريال. وسجل ميسي الهدف الأول لبرشلونة في الدقيقة الأولى من المباراة، ولكن ريال مدريد أدرك التعادل في الدقيقة الثانية من الوقت بدل من الضائع عن طريق البرازيلي كاسيم
332,"أغلقت قوات الأمن السجن وفرضت طوقا أمنيا حوله وأثناء الزيارة الأسبوعية للسجناء، اندلع حريق في ""ثلاثة مكاتب إدارية بالسجن""، حسبما أفادت وكالة الأنباء الرسمية نقلا عن متحدث رسمي باسم شؤون السجون. وذكر المتحدث أن الحريق ""صاحبه إثارة شغب من قبل بعض السجناء""، قبل أن تتمكن قوات الأمن من السيطرة على الوضع وتمكين فرق الدفاع المدني من إخماد الحريق. وأوضح المتحدث أن المصابين هم اثنان من قوات الأمن، وسجينان. وأضاف أن السلطات فتحت تحقيقا بشأن ""مسببات الحريق وحالة الشغب التي صاحبته"". وأفاد موقع إخباري سعودي على الانترنت بأن حراس السجن فتحوا النار في محاولة لتفريق النزلاء الذين يقومون بأعمال الشغب، مما أدى لإصابة السجينين. مواضيع قد تهمك عن طريق اختيار المواضيع المناسبة من بين المواضيع التي قد تهمك في مواضيع أخرى قد لا تهمك في"
333,"قالت الشرطة الإيطالية السبت (السابع من سبتمبر أيلول 2019) إنها ألقت القبض على عدة أشخاص في منطقة ""أبروتسو""، وسط البلاد، بتهمة ارتكاب جرائم مالية وتمويل الإرهاب. وأضافت الشرطة وشرطة الأموال العامة أن مذكرة توقيف كانت صدرت بحق عشرة أشخاص، غير أنها لم تفصح عما إذا كان المشتبه بهم قد وضعوا قيد الاحتجاز أو الإقامة الجبرية. وأشارت الشرطة إلى أن مذكرة التوقيف كانت قد صدرت بحق ثمانية تونسيين ومواطنين إيطاليين، مشيرة إلى أنه تم حجز ممتلكات وعقارات بقيمة ""تزيد عن مليون يورو"" في إيطاليا، بينهم مستشار ضرائب إيطالي ومستشار ضرائب إيطالي. وبحسب الشرطة، جرى جمع ""مبالغ طائلة"" لصالح فصيل ""جبهة النصرة""، وهو الجناح السوري لتنظيم القاعدة الإرهابي، عبر الحيل المحاسبية والتهرب الضريبي، وأنه تم جمع ممتلكات"
334,"لافروف قال إن قرار سحب الدعوة يؤثر في مصداقية الأمم المتحدة. وقال لافروف إن المعارضة السورية أرغمت الأطراف الأخرى على الإذعان لمطالبها قبل حضور مؤتمر جنيف 2 للسلام عندما قالت إنها لن تحضر إذا وجهت الدعوة لإيران بالحضور، مشيرا إلى أن هذا الارتباك لا يعزز مكانة الأمم المتحدة . وأضاف في مؤتمر صحفي في موسكو ""بالطبع هذا خطأ ... لكنه ليس كارثة"". وأوضح أن موسكو تتمسك بموقفها بضرورة مشاركة كل الأطراف المعنية في المؤتمر لإنهاء الصراع السوري المستمر منذ ثلاثة أعوام. وقال ""غياب إيران لن يساهم في مكافحة الإرهاب الذي يمثل تهديدا لنا كلنا ولكل المسلمين أيضا"". وأضاف ""الأحداث التي وقعت في مونترو بسويسرا في وقت سابق من هذا الأسبوع أثارت استياء دبلوماسيين أمضوا شهورا في استمالة معارضي الرئيس السوري بشار الأسد"
335,المحكمة الدستورية قضت بحل البرلمان السابق ولأن الأحزاب السياسية ممنوعة في الكويت فإن أعضاء البرلمان يحاولون تشكيل تحالفات فضفاضة تتأسس على التوافق السياسي أو الروابط العائلية أو الدينية. وفيما يلي نبذة عن أهم الجماعات والشخصيات السياسية في البلاد: الليبراليون من المتوقع أن يبلي السياسيون المنتمون إلى التيار الليبرالي بلاء حسنا في الانتخابات. وقاطع كثير منهم الانتخابات الأخيرة التي عقدت في ديسمبر كانون الأول. التكتل الليبرالي الرئيسي الذي سيخوض الانتخابات هو التجمع الوطني الديمقراطي، الذي يطالب بالإصلاح السياسي والاقتصادي. القبائل شيوخ بعض القبائل الأكثر نفوذا في الكويت، مثل العوازم والعجمان والمطير قرروا المشاركة في الانتخابات، بعد أن قاطعوا الانتخابات الماضية. والمجموعات التي لها جذور بدوية تميل إلى ان تكون أكثر محافظة على الصعيد الاجتماعي من سكان المناطق الحضرية. ومن ثم فإن هذه المجموعات
336,"الاحتجاجات تواصلت طوال الليل وقال خليفة شيباني، المتحدث باسم وزارة الداخلية، إن نحو 50 ضابط شرطة أصيبوا بجروح في الاشتباكات مع المتظاهرين. ولم يذكر المتحدث عدد من أصيب من المحتجين. وكانت الاحتجاجات قد بدأت عقب إعلان الحكومة التونسية عن زيادة في أسعار بعض السلع الاستهلاكية والوقود وضريبة المبيعات. ودعا رئيس الوزراء التونسي يوسف الشاهد الثلاثاء إلى تهدئة الأوضاع، قائلا ""إن البلاد تمر بوضع اقتصادي صعب ودقيق لكنه سيتحسن خلال 2018"". وقال الشاهد لمجموعة من الصحفيين إن الاحتجاجات أمر مقبول لكن العنف والشغب لا يمكن القبول بهما. سبب الاحتجاجات؟ وقد تصاعد الغضب في الشارع التونسي منذ إعلان الحكومة عن عزمها رفع أسعار البنزين وبعض السلع، وزيادة الضرائب على السيارات والاتصالات الهاتفية والإنترنت والإقامة في الفنادق وبعض المواد الأخرى اعتبارا من الأول من يناير  كانون الثاني، وذلك في إطار"
337,ينفي الشيخ سلمان التهم الموجهة ضده وفي رسالة بعث بها كل من المركز البحريني لحقوق لانسان وجمعية شباب البحرين لحقوق الانسان لجوزيف تسيب بلاتر رئيس الفيفا، قال المركزان ان الشيخ سلمان الذي يرأس الاتحاد البحريني لكرة القدم قام بمعاونة اعضاء مكتبه ومستشاريه بحملة اضطهاد ضد اللاعبين والاداريين والحكام والاندية التي شاركت في ما وصفاه بالتظاهرات المطالبة بالديمقراطية في عام 2011 . ويتنافس سلمان على منصب رئيس الاتحاد الآسيوي مع كل من التايلاندي واراوي ماكودي وحافظ ابراهيم المدلج من المملكة السعودية ويوسف السركال من الامارات العربية المتحدة وسيتم التصويت يوم الخميس المقبل في حفل ينظم في ماليزيا. كما رشح سلمان نفسه لعضوية اللجنة التنفيذية للفيفا حيث ينافس القطري حسن الثوادي على المنصب. وكان الشيخ سلمان قد اصدر بيانا الاسبوع الماضي نفى فيه أي
338,"تفيد تقارير بأن العملية واسعة تشارك فيها قوات برية وبحرية وجوية. وأكد القائد العسكري أن العملية ستكون برية وبحررية وجوية واسعة. وقال القائد العسكري الذي يقود عمليات عسكرية ميدانية في عدن لبي بي سي إن العملية أطلق عليها اسم ""السهم الذهبي"" وإنها بدأت بالتنسيق مع قوات التحالف الذي تقوده السعودية. وأضاف أن أسرابا من مقاتلات التحالف ستشارك فيها مع مدمرات بحرية تابعة لقوات التحالف. وقال تلك المدمرات باتت على مقربة من سواحل عدن وتوزعت على السواحل القريبة من عمليات المنطقة العسكرية الرابعة في خليج عدن، كما ستوجد أيضا في جنوب البحر الأحمر وقرب سواحل منطقة باب المندب. مواضيع قد تهمك نهاية وقال القائد الميداني إن الخطة العسكرية ل""تحرير عدن"" تشمل قوات برية يمنية دربت مؤخرا في السعودية، بالإضافة لفرق"
339,"شركات الطاقة تعرضت الأسبوع الماضي لفيروس ""شامون"" الذي أصاب أجهزة الكمبيوتر في شركة ""أرامكو السعودية"" التي تديرها الحكومة. ولم يكن الاتصال عن بعد مع بعض أجهزة الكمبيوتر محدودا، كما تقول الشركة. وقالت الشركة إن إنتاج النفط فيها لم يتأثر بهذا الهجوم الذي أصاب الأجهزة الكمبيوتر في الشركة في 15 أغسطسآب الحالي. وقد اضطرت الشركة إلى حجب موقعها على الإنترنت عقب حدوث الهجوم، ولا تزال صفحتها الرئيسة على الموقع تحمل رسالة اعتذار عما قد يكون احتجاب الموقع مؤقتا قد سببه للمتصفحين من أضرار. وتقول الرسالة ""لقد عزلنا جميع أنظمتنا الإلكترونية عن الخارج كإجراء احتياطي اتخذ في أعقاب عطل مفاجئ أثر في بعض قطاعات شبكتنا"". وأضافت الشركة أن معظم الأعطال قد أصلحت. ""سيف العدالة البتار"" وكانت جماعة تسمى ""سيف"
340,"قد تذكي الخطوة الغضب في ظل الأجواء المضطربة بالقدس الشرقية وقالت متحدثة باسم البلدية في القدس إنه تم الموافقة على بناء 50 وحدة سكنية في مستوطنة هار حوما (جبل ابو غنيم) و 28 وحدة اخرى في مستوطنة ""راموت"" شمال القدس، بحسب وكالة رويترز للأنباء. ومن المرجح ان تثير هذه الخطوة غضب الفلسطينيين في القدس الشرقية، التي تعتبرها إسرائيل عاصمة لإسرائيل، حيث تعتبرها عاصمة لإسرائيل. وقد تذكي هذه الخطوة الغضب الفلسطيني، التي تذكيه في الوقت نفسه، حيث يعتبرها الفلسطينيون عاصمة إسرائيل، في حين يعتبرها الإسرائيليون عاصمة إسرائيل. وكان من المتوقع أن يثير هذا الحادث غضب الفلسطينيين، الذين يعتبرونه ""هجوم إرهابي"" على كنيس يهودي في القدس. وقتل أربعة إسرائيليين على الأقل وجرح سبعة آخرون الثلاثاء في ما"
341,قال وزير الصحة الليبي نور الدين دغمان اليوم الخميس (27 يونيوحزيران) إن خمسة أشخاص قتلوا ونحو 100 أصيبوا في اشتباكات ضارية جرت أمس الأربعاء في العاصمة الليبية طرابلس بين كتيبة متحالفة مع الجيش وقوة أمن تضم ميليشيات شاركت في الإطاحة بمعمر القذافي. فيما نقلت وكالة الأنباء الألمانية (د ب أ) عن الوزير دغماني أن حصيلة الأحداث التي شهدتها منطقتا صلاح الدين وأبوسليم بطرابلس خلال اليومين الماضيين بلغت عشرة قتلى. وسمعت انفجارات مدوية وإطلاق نار في طرابلس حتى ساعة متأخرة الليلة الماضية في اليوم الثاني من أعمال العنف في المدينة، مما يسلط الضوء على التناحر بين ميليشيات مسلحة تسبب مشاكل أمنية في البلاد. وازدادت الجماعات المسلحة التي تتألف من مقاتلين سابقين قوة وطموحا بعد نحو عامين من الإطاحة بالقذافي وتسعى
342,استؤنفت منافسات الأسبوع التاسع عشر من دوري الدرجة الأولى لكرة القدم الألماني بوندسليغا السبت (الأول من فبراير شباط 2014) بفوز كبير لفريق هوفنهايم على ضيفه هامبورغ بثلاثية نظيفة. وبهذه النتيجة عمق هوفينهايم جراح هامبورغ الذي تقهقر إلى منطقة الهبوط إثر سلسلة من النتائج المخيبة، ففريق هامبورغ هو الفريق الألماني الوحيد الذي لم يهبط من دوري البوندسليغا منذ تأسيسه عام 1963. وفي يوم السبت أيضا، أنهى باير ليفركوزن مسلسلا من ثلاث هزائم متتالية بعدما عدل تأخره بهدف إلى فوز بنتيجة 2-1 على شتوتغارت. وسجل إيرين ديرديوك هدف الفوز في الدقيقة 84 ليضيق ليفركوزن، صاحب المركز الثاني، الفارق إلى عشر نقاط مع بايرن ميونخ المتصدر الذي سيواجه اينتراخت فرانكفورت الأحد. ويملك بايرن 50 نقطة
343,"استهل رئيس الحكومة اليوناني ألكسيس تسيبراس زيارته للعاصمة الروسية موسكو اليوم الأربعاء (الثامن من أبريلنيسان 2015) بوضع إكليل من الزهور على قبر الجندي المجهول قبل لقائه بالرئيس الروسي فلاديمير بوتين. ومن المقرر أن يجتمع تسيبسيبراس وبوتين بعد ظهر اليوم الأربعاء لإجراء مباحثات من المنتظر أن تشمل حسب ما أفاد تسيباراس نفسه لوكالة ""تاس"" للأنباء، سبل البحث عن انطلاقة جديدة للعلاقات بين البلدين على أساس ""الجذور التاريخية العميقة"" بينهما. وبأعين أوروبية ينظر إلى الزيارة التي من المتوقع أن تكون على رأس المباحثات التي تجريها أثينا مع الرئيس الروسي، فلاديمير بوتين، في ظل تخوفات من أن ترتمي اليونان في حضن الدب الروسي على حساب العقيدة الأوروبية. وتتزامن الزيارة مع المفاوضات التي تجريه أثينا مع"
344,"أعلن نادي بايرن ميونيخ الألماني لكرة القدم اليوم الخميس 07 مايو أيار 2015، أن احتفالات الفريق بتتويجه بطلا للدوري الألماني (بوندسليغا) هذا الموسم ستقام على مدار يومين متعاقبين. كما يراود الأمل النادي في ازدواج احتفالات الفريق مع فريق السيدات بالنادي الذي قد يتوج باللقب ذاته في دوري السيدات أو يضمن على الأقل التأهل لدوري أبطال أوروبا للسيدات من خلال مباراته المقررة يوم الأحد المقبل أمام فريق إيسين في المرحلة الأخيرة من الدوري الألماني للسيدات. وقال كارل هاينز رومينيغه نائب رئيس النادي، في تصريحات إلى مجلة النادي قبل مباراة الفريق المقررة بعد غد السبت أمام أوغسبورغ في المرحلة الثانية والثلاثين من البوندسليجا، سوف نقيم الاحتفالات على مدار يومي 23 و24 أيارمايو الحالي"". وبعد مباراة الفريق الأخيرة في المسابقة هذا"
345,"مع انطلاق مونديال المكسيك 1986 بدأ نجم الأرجنتيني دييغو أرماندو مارادونا في الصعود .. لم يكن لاعبا عاديا .. ليس مجرد شخص لديه القدرة على المحاورة والمراغة .. بل كان يفعل ذلك بأكثر الطرق دهاء وكأنه يستمتع تماما بما يفعل بل يرغب في نقل تلك المتعة إلى من يشاهده .. تبدو الكرة معه وكأنها قد التصقت بمغناطيس قوي، ولا تفارق أقدامه إلا إذا سمح هو بذلك. تلك القدرات الخارقة صاحبتها خارج الملعب شخصية لا تقل جدلا عما كان عليه داخل المستطيل الاخضر .. قضى مارادونا حياته طولا وعرضا ودخل في عشرات الأزمات ولم تغب الكاميرات عنه لحظة ولم تخفت متابعة الملايين حول العالم لأخباره خاصة في العالم العربي. لكن ""يد الله"" اختارته بعد رحلة طويلة"
346,"إختار الرئيس تشافيز نيكولاس مادورو لخلافته وقال مادورو إن الرئيس الفنزويلي الإشتراكي، الذي يقضي فترة نقاهة في أحد المستشفيات العسكرية بالعاصمة كاراكاس، أرسل ""توجيهات"" الى الحكومة يوم الجمعة. وأضاف نائب الرئيس، الذي كان يتحدث في مهرجان بثه التلفزيون الحكومي، ""أن الرئيس تشافيز ملم بالتطورات ويمسك بزمام الأمور كزعيم إختاره الشعب أكثر من مرة. إن الزعيم تشافيز هو القائد الأعلى للثورة الفنزويلية."" ولكن المعارضة تصر على أن الحكومة تكذب حول حقيقة حالة الرئيس تشافيز الصحية، وشككت في ما قالته الحكومة عن أنه إجتمع بوزرائه لخمس ساعات في الثاني والعشرين من الشهر الماضي. ولكن مادورو أكد إن ذلك الإجتماع جرى بالفعل، وأن الرئيس تشافيز بعث بتعليمات لصهره وزير العلوم جورج أريازا عقب ذلك"
347,وجرح تسعة فلسطينيين بينهم امرأة وطفلان حين قصفت طائرات إسرائيلية منزلا تابعا لأحد النشطاء في خانيونس جنوبي قطاع غزة. وقال المتحدث باسم وزارة الداخلية في قطاع غزة إن إسرائيل شنت 12 غارة جوية في الساعات القليلة الماضية. وقال متحدث باسم الجيش إن العملية تستهدف مصالح وقدرات حركة حماس، وإنها تأتي ردا على إطلاق حماس صواريخ على بلدات الجنوب. وبدأت العملية قبل قليل بضرب جوي مكثف حسب الجيش الإسرائيلي. وقالت مصادر في القدس إن الغارات الجوية الإسرائيلية على قطاع غزة قد أدت إلى مقتل خمسة من مقاتلي حركة حماس. وقالت المصادر في القدس ان الغارات الجوية الاسرائيلية قد أدت الى مقتل 5 من مقاتلي حماس. وكان المجلس الوزاري المصغر للشؤون السياسية والامنية في إسرائيل قد قرر تكثيف الرد الاسرائيلي على الهجمات الصاروخية التي تستهدف جنوب إسرائيل، لكنه لم يقرر شن هجوم بري على القطاع. فصائل المقاومة
348,وصل الرئيس الافغاني الى اسلام آباد يوم الجمعة وهذه اول زيارة يقوم بها الرئيس الافافغاني الجديد الى باكستان منذ تسلم مهام منصبه في سبتمبر  ايلول الماضي. وكان سلفه حامد كرزاي كثير الانتقاد لباكستان بسبب ايوائها مجموعات مسلحة. ودأبت باكستان على نفي هذه الاتهامات، وتتهم بدورها افغانستان بالتقاعس في منع الهجمات التي تقوم بها مجموعات مسلحة عبر الحدود. ويأمل مسؤولو الطرفين ان تؤدي هذه الزيارة الى بدء مرحلة جديدة من العلاقات بين البلدين الجارين. مواضيع قد تهمك عن العلاقات بين باكستان وافغانستان في الوقت الحاضر. وكان رئيس اركان الجيش الباكستاني الجنرال رهيل شريف قد زار العاصمة الافغانية كابول قبيل زيارة غني. وتقول باكستان إن العملية العسكرية التي تنفذها قواتها المسلحة في ولاية وزيرستان الشمالية تعتبر بمثابة اثبات عملي على التزامها
349,"تسعى القوات العراقية لاستعادة المناطق التي يسيطر عليها تنظيم الدولة الإسلامية شمال غربي العراق وقال ضابط رفض الكشف عن هويته لأنه غير مخول للحديث إلى وسائل الإعلام إن التفجير أدى إلى جرح 16 شخصا على الأقل. وأكد مسؤول في قطاع الصحة رفض الكشف على هويته أيضا أعداد القتلى والجرحى. وتشهد بغداد هجمات انتحارية بشكل شبه يومي في ظل سعي القوات العراقية لطرد مسلحي تنظيم ""الدولة الإسلامية"" المعروف بداعش من المناطق التي سيطر عليها في شمالي وغربي العراق في يونيوحزيران 2014."
350,"اتفق كثير من ردود الفعل الدولية على أن الأحكام التي صدرت، اليوم الاثنين (23 كانون أولديسمبر)، في السعودية في قضية قتل الصحفي جمال خاشقجي ""غير عادلة"" وأن المحاكمات التي جرت بغياب الرأي العام المحلي والدولي لم تكن نزيهة ولم تحقق العدالة المرجوة. إذ وصفت أنييس كالامار، مقررة الأمم المتحدة الخاصة المعنية بحالات الإعدام خارج القضاء أو بإجراءات موجزة أو تعسفا، في حديث مع DW، محاكمة السعودية لقتلة الصحفي المعارض جمال خاشقجي ب""المهزلة"". وعبرت عن سخطها لما جرى، لأنه ""تمت إدانة القتلة المأجورين وحكم عليهم بالإعدام. أما العقول المدبرة فلم يتم فقط تبرئتهم، وإنما أيضا لم تكد التحقيقات أو المحاكمة تقترب منهم. هذا هو النقيض للعدل. إنها"
351,تنحى القاضي في الجلسة الاولى لإعادة المحاكمة ويواجه مبارك ووزير داخليته حبيب العادلي لائحة تهم تشمل إصدار مبارك أوامره للعادلي بإطلاق الذخيرة الحية على المتظاهرين السلميين في مختلف أنحاء مصر، والتحريض على قتلهم بغية فض المظاهرات المناوئة له بالقوة، على نحو يشكل جريمة الاشتراك في القتل العمد مع سبق الإصرار بطرق الاتفاق والتحريض والمساعدة. وسيحاكم جمال وعلاء نجلا مبارك بتهم تتعلق بالفساد. كما سيحاكم رجل الاعمال حسين سالم المقرب من مبارك غيابيا. ولا يزال المصريون مستقطبين إزاء مبارك الذي اطيح في انتفاضة شعبية عام 2011، بينما تكافح البلاد للمضي قدما تحت النظام الجديد بزعامة الرئيس الاسلامي محمد مرسي. وما زالت مصر تعاني الفوضى. وتتميز رئاسة مرسي بالاستقطاب السياسي والعنف المتكرر وازمة اقتصادية طاحنة. مواضيع قد تهمك نهاية ويرى البعض، مثل
352,"هذه اللوحة من الأعمال الأولى لبيكاسو وجرت مصادرة اللوحة من على متن سفينة في جزيرة كورسيكا الفرنسية. وتحمل اللوحة اسم (رأس امرأة شابة)، وهي مملوكة للمصرفي الاسباني خايمي بويتن. وكانت المحكمة الوطنية الأسبانية قد أعلنت أن هذه اللوحة تمثل ""أصلا تاريخيا أثريا ذا أهمية استثنائية""، ورفضت طلبا بتصديرها. وأثارت محاولة لتصدير اللوحة إلى سويسرا يوم الخميس ""انتباه المسؤولين الفرنسيين"". وقالت متحدثة باسم هيئة الجمارك الفرنسية في بيان لها، إن ""اللوحة التي تحمل علم بريطانيا، هي جزء من مجموعة من القطع الأثرية التي تملكها شركة بريطانية وبويتن أحد المساهمين فيها، حسبما أفاد متحدث باسم وزارة الثقافة الفرنسية. وقالت المتحدثة إن ""هذه اللوحة تمثل جزءا من مجموعة كبيرة من الأعمال التاريخية والأثرية، وهي جزء من المجموعة"
353,قال معاونون بالكونغرس الأمريكي إن وزير الخارجية مايك بومبيو ورئيس هيئة الأركان المشتركة الجنرال جوزيف دانفورد والقائم بأعمال وزير الدفاع باتريك شاناهان سيحضرون جلسة الثلاثاء المقبل أمام مجلس الشيوخ بكامل هيئته للإدلاء بإفادات سرية بشأن الموقف مع إيران. ويسيطر رفاق ترامب الجمهوريون على أغلبية المقاعد في مجلس الشيوخ. وأفاد معاونون في مجلس النواب، الذي يسيطر عليه الديمقراطيون، بأنهم يتوقعون أيضا إفادة سرية من بومبيو في جلسة الثلاثاء، لكن لم يتم الانتهاء بعد من التفاصيل الأخرى. ويشكو أعضاء الكونجرس منذ أسابيع من أن إدارة ترامب لم تطلعهم على معلومات كافية بشان التوتر الحالي مع إيران، بل إن بعض الجمهوريين يقولون إن الإدارة لم تطلع على أي شيء بشأن تلك القضية. ومن المقرر أن يطلع مسؤولون في أجهزة
354,"وفي مقابلة على قناة الحدث اليوم، قالت نصير: ""غير المسلم، المسيحي واليهودي، وهم أهل الكتاب، والقرآن هو الذي أطلق عليهم هذا الاسم، يعني هم ليسوا عباد أصنام ولا ينكرون وجود لله سبحانه وتعالى لكن لهم ديانة أخرى تختلف عنا"". وأضافت: ""في مثل هذه الحالة إذا طبق الزوج (غير المسلم) ما يطبقه المسلم عندما يتزوج بالمسيحية أو باليهودية بأنه لا يكرهها على تغيير دينها ولا يمنعها من مسجدها ولا يحرمها من قرآنها ولا تحرمها من أداء صلاتها"". تصريح النائبة المصرية أثار موجة كبيرة من الانتقادات والتعليقات الغاضبة على مواقع التواصل. وفي وقت لاحق، استنكرت نصير ""الحملة"" التي طالت تصريحاتها، موضحة أن ""تعليقها أخرج من سياقه"" وأنها """
355,"ديفيد مويز: الجمهور يدرك ان ثمة تغيير كبير في النادي يذكر ان يونايتيد متخلف ب 12 نقطة عن ارسنال الذي يتصدر الدوري. وسيلتقي النادي اللندني الاحد بافرتون. وقال مويز عقب الخسارة امام نيوكاسل بهدف واحد يوم امس السبت (وهي خسارة اعقبت اخرى امام افرتون الاسبوع الماضي) ""ما زلت واثقا بأننا سننهي الموسم قرب قمة الدوري."" ولدى سؤاله عن مبررات هذه الثقة العالية، اجاب المدير السابق لنادي افرتون الذي تسلم مقاليد الامور في اولد ترافورد عقب تنحي السير اليكس فيرغسون، ""اللاعبون، ولأنني اتعامل مع الابطال."" وكانت الخسارة امام يونايتد هي الاولى من نوعها منذ 41 عاما. وكان يونايتون قد خسر ثلاث مباريات على ارضه"
356,"تحرك الرئيس الأمريكي جو بايدن اليوم (21 ينايركانون الثاني 2021) بسرعة لتنسيق الجهود الاتحادية لمكافحة جائحة كوفيد-19 في أول يوم كامل له في السلطة واتخذ خطوات لتوسيع نطاق الفحوص والتطعيم وزيادة الالتزام باستخدام الكمامات. فحوص قبل دخول البلاد وتؤسس الأوامر التنفيذية التي وقعها بايدن اليوم مجلسا لفحوص الكشف عن كوفيد-كويكد-19 لتكثيف إجراء الاختبارات، وسيضع بروتوكولات بشأن المسافرين القادمين من دول العالم ويوجه موارد إلى الأقليات المتضررة بشدة. وفرض بايدن إجراء يلزم كل من يسافر إلى الولايات المتحدة من الخارج بإجراء فحص فيروس كورونا قبل ركوب الطائرة ودخول الحجر الصحي عند الوصول. وقال: ""في ضوء متغيرات كوفيد الجديدة التي نطلع عليها، نبدأ الآن إجراء جديدا للأفراد الذين يسافرون من دول أخرى"". وتابع بايدن"
357,"لم يفصل قاض ألماني في نزاع قضائي بين سيدة محجبة وسلسلة ""مولر"" لمستحضرات التجميل وأدوات التنظيف التي تعمل لديها. وقد أحال قاض في محكمة العمل في مدينة هيلدلبيرغ الألمانية اليوم الأربعاء (19 نيسانأبريل 2017) النزاع بين الموظفة المحجبة ورب العمل إلى التحكيم. وحسب القاضي فإن أحد الحلول في التحكيم ربما يكون التوصل إلى اتفاق يرضي الطرفيين وينهي عقد العمل. ومن المنتظر أن تبدأ عملية التحكيم في أيارمايو المقبل. ويشار إلى أن محكمة العدل الأوروبية قررت قبل نحو شهر السماح بإمكانية حظر الحجاب في أماكن العمل. وقد استدعى القرار ردود فعل منتقدة من ممثلي الجالية المسلمة في أوروبا؛ فقد أعلن المجلس الأعلى للمسلمين في ألمانيا أن الحكم ""يمثل في جوهره عدولا عن حقوق الحريات المك"
358,"يعد المنتخب الهولندي أقوى المرشحين لصدارة المجموعة الخامسة في دور المجموعات ضمن منافسات كأس العالم 2010، بل ولنيل لقب البطولة برمتها. وللمنتخب البرتقالي القدرة بقيادة المدرب بيرت فان ماريفيك على التألق في البطولة الإفريقية عبر نجومه الكبار كالجناح البافاري آريين روبن ونجم أرسنال الانكليزي روبن فان بيرسي. بيد أن هذا المنتخب عادة ما يواجه مشاكل عدة في البطولات الكبرى، ويقصى بشكل مفاجئ من دوري ربع أو نصف النهائي للبطولة، تماما كما حدث في بطولة الأمم الأوروبية قبل سنتين، حين خرج من الدور ربع النهائي بعدما انهزم أمام نظيره الروسي بثلاثة أهداف مقابل هدف يتيم. وحسب راينر هولتسشوه مدير تحرير مجلة ""كيكر"" الألمانية، يكمن السبب في ذلك في الصراعات الداخلية بين لاعبي المنتخب، وعلى وجه التحديد ""بين لاعبي"
359,"قلة النوم أو الجفاف قد يسببان الصداع النصفي (الشقيقة) ولكن تغير الطقس السريع أيضاوخاصة في فصلي الربيع والخريف يسبب هذا النوع من الصداع. ويشكو كثيرون من الصداع حين تهب رياح دافئة، وتغير درجة الحرارة والرطوبة والضغط الجوي والأشعة فوق البنفسجية، يفسر سبب تأثير الطقس علينا. الصداع النصفي، مكن التغلب عليه بدون أدوية من خلال اتباع النصائح السبع التالية التي أشار إليها موقع ""بونته"" الألماني: 1- تناول الطعام بانتظام وتجنب الأطعمة الدسمة والحلويات والخبز. 2- معالجة آلام الفك والأسنان التي يمكن أن تسبب صداعا نصفيا. 3- الاعتدال في النوم، إذ ينصح بتجنب النوم لفترة طويلة أو قصيرة. 4-التنفس أيضا يساعد في التغلب على الصداع النصفي وتجنب آلامه، لذا يمكن التنزه أو ممارسة الرياضة في"
360,"رجح كارل هاينس-رومينيغه، رئيس مجلس إدارة نادي بايرن ميونيخ بطل الدوري الألماني لكرة القدم، رحيل لاعب وسطه الإسباني تياغو ألكانتارا عن صفوف الفريق هذا الصيف، نافيا في الوقت عينه وجود أي تواصل بشأنه مع ليفربول بطل إنجلترا. وبات لاعب خط الوسط البالغ من العمر 29 عاما، محور تقارير صحافية عدة في الآونة الأخيرة بشأن مفاوضات تجديد عقده مع النادي البافاري، والذي ينتهي في أواخر موسم 2020-2021. فشل المفاوضات وبعدما أشارت تقارير ألمانية في أيارمايو، إلى أن اللاعب اتفق مع إدارة النادي على تجديد العقد، تبين في الأسابيع الماضية أن الطرفين لم يتوصلا إلى اتفاق، وسط حديث عن ""مماطلة"" من اللاعب لرغبته في الانتقال إلى ناد آخر، قد يكون ليفربول المتوج هذا الموسم"
361,وأشارت آموس إلى ضرورة التحرك من أجل مساعدة السوريين الذين يعتبرون ضحايا لأعمال عنف وفظائع وحشية. وحث البيان غير الملزم، الذي أصدره مجلس الأمن، أطراف الصراع في سوريا على فتح ممرات آمنة لضمان وصول المساعدات الإنسانية بشكل أفضل إلى من يحتاجون إليها. ودعا البيان جميع أطراف النزاع في سوريا، بما في ذلك الحكومة السورية، إلى الإسراع لإتخاذ الإجراءات اللازمة لضمان وصول وكالات الإغاثة من دون عراقيل عبر خطوط النزاع، والسماح لقوافل الإغاثة الإنسانية القادمة من دول مجاورة بعبور الحدود. موافقة بالإجماع ووافق أعضاء مجلس الأمن بالإجماع على البيان وهو ثاني قرار مهم يتخذه مجلس الأمن في غضون أقل من أسبوع. وكان الائتلاف الوطني السوري المعارض قد حذر من خطر المجاعة الذي يهدد آلاف العائلات في المناطق القريبة من دمشق مؤكدا أن سبعة اشخاص ماتوا نتيجة ذلك.
362,الزعيم الكوري الشمالي كيم جونغ اون وقالت المنظمة إنها احيطت علما بنية بيونغيانغ اطلاق القمر في الفترة المحصورة بين الثامن وال 25 من شباط  فبراير الحالي. ويأتي التطور الجديد بعد قيام كوريا الشمالية باختبار نووي رابع في السادس من الشهر الماضي، مما اثار ادانات دولية. ويقول منتقدون إن الاطلاق السابق لقمر اصطناعي كان محاولة من بيونغييانغ للتمويه على اختبار تكنولوجيا الصواريخ الباليستية. وكان مسؤولون امريكيون قالوا الاسبوع الماضي إنه يبدو ان كوريا الشمالية تعد العدة لاطلاق صاروخ، مشيرين الى النشاط المتزايد في محيط محطة سوهاي لاطلاق الاقمار الاصطناعية المعروفة ايضا باسم تونغ تشانغ ري. مواضيع قد تهمك: كوريا الشمالية تطور صاروخا باليستيا بامكانه الوصول الى الولايات المتحدة.
363,"وصل وزير الخارجية الألماني فرانك فالتر شتاينماير اليوم الأربعاء إلى إسرائيل قادما من القاهرة في زيارة لإسرائيل والمناطق الفلسطينية تستغرق يومين يلتقي خلالها مع القادة الإسرائيليين والفلسطينيين. ووفقا لتصريحات متحدث بإسم الخارجية الألمانية سوف تتركز المحادثات مع القادة الإسرائيليون والفلسطينيين حول التحضيرات الجارية لمؤتمر السلام في الشرق الأوسط المقرر عقده في نوفمبر تشرين ثان المقبل في الولايات المتحدة. وذكر بيان صادر عن وزارة الخارجية الألمانية أن الوزير الألماني سيطلع قادة المنطقة على الخطة التي أقرها الاتحاد الأوروبي والخاصة بتشجيع المفاوضات بين إسرائيل والفلسطينيين والتي بادرت ألمانيا إلى اقتراحها. ""أمن المنطقة مهم للأمن الأوروبي"" ونقل عن الوزير الألماني قوله يوم أمس الثلاثاء قبيل جولته إن الاستقرار في المنطقة أمر في غاية الأهمية للأمن الأوروبي وإن أمن إسرائيل ""هو مبدأ وواجب أساسي في السياسة الألمانية الخارجية"". وأضاف البيان أن وزير الخارجية الألمانية"
364,فتاة مسلمة تضع باقة من الزهور أمام مقر السفارة الفرنسية في برلين – ألمانيا محمد واموسي برفقة ابنه داخل ملعب فرنسا الدولي أثناء مباراة فرنسا وألمانيا، حيث تم استهداف الملعب بتفجيرين انتحاريين كنت موجودا داخل ملعب باريس الدولي برفقة ابني لمشاهدة مباراة فرنسا – ألمانيا، وسمعت صوت انفجارين وحاولت مغادرة الملعب إلا أني وجدت السلطات قد أغلقت أبوابه. لم يكن بإمكاني مغادرة الملعب بسبب الإجراءات الأمنية المشددة، إلا أنني لم أتمكن من مغادرة الملعب، إلا أن بعض العقلاء الفرنسيين تدخلوا لحمايته، إلا أنهم لم يتدخلوا لحمايته. تعرضت سيدة محجبة، كانت ترتدي الحجاب، لوابل من الشتائم، ولكن بسبب الإجراءات المشددة فشلا، فتوجها لأقرب مكان عام، وكان سلسلة مطاعم للوجبات السريعة، وفجرا حزاميهما هناك.
365,"أثناء المؤتمر الصحفي الأول له كلاعب لفريق يوفنتوس، كشفت تصريحات كريستيانو رونالدو عما يطمح إليه أحسن لاعب في عالم الساحرة المستديرة برفقة ""السيدة العجوز""، إذ يريد النجم البرتغالي كتابة التاريخ مع النادي الإيطالي العريق ومواصلة حصد الألقاب. ويدرك رونالدو (33 عاما)، أن تطعيم كتيبة ""السيدالسيدة"" بأسماء كروية وازنة، سيمنح المدرب الإيطالي ماسيمليانو أليغري، حلولا تكتيكية أكبر فوق المستطيل الأخضر، وتعزيز حظوظه بشكل كبير في الظفر بمسابقة دوري أبطال أوروبا. وفي هذا الشأن، ذكر موقع ""ديلي ستار"" أن كريستيانو رونالدو، طلب من إدارة فريق يوفنتوس التحرك بسرعة، من أجل ضم متوسط ميدان مانشستر يونايتد بول بوغبا، الذي يبدو قريبا للغاية من مغادرة فريق ""الشياطين الحمر"". وأفاد الموقع البريطاني، بناء على"
366,"أوضح رائد الصالح، رئيس منظمة الخوذ البيضاء أن ""مئات الآلاف من المدنيين محاصرون ويتم إطلاق النار في مناطق كثيفة بالسكان، وكذلك على مراكز التموين الطبية"". والخوذ البيضاء في سوريا هي رسميا أطقم الوقاية المدنية السورية. وهي تعمل بشكل تطوعي في جميع أنحاء سوريا، ولاتزال الحكومة السورية تنهج سياسة التجويع في الحرب الأهلية السورية، كما تقول الأمم المتحدة. وتتسبب هذه السياسة في أكبر الخسائر بقتل أكبر عدد ممكن من الناس والقضاء على عمل المساعدين المتطوعين. وبفضل التزامها البارع لإنقاذ المدنيين فيالحرب الأهلية السورية حصلت منظمة النقذ البيضاء في أيلول سبتمبر 2016 على جائزة نوبل البديلة. وتوقعات رئيس المنظمة الصالح من محادثات السلام الحالية في جنيف تساوي صفرا، وبهذا السياق يقول الصالح: ""الخوذ البيضاء تطالب منذ سنوات بوقف العمليات العسكرية"
367,"اكتشف باحثون من جامعتي سابينزا الإيطالية وكاليفورنيا الأمريكية في بيركلي، في دراسة حديثة أن البشر لم يصلوا إلى عمرهم النهائي بعد. وأشارت الدراسة إلى أنه في المستقبل سوف يتقدم الإنسان في السن بشكل أكبر. هذا ما أفصحت عنه الدراسة التي نشرت نتائجها في مجلة "" ساينس Science"" العلمية. وقد اعتمدت الدراسة في نتائجها على أبحاث في أسباب الموت المباشر. ووجد الخبراء أنه بعد سن ال 80، يبدأ خطر الموت المباشر في الانخفاض. وذلك في دراسة أجريت على 4000 شخص من الولايات المتحدة الأمريكية وإيطاليا. وعندما يصل الشخص إلى سن 105، يبقى خطر الموت عند مستوى يزيد من احتمال استمراريته على الأقل حتى بلوغ 110 سنوات، كما يشرح الخبراء. ويقول الخبراء إن إمكانية بلوغ الأشخاص الذين ولدوا سنة"
368,"فيلم ""فتاة المصنع"" يجسد قصة قمع امرأة وكذلك صمودها أمام المجتمع. ولعل بروز عدد من كاتبات السيناريو والمخرجات والممثلات الواعدات ساهم في بلورة هذا التيار الذي تبدو خطاه أوضح عبر السنين. وتقدم أفلام التيار النسوي طرحا مغايرا لعدد كبير من قضايا المرأة في العالم العربي، وبخلاف درجة الدقة وعمق التناول والرسائل التي تحملها هذه الأعمال، فإنها كذلك تمنح قطاعا كبيرا من النساء صوتا يعبر عن قصصهن بنزاهة أكبر ويكرس لهن مساحة حرمن منها طويلا. ورغم أن تلك الأعمال، في الأغلب، مستمدة من قصص واقعية فإن نشر تلك القصص والرؤى على نطاق أوسع يدفع باتجاه تغيير نظرة المجتمعات العربية للمرأة ونظرة الأخيرة لذاتها. وتشمل قائمة الأفلام المعبرة عن هذا التيار أعمال"
369,"شدد وزير الدفاع الألماني فرانس يوزيف يونج على أهمية إجراء انتخابات ديمقراطية في باكستان، وذلك على خلفية تزايد حدة الأوضاع في البلاد في الوقت الحالي. وأكد يونج أن ""الأنشطة الإرهابية"" تثير قلقه بالنظر إلى المهمة العسكرية التي يشارك بها الجنود الألمان في أفغانستان المجاورة . وأضاف يونج في تصريحات لإذاعة ""زود فيست روندفونك"" قائلا: ""من المهم للغاية أن يمنى المتطرفون والأصوليون بهزيمة كبيرة في هذه الانتخابات""، وشدد على أهمية السيطرة على اضطراب الأوضاع الأمنية في باكستان للحيلولة دون زيادة ""المخاطر الإرهابية"" في المنطقة الحدودية مع أفغانستان. ""لا حاجة لزيادة عدد جنودنا في أفغانستان"" وأعلن الوزير الألماني أن باكستان وأفغانستان أعدتا بالتعاون مع قوة المساعدة الأمنية الدولية (إيساف)مجموعة عمل بهدف تحسين الأوضاع الأمنية. ونفى يونج"
370,"وأعلن دي ميستورا تعليق المحادثات بصورة مؤقتة، قائلا إن الأسبوع الأول لم يشهد تقدما. وجاء ذلك في الوقت الذي قالت فيه الحكومة السورية إنها أوقفت حصار بلدتين واقعتين شمال غربي حلب. وتقع البلدتان، التي أعلن التلفزيون الرسمي السوري إنهاء حصارهما، على طريق رئيسي للإمدادات للمعارضة المسلحة. وبشأن المحادثات، أقر دي ميستورا بأن ""هناك عمل يجب إنجازه"". ومن المزمع استئناف المحادثات في وقت لاحق من الشهر الجاري, لكن دي ميستورا قال إن المحادثات قد تستأنف في نهاية الأسبوع الجاري. وأضاف أن ""المحادثات لم تنته بعد. إنها ليست نهاية وقال دي ميستورا ""إنها ليست النهاية وليست إخفاقا للمحادثات"". وأضاف ""جاء الطرفان وبقيا. الجانبان أصرا على أنهما مهتمان ببدء العملية السياسية""."
371,"جاء في قرار اتخذه المؤتمر المصغر لحزب الخضر اليوم السبت (30 أيلول سبتمبر) في برلين وبدون أية معارضة مع امنتاع ثلاثة مندوبين عن التصويت، أن ""الحزب يقبل دعوة حزب الاتحاد المسيحي الديمقراطي والحزب المسيحي الاجتماعي البافاري لإجراء مباحثات خاصة ومشتركة مع الحزب الديمقراطي الحر لتشكيل ائتلاف"" حكومي. واستدرك قرار الحزب أنه لا توجد آلية للمشاركة في الحكومة، مضيفا ""إذا لم تمض المباحثات بصورة بناءة فإننا سنكافح من مقعد المعارضة من أجل التغيير"". وعزز المجلس الاتحادي للحزب صورة الحزب كممثل ليسار الوسط. وقال رئيس الحزب جيم أوزديمير بعد التصويت: ""سنواصل العمل متحدين تماما كما فعلنا اليوم هنا""، مشيرا إلى أنه سيقود بالاشتراك مع رئيسة كتلة الحزب بالبرلمان الألماني ""بوندستاغ"" كاترين غورينغ إك"
372,"كيري ناقش مع عباس إحياء عملية السلام. وقال السفير الفلسطيني في عمان عطا الله خيري: ""ناقش كيري وعباس خطوات محتملة لإحياء عملية سياسية جديدة تهدف إلى تحقيق السلام،"" بحسب ما نقلته وكالة ""فرانس برس"". وأضاف: ""أكد عباس على أن المستوطنات الفلسطينية تهدد عملية السلام، وشدد على ضرورة أن تطلق إسرائيل سراح سجناء فلسطينيين."" وأصدر كيري بيانا موجزا عقب لقائه نتنياهو في القدس قال فيه إنهما ناقشا المصالحة بين إسرائيل وتركيا. وكان الرئيس الأمريكي باراك أوباما قد قام بزيارة إلى المنطقة استغرقت أربعة أيام والتقى خلالها مسؤولين بارزين إسرائيليين وفلسطينيين بالقدس ورام الله. مواضيع قد تهمك نهاية ودعا أوباما إلى بذل جهود دبلوماسية جديدة، لكنه لم يطرح مقترحات جديدة للوصول إلى السلام. جدير بالذكر أن بمباحثات السلام بين الفلسطينيين والإسرائيليين تجمدت في"
373,"رغم ظهورها دائما بنفس تفصيلة السترة، يرى مصمم الأزياء الألماني الشهير فولفغانغ يوب أن ملابس المستشارة الألمانية أنغيلا ميركل تناسب سياستها بامتياز. وقال يوب البالغ من العمر 73 عاما في تصريحات لمجلة ""ميركيشه ألغماينه تسايتونغ""الألمانية: في عددها الصادر اليوم السبت (30 حزيران يونيو) ""صار لألمانيا مجددا هوية عبر السيدة ميركل"". وأضاف ""مثلما تبدو السيدة ميركل، يبدو أيضا أسلوبها الرزين في ملابسها، مثل أسلوبها في ارتداء السترة"". وأشار يوب إلى أن السيدة ميركل لن تبدو على نحو جيد إذا اختارت زيا آخر غريبا عما اعتادت عليه، مشيرا إلى أن زيها الحالي متناسب على نحو رائع مع منصبها. وأوضح يوب أنه إذا ظهرت المستشارة بفستان"
374,"تنطلق المنافسة الرئيسية لمهرجان برلين السينمائي اليوم الجمعة (12 فبرايرشباط 2016) بعرض الفيلم الكوميدي الرومانسي التونسي ""نحبك هادي"" الذي تدور أحداثه عن قصة أم متسلطة تجبر ابنها على الزواج من امرأة أخرى، لكن هادي لا يتمكن من السيطرة على عالمه من خلال محاولة فاشلة من جانب أشخاص آخرين، ومن بينهم رئيسه في العمل ووالدته التي رتبت له الزواج من عروس. ويعد فيلم "" ""، للمخرج التونسي محمد بن عطية، واحدا من 18 فيلما يتنافسون على الجوائز الكبرى لمهرجانبرلين السينمائي، بما في ذلك جائزة الدب الذهبي لأفضل فيلم. وتدور أحداث الفيلم في أعقاب الثورة التونسية في عام 2011 حول الشاب هادي الذي يبدو أن حياته تدار من قبل أشخاص آخرين. حيث يلتقي بزوجته، الذي رتبت له من قبل. لكن هادي يتمكن فجأة"
375,"القصة أقرب ما تكون إلى سيناريوهات الأفلام السينمائية، ودارت أحداثها في أدغال بوليفيا وغاباتها الكثيفة، حين اختفى الشاب التشيلي كالين كوروسيو آكونا من المخيم الذي قصده مع مجموعة من السياح في محمية طبيعية بهذه الأدغال الكثيفة، حسب مجلة ""ناشيونال جيوغرافيك"". وذات صباح اختفى كالين، بعض أعضاء المجموعة قالوا إنهم كانوا قد رأوه في الليلة السابقة. الضياع في مجاهل محمية ماديدي البوليفي تعني الهلاك بلا شك. وبحسب المجلة قاد اختفاء كالين إلى الكثير من التكهنات لدى السكان المحليين والحراس الجوالين في المحمية، فالبعض اتهم ""أرواح الغابة الشريرة""، بخطفه. قد تبدو تهمة غريبة، لكن الأمر يبقى طبيعيا لدى سكان هذه المنطقة، كما يوضح مدير المحمية ماركوس أوزكيانو: """
376,"ظريف اعتبر تصريحات أوباما غير منطقية وقال وزير الخارجية الإيراني محمد جواد ظريف إن أوباما تحدث بلهجة ""غير مقبولة وتهديدية"". وأكد ظريف في الوقت ذاته أن المحادثات النووية مع الغرب، والتي تقترب من الموعد المقرر مسبقا لنهايتها بنهاية الشهر الجاري، ستستمر. ويأتي ذلك في الوقت الذي يستعد رئيس الوزراء الإسرائيلي بنيامين نتنياهو لإلقاء خطاب في الكونغرس الأمريكي، من المنتظر أن يعارض فيه أي اتفاق أمريكي مع طهران بخصوص برنامجها النووي. وكانت الدعوة التي وجهها الجمهوري جون بوينر رئيس مجلس النواب لنتنياهو لإلقاء كلمة أمام أعضاء الكونغرس قد تسببت في انتقادات علنية من الديمقراطيين. وقال أوباما إن ""الخلافات مع إسرائيل بخصوص البرنامج النووي الإيراني لن تلحق ضررا أبديا بالتحالف بين إسرائيل والولايات المتحدة"". وقال أوباما في مقابلة أجراها مع وكالة رويترز للأنباء، إن ""هذه الخلافات مع"
377,"أبلغ مستخدمون عن صعوبة في الوصول إلى حساباتهم على تويتر وبدا أن بعض المستخدمين، لدى محاولة الوصول إلى الموقع، يتم تحويلهم إلى بيان لهيئة تنظيم الاتصالات في تركيا. ويشير البيان إلى قرار قضائي بتطبيق ""إجراءات حماية"" على موقع تويتر. ويأتي هذا بعدما تعهد رئيس الوزراء، رجب طيب إردوغان، ب""محو تويتر""، وذلك في أعقاب ورود اتهامات بالفساد لأفراد بالدائرة المقربة منه. وأكد مراسل بي بي سي في اسطنبول، جيمس رينولدز، أنه ""لا يتمكن من فتح حسابه على تويتر. مواضيع قد تهمك. "" وقال إردوغان ""لا اهتم على الإطلاق بما يقوله المجتمع الدولي. سيرى الجميع قوة الجمهورية التركية."" وجاء حديثه بعد أن نشر بعض مستخدمي تويتر وثائق يقال إنها تظهر دليلا على فساد متصل برئيس الوزراء، وهو ما دأب"
378,"أعلن مكتب رئيس الوزراء الإسرائيلي بنيامين نتانياهو عن إلغاء جلسة تفاوضية كانت مقررة مساء الأربعاء (23 أبريل نيسان 2014) مع الفلسطينيين، وذلك بعد ساعات من إعلان حركة حماس ومنظمة التحرير الفلسطينية عن اتفاق مصالحة بينهما. وقال المتحدث باسم نتانياهو أوفير جندلمان: ""إسرائيل ألغت اللقاء التفاوضي الذي كان مرتقبا هذا المساء مع الفلسطينيين"". وأضاف: ""يجب على الرئيس الفلسطيني محمود عباس أن يختار: إما المصالحة مع حماس وإما السلام مع إسرائيل، ولا يمكنه سوى اختيار أمر واحد لا غير، لأن هذين الخيارين متوازيان لا يلتقيان"". من جهته قال كبير المفاوضين الفلسطينيين صائب عريقات تعليقا على الموقف الإسرائيلي، إن نتانياهو ""أوقف المفاوضات منذ وقت طويل، واختار الاستيطان بدل المفاوضات وعملية السلام"". في غضون ذلك قال مسؤولون طبيون في قطاع غزة وتقارير إسرائيلية"
379,"ماكدوغال زعمت أنها كانت على علاقة بترامب وذكرت التقارير أن التسجيلات عثر عليها في مداهمة مكتب التحقيقات الفيدرالي (إف بي آي) لمنزل كوهين في وقت سابق من هذا العام في نيويورك. وقالت صحيفة ""نيويورك تايمز"" إن ترامب وكوهين ناقشا في التسجيل دفع أموال لعارضة بلاي بوي، كارين مكدوغال، التي تقول إنها أقامت علاقة مع ترامب. ""تسجيل سري لترامب"" حول دفع أموال للعارضة في بلاي بوي وذكرت تقارير أن التسجيل عثر عليه في منزل كوهين في مدينة نيويورك في العام الماضي. وقالت الصحيفة إن التسجيل تم تسريبه في مايو أيار الماضي من قبل محامي ترامب، مايكل كوهين، الذي كان على علاقة مع الرئيس الأمريكي، دونالد ترامب، الذي قال إنه ""مارس الجنس"" مع عارضة بمجلة بلاي بوي."
380,"دعت الولايات المتحدة الجيش التايلاندي لاحترام ""المبادئ الديمقراطية"" والالتزام بما أعلنه عن عدم قيامه بانقلاب بعد إعلانه الأحكام العرفية في البلاد كلها أمس الثلاثاء. وقال المتحدث باسم وزارة الدفاع الأمريكية (البنتاغون) الأميرال جون كيربي ""نراقب الموقف عن كثب. ننتظر أن يصدق الجيش على ما أعلنه. "" وأضاف ""ننتظر أن يصدق. "" وقال كيربي إن ""الأحكام العرفية التي فرضت أمس الثلاثاء لا تزال قائمة إلى أن يعود النظام والأمن إلى البلاد. "" ومضى كيربي يقول ""نتوقع أن يصدق الشعب على ما يعلنه الجيش."" وأضاف ""من المهم أن يحترم الجميع هناك المبادئ الديمقراطية"". كما ذكرت منظمة ""هيومن رايتس ووتش"" الرائدة في مجال حقوق الإنسان أنه ينبغي"
381,"وأعلن الحداد العام في جميع أنحاء لبنان الجمعة بعد مقتل 43 شخصا وإصابة 239 في الحادث. ويقول تنظيم ""الدولة الإسلامية"" إنه يقف وراء الحادث، الذي يعتبر الأكبر دموية في بيروت منذ انتهاء الحرب الأهلية في لبنان عام 1990. وأدان البيت الأبيض الهجوم الذي وصفه ب""إرهابي مفجع"". وقال البيت الأبيض - في بيان - إن "" الولايات المتحدة تدين التفجير الذي وقع في سوق شعبي بحي البراجنة في الضاحية الجنوبية لبيروت ، وأسفر عن مقتل وإصابة العشرات من الأشخاص . "" وقال بيان صادر عن البيت الأبيض إن ""الحادث الإرهابي مفجع. "" وقال البيان-في بيان-إن ""التفجيرين الانتحاريين وقعا في حي البراجنة. "" وأضاف البيان أن التفجيرين ""كانا انتحاريين اثنين، أحدهما يرتدي حزاما ناسف"
382,"أعلنت وكالة الأنباء الروسية انترفاكس أن صاحب الإمبراطورية النفطية السابق ميخائيل خودوركوفسكي أفرج عنه اليوم الجمعة (20 ديسمبر كانون الأول 2013) من المعسكر الذي كان يعتقل فيه بعد مرسوم العفو الذي أصدره الرئيس فلاديمير بوتين، وهذا المرسوم يدخل حيز التنفيذ على الفور. وقال مصدر لم تحدده الوكالة ""لقد غادر ميخائيل خودوريكوفسكي المعتقل""، بيد أن إدارة السجن لم تؤكد هذه المعلومات. وكان الكرملين قد أعلن في وقت سابق اليوم الجمعة في بيان أن الرئيس الروسي فلاديمير بوتين وقع مرسوم العفو عن رجل الأعمال الثري ميخائيل خوجولكوفسكي المسجون منذ عشر سنوات، مؤكدا أن القرار يدخل حيز حيز التنفيذ. وقال الرئيس الروسي في بيان نشره الكرملين ""مسترشدا بمبادئ إنسانية، قررت أن ميخائيل بوريسوفيتش خودوركاوفسكي (...) يجب أن يتم الإفراج عنه قبل انتهاء"
383,فقد تمكن المسلحون من السيطرة على معبري طريبيل والوليد الحدوديين في محافظة الأنبار غربي البلاد، وكانو قد سيطروا على معبر القائم على الحدود العراقية - السورية، وبذلك سيطر على كل المعابر الحدودية للعراق مع سوريا والأردن. كما سيطر المسلحون الأحد على بلدة الرطبة القريبة من الحدود الاردنية في محافظة الانبار، وهي رابع بلدة في المحافظة تسقط بأيدي المسلحين في اليومين الاخيرين، حيث سيطر المسلحون من قبل على بلدات رواة وعانة والقائم. اسفرت هذه الانتصارات العسكرية عن توسيع نطاق الأراضي الخاضعة لسيطرة المسلحين بشكل كبير، وذلك بعد مرور أسبوعين فقط من استيلاء مسلحي تنظيم داعش على مدينة الموصل ثاني كبريات المدن العراقية. وتفيد تقارير أن المسلحين سيطروا أيضا على مطار تلعفر الاستراتيجي. مواضيع قد تهمك نهاية وتقرب هذه الانتصارات السريعة تنظيم داعش من تحقيق حلمه بانشاء
384,"وكانت البنوك القبرصية قد علقت نشاطها على مدار الأسبوع للحيلولة دون زيادة عمليات السحب على الودائع، وسوف يظل النشاط المصرفي معلقا حتى يوم الثلاثاء المقبل. وتشترط خطة تقديم قرض مساعدات من الاتحاد الاوروبي وصندوق النقد الدولي بقيمة 10 مليارات يورو توفير قبرص 7 مليارات يورو. ويقترح المسؤولون القبارصة حاليا انشاء صندوق استثمارات حكومي وطرح سندات بهدف جمع 5.8 مليار يورو. كما سيجري جمع 1,2 مليار يورو الباقية من خلال عمليات خصخصة مع زيادة قيمة الضريبة المحصلة على رأس المال ومعدل الضريبة على الشركات. مواضيع قد تهمك نهاية ومازالت تفاصيل الخطة الجديدة محل اعداد، وليس واضحا ما اذا كانت ستطرح الى التصويت في البرلمان يوم الخميس. صندوق تضامن كان البنك المركزي الاوروبي قد حذر من احتمال وقف التمويل الطارئ يوم الاثنين إن اخفقت قبرص في الاتفاق على خطة انقاذ حيوية قبل ذلك الموعد."
385,"عرضت شركة مايكروسوفت نسخة تجريبية لخدمة الترجمة الفورية للمكالمات التي تجري على سكايب، وتعتبر هذه المرة الأولى التي تقدم فيها شركة برامج الكمبيوتر العملاقة هذا الابتكار التكنولوجي الجديد في الولايات المتحدة. وقال ساتيا ناديلا الرئيس التنفيذي خلال مؤتمر تكنولوجي في رانتشو بالوس فرديز في كاليفورنيا، إن ما يطلق عليه اسم مترجم سكايب يسمح للمتحدثين بلغات مختلفة أن يسمعوا كلمات من يتحدث معهم بلغتهم الأم. ووصف ناديلا هذه التكنولوجيا الجديدة ""أنها ستضمن التواصل مع أي شخص دون حواجز اللغة."" وأصبح ناديلا رئيسا تنفيذيا لمايكروسوفت في فبراير شباط، ويحرص على استعادة موقع الريادة التكنولوجية لشركته بعد نحو عشر سنوات من التراجع أمام منافستيها آبل وجوجل. ويصف ناديلا التكنولوجيا الجديدة بأنها ""ساحرة"" لكنه قال"
386,أعلنت الشرطة الألمانية أن ثمانية أشخاص، بينهم سبعة أطفال، لقوا حتفهم إثر اندلاع حريق هائل الأحد (10 آذار مارس 2013) في مبنى سكني ببلدة باكنانغ في جنوب غرب ألمانيا. وقال المتحدث باسم الشرطة كلاوس هيندرر إن هويات الضحايا لم تحدد بعد. وأصيب ثلاثة أشخاص نقلوا إلى المستشفى لتلقي العلاج في المستشفى. من جانبه أعلن متحدث باسم السفارة التركية بألمانيا اليوم الأحد أن السفير التركي في برلين يعتزم التوجه إلى بلدة باكنانج لمعاينة موقع الحريق الذي شب هناك وأسفر عن مقتل ثمانية أشخاص من أصول تركية. وأضاف المتحدث أن القنصل العام التركي في شتوتغارت قد وصل صباح اليوم إلى البلدة لمعاينة موقع الحادث. وكان القنصل التركي في ألمانيا مصطفى توركر آري قد وصل إلى البلدة صباح اليوم الأحد (الموافق 10 آذارمارس 2013) لمعاينة
387,"دعت اشتون الى معالجة الاخطاء فقد نقلت الانباء عن مسؤول في حزب مؤتمر بجا في مدينة بور سودان قوله ""اننا شاهدنا اعضاء الحزب الحاكم وهم يفرغون صناديق الاقتراع بعد انتهاء عمليات الاقتراع كما قاموا بطرد مراقبي الاحزاب الاخرى من مراكز الاقتراع خلال عمليات الاقتراع والفرز"". بينما نقلت رويترز عن مرشح المؤتمر الديمقراطي لشرقي السودان طاهر علي قوله ان لجان الفرز قد الغت نسبة كبيرة من الاصوات التي حصل عليها في احد الصناديق اذ وصلت الى 485 صوتا من اصل 600. ترحيب من جهة اخرى رفض مسؤول في الحزب الحاكم الاتهامات الامريكية بان الانتخابات السودانية لم تكن ""نزيهة ونزيهة"" بينما رحب باعلان واشنطن عن استمرارها في التعاون مع الحكومة السودانية في الشمال والجنوب للسير قدما في تطبيق البنود المتبقية من اتفاقية السلام بين الشمال والجنوب. وقال المسؤول في الحزب"
388,"وزير الطاقة الروسي يقول إن التعاون الاقتصادي بين بلاده وتركيا يجب أن يستمر رغم التوتر الحالي في العلاقات بين البلدين، وأن موسكو مستعدة لإمداد الغاز الطبيعي عبر البحر الأسود والأراضي التركية متفاديا المرور بأوكرانيا. وأكد نوفاك، في مؤتمر صحفي عقده في موسكو، الاثنين، أن ""روسيا تمتلك غاز وهو رخيص بشكل كاف وتحظى بالبنية التحتية الضرورية، لذا فإننا مستعدون لإمدادات الغاز الطبيعي ورفع أحجامه"". وأوضح نوفاك أنه برغم ""التوتر الحالي"" في العلاقات، فإنه ""يجب استمرار التعاون الاقتصادي والتجاري"". وتتلقى تركيا، وهي خامس شريك تجاري لروسيا حتى دخول العقوبات حيز التنفيذ، من موسكو أكثر من 50 في المئة من احتياجاتها من الغاز (30 مليار متر مكعب)، بجانب ثلث واردات النفط. وقبل اندلاع الأزمة، طالبت أنقرة كونسورت"
389,"إلا أن عددا من تلك القنوات باتت تلعب دورا سلبيا في الاقتتال الطائفي الذي تشهده عدد من بلدان المنطقة ولا سيما الصراع في سورية والعراق. وقد ناقشنا معكم العام الماضي تأثير مثل هذه القنوات، وعلى وجه الخصوص، تلك ذات الطابع الديني. وكان ذلك النقاش اثر بث قناة بي بي سي العربية فيلما وثائقيا بعنوان "" اثير الكراهية"" تم من خلاله رصد ست قنوات دينية، من بينها قنوات سنية وشيعية، من اشد القنوات تطرفا في عدائها وهجومها على الطائفة الاخرى. وقد قامت السلطات في العراق في عام 2013 بتعليق رخص البث لعشر قنوات فضائية عراقية وعربية بتهمة التحريض على ""العنف الطائفي"". مواضيع قد تهمك في هذه الحلقة من ""الحياة في إسرائيل"" تتناول هذه الحلقة موضوع ""القنوات الدينية"" التي تتناولها هذه الحلقة"
390,في المباراة الافتتاحية للموسم الكروي 2009  2010 حقق بطل الدوري فريق شتوتغارت فوزا كبيرا على ضيفه فريق شتوتغارت بهدفين مقابل لا شيء. في اللقاء الذي أقيم أمام 30 ألف مشجع في فولفسبورغ وشاهده بشكل مباشر مشجعون من 180 بلدا سجل الفريقان بداية حذرة وحاول كل منهما جس نبض الآخر قبل أن يرمي بكل ما لديه إلى الأمام لتحقيق هدف السبق. وهكذا جاء الشوط الأول متكافئا مع توفر بعض الفرص الجيدة لكلا الفريقين، جاءت أفضلها في الدقيقة 16 حيث سدد لاعب خط وسط فريق شتوتغارت سامي خظيرة، التونسي الأصل، كرة رأسية قوية تصدى لها حارس مرمى فلفسبورغ السويسري بنغاليو بصعوبة. وبعد 3 دقائق أنقذ حارس مرمى شتوتغارت يينس ليمان
391,"زعيم ""بوكو حرام"" أبو بكر شيكاو قد أعلن الشهر الماضي مبايعة زعيم تنظيم ""الدولة الإسلامية"" في أبو بكر البغدادي ""خليفة"". وعلى عكس المألوف عن مسلحي ""داعش""""، لم يغط المسلحون وجوهم في الصور التي تداولتها حسابات على مواقع التواصل الاجتماعي مرتبطة ب ""داعش"". ويعتقد أن هؤلاء المسلحين قتلوا بالفعل في مواجهات، حيث وصفوا بأنهم ""شهداء"". ولم يتسن التأكد من صحة الصورة من مصادر مستقلة. وكان زعيم ""الجهاد"" أبوبكر شيكاوقد أعلن الشهرالماضي مبايعة لزعيم تنظيم ""الله الإسلامية"" (خليفة"". مواضيع قد تهمك نهاية وجاءت بيعة بوكو حرام بعد بيعات مماثلة أعلنتها مجموعات مسلحة في عدد من الدول الأفريقية والآسيوية. وحث تنظيم ""داعش "" المقاتلين الذين لا يتسنى لهم"
392,تعرض سترة سوداء شهيرة ارتداها المغني الراحل مايكل جاكسون خلال أولى جولاته الغنائية المنفردة في مزاد الشهر المقبل وقد تباع بسعر يصل إلى 100 ألف دولار. وقالت دار جوليان للمزادات الجمعة (26 تشرين الأول أكتوبر) إن جاكسون ارتدى السترة خلال جولة غنائية عالمية لألبومه الشهير (باد) استمرت من عام 1987 حتى عام 1989. ويحمل ظهر السترة توقيع جاكسون. وتعد السترة، المزودة بالعديد من السحابات والأحزمة، أحد أبرز الأزياء، التي ارتداه المغني الراحل إلى جانب سترته الجلدية ذات اللونين الأحمر والأسود، التي اشتراها في فيديو أغنيته (ثريلر) وبيعت في مزاد عام 2011 بسعر 1.8 مليون دولار. وأصبحت متعلقات جاكسون من أكثر مقتنيات المشاهير، التي تحظى بالاهتمام منذ وفاته المفاجئة في 2009
393,"في البداية كانت تراودني تلك الفكرة الذكورية التقليدية: ""أنا منقذها""، هكذا فكر تامي فايسنبيرغ عندما تعرف على شريكة حياته الجديدة. وأخبرته بتجربتها مع العنف والضرب في العلاقة القديمة والحزن. وهذا أثر عليه وأراد مساعدتها وإنقاذها. وتبين أن الرجال يمكن أن يكونوا على طبيعة مختلفة. يتفهمون ويراعون. ""وأن يكون كل ذلك فقط ذريعة لكسب شخص يمكن استغلاله، فهذا لم يلاحظه""، كما يقول فايسنبيرج اليوم. وعلى هذا النحو دخل في علاقة وخيمة العواقب طوال ست سنوات. وتامي فايسنبرغ رجل لديه ثقة بنفسه وهو رجل طويل القامة، يروي قصته بهدوء. تامي كضحية؟ وعندما يحكي ذلك لا يمكن تصور ما يقول. ولكن ذلك حكم مسبق تقليدي بأن الضحية يجب أن"
394,"اثنان وعشرون لاعبا يرتدون قمصانا حمراء كلأول مرة في تاريخ كأس العالم لكرة القدم، ويتدربون على أرض ملعب فيصل الحسيني في مدينة الرام قرب رام الله. تحدوهم رغبة كبيرة في تحقيق حلمهم في أن يصبحوا منتخبا لكرة القدم يمثل دولة غير موجودة بعد. حلم الكثيرين هذا حققه جبريل الرجوب، رئيس الاتحاد الفلسطيني لكرة القدم الذي تمكن من نقل مباريات المنتخب الفلسطيني إلى أرضه. ويقول الرجوب ""هذه أول مباراة لمنتخب فلسطيني، تحت راية فلسطينية ونشيد وطني فلسطيني على أرض فلسطينية"". هكذا يصف الرجل الذي استطاع الحصول على اعتراف من الفيفا للمنتخب الفلسطيني على أنه ممثل لدولة فلسطين. يصف المباراة الأولى على أرض فلسطين. مشيرا إلى أن ""إنشاء منتخب يمثل دولة هو إشارة حياة إلى الدولة نفسها وضرورة مهمة لاستقرار هذه الدولة"
395,"كانت السيارة أمباسادور في وقت من الأوقات سيارة السياسيين ومسؤولي الحكومة في الهند ومنذ بدء التصنيع عام 1957، لم يتغير تصميم السيارة - التي تحاكي السيارة موريس أوكسفورد البريطانية - إلا بشكل محدود. وكانت الشركة الهندية هندوستان موتورز، أكبر شركة لصناعة السيارات في الهند، لم تبع السيارة في العام المالي المنتهي في مارس آذار الماضي. لكن الشركة لم تبع سوى 20 سيارة فقط خلال العام المالي الماضي، في حين لم تبع أي سيارة في الوقت نفسه. ولم تبع الشركة الهندية أي سيارة من طراز أوتاربارا، التي تحاكي سيارة موريس أواكسفورد البريطانية، إلا 2200 سيارة فقط. لكن لم تبع الشركة أي سيارة منذ ذلك الحين، حيث لم تبع حتى الآن سوى 2200 سيارة. وقالت هندوتان موتورز في بيان إن قرارها مبني على """
396,"قالت صحيفة ""نويه أوزنابروكر تسايتونغ"" الألمانية الصادرة اليوم الخميس (الثاني من تشرين الثانينوفمبر 2017)، إن المحاكم الألمانية سجلت حتى يوم الثلاثين من حزيرانيونيو الماضي أكثر من 320 ألف قضية يتم النظر فيها، بينما لم يكد العدد المسجل في العام السابق يصل إلى 69 ألف قضية، ما يعني أن العدد تضاعف أربع مرات ونصف. واستندت الصحيفة في ذلك إلى رد وزارة الداخلية الألمانية على استجواب، تقدم به حزب اليسار في البرلمان الألماني. كان اتحاد قضاة المحاكم الإدارية الألمان دق ناقوس الخطر في الصيف الماضي، غير أن رئيس الاتحاد، روبرت زيغميلر، قدر العدد في ذلك الوقت بحوالي 200 ألف قضية للعام 2017 كاملا، فيما ذكر التقرير اليوم أن هذا العدد تم تجاوزه بصورة كبيرة. وكان العام الماضي قد"
397,"أعرب الرئيس الأميركي باراك اوباما عن أمله اليوم الأربعاء (15 تموزيوليو 2015) في أن تغير إيران سلوكها ""الشائن"" بعد التوقيع على الاتفاق النووي مع الدول الكبرى، مشيرا إلى أنه لا يراهن على ذلك. وذكر في مؤتمر صحافي في البيت الأبيض ""هل سنحاول تشجيعهم (الإيرانيين) على تبني نهج بناء أكثر؟ طبعا، ولكننا لا نراهن على ذلك""، مضيفا ""بعكس الوضع في كوبا، نحن لا نقوم هنا بتطبيع العلاقات الدبلوماسية"" مع إيران. كما تحدث اوباما عن مخاوف إقليمية بشأن الاتفاق مع إيران حول برنامجها النووي، خصوصا المخاوف الإسرائيلية والخليجية. وقال اوباما إنه يشاطر إسرائيل والسعودية والشركاء الخليجيين المخاوف بشأن شحنات السلاح الإيرانية إلى حزب الله وإلى حلفائها الآخرين في مناطق أخرى وتسببها في صراع بالمنطقة. وشدد الرئيس الأمريكي"
398,تتنازع الهند وباكستان السيادة على كشمير وتعد سريناغار عاصمة القسم الذي تسيطر عليه الهند من إقليم كشميرالمتنازع عليه بين الهند وباكستان. وكان الجنديان يتسوقان قرب حديقة إقبال عندما تعرضوا للنيران بصورة مفاجئة وقامت العناصر الطبية بنقل الجندي المصاب إلى إحدى المستشفيات لتلقي العلاج. ويشهد إقليم كشمير حركة مسلحة ضد الوجود الهندي فيه منذ عام 1989 حيث يشهد الإقليم انتشارعشرات الآلاف من عناصر الشرطة والجيش الهنديين. وقالت وسائل إعلام هندية إن الجنديين لم يكونا مسلحين إن المهاجمين فتحوا عليهم النار من مسدسات مزودة بكواتم للصوت. مواضيع قد تهمك نهاية من جانبها أكدت الشرطة الهندية في الإقليم أن عملية مطاردة للمشتبه فيهم قد بدأت بالفعل كما تم فرض طوق أمني حول المنطقة التى شهدت إطلاق النار. وخلال الأعوام الأخيرة تراجعت حدة أعمال العنف
399,"حكم القضاء البلجيكي الخميس (الرابع من شباطفبراير 2021) بالسجن 20 عاما على دبلوماسي إيراني بعد إدانته بتهمة التخطيط لهجوم كان سيستهدف تجمعا لمعارضين للنظام الإيراني قرب باريس العام 2018، في عقوبة رحب بها المدعون. وجاءت عقوبة السجن في حق أسد الله أ. (49 عاما) الذي جرت محاكمته مع ثلاثة شركاء مفترضين وينفي الوقائع، مطابقة لطلب النيابة العامة الفدرالية البلجيكية المختصة بشؤون الإرهاب. وقضت محكمة انتويرب في شمال البلاد أيضا بسجن ثلاثة بلجيكيين من أصل إيراني في تهم التواطؤ، فترات تراوح بين 15 و18 عاما وإسقاط الجنسية البلجيكية عنهم. وكان الادعاء طلب هذه العقوبة القصوى خلال المحاكمة التي جرت في نهاية تشرين الثانينوفمبر في المحكمة الجنائية للمدينة الساحلية الفلمنكية. إيرلن تدين ""بشدة"" حكم"
400,الليبي سوف يمثل أمام المحكمة مرة أخرى يوم 12 من شهر ديسمبر كانون الأول المقبل. وكانت قوة أمريكية خاصة قد اعتقلت الليبي، واسمه الحقيقي هو نزيه عبد الحميد الرقيعي، في عملية مداهمة داخل مدينة طرابلس الليبية في وقت سابق من الشهر الحالي. وقال مصدر مشارك في القضية لبي بي سي إن الحكومة الليبية وكلت محاميا للدفاع عن الليبي، الذي يواجه اتهامات بأنه له صلات بتنظيم القاعدة وبالضلوع في تفجير سفارتي الولايات المتحدة في كينيا وتنزانيا عام 1998. وأنكر الليبي تهم الإرهاب الموجهة إليه. وظهر المتهم، البالغ من العمر 49 عاما، في المحكمة لمناقشة مسألة تمثيله القانوني. وقال متحدث باسم وزارة الخارجية الليبية إنه لا يملك القدرة المالية على توكيل محام للدفاع عن موكله، غير أنه قال إنه لا يوجد تضارب في المصالح في حالة استمراره
401,تعزيزات عسكرية سعودية تنقل في نجران قرب الحدود مع اليمن. وأرسل الحوثيون - بحسب ما ذكره مسؤولون وشهود عيان - تعزيزات إلى الجنوب، حيث لا تزال مدينة عدن، وهي الهدف الذي يسعون إلى السيطرة عليه، بعيدة المنال، ربما بسبب الغارات السعودية. ونقلت وكالة أسوشيتيدبرس عن سكان أن الحوثيين، وقوات الرئيس السابق علي عبدالله صالح، هاجموا مدينة الضالع، إحدى البوابات الرئيسية لعدن، بقصف عشوائي. واهتزت أرجاء تعز، وإب، غربي اليمن، وعدن، في الجنوب، حينما أغارت الطائرات السعودية الحربية - في 20 ضربة جوية على الأقل - على مواقع للحوثيين وحلفائهم، بحسب ما قاله شهود. واستهدفت الضربات الحوثيين في جنوب ووسط اليمن إلى جانب وحدات من الجيش موالية لهم في مدينة الحديدة بغرب البلاد. مواضيع
402,"أحد الشبان المصريين في مظاهرة لإحياء ذكرى ثوة الخامس والعشرين من يناير وتستقبل مصر ذكرى هذا العام مع بدء البرلمان المصري الجديد دورة تشريعية هي الأولى بعد توقف دام ثلاث سنوات. وجاء انتخاب البرلمان نهاية العام الماضي، ليكون الاستحقاق الثالث والأخير من خطة خريطة الطريق التي أعلنت بعد الثلاثين من يونيوحزيران 2013. وبشكل عام فقد شهدت الأوضاع الأمنية في مصر تحسنا كبيرا في الفترة الأخيرة بعد أن تدهورت بشكل ملحوظ عقب الثورة التي اندلعت عام 2011. إلا أن مصر تواجه بين الحين والأخر هجمات في شبه جزيرة سيناء يقوم بها تنظيم ""الدولة الإسلامية"" سقط فيها مئات القتلى من جنود الجيش والشرطة. مواضيع قد تهمك نهاية أما على الصعيد الاقتصادي ، فهناك مشكلات كبيرة لا يزال الاقتصاد المصري يعاني منها وتؤثر على مستوى معيشة غالبية المواطنين. من أبرز تلك"
403,"قال الرئيس اوباما إن منافسته السابقة اكثر تأهلا لمنصب الرئاسة من اي شخص آخر وقال ترامب في تجمع انتخابي في ولاية نورث كارولينا إن قرار مكتب التحقيق الاتحادي عدم توجيه أي تهم جنائية الى كلينتون يعد اكبر اثبات بأن النظام الامريكي مزور. وكان مدير مكتب التحقيق الفدرالي جيمس كومي قال في وقت سابق إن كلينتون كانت مهملة في طريقة تعاملها مع المعلومات الحساسة، ولكن لا يوجد اي مبرر لتوجيه تهم جنائية اليها لأنه لا توجد اي ادلة على انها كانت تتعمد مخالفة القانون. الا ان ترامب، الذي كان يتحدث في مدينة رالي بولاية نورث كارولينا، لم يقتنع بهذا التفسير وقال إن النظام برمته مصمم لحماية كلينتون وزوجها الرئيس الاسبق بيل، واصر على ان وزيرة الخارجية السابقة ""عرضت البلد بأسره للخطر"" وان بريدها الالكتروني قد يكون مخترقا"
404,بعدما أفلت فريق فولفسبورغ الألماني من كمين ضيفه فورتونا دوسلدورف وانتزع منه تعادلا ثمينا 11 الجمعة في افتتاح مباريات المرحلة 26 من الدوري الألماني لكرة القدم (بوندسليغا)، أقيمت عصر السبت (16 مارس آذار 2013) خمس مباريات في نفس المرحلة حفل بعضها بالإثارة والمتعة وغرابة النتائج. فعلى ملعب دورتموند الذي امتلأت مدرجاته عن آخرها ب 80 ألف متفرج فاجأ فريق فرايبورغ الجميع وتقدم على مضيفه بوروسيا دورتموند بهدف في الدقيقة 28 سجله الفرنسي جوناثان شميد لاعب فرايبورغ. وربما كان من الأفضل لفرايبورغ ألا يحرز هذا الهدف، إذ إن نجوم دورتموند الشباب انتفضوا بعده وأمطروا شباك الضيوف بخمسة أهداف متتالية على مدار شوطي المباراة. وكانت حصة الدولي البولندي المتألق روبرت ليفاندوفسكي
405,"بعد مرور أكثر من سنة على اعتقال العشرات من نشطاء الاحتجاجات الشعبية التي شهدتها مناطق في الريف بشمال المغرب في إطار ما سمي ""الحراك الشعبي""، وبعد عشرات الجلسات القضائية الطويلة أصدرت غرفة الجنايات الابتدائية بمحكمة الاستئناف في الدار البيضاء، أحكاما بالسجن النافذ والغرامة على 52 ناشطا، تراوحت بين 20 سنة، و 15 سنة، على خمسة متهمين، و 10 سنوات، على ثلاثة متهمين، وعلى ثلاثة متهمين اثنين، وعشر سنوات على أربعة متهمين، والعشرة على متهمين اثنين. وتوزعت أحكام السجن النافذ على 52 متهما، و 20 سنة على خمسة، والخمسة على ثلاثة، والثلاثون على ثلاثة. كما سبق الحكم على أربعة نشطاء، منهم محمد الزفزافي، ونبيل أحمجيق ووسيم البوست"
406,"تحدى المالكي دعوات السنة والأكراد وبعض الشيعة وإيران بالتنحي جاء ذلك اثر اتهام رئيس الوزراء العراقي نوري المالكي للرئيس العراقي بالانقلاب على الدستور وذلك في كلمة متلفزة شديدة اللهجة أوضح فيها تمكسه بالسعي لولاية ثالثة في الحكم. وقالت ماري هارف الناطقة باسم وزارة الخارجية الأمريكية في بيان ""نؤيد بشكل كامل الرئيس العراقي فؤاد معصوم كضامن للدستور العراقي"". وقالت هارف في بيان إن ""الولايات المتحدة تؤيد بشكل كامل رئيس الحكومة العراقية فؤاد معصوم كرئيس للحكومة العراقية. كما تؤيد الولايات المتحدة رئيس الجمهورية العراقي فؤاد المالكي كضاضامن ورئيس للحكومة العراقية نوري المالكي كرئيس للحكومة. وقال مكجورك نائب مساعد وزير الخارجية الأمريكي قد ردد نفس الكلام في تغريدة على توتير في وقت سابق. وكانت واشنطن قد القت باللائمة على المالكي في إشعال الأزمة الأمنية"
407,"أعلن محرك البحث العملاق ""غوغل"" توسيع نطاق خدمته الخاصة بوسائل النقل ""غوغل فلايتس"" ليشمل خطوط السكك الحديدية الألمانية (دويتشه بان). وأعلن ""غوغل""، أن المحرك سيشمل رحلات قطارات شركة ""دويتشه وبان"" حتى يتمكن المسافرون من المقارنة بين زمن وتكاليف الرحلات الجوية ورحلات القطارات، التي غالبا ما تكون أقل تكلفة وتتمتع بنفس السرعة بالنسبة للرحلات الداخلية في ألمانيا، بفضل القطارات فائقة السرعة التي تربط بين مراكز المدن. ويشمل محرك ""غوغلفلايتس"" بالفعل جداول مواعيد وأسعار تذاكر رحلات القطارات في إسبانيا وإيطاليا، حيث يتم إدراج خطوط السكك السكك الحديدية في نتائج البحث مثل رحلات الطيران. ومن المفترض أن تشمل الخدمة الجديدة 56 هدفا وحوالي 400 رحلة في ألمانيا وشمال أوروبا. وكشريك ومصدر لبيانات رحلات القطارات، يمكن ل""غوغل"
408,"""طواعية وآمن وفي كرامة"": هذه هي الشروط المطلوبة لعودة اللاجئين السوريين إلى الجزء الشمالي من سوريا. وعلى هذا النحو وصف الأمين العام للأمم المتحدة، أنطونيو غوتريش الجمعة في حديث مع الرئيس التركي رجب طيب اردوغان توقعات الأمم المتحدة. وعقب اللقاء أعلن غوتريش أن المفوضية السامية لللاجئين ستكلف فريق خبراء ببحث المخططات وإجراء مفاوضات إضافية مع السلطات التركية. وقال غوتريش إن المفوضية ستكلف فريقا من الخبراء ببحث مخططات إعادة توطين اللاجئين السوريين المقيمين حاليا في تركيا. وأضاف أنه من الممكن أن يعود اللاجئون إلى تركيا بعد نهاية العملية العسكرية ""درع الفرات"" في نهاية عام 2016. لكن هل سيعود اللاجئون فعلا طواعية؟ منظمة العفو الدولية تشك في هذا. المنظمة تشك أيضا في هذا الأمر. ويفيد تقرير للمنظمة أن لاجئين سوريين أعلنوا أنهم أجبروا تحت"
409,"حذر وزير الدفاع الألماني توماس دي ميزير مجددا من التدخل العسكري في الصراع السوري، ففي مقابلة مع القناة الأولى بالتلفزيون الألماني (ايه آر دي)، قال الوزير المنتمي إلى حزب المستشارة انغيلا ميركل المسيحي الديمقراطي، مساء أمس الأحد (12 مايوأيار2013) إن مثل هذا التدخل سيكون ""مكلفا للغاية ومليئا بالخسارة"". واستبعد الوزير إمكانية التحكم ""من الخارج"" بشكل جيد في مجريات الأمور في حال اللجوء لهذا الاختيار ""السيئ"". تأتي هذه التصريحات بعد يومين من انفجار سيارتين مفخختين في بلدة الريحانية التركية على الحدود مع سورية وقد أدى هذان التفجيران إلى مقتل 46 شخصا على الأقل. وتحوم الشبهات حول وقوف النظام السوري وراء هذا الهجوم. واختتم الوزير الألماني تصريحاته بالقول:""نحن يائسون بل"
410,يفر المهاجرون من الاضطهاد الديني في ميانمار وقالت المفوضية إنها ستوفر مواد الإغاثة الطبية والإعاشية المطلوبة لكي تستقبل ماليزيا مزيدا من اللاجئين. وقررت ماليزيا غلق مياهها الإقليمة أمام قوارب اللاجئين من الروهينغا الفارين من ميانمار. وترفض كلا من إندونيسيا وتايلاند أيضا استقبال اللاجئين سواء من ميانمار أو بنغلاديش التى يهاجر بعض أبنائها نتيجة الفقر. وتستضيف ماليزيا حاليا أكثر من 45 الف لاجيء من الروهينغا لمدة زادت على العام حسب إحصاءات الأمم المتحدة. مواضيع قد تهمك عن اللاجئين الروهينغا في المياه الإقليمية في كل من ماليزيا وإندونيسيا وتايلاند والفلبين وبورملادش وميانمار وبورما وبورو وبوريزى ونيبال وبورونى ونيبولو والفلبين. وقالت المفوضية في بيان لها إنها على استعداد لاجراء مقابلات مع المهاجرين لتحديد ما
411,قالت وزارة الآثار المصرية إنها عثرت على ثماني مقابر أثرية في ملوي بمحافظة المنيا تمثل بداية كشف عن جبانة جديدة ترجع إلى نهاية العصور المصرية القديمة وبداية العصر البطلمي، أي إلى حوالي 3 آلاف عام. وقال وزير الآثار خالد العناني إن البعثة عثرت على مجموعة من المقابر الخاصة بكهنة الإله تحوت وهو المعبود الرئيسي للإقليم الخامس عشر وعاصمته مدينة الأشمونين. وأضاف أن إحدى هذه المقابر تخص أحد كبار كهنة تحوت وكان يدعى (حر سا ايسة) وكان يحمل لقب (أشمونين) وهو أحد الألقاب التي كان يلقب بها كبار الكهنة تحوت بالأشمون. وتضم المقبرة 13 دفنة عثر بداخلها على عدد هائل من تماثيل الأوشابتي المصنوعة من الفيانس الأزرق، منها أكثر من 10 تمثال كامل ومئات أخرى
412,"تحدث بابا الفاتيكان البابا بنديكت السادس عشر اليوم الأربعاء (27 فبرايرشباط 2013) عن أبرز الوقائع في فترته الباباوية التي استمرت لنحو ثماني سنوات، وذلك خلال عظته العامة الأخيرة عشية دخول موعد استقالته حيز التنفيذ. وقال البابا إن الوقت، الذي قضاه كقائد للكنيسة الكاثوليكية، ""كانت به أوقات من البهجة والنور، ولكن أيضا كانت به أوقات لم تكن سهلة"". وعقد البابا مقارنة بين الكنيسة والسفينة التي كانت تحمل القديس بطرس وتلاميذ المسيح في بحرية طبريا. وقال ""أعطانا الرب العديد من الأيام المشمسة والنسيم العليل، أيام يمكننا فيها صيد الكثير من السمك، وهناك أيضا أوقاتا كانت عاصفة ورياح معاكسة، مثلما كان يحدث عبر تاريخ الكنيسة"". وألقى البابا عظتها الأخيرة أمام 150 ألف"
413,"ترامب يدعو إلى العمل مع روسيا بطريقة بناءة وقد شكر فلاديمير بوتين نظيره الأمريكي، دونالد ترامب، على المعلومات الاستخباراتية في مكالمة بينهما، حسب البيت الأبيض. وكشفت السلطات الروسية أنه خطط لتنفيذ الهجوم يوم السبت. وجاء في بيان البيت الأبيض أن ""إرهابيين"" اعتقلوا قبل هجوم ""ربما أسفر عن مقتل عدد كبير من الناس"". وقالت وكالة الاستخبارات الروسية (أف سي أيه) الجمعة في بيان إنها اعتقلت 7 أعضاء في خلية تدعم تنظيم الدولة الإسلامية، وصادرت كمية كبيرة من المتفجرات والأسلحة والمنشورات المتطرفة. وقال الكرملين إن الجماعة كانت تخطط لتفجير كاتدرائية وأماكن عامة أخرى وقتل الناس في ثاني أكبر مدن روسيا. وأخبر بوتين ترامب أن الاستخبارات الروسية ستقدم معلومات عن التهديدات الإرهابية للولايات المتحدة، حسب بيان الكرملين. وتعتقد وكالات استخباراتية أمريكية، من بينها سي"
414,"قالت جماعة الإخوان المسلمين في بيان أصدرته إنها ستتعاون مع السلطات البريطانية بكل شفافية في المراجعة التي أمر رئيس الوزراء ديفيد كاميرون بإجرائها، إلا أنها ستطعن في ""أي محاولة غير ملائمة لتقييد نشاطها"" أمام القضاء البريطاني. وقال البيان الذي صدر مساء أمس الأربعاء (الثاني من أبريل نيسان 2014) إن الجماعة تشعر بالقلق لأن المراجعة سيقودها السفير البريطاني في السعودية جون جينكنز. وكانت السعودية قد أدرجت الجماعة على لائحة المنظمات الإرهابية الشهر الماضي بعد خطوة مماثلة اتخذتها مصر في ديسمبر كانون الأول الماضي. وقالت الجماعة في بيان، الذي أصدره مكتب الجماعة الصحفي في لندن: ""من المهم ألا تنحني الحكومة البريطانية للضغوط من الحكومات الأجنبية التي يقلقها سعي شعوبها للديمقراطية."" وتابع: ""ومن الصعب تفهم الكيفية التي سيدير بها السير جون"
415,"بعد يومين من الاعتداء الإرهابي على سياح في منتجع سياحي بمدينة الغردقة، تكثف السلطات المصرية تحقيقاتها مع المتهم بمقتل سائحتين ألمانيتين طعنا بالسكين وإصابة أربع أخريات من أوروبا الشرقية. كما تشن قوات الأمن والجيش حملة واسعة في مناطق مختلفة من البلاد ضد مواقع لعناصر مشتبه في انتمائها لتنظيمات إسلامية متشددة، بدءا من الحدود الغربية مع ليبيا والسودان ووصولا إلى سيناء شمالا، بالإضافة إلى حملة أمنية واسعة ضد ""العناصر الإرهابية"" المشتبه في انتمائهما لتنظيم ""الدولة الإسلامية"" (داعش) في سيناء، مرورا بالحدود الغربية مع مصر، وصولا إلى الحدود الشرقية مع ليبيا، ووصولا للحدود الغربية مع الجزائر، مرورا بالمرتفعات الجبلية في شمال سيناء، وصولا حتى مدينة ""دفر"" الساحلية في جنوب مصر، التي شهدت أمس السبت"
416,"مقاتلو داعش سيطروا على الموصل وقال أثيل النجيفي محافظ "" نينوى"" والتي تعد الموصل مركزها الرئيسي إن قوات الأمن والجيش العراقي في المدينة انهارت بصورة سريعة في مواجهة هجمات ""داعش"" في حين نقلت وكالة ""رويترز"" للأنباء عن مسؤول أمني في ""نينوى"" قوله إنه وبدون تدخل عاجل من قوات الدعم فإن الموصل قد تسقط في أيدي المسلحين في غضون أيام مشيرا إلى أن "" ""مسلحي الدولة الإسلامية في العراق والشام على بعد ثلاثة كيلومترات فقط من معسكر الغزلاني العسكري"". وكانت القوات العراقية قد اقتحمت مدينة سامراء قبل أكثر من ثلاث سنوات في أعقاب هجوم شنه مسلحو ""الدولة الإسلامية"" على مشارفها قبل أسبوع. ولا يبدو الجيش العراقي في وضع أفضل من وجهة نظر باحثين ومراقبين، وهم يرون أن الجيش العراقي لا يبدو في"
417,سقط العديد من القتلى والجرحى خلال الاعتداء الذي تعرضض له سوق في أورومتشي وقالت وكالة أنباء شينخوا إن أحدى المركبتين انفجرت خلال الاعتداء صباح الخميس. وأضافت الوكالة نقلا عن شهود عيان إن المركبتين صدمتا المتسوقين في سوق مكشوفة في مدينة أوروم تشي الساعة السابعة والنصف صباح الخميس،مشيرة إلى أنه تم القاء متفجرات من المركتبين وانفجرت إحدى المركبتين. وأكد شهود العيان سماع دوي انفجارات متعددة في مكان الاعتداء. وكانت الصين ألقت اللوم في سلسلة من الهجمات العنيفة في الشهور الأخيرة على انفصاليين من منطقة شينجيانغ موطن طائفة اليوغور. مواضيع قد تهمك:
418,"أرسل حزب الله اللبناني تعزيزات من عناصر النخبة إلى مدينة القصير وسط سوريا حيث يخوض معارك عنيفة إلى جانب القوات النظامية التي تقصف المدينة اليوم الثلاثاء (21 مايو أيار 2013) بشكل عنيف بالطيران الحربي والمدفعية. وقال مدير المرصد السوري رامي عبد الرحمن في اتصال هاتفي ""قتل 31 عنصرا من حزب الله على الأقل منذ الأحد، إضافة إلى 68 مقاتلا معارضا بينهم ستة مجهولو الهوية"". وعرضت قناة ""المنار"" التلفزيونية التابعة لحزب الله لقطات لتشييع خمسة عناصر من الحزب أمس في الضاحية الجنوبية لبيروت والبقاع (شرق)، مشيرة إلى أن هؤلاء قضوا ""خلال أدائهم واجبهم الجهادي"". وأفاد مصدر مقرب من الحزب فرانس برس أن العدد الأكبر من عناصره قتلوا بسبب الألغام التي زرعها المقاتلون المعارضون في المدينة. وأضاف المصدر"
419,في بلدة أرنشفنغ البافارية، طعن طالب لجوء أفغاني طفلا، في الخامسة من عمره، بالسكين حتى الموت في مخيم للاجئين. والدة الطفل هي الأخرى تعرضت إلى إصابات بليغة. وشهد أخ الضحية ( 6 أعوام) هذه المأساة، فيما لقي الطفل حتفه برصاص الشرطة. حتى الأن، لازالت دوافع الحادث وتفاصيله غير واضحة. لكن تقارير أشارت إلى أن القاتل مدان من قبل ويحمل سوارا إلكترونيا. من مجرم إلى طالب لجوء! في عام 2005، قدم طالب اللجوء المدان إلى ألمانيا بتأشيرة قانونية. وكان يعيش مع أسرته في شقة بمدينة ميونخ جنوب ألمانيا. في عام 2009 حكم عليه بالسجن لمدة خمس سنوات وعشرة أشهر. والسبب هو: إضرامه النار بشكل متعمد في الشقة التي كان يقطنها. وقررت السلطات في ميونيخ ترحيل الشاب الأفغاني
420,"قال المرصد السوري لحقوق الإنسان أن قصفا لقوات النظام السوري السبت (23 نيسان أبريل 2016) أسفر عن مقتل وإصابة أكثر من 50 شخصا على الأقل في مدينة حلب في شمال البلاد ومدينة دوما في الغوطة الشرقية لدمشق. وأوضح المرصد المرصد المقرب من فصائل المعارضة ويتخذ من لندن مقرا له، أن ""13 شخصا بينهم طفلان قتلوا وأصيب 22 آخرون جراء قصف مدفعي لقوات النظام على مناطق في حي طريق الباب في الجزء الواقع تحت سيطرة الفصائل المقاتلة في حي حلب. كما قتل وجرح ما لا يقل عن 15 مواطنا جراء قصف قوات النظام على أحياء في مدينة حر في شمال شرق سوريا. وقال المرصد المرصد: ""قتل وأصيب أكثر من 20 مواطنا بينهم أطفال ونساء جراء قصف طائرات حربية للنظام السوري على أحياء سكنية في"
421,"الحادث وقع قرب قاعدة ماناواشي وقالت البعثة ان الحادث وقع ""قتل سبعة من عناصر قوة حفظ السلام في جنوب دارفور. وقال المتحدث باسم البعثة بالوكالة كريستوفر سيسمانيك ""كانت دورية متجهة من موقع الى اخر في خور ابيش شمال نيالا"". واضاف ان الدورية ""قتلت واصيب 17 بجروح"". واوضح ان ""الحادث وقع على بعد حوالى 25 كلم غرب قاعدة اخرى للبعثة المشتركة في خور أبيش""، مشيرا الى ان الدورية كانت ""تتجه من موقع اخر الى اخر"". واضاف ""قتل 7 من عناصر القوة وجرح 17 بجروح في الحادث الذي وقع على مسافة 25 كلم شمال ماناشي"". مواضيع قد تهمك نهاية ولم تحدد البعثة على الفور جنسية الجنود الذين قتلوا لكن القوات التنزانية مكلفة مسؤولية تلك المنطقة."
422,"وطالب الوزراء المعنيون الذين ينتمون إلى حزب المؤتمر من أجل الجمهورية باستبدال زملائهم الإسلاميين الذين ""لم ينجحوا في مهماتهم كما كان متوقعا منهم."" وقال سمير بن عمور القيادي في حزب المؤتمرمن أجل الجمهورية إن مطالبه الرئيسية لم تلب ومن ثم فإنه سيؤكد سحب وزرائه من الحكومة الاثنين. وأضاف القيادي في الحزب ""ظللنا نقول منذ أسبوع أنه إذا لم يغير وزيرا الخارجية والعدل، سننسحب من الحكومة"". وأردف قائلا إن قرار الانسحاب لا علاقة له بقرار رئيس الوزراء بتشكيل حكومة خبراء غير حزبية بهدف تسيير شؤون الدولة حتى تنظيم الانتخابات المقبلة. مواضيع قد تهمك نهاية ويمثل قرار حزب المرزوقي انتكاسة أخرى لحكومة حمادي الجبالي التي لا تزال تعاني تداعيات اغتيال زعيم المعارضة شكري بلعيد الأسبوع الماضي. ويقول مراسل بي بي سي في"
423,"قال مبعوث الولايات المتحدة الخاص لشؤون إيران برايان هوك إن قتلى الاحتجاجات الأخيرة أكبر بكثير مما تم الحديث عنه حتى الآن. وأضاف هوك للصحفيين اليوم الخميس (الخامس من ديسمبر كانون الأول 2019): ""مع بدء تكشف حقيقة ما جرى في إيران، يبدو أن النظام ربما قتل أكثر من ألف مواطن إيراني منذ بدء الاحتجاجات"". وأقر كوك بصعوبة تأكيد المعلومات، لكنه قال ""نعلم بالتأكيد ان هناك عدة مئات قتلوا"". وتابع: ""عدة آلاف من الإيرانيين أصيبوا بجروح و7 آلاف على الأقل أوقفوا"". وكشف هوك أن بلاده تلقت صورا ومقاطع فيديو من 32 ألف شخص، وأنها استندت في تقديراتها على هذه المواد، إضافة الى تقارير من مجموعات خارجية. ورفضت إيران حصيلة القتلى المرتفعة التي أعلنتها مصادر أجنبية ووصفتها بأنها ""أكاذيب مطلقة""، وأكدت"
424,أفادت تقارير بأن ما يقرب من 1500 شخص يشاركون في تلك المظاهرات ونجحوا في قطع الطرق الرئيسية بالعاصمة ووقعت أعنف تلك الاشتباكات قريبا من الاستاد الوطني، حيث أطلقت قوات الشرطة قنابل الغاز المسيل للدموع لتفريق المتظاهرين الذين ردوا بإلقاء الحجارة. وقامت مجموعة من المواطنين باعتلاء سطح مبنى البرلمان، في خطوة احتجاجية وصفوها بأنها تهدف إلى حماية حقوقهم. وأفادت تقارير بأنه ما يزيد عن 1500 شخص شاركوا في تلك الاحتجاجات، وأنهم نجحوا في قطع أغلب الطرق الرئيسية وسط العاصمة. ويعترض الآلاف من البرازيليين تكلفة تنظيم كأس العالم، ويطالبون بانفاق هذه المليارات بدلا من ذلك على المشاريع الاجتماعية والإسكان. مواضيع قد تهمك عن كأس العالم لكرة القدم 2018 في ماناوس البرازيلية، التي من المنتظر أن تستضيف أربع مباريات ضمن المونديال المقبل، حالة الطوارئ بها إثر مخاوف من أنها
425,"في فترة الانتقالات الصيفية الماضية، فجر كريستيانو رونالدو مفاجأة من العيار الثقيل، إذ رحل أفضل لاعب في العالم خمس مرات عن ريال مدريد، ليخوض تجربة كروية جديدة مع الفريق الإيطالي العملاق يوفنتوس. وبمجرد إعلان خبر رحيل النجم البرتغالي عن القلعة المدريدية، انهالت الانتقادات بشدة على رئيس ""الأبيض الملكي"" فلورنتينو بيريز بسبب بيعه لكريستيانو رونالدو، الذي كان يتوقع أن ينهي مسيرته الكروية في مدريد. وافتقد ريال مدريد هذا الموسم كريستيانو رونالدو بشدة، إذ لم يقدم فقط الفريق موسما سيئا للغاية، بل خرج أيضا خاوي الوفاض من كل المسابقات، وتعرض لصافرات الاستهجان من طرف جماهير ""الميرنغي""، التي تعودت على أهداف ومهارات النجم البرتغالي. بيد أن رئيس ريال مدريد"
426,يعد تبديد الوقت أمام وسائل التواصل الاجتماعي من أقوى مغريات العصر الحديث بحكم التعريف، ضبط النفس هو القدرة على فعل شيء يفيد أهدافك بعيدة المدى، بدلا من شيء ربما يرضي رغباتك الآنية. لكن بالنسبة لكثيرين منا، يصعب مقاومة الإشباع الآني أو قصير المدى. وينتهي بنا الأمر بالتضحية بسعادتنا المستقبلية بسهولة بالغة. لماذا تعتبر ممارسة ضبط النفس على خير وجه أمرا صعبا بالنسبة للبعض، وكيف يمكنك تسخير ضبطك لنفسك لتحقيق ما يفيدك؟ تقول أنجيلا دوكوورث، أستاذة علم النفس في جامعة بنسلفانيا، إن توزيع الموارد بين ذاتك الحالية وذاتك المستقبلية عملية كفاح وجهد مستمرة. حتى مع كونك تعرف أهمية الإعداد لمستقبلك، فإن ذاتك المستقبلية تريد أيضا نصيبها العادل. إنه نقاش صعب،
427,"تعد المواد الغذائية من بين السلع الأكثر تأثرا بغلاء الأسعار في مصر ويعد هذا المستوى من التضخم قياسا، وذلك بعد نحو شهرين من التحرير الكامل لسعر صرف الجنيه المصري ""التعويم""، الذي أدى إلى فقدان العملة المصرية أكثر من 60 في المئة من قيمتها. وبلغت نسبة تضخم المواد الغذائية في الحضر حوالي 28.3 في المئة الشهر الماضي، بينما بلغت نسبة تضخم الرعاية الصحية في الحضر نحو 28.2 في المئة، حسب بيان للجهاز المركزي للتعبئة العامة والاحصاء. وتعاني مصر خلال الأشهر الأخيرة من موجات عنيفة من التضخم، بسبب الأزمة الاقتصادية وتراجع مصادر الدخل الأجنبي. وكان شهر أغسطسآب الماضي قد شهد أعلى معدل للتضخم في البلاد منذ ثمان سنوات، وبلغ حينها 16.4 في المئة. وقررت مصر في الثالث من نوفمبرتشرين الثاني 2016 تحرير سعر"
428,"في أول رد فعل رسمي ألماني على صفقات الأسلحة الأمريكية المخطط توريدها للشرق الأوسط، قال وزير الخارجية الألماني فرانك-فالتر شتاينماير إن زيادة التسلح في هذا الموقف المتوتر في الشرق الأوسط لن يكون هو الحل. وأعرب الوزير الذي ينتمي للحزب الاشتراكي الديمقراطي في حوار أجرته معه صحيفة ""هانديلسبلات"" الألمانية عن تحفظه على الخطط الأمريكية لتوريد أسلحة لمنطقة الشرق الأوسط والخليج. كما أعرب عن اعتقاده بأن هناك الكثير من الإشارات الإيجابية التي يمكن رصدها في هذا الصدد خلال الأشهر الستة الأخيرة. كما أوضح أن بلاده ترجح اعتماد الحوار السياسي مع كافة الأطراف في المنطقة وأن هناك الكثيرمن الإشارات الإيجابية في هذا الشأن خلال الأشهر الثلاثة الأخيرة ومنها إعادة إحياء دور اللجنة الرباعية للسلام في منطقة الشرق الأوسط. الأسلحة لا تخدم السلام في الشرق الشرق الأوسط وكان توماس شتي"
429,"ويتوقع أن يشارك آلاف الأشخاص في التظاهرة التي تأتي في وقت تسعى فيه الحكومة البريطانية إلى الحصول على دعم البرلمان لإقرار إطلاق مثل هذه الغارات. وليس من المرجح أن يشارك زعيم حزب العمال المعارض جيريمي كوربن، وهو نائب رئيس سابق للائتلاف، في مظاهرة السبت. وقالت منظمة المظاهرة ليندسي جيرمان، ""يجب أن نتذكر بأن هذه الغارات الجوية لم تؤتي ثمارها. "" ومضت للقول، ""من المرجح أن يجري التصويت في البرلمان على اشتراك القوات البريطانية في ضرب سوريا الاسبوع المقبل، ولكن ذلك لن يوقف الهجمات الارهابية. "" وقالت المنظمة، التي تتخذ من لندن مقرا لها، ""يعترف الامريكيين وغيرهم بأن داعش ما زالت بنفس حجمها الذي كانت عليه قبل بدء حملتهم الجوية، رغم ان هذه الغارات قتلت عددا كبيرا من عناصر التنظيم."" واضافت المنظمة"
430,"إف بي آي يقول إن الطائرات دون طيار تستخدم في عرقلة الجهود في حوادث خطف الرهائن وقال مسؤول كبير في المكتب، خلال مؤتمر عقد في مدينة دنفر بولاية كولورادو الأمريكية، إن المجرمين سيروا عددا كبيرا من طائرات دون طيار لحجب الرؤية عن فريق الإنقاذ. وتسببت الطائرات في تلك الحالات إلى فقدان رؤية المهاجم ومراقبته. وقال جوزيف مازل، رئيس وحدة قانون تشغيل التكنولوجيا في مكتب التحقيقات الفيدرالي: ""حينها، كانت هناك طائرات بدون طيار تحلق على مستويات منخفضة، حلقت على مستويات عالية، حلقت في الجو، حلقت فوق المناطق المأهولة، حلقت بعيدا عن مركز المراقبة، حلقت دون طيار على ارتفاعات عالية. وفي تلك الحالات، حلقت تلك الطائرات على ارتفاع منخفض، حلقت من دون طيارات دون طيار، حلقت عاليا فوق المناطق"
431,حدد الرئيس الأمريكي باراك أوباما قواعد صارمة الخميس (23 مايوأيار) لاستخدام الطائرات بدون طيار خارج مناطق الحروب مع اتخاذ خطوات لمنع وقوع ضحايا بين المدنيين وتركيز الهجمات على الأهداف الإرهابية التي تشكل تهديدا مباشرا. وأكد أوباما، في خطاب ألقاه في جامعة بواشنطن حول الأمن القومي، على أن الهجمات التي نفذت بسبب التهديدات ضد الولايات المتحدة كانت إلى حد الآن دوما محسوبة وفعالة وشرعية، معتبرا أن الحرب ضد الإرهاب دخلت الآن منعطفا جديدا. ودافع الرئيس الأميركي باراك أوباما بقوة عن استخدام بلاده طائرات بدون طيار، وقال إن التهديد الذي يمثله الإرهاب للولايات المتحدة تغير منذ هجمات الحادي عشر من سبتمبر أيلول 2011. وطبقا للقواعد الجديدة التي وقع عليها أوباما الأربعاء ضمن وثيقة تقنن قواعد استخدام تلك الطائرات، لا يمكن قتل سوى إرهابيين تابعين لشبكة القاعدة أو لجماعات حليفة،
432,"ولكن تداول البعض مقطع فيديو يناصر فيه الأخرس الجيش السوري، مما أثار جدلا واسعا عبر مواقع التواصل. ويظهر المعتقل الفلسطيني في الفيديو، والذي كانت وكالة الأنباء السورية سانا قد نشرته وتداوله سوريون بشكل واسع، وهو مستلق على فراشه ويقول: ""أحيي سوريا وجيشها البطل الذي قاتل المجرمين التكفيريين وأعوانهم الذين يدعمونهم من الخارج"". كما شكر المعتقل الأخرس الحكومة السورية على ""موقفها المشرف والداعم للقضية الفلسطينية""، معبرا عن ""فخره بصمود سوريا أمام المؤامرة والحرب الإرهابية الخارجية عليها"". وقدم الشكر لروسيا ورئيسها فلاديمير بوتين ""لتدخلهم في قضيته بهدف إيجاد حل لها""، حسب وكالة سانا السورية. مواضيع قد تهمك نهاية هذا الأسبوع: ""المبادئ لا تتجزأ"" و ""الحقوق لا تت"
433,"اتهم فيلدرز سابقا بالتحريض على كراهية المسلمين والتمييز ضدهم وأظهرت لقطات مصورة خيرت فيلدر وهو يسأل حشدا من أنصار حزب الحرية إذا كانوا يريدون عددا أكبر أم أقل من المغاربة في المدينة وفي هولندا. وحينما رد أنصار الحزب، الذين تجمعوا في لاهاي عقب الانتخابات المحلية للاستماع لكلمته، بالقول ""نريد عددا أكبر"" من المغاربة، قال فيللدرز إنه سيعمل على ذلك. وقالت الجمعية الهولندية لحقوق الإنسان في هولندا إن فيلردرز تجاوز حدودا قانونية باستهداف فئة محددة من المواطنين. يذكر أن السياسي اليميني المتطرف قد وجهت له اتهامات بالتحريض على الكراهية المسلمين والتمييز العنصري ضدهم. مواضيع قد تهمك نهاية لكن محكمة هولندية برأته في عام 2011 من هذه الاتهامات. وواجه فيردرز ملاحقة قضائية لأنه دعا المسلمين إلى الرضوخ """
434,وقدم الفريق الفائز استعراضا عن الأوضاع السياسية في العالم العربي وفكرة التشبث بالسلطة، والتي نجحت في إبراز الاستبداد الذي يستحوذ على شخصيات لدى وصولها إلى السلطة. وكانت اللوحة نفسها عرضت في دار الأوبرا في سوريا منذ سنوات. وبحسب تقارير، فقد عكف أعضاء الفرقة على تطوير الفكرة وجعلها تحاكي واقع الشعب العربي والثورات التي يعيشها، وقد ارتدوا الثياب باللونين الأبيض والأسود حدادا. وتمكن 12 متسابقا من جنسيات مختلفة من الوصول للنهائيات في الموسم الثالث من النسخة العربية من المسابقة العالمية لاكتشاف المواهب. وشارك في المرحلة الأولى من المسابقة، كل من محمد الديري، وجينيفر غراوت، وفق تصويت الجمهور. وكان الديري قد حل في المركز الأول في مرحلة الاختبارات، فيما كانت غرا
435,"قال بيتر ليمبورغ المدير العام لمؤسسة DW ""يتعين على المسؤولين في طهران أن يتيحوا للناس أخيرا، إمكانية الحصول الحر على المعلومات"". وأضاف قائلا: ""فبدلا من تحقيق الانفتاح الاجتماعي والسياسي المنشود، بعد إغلاق الملف النووي ورفع العقوبات عن البلاد، فإن الرقابة على الانترنت لا تزال سارية المفعول."" يذكر أن موقع DW في نسخته الفارسية محجوب منذ عام 2009، ومنذ منتصف يناير كانون الثاني من العام الجاري، بات من الصعب ارتياد الموقع حتى باستعمال برمجيات خاصة لتفادي الرقابة. ""إن هذا الانتهاك المهول لحرية الانترنت، له علاقة، على ما بدو، بالانتخابات المرتقبة، وبالتغطية الواسعة والمتوازنة ل DW"" يقول المدير العام. وتابع بالقول: يتعين على القيادة في طهران ""تجرؤ"
436,"أعلنت جماعة أنصار الله الحوثية في اليمن، اليوم الأربعاء (25 مارس آذار 2020)، الإفراج عن جميع السجناء البهائيين المحتجزين لديها. وقال مهدي المشاط، رئيس المجلس السياسي الأعلى، في خطاب بثته قناة ""المسيرة"" التابعة للجماعة، بمناسبة ذكرى مرور خمس سنوات على ""العدوان""، في إشارة إلى العمليات العسكرية التي تشنها الجماعة ضد الحوثيين في اليمن. وقال المشاط، في خطابه الذي بثته القناة التابعة للجماعة على موقعها على الإنترنت، بمناسبة الذكرى الخمس سنوات على العدوان الذي تشنه الجماعة ضد الشعب اليمني، إن ""العفو عن المدعو حامد حيدرة (زعيم البهائيين في اليمن) في عقوبة الإعدام والإفراج عنه"". وحيدرة هو واحد من ستة بهائيين احتجزهم المتمردون الحوثيون في اليمن وأمضى شهورا في السجن حيث تعرض"
437,طفل اصيب في هجوم البياع وقال مسؤولون عراقيون إن هذه الهجمات اسفرت ايضا عن اصابة 15 شخصا بجروح بينهم نسوة واطفال. وقد وقع اشد الهجمات دموية في حي البياع الواقع جنوب غربي العاصمة العراقية بغداد. وقالت مصادر امنية وطبية إن انفجارين وقعا في شارع الحي الرئيسي لم يسفرا عن سقوط ضحايا، ولكن عندما وصلت دورية للشرطة الى موقع الحادث انفجرت قنبلة ثالثة مما ادى الى مقتل ثلاثة اشخاص بينهم شرطي واحد، واصابة 11 بجروح. وفي حادث منفصل وقع في الحي نفسه، قتل شرطي عراقي واصيب اربعة من زملائه بجروح عندما انفجرت عبوة بالقرب من دوريتهم. وفي بلدة جرف الصخر جنوبي العاصمة العراقية، قتل مسلحون احد زعماء الصحوات في المنطقة في كمين نصبوه له. كما قتل عنصر آخر من عناصر الصحوات، في هجوم وقع
438,"اتهم الرئيس السوري بشار الأسد رئيس الحكومة التركية رجب طيب أردوغان بالكذب في كل ما يتعلق بالأزمة السورية منذ بدايتها، وذلك في تصريحات لقناة تلفزيونية وصحيفة تركيتين، بحسب ما أوردت صفحة الرئاسة السورية على موقع ""فيسبوك"" اليوم الأربعاء (03 ابريلنيسان 2013). ويقول الأسد، وفق ما يظهر على مقطع فيديو صغير نشر على الصفحة، ""أردوغان لم يقل كلمة صدق واحدة منذ بدأت الأزمة في سوريا"". وفي مقطع آخر من المقابلة، قال الأسد أيضا إن ""موقف رجال الدين، ومنهم الدكتور محمد سعيد رمضان البوطي، كان أساسيا في إفشال.. المخطط الذي يهدف لخلق فتنة طائفية، لذلك اغتالوا الدكتور البوطي. واغتالوا عددا من رجال الدين سابقا""، كما يقول الأسد في مقطع الفيديو. وأوضحت الصفحة أن المقابلة ستبث كاملة عبر القناة التركية يوم الجمعة"
439,"أكدت وسائل الإعلام الرسمية السورية هجوما لطائرات إسرائيلية على مواقع للجيش السوري بالقرب من الحدود مع هضبة الجولان في الساعات الأولى من صباح اليوم الخميس (12 يوليو حزيران) مما تسبب في أضرار مادية محدودة. من جهته، أصدر الجيش الإسرائيلي بيانا قال فيه إنه أصاب ثلاثة أهداف ردا على انتهاك طائرة سورية بلا طيار للمجال الجوي الإسرائيلي أمس الأربعاء قبل إسقاطها فوق شمال إسرائيل. وكانت الوكالة السورية الرسمية (سانا)، قد نقلت قبل ذلك عن مصادر من الجيش النظامي أن الدفاعات الجوية السورية تصدت الاربعاء لهجوم صاروخي اسرائيلي على مواقع الجيش في جنوب غرب سوريا قرب هضبة الجولان. ونقلت الوكالة عن مصدر عسكري قوله إن ""طيران العدو الإسرائيلي اطلق عدة صواريخ باتجاه بعض نقاط الجيش في محيط بلدة حضر وتل كروم جبا بالقنيطرة واقتصرت الأضرار على الماديات"". ويتزايد قلق"
440,تظل الإحصائيات ولغة الأرقام عاجزة بطبيعتها عن كشف كل الحقائق، وبالتالي فهي لن تسعفنا بالضرورة في محاولة فهم العلاقة التي قد تكون قائمة بين سلسلة التفجيرات التي ضربت بغداد وبين انسحاب القوات الأمريكية من المدن العراقية. فمن الملفت أن عدد ضحايا العنف زاد في الأسابيع الأخيرة التي سبقت انسحاب القوات الامريكية. وبعد انسحاب الأخيرة تراجعت وتيرة العنف نسبيا قبل انفجارها من جديد في شكل الاعتداءات التي استهدفت القوات الأمريكية في بغداد، ثم في شكل التفجيرات التي استهدفت بغداد في شكل هجمات على القوات الأمريكية، ثم بعد انسحاب الأخيرة من العراق في شكل اعتداءات على القوات العراقية في شكل الهجمات التي استهدفت الآن بغداد. وإذا سمح باستخلاص عبرة مما حدث، فهي أن العراقيين غير آمنين سواء بتواجد الأمريكيين أو بغيابهم، صحيح أن الوضع الأمني قد تحسن بشكل عام خلال الأعوام
441,أثبتت جامعة الدول العربية، خلال أزيد من ستين عاما من وجودها، عجزها عن تحقيق الأهداف التي تأسس من أجلها عادة التجمعات الدولية، أي إظهار الوحدة والتضامن اتجاه الخارج وحل المشاكل في الداخل. لقد أظهرت القمة العشرون لجامعة الدول العربية في دمشق للعالم تشرذم الدول الأعضاء الاثنين وعشرين وعدم قدرتها على إيجاد حلول لمشاكلها. الأزمة اللبنانية بقيت بلا حل ولم يحضر هذه القمة سوى نصف الزعماء العرب بينما كان تمثيل وفود الدول الأخرى متدنية، خصوصا السعودية ومصر والأردن، أما لبنان فلم يحضر أصلا بعد إعلانه مقاطعة القمة، بسبب تحميله سوريا مسؤولية الأزمة السياسية التي تعصف به. الرئيس بشارالأسد رفض، في قمة دمشق، بشكل غير مقنع، فالكل يعرف أنه لو لا دعم دمشق وطهران للمعارضة اللبنانية، لتم انتخاب رئيس لبناني جديد، ولوجد هذا البلد طريقه
442,"علمت وكالة الأنباء الألمانية (د. ب. أ) اليوم الإثنين (26 مارس آذار 2018) أن ألمانيا ستطرد أربعة دبلوماسيين روس على خلفية اتهام روسيا من قبل بريطانيا بالوقوف وراء تسميم العميل الروسي المزدوج السابق سيرغي سكريبال في مدينة سالزبري البريطانية. ونقلت الخبر أيضا صحيفة ""زود دويتشه تسايتونغ"" وقالت إن ""الدبلوماسيين الأربعة لهم خلفيات استخباراتية"". وتابعت أن هذا القرار عرف بعيد ظهر اليوم الإثنين، ومن المنتظر أن يتم إعلانه بشكل رسمي أيضا في نفس الوقت. وتابعت الصحيفة الألمانية أن ""برلين تنتظر خطوة مماثلة من فرنسا ودول أخرى بالاتحاد الأوروبي"". وفي تلك الأثناء أكد وزير الخارجية الألماني الجديد هايكو ماس عبر حسابه على تويتر قرار الحكومة الألمانية بطرد الدبلوماسيين الروس. وقال إن ""روسيا ما زالت حتى الآن"
443,"استجوبت السلطات السعودية الأربعاء (15 شباط فبراير 2017) الناشطة الحقوقية سمر بدوي، شقيقة المدون رائف بدوي المحكوم بالسجن والجلد بتهمة الإساءة للإسلام، بحسب ما أعلنت الناشطة على موقع ""تويتر"". وكتبت بدوي في تغريدة: ""في الطريق إلى هيئة التحقيق والادعاء العام.. في الطريق إلى الهيئة العامة للدعاء العام في الرياض. أراكم على خير"". وبعد نحو أربع ساعات، كتبت في تغريدة أخرى: ""انتهيت قبل قليل من التحقيق الذي كان استكمالا للتحقيقات السابقة عن نشاطي الحقوقي قبل توقيعي للتعهد، وأيضا عن مشاركتي بحملة إسقاط الولاية""."
444,"اثارت الحادثة مخاوف من وقوع عملية اختطاف وكان الاتصال قد قطع بطائرة الركاب لاكثر من ساعة كاملة قبل هبوطها بسلام في مطار مدينة منيابوليس بولاية منيسوتا. يذكر ان استخدام الحواسيب في قمرة القيادة يعتبر مخالفا لتعليمات الشركة المذكورة. وكانت هيئة سلامة وسائل المواصلات القومية - التي تتولى التحقيق في الحادثة - قد اصدرت بيانا يوم الاثنين وذلك بعد استجوابها الطيارين كل على انفراد لمدة خمس ساعات يوم الاحد. وقالت الهيئة إن الرجلين نفيا ما يقال عن انهما كانا نائمين اثناء الرحلة. وقال الرجلان إنهما ""لم يشعرا بمرور الوقت"" بينما كانا يبحثان في موضوع جدول عمل جديد وضعته الشركة ويستخدمان حاسوبيهما في نفس الوقت. واعترف الطياران بأنهما تجاهلا الاتصالات التي قام بها مراقبو السلامة الجوية والرسائل التي"
445,"منذ اللحظة التي تم الإعلان فيها عن اختفاء الصحفي السعودي جمال خاشقجي في القنصلية السعودية بإسطنبول، لم تتوقف وسائل الإعلام عن بث تقارير إخبارية صادمة بشكل متزايد. نسبت تلك التقارير إلى مسؤولين أتراك غير معروفين، ووسائل إعلام تركية حول كيفية تصفية المنتقد للنظام السعودي. لكن كيف يرى العالم تركيا الآن وما مدى استفادتها من قضية خاشقجي. نذير سوء بحسب صحيفة ""بوليتيكو"" الأمريكية الإخبارية، ففي الوقت الحالي، يقال إن وكالات الاستخبارات الأمريكية مقتنعة بأن، ولي العهد الأمير محمد بن سلمان هو المسؤول في النهاية عن مقتل خاشقجي. لكن من خلال مسؤوليها وصحافتها الموالية، لم تدل تركيا بالكثير من المعلومات بشكل قد ينذر بالسوء. فربما تتسرب في أي لحظة المزيد من الدلائل الأكثر فظاعة على عملية القتل المفترض"
446,"أعلنت المفوضية العليا المستقلة للانتخابات في العراق اليوم الأربعاء (3 فبراير شباط 2010) أنه تقرر السماح للمشمولين بقرارات الهيئة العليا للمساءلة والعدالة بالمشاركة في الانتخابات التشريعية المقررة في السابع من آذارمارس المقبل والتي يتنافس فيها 6500 مرشح ومنهم مستقلون ضمن 12 ائتلافا. وأبرز الائتلافات هي ""الكتلة العراقية"" ذات الاتجاه العلماني و""ائتلاف دولة القانون"" بزعامة رئيس الوزراء نوري المالكي و""الائتلاف الوطني العراقي"" الشيعي، والتحالف الوطني العراقي، و""تحالف القوى الوطنية"" الذي يتزعمه رئيس الوزراء العراقي نوري المالكي، و ""ائتلاف وحدة العراق"" بزعامة وزير الداخلية جواد البولاني وقادة الصحوات وخصوصا احمد أبو ريشة. تأجيل النظر بتهم الاتصال بالبعث إلى ما بعد الانتخابات وقالت حمدية الحسيني، رئيسة الدائرة الانتخابية في المفوضية، أن هيئة تمييزية"
447,واستخدمت الشرطة الغاز المسيل للدموع في الاشتباكات التي وقعت قبل دقائق من بدء مباراة ببطولة كأس القارات بين إيطاليا والمكسيك. وشارك في المظاهرة ما يقرب من 600 شخص احتجاجا على ارتفاع أسعار تذاكر الحافلات، وحجم الإنفاق على بطولة كأس القارات وكذلك على بطولة بطولة كأس العالم التي تستضيفها البرازيل العام القادم. ووقعت الصدامات يوم الأحد خارج محطة لقطارات الأنفاق بالقرب من استاد ماراكانا. وقالت مراسلة بي بي سي في ريو دي جانيرو، جوليا كارنيرو، إن بعض المشجعين لم يتمكنوا من الوصول إلى الاستاد بسبب تجمع المحتجين. مواضيع قد تهمك عن كأس القارات في البرازيل. ووقعت اشتباكات أخرى أثناء احتجاجات مماثلة في العاصمة برازيليا، يوم السبت، حيث اشتبكت الشرطة مع محتجين في مدينة ساو باولو. ومن المتوقع خروج احتجاجات أخرى في أنحاء البرازيل. وأصيب في الاحتجاجات
448,"نقض الرئيس الأميركي دونالد ترامب الأربعاء (25 يوليو تموز)، ثلاثة قرارات للكونغرس بوقف صفقات بيع أسلحة تقدر بمليارات الدولارات إلى حلفاء للولايات المتحدة تشمل السعودية والإمارات اللتين تخوضان حربا في اليمن منذ نحو خمس سنوات. وقال ترامب في رسالة إلى مجلس الشيوخ يبرر فيها استخدامه الفيتو الرئاسي إن هذه القرارات ""تضعف القدرة التنافسية للولايات المتحدة على الصعيد الدولي وتضر بالعلاقات الهامة التي نتشاركها مع حلفائنا وشركائنا"". ويرى المشرعون الذين صوتوا بمجلس النواب لوقف بيع السلاح إلى السعودية، إن هذه الصفقات ستفاقم الحرب في اليمن، حيث تقود السعودية تحالفا تدعمه الولايات المتحدة ضد الميليشيات الحوثية المدعومة من إيران، وهي حرب وفق الأمم المتحدة تسببت بأسوأ أزمة إنسانية في العالم. غير أن ترامب يرى عكس ذلك، مرجحا أن حظر"
449,"السيسي استبعد الشهر الماضي التدخل في الحياة السياسية وقال وزير الدفاع المصري الفريق أول عبد الفتاح السيسى إن الجيش لن يظل صامتا ""أمام انزلاق البلاد فى صراع يصعب السيطرة عليه"". ويأتي ذلك التحذير قبل أسبوع من مظاهرات دعت إليها التيارات المدنية المعارضة بمناسبة مرور الذكرى السنوية الأولى لتولي الرئيس محمد مرسي السلطة. وتتزايد المخاوف في مصر من اندلاع أعمال عنف وحالة من الفوضى تهدد استقرار البلاد. وجاءت تصريحات السيسي، وفق بيان المتحدث الرسمي باسم القوات المسلحة عقب ندوة تثقيفية لأفراد القوات المسلحة في القاهرة. مواضيع قد تهمك نهاية ودعا السيسي "" الجميع، دون أى مزايدات، لإيجاد صيغة تفاهم وتوافق ومصالحة حقيقية لحماية مصر وشعبها"". وقال ""لدينا من الوقت أسبوع يمكن أن يتحقق خلاله الكثير وهى دعوة متجردة إلا من حب الوطن وحاضرة ومستقبله"". وتعد هذه المرة"
450,"تراجع عدد الجرائم في ألمانيا على نحو غير مسبوق منذ عام 1992 حسب اعلان وزارة الداخلية الألمانية (الثلاثاء الثامن من أيار مايو 2018) . فقد كشف في برلين أن عدد الجرائم التي سجلت في ألمانيا إبان العام الماضي بلغ5,76 مليون جريمة. وبالنسبة لعدد السكان، فإن معدل الجريمة كان أقل خلال العام الماضي من الأعوام الثلاثين الماضية. وقال وزير الداخلية هورست زيهوفر، الذي أعلن الإحصائية الجنائية للشرطة لعام 2017 ""ألمانيا صارت أكثر أمانا. ورغم ذلك لا يوجد سبب لإطلاق إشارة بانتهاء الخطر""، مضيفا أنه لا يزال أمام السلطات الأمنية على المستوى الاتحادي والولايات الكثير من الأمور لفعلها. يأتي هذا في وقت شهدت فيه جرائم العداء للسامية تصاعدا عام 2017، بلغ نسبة 2,5 بالمائة سنويا، ليصل عددها الى 15"
451,الغالبية منا يعيشون هذا الوضع الاستثنائي للمرة الأولى بسبب فيروس. والكثير من الأشياء تبدو قد خرجت عن السيطرة. وبعض العادات تتفكك، ولا أحد يعرف كيف سيستمر الوضع. وبالتالي فإن الأشياء التي نتحكم فيها بيدنا تبدو مهمة للحفاظ على الصحة والقوة. والشرط الأساسي لذلك هو تخفيف العبء عن جهاز المناعة لدينا وتقويته، وذلك عبر أشياء نذكر منها هنا:- الأكل الصحي في الحقيقة من المهم دوما دعم الجسم والنفس بتغذية صحية قدر الإمكان. والآن بالذات يكون نظامنا الغذائي مهما. فالأكل الصحي يقلل كما هو مجرب من خطر الأمراض المزمنة مثل أمراض الدورة الدموية والقلب والسكري والبدانة، وهو يقلل أيضا من احتمال حصول الكآبة والشعور بالخوف. وأفضل المواد الغذائية لنفسيتنا هي تلك التي تكون أيضا صحية لجسمنا. فدماغنا يستفيد لاسيما من الكربوهيدرات، كما
452,"""الماء هنا لا ينقطع لساعات أو لأيام، بل يستمر طيلة أسابيع وأحيانا لأشهر، خصوصا في فصل الصيف، فإما أن نتدبر أمرنا لشراء صهريج من المياه أو أن نموت عطشا""، هكذا يلخص عبد المجيد ذوادي أزمة الماء التي تعيشها مدينته الرديف (جنوب غرب تونس) منذ سنوات. أبناء عبد المجيد يضعون يوميا أوعية بلاستيكية أمام منزلهم بحي العمايدة، لملئها بالماء الصالح للشرب، الذي توفره سيارات خاصة تجوب شوارع مدن منطقة الحوض المنجمي (الرديف وأم العرايس والمتلوي والمظيلة) لبيع الماء، كحل ابتكره الأهالي لمقاومة العطش. يقول عبد المجيد"
453,جذب فيديو من ثلاث دقائق وتسع عشرة ثانية عشرات الملايين لمشاهدته. يبدأ الفيديو بمنظر لشاطئ بحر في يوم عيد الحب، الرابع عشر من شباطفبراير، ثم نشاهد أناسا يتجمهرون حول شاشة عملاقة في شارع بمدينة. عيونهم مشدوهة على صورة هيكلين عظميين، مثل صور الأشعة، يقبلان بعضهما البعض. ثم ومن طرفي الشاشة تطل فتاتان، هما الفتاتان اللتان ظهرتا كهيكل عظمي خلف الشاشة. ثم يتوالى ظهور الناس على خشبة المسرح، وحين يغيب الشخصان خلف الشاشة يظهر هيكلهما العظمي فقط وهما يتعانقان ويقبلان بعضهما بعضا. الناس متنوعون بمظهرهم ولون بشرتهم وأصولهم وأجناسهم، لكنهم مرتبطون برابط أقوى من اللون والجنس
454,تواجه القوات الروسية تمردا مستمرا في شمال القوقاز واوضحت الشرطة أن المهاجمين زرعوا عبوات ناسفة في طريق القافلة العسكرية، ثم فتحوا نيران بنادقهم ورموا القنابل اليدوية على القافلة. واضافت ان اربعة جنود قتلوا في موقع الحادث، ثم توفي خامس متأثرا بالجراح التي اصيب بها بعد نقله الى المستشفى. وتواجه روسيا تمردا في منطقة شمال القوقاز مستمرا لاكثر من عقد بعد اطاحة القوات الروسية بالحكومة الانفصالية في جمهورية الشيشان المجاورة لجمهورية الانغوش. وعادة ما يستهدف المتمردون في هجماتهم قوات الشرطة والمسؤولين الحكوميين والقياديين المسلمين المتعاونين مع الروس في المنطقة الواقعة قرب الحدود الجنوبية الروسية. اقرأ أيضا موضوعات ذات صلة
455,"هاجم اردوغان بشدة دولا انتقدت إجراءات تركيا عقب محاولة الانقلاب الفاشلة، قائلا ""اهتموا بشؤونكم"". مواضيع قد تهمك نهاية وكان اردوغان قد انتقد الجنرال جوزيف فوتيل، قائد القيادة الوسطى الأمريكية، قائلا إنه يقف ""إلى جانب الانقلابيين"". وفي وقت لاحق السبت، اعلنت السلطات التركية عن اطلاق سراح 758 من العسكريين الذين اعتقلوا عقب المحاولة الانقلابية. وقال اردوغان إنه ""يسحب كافة الدعاوى بحق كل من أساء لشخصه"" موضحا أن العفو ""لمرة واحدة فقط"". كما هاجم بشدة تصريحات الرئيس التركي رجب طيب اردوغان، الذي انتقد دولا انتقد إجراءات تركيا وعقب محاولة الانقلاب. وقال ""اتعقل آلاف الضباط الذين اعتقلوا على خلفية محاولة الانقلاب في 15 يوليو تموز، وأعتقل عشرات الآلاف من الضباط منذ محاولة الانقلاب، في حين"
456,"الرئيس اليمني يؤكد انه ليس بصدد تمديد ولايته الرئيس اليمني عبدربه منصور هادي ينفي خلال ترؤسه اجتماعا استثنائيا لحكومة الوفاق الوطني الأنباء التي تحدثت عن إجراء تعديل في حكومة الوفاق الوطني، أو التمديد لولايته المحددة بسنتين. شاهدmp4 .لاستخدام هذا الملف لابد من تشغيل برنامج النصوص ""فلاش بلاير"" من على مشغل الفلاش بلاير ""جافا"" لتشغيل ملفات الفلاش ""فلاش"" على جهاز الكمبيوتر الخاص بك. ولاستخدام هذا البرنامج لابد من استخدام برنامج فلاش بلاير من على ""ويندوز. ""لاستخدام ملفات الفلاش"" على جهازك ""ويندوز"" لاستخدام هذا الملف على مشغل ""الفلاش بلاير. "" ولاستخدام هذه الملفات لابد من تشغيلها على مشغل آخر. اقرأ أيضا موضوعات ذات صلة كما نفى هادي الأنباء التي رددتها وسائل اعلام موالية للرئيس السابق"
457,"أعلنت وزارة الداخلية السودانية مساء الجمعة (27 ديسمبر أيلول 2013) أنها اعتقلت 600 شخص لمشاركتهم في التظاهرات المناهضة للحكومة التي تهز البلاد منذ خمسة أيام. وقالت وزارة الداخلية في بيان ""اعتقل 600 شخص لاتهامهم في أعمال التخريب وسيحاكمون الأسبوع المقبل"". وكان آلاف السودانيين تظاهروا عصر الجمعة في الخرطوم وأم درمان لليوم الخامس على التوالي وهم يطلقون شعارات مناهضة للحكومة. وقامت الشرطة بإطلاق القنابل المسيلة للدموع لتفريقهم. وتجددت مساء الجمعة التظاهرات في عدد من أحياء شرق الخرطوم فتدخلت الشرطة مجددا وأطلقت القنابل المسيلة المسيلة للدموع ولاحقت المتظاهرين لتفريقهم . ومنذ قرار الحكومة السودانية الاثنين الماضي برفع الدعم عن المحروقات، وهو ما أدى إلى ارتفاع أسعارها، نزل السودانيون بكثافة إلى الشوارع في العديد من المناطق احتجاجا على هذا القرار وهو ما أسفر عن مواجهات ومقتل العديد"
458,"من المقرر ان يتم الاعلان النهائي للفائزين في حفل يقام في الاوبرا في العاصمة البريطانية لندن في فبرايرشباط المقبل. ورشحت ان هيثواي والفريد هج جاكمان لجائزتي افضل ممثلة وافضل ممثل عن دورهما في الفيلم الغنائي ""البؤساء"". كما رشحت هيلين ميرين لجائزة افضل ممثلة عن دورها في فيلم ""لينكولن"" عن قصة حياة الكاتب الفريد هيتشكوك والذي قام ببطولته الممثل جيرمي ارفين ورشح لها الممثل البريطاني خافيير بارديم. كما رشح الفيلم لجائزة افضل ممثل عن دوره في الفيلم الذي رشح له الممثل البريطاني جيرمي بارديم والممثلة البريطانية اليس ايف. ويسعى الفيلم للحصول على اربعة القاب من ضمنها جائزة افضل ممثلة وجائزة افضل ممثلة مساعدة ورشح له الممثل الامريكي"
459,"تعتبر ولاية جونقلي مسرحا مستمرا لمواجهات ومعارك بين المتمردين والجيش منذ استقلال هذا البلد وقال حاكم الولاية كول مانيانغ ان: ""مربى ماشية من قبيلة ولقاك كانوا يسوقون مواشيهم إلى الشمال برفقة فصيلة من الجيش عندما تعرضوا لهجوم عنيف استخدمت فيه أسلحة رشاشة""، مشيرا الى مقتل ""103 أشخاص من بينهم 14 عسكريا، وان الضحايا الباقين من المدنيين وخصوصا من النساء والاطفال"". هجوم وقال مفوض مقاطعة اكوبو غوي جويول ان ""الاعتداء حصل خلال محاولة عائلات من قبيلة لونوير المرور بمواشيهم عبر نهر سوبات""، مضيفا انه ""نقل عن الناجين ان المهاجمين كانوا يحملون اسلحة مختلفة ومنها المتفجرات"". واردف ان ""المهاجمين قاموا بهذه السرقة في منطقة بيبور في"
460,"وقالت وزارة الخارجية التركية إن الاتفاق ""غير مقبول"" وإنه يعد تمويلا للإرهاب. وأضافت أن اسم الشركة الأمريكية هو ""دلتا كريسينت إينريجي""، بحسب ما ذكرته تقارير. وقالت الوزارة في بيان: ""إننا نأسف لتأييد الولايات المتحدة لهذه الخطوة، التي تتجاهل القانون الدولي، وتستهدف وحدة الأراضي السورية وسيادتها"". واتهمت الوزارة القوات الكردية بالمضي في تنفيذ ""خططها الانفصالية، بهذه الخطوة، بمصادرة الموارد الطبيعية للشعب السوري""، مضيفة أن تلك الموارد ملك للشعب السوري. مواضيع قد تهمك نهاية وأكد مسؤولون كبار في واشنطن أن الشركة الأمريكية وقعت اتفاقا مع قوات سوريا الديمقراطية ""لتحديث"" حقول النفط التي تقع تحت سيطرتها. وقال ليندسي غريام، عضو مجلس الشيوخ الأمريكي، والمؤيد للسوريين الأكراد، أمام الكونغرس الخميس إنه تحدث"
461,"أعلن التحالف العربي الذي تقوده الرياض ضد المتمردين في اليمن اليوم الاثنين (28 مارس آذار 2016) تبادل تسعة سعوديين محتجزين مقابل 109 يمنيين يرجح أنهم من الحوثيين وحلفائهم، في ثاني عملية من نوعها منذ التوصل إلى تهدئة حدودية بين الجانبين هذا الشهر. وتأتي عملية التبادل قبل نحو أسبوعين من وقف مرتقب لإطلاق النار في اليمن يدخل حيز التنفيذ منتصف ليل العاشر من نيسان أبريل، تمهيدا لمحادثات جديدة بين الحكومة اليمنية والمتمردين برعاية الأمم المتحدة، تستضيفها الكويت. وأوردت وكالة الأنباء السعودية الرسمية بيانا عن التحالف جاء فيه أن ""قيادة قوات التحالف لإعادة الشرعية في اليمن (...) أعلنت استعادة تسعة محتجزين سعوديين وتسليم مئة وتسعة من المواطنين اليمنيين ممن تم القبض عليهم في مناطق العمليات بالقرب من الحدود السعودية الجنوبية، وذلك في إطار التهدئة التي سبق الإعلان"
462,"بفوزه في الانتخابات الأخيرة، أصبح الرئيس بوخاري زعيم حزب المؤتمر التقدمي أول مرشح معارض يفوز بالرئاسة في نيجيريا كما تعهد الرئيس ببخاري بالتصدي للفساد الذي وصفه بأنه ""شر أكبر حتى من بوكو حرام."" وكان بوخارى قد فاز على منافسه الرئيس غودلاك جوناثان في الانتخابات الرئاسية بفارق 2,5 مليون صوت. وتلقى الرئيس النيجيري تهاني عدد من القادة الذين أشادوا بالروح الديمقراطية في نيجيريا. وبفوزه في الانتخابات قبل الانتخابات الرئاسية، أصبح بوخار زعيم حزبالمؤتمر التقدمي أول رئيس معارض يفوز بالانتخاب في نيجيريا بعد فوزه في الانتخابات التي جرت في وقت سابق من هذا الشهر. وقال الرئيس النيجيري في كلمة متلفزة ""نعم، أنا مرشح معارض، وأنا مرشح معارض آخر. "" وقال ""أمامنا مهمة صعبة ومستعجلة في"
463,"وتهدف الدراسة إلى مساعدة الجهات التنظيمية على فهم نوعية البيانات التي تجمعها هذه الشركات وكيف تستخدمها، خاصة في استهداف الأطفال. ويعتبر هذا بمثابة الحلقة الأحدث في سلسلة جهود الإدارة الأمريكية للتعامل مع المخاوف بشأن نفوذ عمالقة التكنولوجيا. وأمهلت السلطات شركات التكنولوجيا العملاقة 45 يوما كي تنصاع للتعليمات. وصوت المسؤولون في المفوضية الفيدرالية للتجارة، وهي جهاز رسمي يهتم بشؤون المستهلكين، بواقع 4 إلى 1 لصالح إجراء هذا التحقيق. وقالت المفوضية في بيان: ""نعمل على ضمان حصول الشركات على ما تريد من معلومات، بما في ذلك البيانات التي يتم تجميعها من قبلها، وذلك في ضوء أن هذه الشركات تعرف عنا الكثير"". وقال الأعضاء الأربعة المؤيدون لإطلاق هذا التحقيق بالمفوضية في اجتماع: ""من المثير للقلق أننا لا نعرف شيئا عن تلك الشركات التي لا تعرف عن"
464,"قال شاربونييه في حوار من قبل إن ""محمد ليس مقدسا بالنسبة لي. ولا ألوم المسلمين إن لم يضحكوا على رسوماتنا"". شاربوني، والذي يعرف ب ""شارب"" كان في عامه ال 47 عندما قتل. وكان قد تلقى تهديدات بالقتل من قبل، ووضع تحت حماية الشرطة. وبحسب التقارير، فقد كان شاربوني (وسط) يعقد اجتماعا تحريريا عندما هاجم ملثمان مقر شارلي إبدو، وقتلوا عددا من كبار رسامي المجلة، من بينهم تيغنوس، وتيغنوس، وولينسكي. وبحسب تقارير، فقد قتل اثنان من كبار الرسامين في هجوم على مقر المجلة في باريس عام 2012، عندما هاجم الملثمون مقر المجلة، وفتحوا النار على الموجودين. كما أوردت التقارير أن الملثم"
465,أحرز صلاح 33 هدفا في 42 مباراة لليفربول في كل المسابقات منذ بداية الموسم فقد زادت قيمة اللاعب 74.7 مليون يورو لتصل إلى 162.8 مليون يورو. ويأتي اللاعب (25 عاما) حاليا في صدارة هدافي الدوري الإنجليزي الممتاز برصيد 24 هدفا. وانتقل صلاح العام الماضي إلى ليفربول من روما الإيطالي مقابل 43.3 مليون جنية استرليني. وفي سبتمبر أيلول الماضي، رفع موقع (سي آي إي إس) قيمة انتقاله إلى 88.1 مليون يورو، لتصل قيمته إلى 99.7 مليون جنيه استرليني. واحتل إدرسون حارس مرمى مانشستر سيتي الإنجليزي المركز الثاني في قائمة اللاعبين الذين زادت قيمة انتقالهم، بزيادة قدرها 74.4 مليون يورو ليصل قيمته إلى 98.7 ملايين يورو. كما جاء في المركز الثالث زميله في الفريق الألماني ليروي ساني الذي زادت قيمته
466,"صور للمتهم كوري علي محمد نشرتها الشرطة في مدينة فرينسو وقال رئيس الشرطة، جيري داير، إن ""كوري علي محمد"" أطلق 16 طلقة في 90 ثانية خلال الحادث، الثلاثاء. وأضاف أن المتهم صرخ بعبارة ""الله أكبر"" عند إلقاء القبض عليه، لكنه يعتقد بأنه حادث كراهية وليس حادثا إرهابيا. كذلك كان المشتبه به (39 عاما) مطلوبا في جريمة قتل أحد الحراس خارج فندق صغير بالمدينة، الأسبوع الماضي. ويواجه المتهم الآن أربعة تهم بالقتل وتهمتي بالشروع في القتل. وقال إمام المركز الإسلامي في المدينة إن محمد لم يحترم الإسلام. وكان جميع الضحايا الأربعة من ذوي البشرة البيضاء، من بينهم شخص أطلق الرصاص عليه أثناء جلوسه في سيارة. وذكرت وسائل إعلام محلية أن الشخص الذي أطلق عليه النار في السيارة يدعى"
467,"على مدى سنوات تعود البعض منا على القيام بالعديد من الأشياء ""الخاطئة""، حتى أصبحت فيما بعد أمورا روتينية تحولت من كثرة تكرارها إلى أمور نحسبها صحيحة، مثل تجميد الآيس كريم في الثلاجة وتسخين الطعام في بعض الأجهزة، مرورا بطريقة أكل الكعك اللذيذ. موقع ""فرويند"" الألماني يقدم خمسة أشياء خطأ قد نقوم بها مع خطوات بسيطة للغاية لتجاوز الأمر وتصحيحه: أكل الكعك الصغير أفضل جزء في الكعك الصغير هو الجزء الأعلى منه، سواء كان يتكون من قطع الشوكولاتة أو كريم الفانيليا. للاستمتاع بالمذاق اللذيذ لمدة أطول، اقطع النصف السفلي من الكعكة الصغيرة وضعه فوق الجزء العلوي على شكل شطيرة. تسخين الطعام في فرن الميكروويف لتسخين وجبتي طعام مع"
468,وتستورد بعض البلدان التفاح من الخارج في غير موسمه، مثل بريطانيا التي تستورد 70 في المئة من التفاح المتوفر في أسواقها، بينما يهيمن الإنتاج المحلي على أسواق رئيسية أخرى، مثل الولايات المتحدة التي لا تتعدى نسبة التفاح المستورد بها عشرة في المئة، وفقا لتقرير وزارة الزراعة الأمريكية. إذن، كيف يحافظ المزارعون على استمرار توفر التفاح في غير أوقات جني المحصول؟ يعود الفضل في ذلك إلى طريقة تخزين الفاكهة التي تعتمد على الإثيلين المنبعث من التفاح، والذي يؤدي بدوره إلى نضوج الثمار في وقت مبكر من عمر الثمار، أي قبل أن تبدأ عملية نضجها. كما أن هذه الطريقة تعتمد على طريقة تخزين الفواكه في وقت متأخر من عمر الثمرة، أي بعد قطفها من الأشجار. وتستمر ثمار التفاح في القيام بالعمليات الكيميائية الطبيعية للنبات حتى
469,"قال الجيش الأمريكي في بيان اليوم الخميس (الأول من ديسمبر كانون الأول) إن التحالف الذي تقوده الولايات المتحدة قتل 54 مدنيا في الفترة بين 31 مارس آذار و 22 أكتوبر تشرين الأول أثناء تنفيذه لضربات جوية ضد أهداف تابعة لتنظيم ""الدولة الإسلامية"" في العراق وسوريا. وأضاف البيان أنه في إحدى الغارات التي نفذت في منتصف يوليو تموز قرب مدينة منبج السورية قتل ما يصل إلى 24 مدنيا. وقال المرصد السوري لحقوق الإنسان ومقره بريطانيا إن 56 مدنيا على الأقل قتلوا في الضربات الجوية شمالي منبج. وقال البيان إن نحو 100 من مقاتلي تنظيم ""الدولة"" (داعش) كانوا يستعدون لشن هجوم مضاد على قوات سوريا الديمقراطية قرب منبج في 18 يوليو  تموز. أضاف البيان ""وبغير علم المخططين في التحالف كان مدنيون يتحركون داخل"
470,حمم البركان الذي ثار على بعد 30 كم من العاصمة وانفجرت الحمم البركانية في جبل فاجرادالسفيال، من خلال شق في قشرة الأرض بطول مئات الأمتار، وسلسلة من النافورات الصغيرة حولت لون سماء الليل إلى الأحمر. واستعد سكان أيسلندا لثوران البركان منذ أسابيع عدة، وذلك بعد ما سجلت الجزيرة مؤخرا حدوث أكثر من 50 ألف زلزال. وقال خبراء الأرصاد الجوية إن ثوران البركان لم يشكل خطرا على أحد. و لم يثر هذا البركان منذ نحو 800 سنة، وكان بركان آخر قد ثار في 2010، وأدى إلى توقف الحركة الجوية في جميع أنحاء أوروبا. مواضيع قد تهمك عن بركان فاجرادال؟ قال مكتب الأرصاد الجوية في أيسلندا إنه لم ينثر كثيرا من
471,"أكدت وكالة الأنباء السعودية الرسمية أن الأمير فيصل بن فرحان آل سعود أدى القسم أمام العاهل السعودي الملك سلمان بن عبد العزيز ليكون سفيرا معينا لدى جمهورية ألمانيا الاتحادية، وذلك في وقت تمر فيه العلاقات بين ألمانيا والسعودية بمرحلة برود، على خلفية مقتل الصحفي السعودي جمال خاشقجي في مقر القنصلية السعودية باسطنبول. وكان الأمير فيصل قد شغل منصب كبير مستشاري السفير السعودي بالولايات المتحدة، وأثيرت حوله شبهات بضلوعه في مخطط للإيقاع بالصحفي الراحل جمال خاشقجي. ألمانيا - ترحيب ""غير رسمي"" حتى هذه اللحظة، لم يصدر عن وزارة الخارجية الألمانية أي تعقيب بشأن التعيين الجديد، إلا أن من الواضح أن الموافقة الألمانية الرسمية لا تزال قيد الإجراءات الروتينية التي ترافق كل تعيين لسفير جديد. حاولت DW التواصل غير مرة مع السفارة السعودية في برلين دون"
472,"قتل 15 شخصا على الأقل بينهم تسعة أطفال السبت (السادس من أبريلنيسان 2013) في قصف للطيران السوري على حي شيخ مقصود في مدينة حلب (شمال)، بحسب المرصد السوري لحقوق الانسان. وقال المرصد أن ""طائرة حربية قصفت أطراف حي الشيخ مقصود ما أدى إلى مقتل 15 مدنيا على الأقل من عائلة واحدة وثلاث نساء""، لافتا إلى أن المنطقة المستهدفة يسيطر عليها حزب الاتحاد الديموقراطي الكردي، الفرع السوري لحزب العمال الكردستاني في تركيا. وبعد ساعات من الغارة، هاجم مقاتلون تابعون لحزب الاتحاد الديموقراطي حاجزا للقوات النظامية عند المدخل الجنوبي لحي شيخ مقصود وقتلوا خمسة جنود بحسب المرصد. بدأ مشاورات تشكيل حكومة المعارضة في غضون ذلك، أعلن الائتلاف الوطني لقوى الثورة والمعارضة السورية في بيان السبت أن رئيس الحكومة السورية المؤقتة غسان هيتو باشر مشاوراته لتشكيل أعضاء"
473,"فريق عمل الفيلم: عبدالرحمن حسين وسارة إسحاق وأمين الغابري وقد تأهل فيلم ""ليس للكرامة جدران"" ضمن ثمانية افلام اخرى للفوز بجائزة الأوسكار عن فئة الأفلام الوثائقية القصيرة. ""جمعة الكرامة"" وثق الفريق المكون من شابة وشابين أحداث مظاهرات ""جمعة"" التي وقعت في 18 مارساذار عام 2011 وخرج فيها الاف اليمنيين يطالبون برحيل نظام الرئيس السابق علي عبد الله صالح. وتقول المخرجة سارة إسحاق لبي بي سي ان احداث ""الجمعة الكرامة"" - التي قتل فيها العشرات وجرح المئات على ايدي مسلحين - تعتبر نقطة تحول في مسار الثورة اليمنية. مواضيع قد تهمك نهاية ويصور الوثائقي أعمال العنف التي جرت في ساحة التغيير في صنعاء خلال المظاهرات من منظور ضحايا الاعتداء المسلح واسرهم. وتضيف سارة ""شاهدت كيف تغيرت نظرة الكثيرين من الذين كانوا"
474,نفت حركة الشباب وقوع الاشتباكات وقتل ستة من المسلحين واثنان من الأجانب جراء الاشتباكات التي اندلعت في البلدة التي تبعد 220 كم عن العاصمة، كما علمت بي بي سي. ونفت حركة الشباب حدوث الاشتباكات، واذا تأكدت الأنباء ستكون هذه الاشتباكات هي الأولى من نوعها منذ انطلقت الحركة المرتبطة بالقاعدة عام 2006. وكان 15 شخصاعلى الأقل قد قتلوا الأربعاء في هجوم نفذه مسلحو حركة الشباب ضد مكاتب الأمم المتحدة في العاصمة مقديشو، حيث فجروا سيارة مفخخة ثم بدأوا بإطلاق النار على حراس مكاتب الأمم الأمم المتحدة. ويقول سكان بلدة برافا إن التوتر يسود البلدة التي وتبعد 220 كم جنوب العاصمة، عقب الاشتباكات التي وقعت في أطرافها. مواضيع قد تهمك عن موضوع قد تهمك في موضوع قد يهمك عن موضوع مواضيع قد لا تهمك في مواضيع قد تكون مواضيع قد تهمك في موضوع
475,شن طيران التحالف الذي تقوده السعودية فجر الأحد (12 يوليوتموز) سلسلة من الغارات الجديدة ضد مواقع المتمردين الحوثيين بالرغم من الهدنة الإنسانية التي أعلنتها الأمم المتحدة في اليمن والتي سرعان ما انهارت. واستهدفت غارات تجمعات للحوثيين في معقلهم في صعدة بشمال البلاد، إضافة إلى مواقع لهم في جنوب صنعاء وفي منطقة الوهط الواقعة بمحافظة لحج الجنوبية، حسبما أفاد شهود عيان وسكان. ولم يتسن الحصول على حصيلة لضحايا هذه الغارات. وتأتي هذه الضربات الجوية بالرغم من إعلان الأمم المتحدة هدنة إنسانية للصومال في اليمن، والتي يفترض أن تستمر حتى نهاية شهر رمضان، إلا أنها سرعان ما خرقت في عدة مناطق. واستمرت في الأثناء المواجهات على الأرض بين القوات الموالية لحكومة الرئيس المعترف به دوليا عبدربه منصور هادي وقوات الجيش الموالية للرئيس السابق علي عبدالله صالح المتحالفة مع المتمردين من
476,"وقعت الغارات في بلدة أريحا بمحافظة إدلب. ووقعت الغارات الأحد في بلدة إدلب، ويعتقد أنها قتلت أيضا عددا من مسلحي المعارضة. ويسيطر على أريحا تحالف من مجموعات معارضة إسلامية يعرف ب""جيش الفتح"". وسيطر ""جيش الفتح"" على كامل إدلب، شمالي سوريا، في وقت سابق من العام الحالي، وهو ما مثل تهديدا لمناطق سيطرة القوات الموالية للرئيس السوري بشار الأسد. وقال المرصد السوري لحقوق الإنسان المعارض، ومقره بريطانيا، إن غارات الأحد أسفرت عن إصابة العشرات. مواضيع قد تهمك عن مواقع التواصل الاجتماعي، في إطار غارات روسية على محافظة إدلب، التي يسيطر عليها الجيش السوري. وقال نشطاء معارضون إن الغارات أصابت سوقا مزدحما بالرواد، مما أوقع خسائر كبيرة. وإذا تأكد أن طائرات روسية هي التي نفذت الغارات، فسيكون الهجوم"
477,"أكد علماء نفس ألمان في جامعة ""فريدريش شيلر-ي يينا"" الألمانية في تقرير لهم نشرته مجلة ""نيرو سيكولوجيا"" أنه لا يكفي أن يكون الوجه جميلا حتى يعلق في الذاكرة. بل على النقيض فإن الوجوه الأقل جمالا وجاذبية تظل في الذاكرة وتترك أثرا أكبر من تلك الوجوه التي تبدو جميلة وجذابة، ما لم تكن في تلك الوجوه سمات وملامح إضافية مميزة. واعتمد الباحثون في نتائج دراستهم، على اختبار أجروه على مجموعة من الأشخاص، حيث عرضوا عليهم في ثوان قليلة صورا نصفها لوجوه جذابة، والنصف الآخر لوجوغير جذابة وفي كل الحالتين كانت الوجوه بارزة. وفي المرحلة الثانية عرضوا على الصور مرة أخرى، ثم طلبوا منهم أن يتعرفوا عليها فوجدوا أن النتائج جاءت في"
478,"استقال اولمرت من رئاسة الحكومة وسط سلسلة من الاتهامات بالفساد وقال اولمرت الذي يعتبر المشتبه به الرئيسي في القضية في بيان مسجل له في اعقاب رفع الحظر الاعلامي عن ذكر اسم اولمرت في القضية إنه لم يتلق أو تعرض عليه أي رشاوي مضيفا انه مستعد للخضوع للاستجواب من قبل الشرطة. ويتهم أولمرت بتلقي رشاوى بقيمة 5,3 ملايين شيكل إسرائيلي وهو ما يعادل حوالي مليون دولار حين كان رئيسا لبلدية القدس بين 1993 و2003 وفقا لوسائل إعلام إسرائيلية. وجاء في بيانه ""وافقت على مشروع هولي لاند (الارض المقدسة) لبناء ثلاثة فنادق للترويج للسياحة وتم تعديل المشروع بعد ان انهيت مهامي كرئيس لبلدية القدس ولا علاقة لي بما حصل"". ووصفت وسائل الاعلام الاسرائيلية قضية الفساد هذه بانها ""اكبر فضيحة"" في تاريخ اسرائيل."
479,"أوزيل تعرض لانتقادات بعد أخذ صورة مع الرئيس التركي رجب طيب أردوغان وقال أوزيل، البالغ من العمر 29 عاما، في بيان إن طريقة تعامل الاتحاد الألماني معه جعلته يريد ""التوقف عن ارتداء قميص منتخب ألمانيا"". وأضاف أن هناك من أراد تحميله مسؤولية إخفاق ألمانيا في نهائيات كأس العالم في روسيا. وتعرض أوزيل في مايو أيار لانتقادات بعدما أخذت له صورة مع ""كرة القدم"" خلال مناسبة في لندن. وكان أوزيل (29 عاما) من أصل تركي، وهو لاعب كرة القدم الألماني، الذي ينحدر من أصول تركية، قد نشر صورة مع أردوغان في مايو أيار. وكان من المقرر أن يحضر أوزيل المناسبة رفقة زميله في المنتخب الألماني، إلكاي غوندوغان. وحضر المناسبة رفقة الرئيس التركي، إلكر غوندوغان، وكلاهما من أصول تركي"
480,التقت بي بي سي بسمورة التي تشغل منصب الأمينة العامة للاتحاد الدولي لكرة القدم الفيفا، قبيل كأس العالم 2018 في مقابلة حصرية ضمن برنامج 100 امرأة. وتقول سمورة إنها كسرت التقاليد بالانضمام الى المنظمة التي يهيمن عليها الرجال. وتشكل النساء اليوم نحو 50 بالمئة من موظفي الفيفا، مقارنة ب 32 بالمئة عندما التحقت بها. وتشغل سمورة منصب الأمين العام للفيفا منذ عام 2002، عندما كانت تتولى منصبها.
481,"(أرشيف) ليبيا تعاني من اضطرابات منذ الإطاحة بالزعيم معمر القذافي ونقلت وكالة فرانس برس عن وزارة الداخلية الليبية قولها إن معبر رأس جدير أعيد فتحه ل"" ""تسهيل (حركة) المسافرين الليبيين والتونسيين"". ونشرت قناة 218 الليبية الخاصة عبر صفحتها على موقع فيسبوك بثا حيا لإعادة فتح المعبر. وأثار فتح المعبر بقرار من وزير الداخلية الليبي عبد العازير بن قردان، الذي كان في وقت سابق من الشهر الماضي، احتجاجا على القرار الذي تم ""دون اتفاق رسمي"" بين السلطات الليبية والتونسية، على حد تعبيرهم. وبحسب وكالة تونس أفريقيا للأنباء، فقد احتج عدد من سكان بنقران على إعادة فتح معبر رأس الجدير ""دون أي اتفاق رسمي تونسي ليبي"". وكانت ليبيا منعت عبور السلع إلى تونس بهدف منع تهريب الوقود ومواد أخرى"
482,"واصل فريق كولونيا مسلسل السقوط في الدوري الألماني لكرة القدم (بوندسليغا) بعدما خسر أمام مضيفه شتوتغارت 1  2 مساء اليوم الجمعة (13 أكتوبر تشرين الأول)، في افتتاح الجولة الثامنة بالبوندسليجا. وتقدم شتوتغارت بهدف سجله أناستاسيوس دونيس في الدقيقة 35 وتعادل كولونيا في الدقيقة 77 عن طريق دومينيك هاينز، قبل أن يسجل الكونغولي الديموقراطي ""أكولو"" هدف الفوز لشتوتغارت في الدقيقة الرابعة من الوقت بدل الضائع. ويعد هذا الفوز هو الثالث لشتت في الدوري هذا الموسم مقابل الخسارة في أربع مباريات والتعادل في مباراة. ورفع شتوتغارت رصيده إلى عشر نقاط في المركز العاشر، وتوقف رصيد كولونيا عند نقطة واحدة في المركز الثامن عشر، الأخير. وتقام يومي السبت والأحد بقية مباريات الجولة الثامنة من البوند"
483,واصل برشلونة المتصدر انطلاقه نحو التتويج بلقب دوري الدرجة الأولى الاسباني لكرة القدم للمرة الخامسة في سبع سنوات بعد فوزه 2-صفر على ضيفه ريال سوسيداد وتعادل ريال مدريد صاحب المركز الثاني 2-2 على أرضه مع فالنسيا السبت. ومنح هذا الفوز الفريق الكاتالوني زخما كبيرا لمواجهته المرتقبة مع بايرن ميونخ في إياب نصف نهائي أبطال أوروبا الثلاثاء القادم. ويشهد برشلونة في أحلى أيامه منذ سنوات قليلة، فلم يخسر في الدوري منذ شباط فبراير الماضي، إذ فاز 28 مرة في آخر 30 مباراة في مختلف المسابقات كما لم يخسر في آخر 18 مباراة، ويبدو جاهزا لتحقيق ثلاثية دوري الأبطال والدوري المحلي وكأس الملك. وقطع برشلونة الأربعاء شوطا كبيرا  نحو بلوغ نهائي دوري الإبطال بفوزه الكبير على ضيفه بايرن ميونيخ 3-صفر في ذهاب نصف النهائي بلمح
484,في الوقت الذي تؤكد فيه الاتحادات الرياضية ضرورة فصل تام بين السياسة والرياضة، يقتنع المتتبعون أن الجانبين يتداخلان أكثر من مرة، سواء بشكل مباشر، وهو أمر قليل الحدوث، وبشكل غير مباشر، وهي ما يحدث بكثرة، خاصة عندما يتعلق الأمر بنزال رياضي بين دولتين متنازعتين. ويعد كأس إفريقيا إحدى المناسبات التي تجمع منتخبات تمثل دولا جمعتها أو تجمعها حاليا نزاعات، وجل هذه النزاعات هي حدودية بالأساس، بينما يعود بعضها إلى الاختيارات السياسية في قضايا معينة. وكثيرا ما تحولت هذه النزاعات إلى حروب دموية، حاولت الكرة أن تخفف من وقعها، وأن تحاول خلق مجال للتنافس الشريف المبني على الروح الرياضية بدل الاحتكام إلى لغة السلاح. بين الكاميرون ونيجيريا التقت الكاميرون ونيجريا في
485,"تأتي الجهود الدبلوماسية في الوقت الذي تتواصل فيها غارات التحالف ضد الحوثيين في اليمن ونقلت وكالة رويترز عن الدبلوماسيين قولهم إن الرئيس عبد ربه منصور هادي وافق على المبادرة، لكنها لم تحظ بدعم الحوثيين. وتأجل عقد المحادثات في جنيف الأسبوع الماضي بسبب اعتراض الحكومة اليمنية التي تريد أن ينسحب الحوثيون أولا من المدن الرئيسية ويسلمون أسلحتهم قبل المشاركة في محادثات سلام معهم. وقدم مبعوث الأمم المتحدة إلى اليمن إسماعيل ولد شيخ أحمد تقريرا لمجلس الأمن حول مهمته في جلسة مغلقة. وذكر دبلوماسيون رفضوا الكشف عن هويتهم أن المبعوث الأممي قال في إفادته ""بينما وافقت الحكومة التي تحظى بدعم من السعودية على المباحثات إلا أن الحوثيين لم يوافقوا بعد"". مواضيع قد تهمك في نهاية هذا الأسبوع: الرئيس اليمني عبد ربه هادي: ""قرار الرئيس اليمني جاء بعد لقائه القادة اليمنيين في الرياض مع"
486,"هاجم متظاهرون في سبتمبر الماضي السفارة الأمريكية ما أدى إلى مقتل 4 أشخاص وكانت محكمة تونسية قضت الثلاثاء الماضي على 20 شخصا بالسجن لمدة سنتين مع وقف التنفيذ لتورطهم في مهاجمة السفارة الأمريكية. وقتل حوالي 4 اشخاص خلال هجوم متظاهرين على السفارة ومدرسة أمريكية مجاورة لها احتجاجا على فيلم مسيء للإسلام تم تصويره في الولايات المتحدة. وقال وزير العدل نذير بن عمو إن ""النيابة العامة قدمت طلب استئناف الحكم الذي صدر في 28 مايو الجاري. وأضاف أنه ""لا يمكن تفهم موقف الحكومة التونسية، ولا يمكن تفهم موقفها، ولا يمكنها تفهم موقف الولايات المتحدة، ولا تستطيع تفهم موقف السلطات التونسية، لا يمكن تفهم الموقف التونسي، ولا تفهم موقف واشنطن ورد فعلها عقب صدور الأحكام ""المخففة التي لا تتناسب مع فداحة الحدث"" وباعتبارها الجهة"
487,"أليس هي أول سيدة تدخل نقابة المحامين في الكاميرون قبل 45 عاما. وقضت نكوم أكثر من 45 عاما وهي تدافع عن الأشخاص المتهمين بالمثلية الجنسية. ويحظر القانون في الكاميرون الأفعال الجنسية ويعاقب القانون ممارسيها بالسجن لمدة خمس سنوات. ووصفت نكوم الجائزة، التي سلمها لها فرع منظمة العفو في العاصمة الألمانية برلين الثلاثاء، بأنها ""جائزة الأمل"". وقالت في مقابلة مع برنامج ""نيوزداي"" في بي بي سي إن ""حياة مثليي الجنس في الكاميرون تشبه الحياة في الجحيم"". وأضافت نكوم أن ""المثلية الجنسية في الكاميرون هي سجن دائم، ومضايقة دائمة، وعنف وتمييز دائمين، بداية من عائلتك وانتهاء بمكان العمل في كل مكان"". وأصبحت المحامية البالغة 69 عاما أول سيدة سوداء تلتحق بنقابة المحامين في عام"
488,قال مصدر في مكتب الادعاء إنه تقرر يوم الجمعة ( الثاني من شباط فبراير) استمرار احتجاز الأكاديمي السويسري طارق رمضان أستاذ الدراسات الإسلامية في فرنسا وتم إبلاغه بأنه سيخضع لتحقيق كامل في اتهامات بالاغتصاب. وكان رمضان، الذي نفى هذه المزاعم، حصل على إجازة مؤقتة في نوفمبر تشرين الثاني من منصبه في جامعة أكسفورد البريطانية. وتعهد بإقامة دعوى قضائية بالتشهير ضد المرأتين اللتين أدت اتهاماتهما بالاغتصاب إلى تحقيق قضائي أولي. وأدى الإعلان الأخير بشأن محاكمته إلى تحويل هذا التحقيق المبدئي إلى تحقيق كامل ومفتوح، إذ أن هدف القضاة الفرنسيين هو تحديد ما إذا كان رمضان يجب أن يحاكم. وفي فرنسا، يعني بدء تحقيق كامل أن النتائج الأولية تبرر مواصلة التحقيق من جانب قضاة التحقيق، ولكن هذا لا يعني أن المسألة من المؤكد ستحال إلى المحاكمة.
489,انعدام الأمن هاجس العراقيين الأول وشرع العراقيون اليوم في التصويت في أول انتخابات للمحافظات، منذ خروج الجيش الأمريكي من البلاد. وأصيب في الانفجارات ثلاثة ناخبين وشرطي، في مدرسة أعدت مركزا للانتخاب في اللطيفية، جنوبي العاصمة بغداد. وأفاد مراسلون بأن الإقبال على مراكز الانتخابات، في بغداد ومدن مثل البصرة وتكريت وبعقوبة، بدا ضعيفا في الساعات الأولى. ويتنافس المرشحون، وعددهم 8000 من مختلف التيارات السياسية، على 450 مقعدا في مجالس المحافظات، التي تنتخب بدورها المحافظين. مواضيع قد تهمك نهاية واستثنيت من هذه الانتخابات محافظات إقليم كردستان العراق، الذي يتمتع بحكم ذاتي، وهي أربيل والسليمانية ودهوك. كما استثنيت محافظة كركوك المتنازع عليها. وأجلت الانتخابات في محافظتي نينوى والأنبار لأسباب أمنية
490,"قال شهود من رويترز إن الشرطة التركية أطلقت الغاز المسيل للدموع لتفريق حشد من عدة آلاف من النساء تجمعن وسط إسطنبول مساء الجمعة (الثامن من آذارمارس 2019) للقيام بمسيرة احتفالا باليوم العالمي للمرأة. وتجمع الحشد على مشارف ميدان تقسيم بالمدينة استعدادا للمسيرة. وسد مئات من أفراد شرطة مكافحة الشغب الطريق أمام المحتجات لمنعهن من التقدم وتنظيم المسيرة. وأطلقت الشرطة رذاذ الفلفل والغاز المسيل للدموع للدموع لتفريق الحشد واندلعت اشتباكات لدى مطاردة قوات الأمن للنساء في الشوارع الجانبية المتفرعة من الميدان. ولم يتضح حتى حتى لحظة تحرير هذا الخبر ما إذا كان أحد قد أصيب أو احتجز في المسيرة. وقالت امرأة اسمها اولكر لفرانس برس ""انظروا، إنها الحقيقة ويا للأسف: هناك نظام يخافنا"". ولاحقا، سمح لبضعة آلاف"
491,كان أمر انتقال اللاعب الأرجنتيني كارلوس تيفيز البالغ من العمر 33 عاما إلى شنغهاي شينخوا، صفقة العمر، كما يقال. فلدى النادي الصيني بات دخله الأعلى على الإطلاق بمعدل يفوق 700 ألف يورو أسبوعيا، أي ما مجموعه نحو 38 مليون يورو سنويا. غير أن تيفيز وإلى غاية اللحظة أثبت أنه كان صفقة سيئة بالنسبة لشنغهاي، إذ أن اللاعب السابق لمانشستر يونايتد ومانشستر سيتي ويوفنتوس، لم يحرز منذ قدومه إلى الدوري الصيني قبل تسعة أشهر سوى هدفين، وذلك في 12 مباراة خاضها لصالح الفريق. أما الاهتمام الإعلامي الذي حظي به تيفيز إلى غاية اللحظة في الصين، فيتعلق بالأساس بأمر غيابه بسبب الإصابة في عضلات الساق، وقد قضى فترة النقاهة في بلاده الأم الأرجنتين. لكن مع عودته إلى الملاعب، واجه صاف
492,"وكان مقطع فيديو يظهر فيه المشرف على جمعية ""مكة المكرمة"" لرعاية الأيتام بالجيزة وهو يقوم بضرب وسب عدد من الأطفال النزلاء بالدار قد أثار موجة غضب عارمة بعد انتشاره على مواقع التواصل الاجتماعي على الانترنت. وألقت أجهزة الأمن المصرية القبض على صاحب الدار الواقعة بحي الهرم في محافظة الجيزة. وقد عمدت السلطات إلى نقل الأطفال إلى دار رعاية أخرى وحل مجلس إدارة الجمعية التي تدير الدار وتعيين مجلس إدارة مؤقت. ويظهر الفيديو مدير الدار وهو يضرب بعض الأطفال بالعصا على أيديهم وأجسادهم ويركلهم بقدمه ويسبهم، لمخالفتهم أوامره وفتحهم التلفاز والثلاجة بدون إذنه. وتبين أن زوجة صاحب الدار، هي من قامت بتصوير الفيديو منذ عام ورفعته على موقع يوتيوب انتقاما من زوجها، على حد وصفها. وقالت في تصريحات صحفية: ""أنا"
493,"قال رئيس شعبة التجارة الخارجية في غرفة التجارة والصناعة الألمانية، فولكر تراير، اليوم (الجمعة 15 فبراير شباط 2019) إن الصادرات الألمانية لتركيا تراجعت العام الماضي بنسبة 10%، موضحا أن ثقة الشركات الألمانية في تركيا كمركز اقتصادي لا تزال متضررة، وقال ""نسعى منذ فترة طويلة للحفاظ على حجم الاستثمارات الألمانية في الاقتصاد التركي"". وفي سياق متصل، أشار تراير إلى أن العلاقات الألمانية-التركية لا تزال هشة، خاصة في أعقاب محاولة الانقلاب العسكري الفاشلة في صيف عام 2016، والتي أدت إلى تدهور الليرة التركية أمام الدولار أمام العملات الأجنبية. وقال تراير إن العلاقات الاقتصادية بين ألمانيا وتركيا تضررت بشدة، خاصة بسبب اعتقال مواطنين ألمان في تركيا لأسباب سياسية. وتحسنت العلاقات بين البلدين بوضوح منذ ذلك الحين. وفي المقابل، يرى تراير بعض التطورات"
494,"قدم رئيس إفريقيا الوسطى الانتقالي ميشال جوتوديا ورئيس وزرائه نيكولا تيانغاي استقالتيهما، على ما أعلن المشاركون في القمة الطارئة للمجموعة الاقتصادية لدول وسط إفريقيا المنعقدة الجمعة (10 كانون الثاني يناير 2014) في نجامينا. وجاء في البيان الختامي للقمة الذي تلي خلال الجمعية العامة أن قادة المجموعة الاقتصادية لدول غرب إفريقيا ""أخذوا علما باستقالة""، رئيس افريقيا الوسطى ورئيس وزرائه بعد المجازر المرتكبة في بلادهما في أعمال عنف بين مسيحيين ومسلمين منذ أسابيع. وأضاف البيان أن القمة ""ترحب بهذا القرار الوطني من أجل إخراج البلاد من حالة الشلل"". ودعت القمة أيضا ""المجلس الوطني الانتقالي وغيره من مكونات المجتمع في إفريقيا الوسطى إلى مواصلة مساعيهم الرامية إلى تسوية سريعة للازمة في بانغي تحت رعاية وساطة المجموعة الاقتصادية دول وسط إفريقيا والاتحاد الإفريقي وال"
495,وكان وزير الخارجية الكويتي قد أعلن الاتفاق على فتح الأجواء والحدود البرية والبحرية بين السعودية وقطر اعتبارا من مساء الإثنين. وفور إعلان الاتفاق قال الديوان الأميري القطري إن الشيخ تميم بن حمد آل ثاني سيترأس وفد بلاده للمشاركة في اجتماع دول مجلس التعاون الخليجي في مدينة العلا السعودية يوم الثلاثاء. #المصالحة_الخليجية نبأ المصالحة أشعل مواقع التواصل الاجتماعي في معظم الدول العربية، وفاق عدد التغريدات المرتبطة بالخبر 200 ألف تغريدة. واستخدم المغردون عدة وسوم لتناقل الخبر كان أبرزها: #المصلحة_القطرية_السعودية و#المصالحه_القطرية_و# المصالحة_السعودية. مواضيع قد تهمك عن المصالحة الخليجية و # المصالحة _ الخليجية _ القطرية و # المصالحة _ الخليجية . . . و # المصالح _ الخليجية
496,"فاز الفيلم الساخر ""باد لاك بانغينغ أور لوني بورن"" للمخرج الروماني رادو جود بجائزة ""الدب الذهبي"" التي يمنحها مهرجان برلين السينمائي الدولي (البرليناله) لأفضل فيلم، حسبما أعلن المهرجان في برلين اليوم الجمعة (الخامس من مارسآذار 2021). وتدور قصة فيلم Bad Luck Banging or Loony Porn حول امرأة (مدرسة) تعاني من الاعتداء والتنمر يوميا في بوخارست بعد تسريب لقطات جنسية لها ومطاردات أولياء أمور التلاميذ لها. وأشاد المحكمون بالفيلم الذي تلعب بطولته كاتيا باسكاريو ووصفوه بأنه ""عمل فني خالد يباغت"" المشاهد. وقالت لجنة التحكيم في المهرجان الذي أقيم عبر الإنترنت هذا العام في بيان ""إنه يعرض على الشاشة المضمون والجوهر،"
497,"زعيمة المعارضة البورمية اونغ سان سو تشي وقالت سو تشي: ""كل دولة ستكون مختلفة عن غيرها من الدول ، الا ان هذه الزيارة ستوضح لي ما تحتاجه بورما لتواكب هذه الدول المتقدمة""، مضيفة ""سأفعل ما بوسعي لمساعدة الشعب البورمي"". ومن المقرر ان تلقي سو تشي خطابا امام منظمة العمل الدولية التابعة للامم المتحدة وستلقي الضوء على مشكلة العمل القسري. وستزور سو تشي خلال هذه الجولة التي تستمر حوالي الاسبوعين كلا من بريطانيا وسويسرا وايرلندا وفرنسا والنرويج. وفي اوسلو، ستستلم سو تشي جائزة نوبل للسلام في 19 حزيرانيونيو بعد 21 عاما على فوزها بهذه الجائزة المرموقة. وكانت سو تشي اختارت تايلاند قبل اسبوعين للقيام برحلتها الاولى الى خارج البلاد منذ 24 عاما وخصت مواطنيها العمال"
498,فرضت غانا التعادل بدون أهداف على أوغندا صاحبة الأرض السبت (السابع من تشرين الثاني أكتوبر 2017) لتهدي مصر فرصة حسم تأهلها لكأس العالم لكرة القدم 2018 أمام الكونغو غدا الأحد. وتملك أوغندا ثماني نقاط من خمس مباريات في المركز الثاني بالمجموعة الخامسة، فيما تأتي غانا في المركز الثالث برصيد ست نقاط وباتت تحتاج الآن إلى مزيج معقد من النتائج في المباريات المتبقية حتى تبلغ النهائيات للمرة الرابعة على التوالي. وتتصدر مصر المجموعة برصيد تسع نقاط، وستحجز مكانها في كأس العالم لأول مرة منذ عام 1990 قبل الجولة الأخيرة الشهر المقبل إذا هزمت الكونغو، متذيلة الترتيب، في الإسكندرية غدا السبت. واعترض لاعبو غانا عقب صفارة النهاية على الحكام بعد أن قرر الجنوب أفريقي دانييل بينيت إلغاء هدف سجله رفائيل دوامينا في اللعبة
499,الرئيس الفرنسي فرانسوا هولاند يواسي باتريك بيلو فرانسوا بيلو هو أحد كتاب المجلة الفرنسية الساخرة شارلي إبدو. وكان على وشك الوصول لينضم الى الموجودين في المجلة وقت الهجوم الذي تعرضت له الساعة 11.20 يوم الاربعاء الماضي وأسفر عن مقتل 12 شخصا، ولقى خمسة اشخاص آخرين مصرعهم في هجوم في مكان آخر في باريس في يوم تال. لكن بيلو وصل إلى مقر المجلة بعد وقت قصير من الهجوم. وشرح بيلو لمراسل بي بي سي في باريس كيف كان على وشك أن ينشر العدد الخاص من مجلة شارلي ابدو في وقت لاحق من يوم الاربعاء. وكان بيلو موجودا في مقر المجلة في باريس وقت الهجوم. وكان من المفترض أن تنشر المجلة عددا خاصا من هذا العدد الخاص، لكن هذا العدد لم يكن كافيا، بل كان كافيا
500,"حثت منظمة ""هيومن رايتس ووتش"" الحقوقية اليوم الثلاثاء (العاشر من أيارمايو 2016) السلطات التركية على التحقيق في استخدام القوة المفرطة من قبل حرس الحدود، وكذلك التوقف عن استخدام الذخيرة الحية وأعقاب البنادق للتصدي لتدفق اللاجئين. واتهمت المنظمة في تقرير نشرته على موقعها الإلكتروني حراس الحدود الأتراك ""بإطلاق النار على طالبي اللجوء السوريين وضربهم عند محاولتهم دخول تركيا، ما يتسبب في مقتل وإصابة عدد منهم بجروح خطيرة"". ونقلت عن ضحايا وشهود وسكان سوريين محليين القول إن حراس حدود أتراك استخدموا في آذار مارس ونيسان أبريل العنف ضد طالبي لجوء ومهربين سوريين فقتلوا خمسة أشخاص، بينهم طفل، وأصابوا 14 آخرين بإصابات خطيرة. وقال جيري سيمبسون، باحث أول في قسم اللاجئين في المنظمة: ""على الاتحاد"
501,"وصف الرئيس الأوكراني بيترو بوروشينكو أحداث العنف التي وقعت قبالة البرلمان في كييف بأنها ""عمل معاد لأوكرانيا"". وبدأت هذه الاشتباكات بين القوميين والشرطة بعد تصويت أعضاء البرلمان لصالح مشروع يعطي مزيد من الاستقلالية للأقاليم الواقعة شرقي البلاد والتي يسيطر عليها انفصاليون. وتعد هذه التعديلات على الدستور جزءا من خطة سلام لإنهاء القتال الدائر في شرق أوكرانيا. وقال مراسل بي بي سي إن ""الاشتباكات التي اندلعت خارج البرلمان، كانت بسيطة في البداية، ثم سمعت أصوات انفجارات قوية قد تكون جراء القاء قنبلة يدوية"". وقال مراسل ""بي بي سي"" في كييف إنه ""ألقي القبض على 20 شخصا من بينهم عضو في حزب سفوبودا الذي اعترف بإلقائه القنبلة اليدوية"". وقال وزير الداخلية أرسين أفاكوف إن ""المتظاهرين"
502,"بدأ المشرفون على المسلسل التليفزيوني الليبي ""دراجنوف"" مراحل التصوير الأولى استعدادا لعرضه في شهر رمضان القادم على القنوات الليبية والعربية. ويؤرخ المسلسل  حسب مخرجه أسامة رزق  لمرحلة ما قبل الثورة الليبية على نظام العقيد معمر القذافي، ثم فترة الثورة وما بعدها من الناحية الاجتماعية وتأثر الشعب الليبي بالثورة وتداعياتها. وأوضح المخرج أن اسم المسلسل مستمد من اسم بندقية القنص الروسية الشهيرة  والتي تم اختيارها عنوانا لعلاقتها بالحبكة الدرامية للمسلسل حيث تظهر في عدة مشاهد محورية داخل الأحداث. ومن جانبه أكد مؤلف المسلسل سراج الهويدي، أن تجربة ""المسلسل"" تعتبر ""تجربة ثرية دراميا"" وأنه يعتقد أنها ""ستغير كثيرا في المشهد الدرامي الليبي""، لما تحمله الفكرة من جرأة ومن إسقاط مباشر على"
503,"اعترضت البحرية الاسرائيلية قافلة الحرية في المياه الدولية وذكرت الاذاعة بأنه من المتوقع ان تصل السفينة التجارية ""راشيل كوري"" الى مياه قطاع غزة يوم غد الاربعاء. ونقلت وكالة رويترز عن الضابط البحري قوله لاذاعة الجيش إنه يتوقع الا تواجه القوات الاسرائيلية صعوبة كبيرة في اعتراض السفينة. وقال الضابط الذي لم تفصح الاذاعة عن اسمه: ""نحن نقوم بدراسة الموقف، وسنجري تقييما حرفيا من اجل ان نخرج باستنتاجات"" في اشارة الى العملية التي ادت الى مقتل الناشطين يوم امس. واضاف الضابط: ""وسنكون مستعدين لراشيل."" يذكر ان راشيل كوري التي سميت سفينة الاغاثة باسمها كانت ناشطة امريكية شابة قتلت في قطاع غزة من قبل جرافة اسرائيلية عند محاولتها منع هدم مسكن احد الفلسطينيين، وكانت عند مقتلها في الرابعة والعشرين من عمرها"
504,"وقال أحمد الأنصاري، رئيس هيئة الإسعاف، إن عدد القتلى بلغ أربعة أشخاص، بينهم طفلتان، وأن عدد المصابين 17 شخصا. وأدان رئيس الحكومة، حازم الببلاوي، الهجوم الذي استهدف كنيسة العذراء بمنطقة الوراق بوصفه ""عملا إجراميا خسيسا"". وقال الببلاوى في بيان إن ""مثل تلك الأفعال النكراء لن تنجح في التفريق بين عنصري نسيج الوطن مسلميه ومسيحييه."" وأعلن رئيس الحكومة أن الجهات الأمنية تبذل حاليا جهودا لكشف ملابسات الحادث وسرعة القبض على مرتكبيه. مواضيع قد تهمك نهاية وفي الهجوم، أطلق مسلحون مجهولون النار بصورة عشوائية على أشخاص كانوا يغادرون الكنيسة. ""سمعنا صوتا عاليا جدا، وكأنه انهيار شيء ما""، وفق شاهد عيان. تجمع أشخاص خارج الكنيسة عقب الهجوم ويضيف الشاهد ""رأيت امرأة تجلس على كرسي"
505,"توقعت صحيفتا ""فيسبادنر كورير"" و ""الغماينر تسايتونغ ماينز"" وصول علي ب. المتهم بقتل المراهقة الألمانية سوزانا إلى مطار فرانكفورت ليلة اليوم السبت (التاسع من حزيران يونيو 2018) . وكان علي قد غادر إلى كردستان العراق بعد الجريمة التي يشتبه بارتكابه لها، وقد ألقت قوات الأمن الكردية القبض عليه يوم أمس الجمعة. وأشار خبر الصحيفتين الى أن المشتبه به ب. سيصل إلى فرانكفورت بحماية الشرطة الاتحادية الألمانية. ولم تعلق وزارة العدل الاتحادية ولا وزارة الداخلية في ولاية هيسن ولا مصادر الشرطة الاتحادية على هذه المعلومات حتى الآن. وفي اتصال هاتفي (الساعة 11.20 اليوم السبت بتوقيت برلين) كشف مدير شرطة دهوك اللواء طارق أحمد ابراهيم ل DW عربية أن """
506,"تحدث كيري أمام لجنة المصارف في مجلس الشيوخ الأمريكي. وحذر كيري خلال اجتماع مغلق للجنة المصارف في بمجلس الشيوخ الأمريكي من أن الولايات المتحدة قد تفقد شركاءها في المفاوضات إذا فرضت عقوبات اقتصادية جديدة. وتنظر هذه اللجنة في فرض حزمة عقوبات جديدة على إيران، بيد أن المشرعين منقسمون بشأن معايير هذه العقوبات. وكان كيري قال لبي بي سي إن إيران والقوى الكبرى قد اقتربوا جدا من التوصل إلى إتفاق في عطلة نهاية الاسبوع. وقال وزير الخارجية الأمريكي في الاجتماع المغلق للجنة ""نطلب من الجميع أن يهدأوا وأن يتمعنوا جيدا في ما يمكن إنجازه وفي حقيقة الوقائع"". وقال كيري ""لا توجد خلافات كبيرة بين الولايات المتحدة وإيران بشأن برنامجها النووي، لكن لا توجد أي خلافات كبيرة في هذا الصدد. وقال كيري إنه لا توجد خلافات بين دول"
507,"فوائد صحية للطماطم تم الكشف عنها في دراسة نشرت نتائجها حديثا. ودرس باحثون من جامعة فالنسيا الإسبانية تأثير مضادات الأكسدة الموجودة في الطماطم على البكتريا المعوية. وتمت دراسة مضادات الأكسدة في الطماطم النية والمقلية. ووجدت الدراسة-التي نشرت نتائجها في الدورية العلمية ""ساينس دايركت""- أن عملية قلي الطماطم عززت عملية استخراج المركبات المضادة للأكسدة في الطماطم، حيث كان محتواها أعلى مما هو موجود في الطماطم النيئة. وصلصة الطماطم التي تم تسخينها قبل تناولها، احتوت على مادة ""الليكوبين"" بصورة سليمة دون تغير. وتؤثر هذه المادة بصورة إيجابية على بكتريا الأمعاء. من جانب آخر، ذكرت صحيفة ""دويتشه أبوتيكر تسايتونغ"" الألمانية أن تناول الطماطم تساهم في محاربة أمراض القلب والأوعية الدموية. ونشرت الصحيفة نتائج دراسة صادرة"
508,"بعد ساعات من اعتقاله، قال وزير الأمن البريطاني بن والاس إن قائد السيارة التي دهست المارة في ممر للمشاة أمام البرلمان البريطاني عند ويستمنستر بريج اليوم الثلاثاء(14 آبأغسطس 2018) بريطاني الجنسية جاء في الأصل من دولة أخرى، لم يكشف عنها. وأضاف والاس لتلفزيون (بي.بي. بي. سي) ""إنه مواطن بريطاني. لم يكشف عن هويته حتى الآن. لم يكن هناك أي سلاح في السيارة"". وقال والاس في مقابلة مع محطة (سي. آي. إيه) ""إنه مواطن بريطاني، ولم يكشف عنه حتى الآن"". وأضافت المحطة التلفزيونية أنه ""لم يكشف عن أي سلاح"" في السيارة. وأضافت المحطة أنه ""ينظر إليها في الوقت الراهن على أنها عمل إرهابي ولم نؤكد ذلك بشكل تام حتى الآن"
509,"سوريا تقول إن المساعدات للمحتاجين تدخل باستمرار عبر المنافذ التي فتحتها. وكانت بعض المحامين الدوليين قد قالوا إن إدخال المعونات إلى الأراضي السورية دون موافقة الحكومة يتفق مع القانون الدولي. ورفض فيصل مقداد، نائب وزير الخارجية السوري، موقف هؤلاء المحامين. وقال في تصريح لبي بي سي ""هذا المنطق غير مقبول، ويتناقض مع قرارات مجلس الأمن، التي تؤكد على السيادة السورية"". وأضاف أن سوريا فتحت منافذها الحدودية مع تركيا، والعراق، ولبنان، والأردن لإدخال المساعدات. وأكد أن المساعدات ""تدخل بشكل مستمر"". وقال إن ""المساعدات الإنسانية تدخل إلى سوريا دون موافقة السلطات السورية، التي لا تسمح لها بذلك، ولا تسمح لأي كان بإدخالها دون موافقة من الحكومة السورية. وأضاف أن ""المنظمات غير الحكومية تعمل على إرسال معونات إنسانية إلى سوريا"
510,"أعلنت مجموعة ""فيرجين"" عن إطلاق مشروع يحمل اسم ""فيرجن غالاكتيك"" لإتاحة السفر إلى الفضاء للجميع عبر رحلات تجارية، لتكون بذلك أول شركة في العالم للسياحة والسفر تنظم رحلات إلى الفضاء. وفي تصريح لشبكة CNBC الأمريكية، قال مدير الشركة، شاماث باليبتيا، إن الشركة ستبدأ أولى رحلاتها التجارية خلال عام واحد. وبالرغم من التخطيط لانطلاق الرحلات التجارية لنقل السياح للفضاء العام القادم، تتوقع الشركة، والتي ستصل قيمتها إلى مليار ونصف المليار دولار أمريكي، أن تبدأ في تحقيق الأرباح بداية من عام 2021. فمن حيث حجم السوق لهذا النوع من الرحلات والطلب عليها، قال مؤسس مجموعة ""فيجين غالاتيك"" ريتشارد براندسون: ""منذ أن نجحنا في إطلاق سفينتي فضاء هذا العام وقمنا"
511,"حذر الرئيس الإيراني محمود أحمدي نجاد اليوم السبت (3 أبريل نيسان) من خطة إسرائيلية للقيام بعملية عسكرية جديدة في قطاع غزة. جاء ذلك في خطاب ألقاه في منطقة سيرجان جنوب شرقي إيران ونقله تليفزيون ""برس تي في"" الإيراني باللغة الانجليزية. يأتي ذلك بعد أن هدد النائب الأول لرئيس الوزراء الإسرائيلي سلفان شالوم أمس الجمعة بتكثيف العمليات العسكرية ضد مسلحي حركة حماس في حال استمرار الهجمات الصاروخية على الأراضي الإسرائيلية انطلاقا من قطاع غزة، وذلك في الوقت الذي هدد فيه شالوم ب ""تعزز تصميم"" إسرائيل على مواصلة برنامجها النووي. على صعيد آخر، قال أحمدي، إن الضغوط الدولية من شأنها أن ""تقوض تصميم"" إيران على مواصلة البرنامج النووي. وفي إشارة إلى تلويح الدول الغربية بعقوبات جديدة لدفع طهران على تعليق برنامجها لت"
512,حصلت الشرطة على بيانات من مكتب الأمين العام والمسؤول المالي للفيفا أيضا وقد استلمت الشرطة البيانات في مقر الفيفا في زيوريخ الذي يحوي مكتب رئيس الاتحاد سيب بلاتر، حسب ما علمت بي بي سي. وقالت الفيفا إنها تتعاون مع الشرطة بشكل كامل. وقالت الشرطة السويسرية إنها تحقق في كيفية اختيار الفائزين في تنظيم مباريات كأس العالم. ويحقق مكتب التحقيقات الفيدرالي الأمريكي (اف بي آي) في تهم الفساد في الفيفا، وقد وجهت لوائح اتهام لأربعة عشر شخصا حتى الآن. مواضيع قد تهمك نهاية ويعتقد أن الشرطة استولت على بيانات في مقر الاتحاد الدولي لكرة القدم (الفيفا) من مكتب أمين عام المنظمة جيروم فالكي والمسؤول المالي ماركوس كاتنر. وتركز التحقيقات الجنائية على سوء الإدارة المالية فيما يتعلق باختيار مكان تنظيم مباريات نهائيات كأس العالم عام 2018 و 2022. وتم تأجيل
513,"قال رئيس الوزراء الاسترالي سكوت موريسون إن بلاده تعترف رسميا بالقدس الغربية عاصمة لإسرائيل وأكد في ذات الوقت دعم بلاده لمبدأ حل الدولتين الذي يشمل إعلان القدس الشرقية عاصمة لدولة فلسطينية. وعلقت وزارة الخارجية الإسرائيلية أمس بالقول إن الإعلان ""خطوة في الاتجاه الصحيح"". وخلال اجتماع مجلس الوزراء اليوم الأحد أحجم نتنياهو عن الإضافة على ذلك. وقال للصحفيين في قاعة اجتماعات مجلس الوزراء ""أصدرنا بيانا من وزارة الخارجية. ليس لدي ما أضيفه عليه"". وقال نتنياهو للصحفيين في بداية الاجتماع ""نشكر استراليا على هذا الإعلان"". وأضاف ""هذا الإعلان خطوة في الاتجاه السليم"". وقال ""هذا إعلان في غاية الأهمية. ليس هناك تقسيم للمدينة بين شرق وغرب. القدس كيان واحد متحد. سيطرة إسرائيل عليها أبدية ولن تتقسم ولن تقوض. هذا الإعلان هو إعلان في الوقت نفسه."
514,"في مقابلة مع القناة الأولى بالتلفزيون الألماني (ايه آر دي)، قال وزير الداخلية الألماني هورست زيهوفر مساء اليوم إن على ماسن تقديم تقرير إلى الوزارة "" في موعد أقصاه غدا، وأنا أنتظر منه تفسيرا استند إليه في أطروحته"". وكان ماسن أدلى بتصريحات أثارت جدلا حادا أول أمس الجمعة لصحيفة ""بيلد""، أعرب فيها عن تشككه إزاء حدوث مطاردة ممنهجة لأجانب في كمنيتس خلال المظاهرات اليمينية التي شهدتها المدينة الأيام الماضية على خلفية مقتل ألماني طعنا خلال شجار مع مهاجرين. وقال ماسن إن هيئة حماية الدستور ليس لديها معلومات موثوقة عن حدوث هذه المطاردات، ""لا يوجد دليل على أن الفيديو المتداول على الإنترنت حول هذه الواقعة المزعومة، حقيقي"". ووصف ماسن هذه المعلومات بأنها من المحتمل أن تكون"
515,يجثم فندق غراند زوننبخيل على حافة منتجع للتزلج بجبال الألب، ويبدو من بعيد كم لو أنه قلعة حصينة وسط جائحة كورونا، وربما كان هذا هو السبب في اختيار ملك تايلاند له كملجأ من الفيروس، حيث أنه مخفي وسط جبال بافاريا التي تشهد إغلاق جميع الأنشطة الحياتية. وليست ثمة معلومات تذكر عن العاهل التايلاندي بسبب القيود المفروضة على أخباره في صحافة بلاده، غير أنه يتردد أنه يمضي معظم وقته في ألمانيا. وتم تتويج الملك ماها فاجيرالونجكورن بوديندراديبايافارانجكون في أيارمايو 2019، بعد أن ورث العرش عن أبيه الملك بوميبول أدوليادي الذي توفى عام 2016 بعد أن ظل في الحكم 70 عاما. وتزوج الملك فاجيريال
516,"رافقت الصحفية السابقة سابينه كيم أسطورة الفورمولا واحد، الألماني ميشائيل شوماخر طيلة ثمانية أعوام كمديرة أعمال شومخر والناطقة باسمه. وتعرفت كيم خلال تلك الفترة على أوجه متعددة من حياة بطل العالم سبع مرات في سباقات السرعة. وعن الحياة الرياضية لشوماخر قالت كيم في حوار مع مجموعة ""ريداكسيون نيتسوورك"" الإعلامية ""كرياضي كان حماسيا للغاية وفي بعض السباقات كان لايبالي ولا يشفق على نفسه"". أما على الصعيد الشخصي فكان شومي (لقب شومماخر في ألمانيا) شخصا آخر: ""كان سهل المراس ومنبسط وكريم وسخي جدا. ويحب المرح كثيرا مع الأصدقاء""، تؤكد مديرة أعماله كيم. ووصفت سابينيه كيم فوز شوماخار ببطولة العالم"
517,وفي العاصمة الهندية دلهي الهند يختبر مسؤولون مدفعا جديدا لمكافحة الضباب الدخاني. أما الحكومتان الأمريكية والبريطانية فتقولان إن كوريا الشمالية كانت وراء هجوم فيروس البرمجيات (واناكراي) الذي أصاب مستشفيات وشركات وبنوكا حول العالم فى وقت سابق من هذا العام. وفي تايلاند تجدد أمل كلب، فقد ساقيه الأماميتين، في حياة أفضل وذلك من خلال شفرتين مصنوعتين من ألياف الكربون، مثل التي يستخدمها لاعبو الأولمبياد ذوي الاحتياجات الخاصة في أولمبياد المعاقين.
518,"ذكر بيان صحفي لشبكة دويتشه فيله (DW) الإعلامية الألمانية الثلاثاء (13 آذار مارس 2018) أن حكما بالسجن 18 شهرا صدر على الأكاديمي الإيراني المعروف صادق زيباكلام اليوم بسبب مقابلة أجراها مع القسم الفارسي في الشبكة في كانون الثاني يناير الماضي. وجاء في البيان أن صادق زباكلام، وهو أستاذ للعلوم السياسية بجامعة طهران ومن المقربين من التيار الإصلاحي، اتهم بإجراء مقابلة مع منظمة إعلامية أجنبية باللغة الفارسية و""بالدعاية ضد نظام الجمهورية الإسلامية ونشر معلومات كاذبة""، وذلك في إشارة إلى مقابلته مع DW. وقالت الشبكة الألمانية إنها تحدثت مع زيبا كلام بالهاتف اليوم الثلاثاء. وجرت المقابلة في الأول من كانون الثاني  يناير وتحدث فيها عن الاحتجاجات التي كانت تشهدها البلاد في ذلك الوقت. وأوضح البيان أن دويتش فيله"
519,"قال تودور جاردوس الباحث المتخصص في شؤون أوروبا بمنظمة هيومان رايتس ووتش، إن ""سياسة الاحتواء التي يدعمها الاتحاد الأوروبي تفاقم من معاناة طالبي اللجوء المستمرة منذ فترة طويلة، وتحول ليسبوس إلى سجن مفتوح"". وقد زارت المنظمة الجزيرة، وقامت بإجراء حوارات مع طالبي اللجوء الذين يعيشون في المخيم في منتصف تشرين الأول أكتوبر الماضي، ورصدت ""أماكن إيواء مكتظة باللاجئين وغير ملائمة وحالة من اليأس"". وأضاف جاردوس ""الآلاف من الأشخاص الذين يسعون للحماية في أوروبا يعانون من الحرمان من أهم حقوقهم الأساسية المتمثلة في المعاملة الإنسانية والكريمة في ليسبوس"". ويذكر أنه في مطلع تشرين الثاني نوفمبر الجاري، تم تسجيل نحو 6500 طالب لجوء في مخيم موريا، الذي تبلغ سعته 3100، بحسب إحصاءات"
520,تأهل بايرن ميونيخ الألماني إلى دور ثمن النهائي لمسابقة دوري أبطال أوروبا لكرة القدم بعد فوزه على ضيفه أولمبياكوس اليوناني بأربعة أهداف دون مقابل الثلاثاء (24 نوفمبر تشرين الثاني 2015) في ميونيخ ضمن الجولة الخامسة من منافسات المجموعة السادسة. وسجل البرازيلي دوغلاس كوستا (8) والبولندي روبرت ليفاندوفسكي (16) وتوماس مولر (42) والفرنسي كينغسلي كومان (69) الأهداف. وبهذا الفوز رفع بايرن رصيده إلى 12 نقطة في صدارة المجموعة، في حين تجمد رصيد أولمبيا كوس الثاني عند 9 نقاط. وفي المباراة الثانية عن نفس المجموعة فاز أرسنال الانكليزي على ضيفه دينامو زغرب الكرواتي بثلاثة أهداف دون دون مقابل في لندن. وسجل الألماني مسعود أوزيل (29) والتشيلي اليكسيس سانشيز (33 و69) أهداف. ورفع أرسنال رصيده إلى 6 نقاط في المركز الثالث، وبقي دينا
521,مرت السيارة على الفلسطيني عدة مرات قبل أن تقف فوقه وقد طعن الفلسطيني الذي كان مسلحا بسكين الإسرائيليتين الساكنتين في مستوطنة كريات إربع قرب مدينة الخليل قبل أن يطلق عليه النار جندي إسرائيلي ورجل أمن مدني ويصيبانه بجراح خطيرة. ويظهر الشريط المصور الذي التقطه أحد الهواة سيارة مرسيدس فضية اللون تسير عدة مرات فوق جسد الفلسطيني الملقى على الأرض وتقف وأحد إطاراتها فوقه. واعتقلت الشرطة سائق السيارة ويدعى دافيد مزراحي لكنها أطلقت سراحه بانتظار انتهاء التحقيقات. وقالت جيل إلهداد المتحدثة باسم الشرطة إن مزراحي قد توجه له تهمة محاولة القتل. ويرقد الفلسطيني في حالة خطرة لكن مستقرة في مستشفى هداسا بالقدس. وتقول كرميت أورباز المتحدثة باسم المستشفى إن إصاباته أقل خطورة.
522,"""بدأ الحوار مع الأجيال الشابة وبدأت محاولات فهم أفكارها بعدما غرقت السفينة، وبعد أن تم الانقلاب والمذبحة"". هكذا تصف هند موقف الأخوان المسلمين حاليا في مصر من موضوع الحوار مع الجيل الشاب في التنظيم. هند تبلغ من العمر 20 عاما وهي عضو في تنظيم الأخوان المسلمين وطلبت عدم ذكر اسمها الكامل في لقائها مع DW بسبب الملاحقات الحكومية لتنظيمها. وتوضح هند أن ""أغلب الحركات الثورية ظهرت في الشارع، وأن الشباب لعب دورا مهما فيها، وهذه هي حرب الشباب""، كما تضيف. شباب الأخوان المسلمين غاضب بعدما فقد قياداته التي ألقي بها في السجن أو انتقلت للعيش في المنفى أو تفرقت. ويصعب السيطرة على هؤلاء الشباب. فالاختلافات بين الأجيال في التنظيم أصبحت أكثر عمقا، وازدادت معها المخاوف من تصاعد أعداد الشباب المتطرف"
523,"ذكر موقع جريدة ""ذا صن"" أن نجمة البوب العالمية مادونا، انتقلت إلى العاصمة البرتغالية لشبونة، من أجل مشاهدة اللحظات الكروية الأولى في مسيرة ابنها الذي تبنته ديفيد باندا (12 عاما)، الذي يحاول تطوير مهاراته الكروية رفقة فريق بنفيكا البرتغالي. وأوضح الموقع البريطاني أن مادون، تعيش حاليا في العاصمة البرتغالية، لشبونة، حيث تعيش مع ابنها ديفيد في أكاديمية بنفيك، التي تعد واحدة من أفضل الأكاديميات في عالم الساحرة المستديرة، إذ تخرج منها كل من النجم البرتغالي الشاب، ريناتو سانشيز، ونجم مانشستر سيتي، برناردو سيلفا، فضلا عن الحارس البرازيلي المتميز إديرسون مورايس. وأضاف الموقع البريطاني أنه في الوقت الذي تنما نجمة البوب، تعيش في مدينة لشبونة البرتغالية،"
524,"أعلنت جماعة الحوثي المدعومة من إيران الجمعة (26 مارس آذار 2021) شن هجمات على عدة منشآت نفطية تابعة لشركة أرامكو السعودية ومواقع عسكرية في المملكة. وقال المتحدث العسكري باسم الحوثيين يحيى سريع على تويتر إن الجماعة استهدفت قاعدة الملك عبد العزيز العسكرية في الدمام ومواقع عسكرية وعسير. وأضاف أنهم استهدفوا منشآت أرامكو في راس التنورة ورابغ وينبع وجازان. من جهتها أكدت وكالة الأنباء الرسمية السعودية نقلا عن مصدر بوزارة الطاقة السعودية تعرض محطة توزيع المنتجات البترولية في جازان لهجوم بمقذوف ""نجم عنه نشوب حريق في أحد الخزانات دون سقوط ضحايا"". وتوعدت وزارة الدفاع السعودية، نقلا عن المصدر في وزارة الداخلية، بالرد وصد هذه الهجمات مع اتخاذ ""كل الإجراءات اللازمة والرادعة"" لحماية صادرات النفط. ويتواصل الهجوم الصاروخي للطائرات"
525,"جون سكالي يتوسط مؤسسي آبل، ستيف جوبز وستيف ووزنياك وأضاف أنه وعلى سبيل المثال، يمكن لشركة آبل أن تحدث تغييرا ""جذريا في شكل التجارة الإلكترونية"" إذا ما اشترت سوقا مثل سوق إي باي الإلكتروني. وقال إن الشركة عليها أن تتجاهل ما يريده المستثمر الناشط كارل إيكان من الشركة أن تقوم بعملية إعادة شراء الأسهم. وقال سكالي: ""إن شركة آبل في الأساس هي شركة تركز على الخروج بمنتجات رائعة، بدلا من إعادة شراء أسهم الشركة. "" وأضاف: ""إذا ما كان الأمر كذلك، فإن شركة آبل عليها أن تقوم بإعادة شراء الأسهم أو إخراج حصص أكبر من الأرباح. "" وكان سكالي يقول إن شركة آبل تقوم بعملية ""إعادة شراء أسهم أكثر أو إخراج أسهم أكثر من الأرباح، أو على المدير التنفيذي لشركة آبل"
526,"في كل جامعة في ألمانيا هناك عدد من الباحثين والعلماء الشباب، الذين يعملون في صمت داخل معاملهم ومختبراتهم، ساعين لتحقيق عالم أفضل للغد. لدى هؤلاء الشباب الكثير من المشاريع المستقبلية في كل المجالات العلمية بداية من علم البيونيك (علم تقليد الطبيعة) ووصولا إلى النانوتكنولوجي (تقنية المنمنمات). وللتعريف بهؤلاء الشباب قامت مبادرة اقتصاد السوق الاجتماعي الجديد الألمانية اي. اس. ار.، بالتعاون مع مؤسسة ""السوبر ستار الحقيقيون لألمانيا"" التي تعمل في مجال البحث العلمي في كل الجامعات الألمانية، بنشر كتاب تحت عنوان:""سوبر ستار ألمانيا: خمسون مشروع وفكرة لعالم الغد"". وعن هدف نشر هذا الكتاب، يقول مدير المشروع ينز فالتر في حديث لدويتشه فيله: ""الهدف هو"
527,"كشف تقرير لمنظمة الأمم المتحدة للطفولة ""يونيسيف"" أن أطراف الصراع في الحرب الأهلية بسوريا أرسلت نحو 900 قاصر، ربعهم دون 15 عاما، إلى ساحات القتال في العام الماضي. وقالت المنظمة في تقريرها الذي نشر اليوم الاثنين (12 مارس آذار 2018) إنها علمت أن 244 طفلا تم اعتقالهم خلال 2017. وفي هذا السياق قال المدير الإقليمي ليونيسف بمنطقة الشرق الأوسط وشمال أفريقيا غيرت كابيليري: ""كل طرف من أطراف النزاع متورط في هذه الانتهاكات الفادحة لحقوق الأطفال"". وجاء في تقرير المنظمة أن من بين الأطفال ضحايا النزاع السوري هناك 86 ألف طفل تم بتر أطراف لهم، محذرة من أن عدم الحصول على العلاج الطبي أو النفسي الجيد يؤدي في الغالب إلى بطء تعافي مصابي الحرب أو تدهور حالتهم. وذكرت المنظمة أن كثيرا"
528,"ذكر تقرير صحفي أن التونسي أنيس عامري، منفذ هجوم الدهس في إحدى أسواق أعياد الميلاد في برلين العام الماضي، كان يستكشف أماكن أخرى لاستهدافها على الأرجح. وذكرت صحف شبكة ""دويتشلاند"" التحريرية الصادرة اليوم الجمعة (15 كانون الأولديسمبر 2017) استنادا إلى ملفات الادعاء العام والمكتب الاتحادي للشرطة الجنائية أنه بجانب سوق عيد الميلاد في ميدان ""ألكسندربلاتس"" أمام كنيسة الذكرى في برلين، كان عامري يستكشف ميدان ""الذكرى"" ومتنزه ""لوستغارتن"" أمام كاتدرائية برلين. وأضاف التقرير أن المحققين في مكتب الادعاء العام ومكتب الادعاء الاتحادي والشرطة الجنائية وجدوا في الهاتف المحمول الخاص بعامري صورا له في ثلاثة أسواق لعيد الميلاد في ثلاثة منها في برلين. وأشار التقرير إلى أن عامري كان يست"
529,"تفرض الصين رقابة مشددة على الانترنت. ومن المواقع التي استهدفها القراصنة مواقع حكومية ومنظمات رسمية وجماعات تجارية وغيرها من المواقع. وقالت رسالة وضعها القراصنة على المواقع المستهدفة إنهم قاموا بهجومهم احتجاجا على الرقابة المشددة التي تقوم بها الصين على مواطنيها. ودعت مجموعة ""أنونيموس"" الصينيين إلى تنظيم احتجاجات ضد النظام. وجاء الاعلان عن محو المواقع على حساب ""انونيموس في الصين"" الذي أسس في مارس  آذار. وجاء في الرسالة التي تم محوها أن ""القرصنة على الانترنت"" التي تم نشرها على حساب القراصنة في الصين، أن الحكومة الصينية قامت بمحو المواقع التي تعرضت للقرصنة. وقد تم محو المواقع التي لم يتم محوها على حسابهم على موقع ""انونموس"" في مارس آذار. وتقول الرسالة إن الحكومة الصينية تقوم ب"
530,"تمكن عمال إغاثة تابعون للأمم المتحدة والهلال الأحمر السوري من توصيل مساعدات للمدنيين في حمص وتحدث محافظ حمص ومصادر بالمعارضة عن مساعي لتمديد وقف إطلاق النار لثلاثة أيام أخرى، بينما أفادت الأنباء الواردة بوقوع تفجيرات وتبادل لإطلاق النار عقب انتهاء الهدنة مساء الأحد. وأقرت الحكومة السورية بأن بعض من أجلوا من حمص جرى اعتقالهم بعد مغادرتهم المدينة. وقال متحدث باسم وزارة الإعلام السورية ل""بي بي بي سي"" إن 103 ""مسلحين"" اعتقلوا لأسباب أمنية، مؤكدا أنه أطلق سراحهم بعد ذلك. لكن تقارير أخرى قالت إنهم لا يزالوا رهن الاعتقال مع عائلاتهم. ويعد وقف إطلاق إطلاق النار في حمص الاتفاق الملموس الوحيد الذي جرى التوصل إليه خلال محادثات السلام في جنيف. واستأنف ممثلو الحكومة والمعارضة السورية الاثنين مباحثاتهم في العاصمة السويسرية في محاولة لبحث حل"
531,"يرى مايكل بارنيير إنه على بريطانيا أن تجهز أوراقا واضحة للبدء في الجولة الثالثة من المفاوضات وشدد على أن ""الغموض"" البريطاني لابد أن يخرج من المعادلة الحالية، وأن يحرز الجانبان تقدما على صعيد ""الانفصال النهائي"" قبل أي محادثات بخصوص العلاقات بين الاتحاد الأوروبي وبريطانيا. من جانبه، قال وزير شؤون خروج بريطانيا من الاتحاد الأوروبي دايفيد دايفيز إنه لابد أن يتحلى الطرفان ""بالمرونة والمرونة والخيال"". جاءت تلك التصريحات في إطار كلمة أدلى بها كلا المسؤولين لوسائل الإعلام قبل البدء في الجولة الثالث من المفاوضات. واستبعد بارينير ودايفيز حدوث تقدم يذكر بنهاية المحادثات هذا الأسبوع. يأتي ذلك وسط حالة من الاحتقان والاتهامات المتبادلة بين الجانبين الأوروبي والبريطاني. واتهم الاتحاد الأوروبي بأنها تنتهج ""فكرا سحريا"" على صعيد"
532,"تقترب إسرائيل من إجراء انتخابات مبكرة، ستكون الرابعة في غضون عامين، بعدما وافق الكنيست اليوم الأربعاء (الثاني من كانون الأولديسمبر 2020) موافقة أولية على مشروع قانون لحل المجلس في خضم أزمة داخل الائتلاف المنقسم بقيادة رئيس الوزراء بنيامين نتنياهو. وقال المبادر إلى طرح مشروع القانون رئيس المعارضة يائير لابيد إنه ما دام السيد بنيامين نتنياهو في السلطة لن يتوقف ما وصفه بالغضب والكراهية والإدارة الفاشلة والسياسة الهدامة للدولة . وأيد المشروع 61 نائبا مقابل معارضة 54 نائبا وتغيب 4 أعضاء القائمة العربية الموحدة عن التصويت. وصوت رئيس الوزراء بالإنابة ووزير الدفاع بيني غانتس وأعضاء الائتلاف الوسطي الذي يترأسه (أزرق أبيض) مع حل الكنيست، ما يشكل خطوة عملية بالانسحاب من الائتلاف. فيما وصف زعيم المعارضة في الائتلاف اليميني بنيامين نتنياهو حكومة الوحدة بأنها """
533,"اصطحبت قوات الأمن نودين (وسط) لدى وصوله إلى المطار واعتقل الطياران في عام 2013 أثناء الاستعداد للإقلاع بطائرة تحمل 26 حقيبة من الكوكايين. وصدر حكم بسجنهما 20 عاما، لكن خلال مرحلة الاستئناف هربا إلى جزر الأنتيل الفرنسية في الكاريبي ومنها إلى فرنسا. ويشتبه في أن المواطن الفرنسي كريستوف نودين، الخبير في علم الجريمة وأمن الطيران، خطط هروب الاثنين. وفي وقت مبكر من اليوم، هبطت طائرة تقل نودين في سانتو دومينغو، حسبما أعلن متحدث باسم النائب العام بجمهورية الدومينيكان. مواضيع قد تهمك عن قضية ""الكوكايين الطائر"" وفي ديسمبر كانون الأول الماضي، أصدر قاض هناك مذكرة اعتقال بحقه وفرنسيين آخرين يشتباه في أنهما ساعدا بدورهما على"
534,اتهم أمير قطر الشيخ تميم بن حمد آل ثاني السعودية والإمارات والبحرين ومصر بمحاولة عرقلة استضافة بلاده لكأس العالم لكرة القدم في 2022. وأضاف أن الدول المقاطعة ليست مهتمة بحل الأزمة مع بلاده. وكان الأمير يتحدث في بداية مراسم افتتاح دورة جديدة لمجلس الشورى القطري. وقطر هي أول دولة عربية يتم اختيارها لاستضافة كأس العالم بكرة القدم، وقد اطلقت مشاريع بناء ضخمة استعدادا للحدث، ما استدعى تدفقا كبيرا لليد العاملة. وكانت السعودية والامارات والبحرين ومصر قطعت في الخامس من حزيران يونيو علاقاتها مع قطر وفرضت عليها عقوبات اقتصادية بعد اتهامها بدعم الارهاب والتقرب من ايران. وترفض الدوحة هذه الاتهامات. ومن جانبه، سبق لوزير الخارجية القطري الشيخ محمد بن عبد الرحمن أن حمل الدول المقاطعة لبلاده المسؤولية عن تفكيك مجلس التعاون الخليجي، وفي الوقت نفسه جدد دعوة بلاده للحوار لحل الأزمة.
535,"قالت الشرطة الألمانية اليوم الاثنين (السابع من آب أغسطس 2017) إن شخصين لقيا حتفهما إثر حريق اندلع فجر الاثنين في مأوى للمشردين وطالبي اللجوء في بلدة ماركغرونينغن القريبة من مدينة شتوتغارت بجنوب ألمانيا. واستبعدت الشرطة أن يكون الحريق متعمدا مضيفة أن الشخصين اللذين لقيا حتفها هما امرأة تبلغ من العمر 54 عاما ورجل يبلغ من العمر 56 عاما. كما أصيب ثلاثة بإصابات بالغة بسبب استنشاق الدخان، حسب الشرطة. وتابعت الشرطة أن تسعة أشخاص، بينهم اثنان من طالبي اللجوء، كانوا داخل المبنى عند اندلاع الحريق. وأضافت في بيان ""إلى الآن ليس هناك ما يشير إلى أنها جريمة كراهية."" وذكرت الشرطة اليوم الاثنين أن الحريق أسفر أيضا عن إصابة ثلاثة آخرين بإصابات بالغة. وكان يتواجد في الملجأ بوسط"
536,"انتظر جمهور أرسنال طويلا لإبرام صفقة ضخمة خلال فترة الانتقالات الصيفية. وحين أعلن النادي التعاقد مع مسعود أوزيل، تفاجأ الكثيرون برحيل اللاعب الدولي الألماني عن فريق ريال مدريد الإسباني. وانضم أوزيل ، التركي الأصل ولاعب منتخب ألمانيا، إلى أرسنال من ريال مدريد مقابل 42 مليون جنيه استرليني (حوالي 66 مليون دولار) في نقلة هائلة لسياسة المدرب أرسين فينجر. والآن بعد أن هز الشباك لصالح منتخب بلاده ضد جزر الفارو في تصفيات كأس العالم في منتصف الأسبوع، تترقب الجماهير الآن خوض اللاعب الموهوب أول مباراة مع ناديه الجديد ضد سندرلاند بعد غد السبت. وعن فريقه الجديد، قال أوزيل: ""أريد رفع مستواي أكثر وأتطلع لطريقة اللعب الجديدة""، مؤكدا أن ""أرسنال معروف بالتركيز على الأداء الخططي ورغبته"
537,"يبدو أن المدير الفني لأتلتيكو مدريد الأسباني، ""غير منزعج"" من الخسارة التي مني بها فريقه أمام غريمه ريال مدريد في ذهاب الدور نصف النهائي لدوري الأبطال. وليس هذا فقط، بل إن سيميوني المعروف بحماسته المفرطة وانفعاله، صرح خلال المؤتمر الصحفي الذي أعقب مباراة أمس الثلاثاء (الثاني من مايو أيار 2017): ""أشعر بهدوء كبير لم أشعر به من قبل، الآن علينا أن نخلد كل شيء، علينا أن نستنفد كل حظوظنا في مباراة العودة"". وقال سيميونيو: ""لا يوجد شيء مستحيل في كرة القدم، كل شيء ممكن في مباراة الإياب، لا يوجد شيء من المستحيل في مباراة الذهاب، لا توجد أي فرص للتهديف في هذا اللقاء"". وأضاف المدرب الأرجنتيني قائلا: """
538,تشتهر معلولا بأنها واحدة من القرى السورية الثلاثة التي تحتفظ باستخدام اللغة الآرامية. تركزت أعمال العنف في وقت سابق من هذا الشهر حول نقطة تفتيش تابعة للحكومة في المدخل الجنوبي للقرية أقامها الجيش، مع وجود عناصر من قوة الدفاع الوطني وهي ميليشيا تشكلت حديثا من أبناء المجتمع المحلي معظمهم من العلويين والمسيحيين. يؤكد مقاتلو المعارضة أنهم سيطروا على الجانب الشمالي من معلولا الواقعة أعلى جبل القلمون خلال الأشهر الثمانية الماضية. وفي حين وقعت بعض الاشتباكات بالقرب من القرية خلال الأشهر القليلة الماضية، تركز انتباه العالم فقط على معلولا في الخامس من أيلول سبتمبر الجاري، حينما نفذ أحد مقاتلي جبهة النصرة عملية انتحارية استهدفت نقطة التفتيش، ما أسفر عن مقتل العديد من الجنود والميليشيات الموالية للحكومة. دخل عدد من المسلحين بعد ذلك إلى دير القديسة تقلا شمالي القرية، وسأل
539,نستعرض في ما يلي مجموعة من أبرز هذه الصور. التماثيل في ميدان الطرف الأغر في لندن بدت متجمدة أكثر من العادة تشكيلات جليدية تتدلى من الأشجار كالثريات في ستوك أون ترنت مشهد للطبيعة المتجمدة في هامشير عمل فني من تشكيل الطبيعة في سوليهل منحوتات جليدية شكلتها الطبيعة في مارلبرو داونز أشعة الشمس تتسلل عبر ستارة من الجليد في أكسفوردشير تشكيل جليدي على هيئة شلال في نوتينغهامشير شظايا جليدية على شكل شلالات من الجليد تتناثر على الجليد في كامبريا تشكلات الجليد تلمع بفعل أشعة الشمس في روتلاندشير
540,"الكمون هو من النباتات العشبية التي تحوي بذورها على مادة الكومينول. والكومينول من الزيوت الطيارة ويتركب من مواد غير ضارة، مثل مادة باراسمين. وتحدثت دراسة أكاديمية جديدة عن فوائد الكمونفي التخسيس. وأظهرت نتائج الدراسة التي أجريت على 88 امرأة يتبعن الحمية أن النساء اللواتي شربن اللبن مرتين في اليوم ممزوجا مع ثلاثة غرامات من الكمون استطعن فقدان الوزن بمعدل كيلوغرامين أكثر من النساء اللواتي لم يتناولن الكمون، نقلا عن موقع ""غيسوندهايت أوند فيسينشافت"" الألماني المختص في تقديم النصائح الطبية والدراسات العلمية. ويؤثر الكمون على خفض نسبة الكولسترول في الدم، ويعمل على خفض الآثار التي يسببها مرض السكري، كما تقول الدكتورة أليكسا فليكينشتاين مؤلفة"
541,"يدافع برشلونة هذا الموسم بنجاح عن لقبه ببطولة كأس ملك إسبانيا (كوبا دو ري)، حيث فاز مساء الثلاثاء الماضي على نادي ريال مورسيا 3-صفر في ذهاب الجولة الرابعة من البطولة، التي فاز بها في المواسم الثلاثة الماضية. ولو نجح برشلونة في الفوز بها هذا الموسم أيضا فسيكون للمرة الرابعة على التوالي وبالتالي يحقق رقما قياسيا. وفي تلك المباراة، التي كانت ضد فريق من دوري الدرجة الثالثة، أشرك فالفيردي، مدرب برشلونة، أربعة لاعبين من الفريق الرديف، ومن بينهم المهاجم خوسيه أرناييز (22 عاما)، الذي قدم هذا الصيف من ريال بلد الوليد، ونجح في تسجيل الهدف الثالث لبرشلونة من اختراق من الجبهة اليسرى، ثم قام بتسديدة قوية بقدمه اليمنى في شباك ريال مورسي. وصرح خوسيه أرنتييز لقناة ""بي إن سبورتس"" القطرية بعد"
542,"بدأت في دريسدن اليوم الثلاثاء (السابع من آذارمارس) إجراءات محاكمة ثمانية أعضاء في مجموعة ألمانية من اليمين المتطرف وصفت بأنها ""إرهابية"" وذلك بعد التسبب بسلسة هجمات شنت في 2015 ضد لاجئين وخصوم سياسيين. وتتكون المجموعة من سبعة رجال تتراوح أعمارهم بين 19 و 39 عاما وامرأة في ال28 من عمرها، ويتوقع أن تستمر إجراءات محاكمتهم حتى أيلول سبتمبر القادم على الأقل؛ بتهمة ""الانتماء إلى شبكة إرهابية"" و ""محاولة القتل"" و""الإصابة بجروح"" إضافة إلى تهم أخرى. ونسب قرار الاتهام الذي قدمه المدعي العام شن خمسة هجمات بواسطة متفجرات بين تموز يوليو وتشرين الثانينوفمبر 2015 في ضاحية فريتال دريسدون (شرق ألمانيا) على مساكن لطالبي لجوء وأهداف ترتبط بال"
543,احتدم العنف بين القوات الحكومية وقوات المتمردين خلال الأسابيع الأخيرة وأضافت اليونيسف أن عشرات الأطفال قتلوا واغتصب 12 آخرون على الأقل كما اختطف آخرون لتجنيدهم في شن الهجمات في ولاية الوحدة خلال مدة أسبوعين. وتابعت اليونيسف قائلة في بيان إن شهودا يعتقدون أن الهجمات نفذتها مجموعات مسلحة متحالفة مع جيش جنوب السودان. وقال ناجون في اتصال مع اليونيسف إن مجموعات مسلحة أضرمت النيران في قرى وسوتها بالأرض، الأمر الذي أدى إلى نزوح أكثر من مئة ألف شخص. وقالت منظمة أطباء بلا حدود الأحد إن أكثر من 100 طفل قتلوا في المعارك الدائرة في جنوب السودان خلال الفترة الأخيرة، في حين قال ناجون إن المعارك تدور أيضا في ولاية أعالي النيل، حيث تدور معارك أيضا في ولايتي أعالي النيل وأعالي النيل. وقالت اليونيسف في بيان
544,"أعلنت وزارة الداخلية المصرية اليوم الجمعة (التاسع من أيارمايو 2014) ضبط 22 من عناصر الإخوان بحوزتهم فرد خرطوش و6 طلقات من ذات العيار وعدد من زجاجات المولوتوف وأسلحة بيضاء في محافظات متفرقة من البلاد. وقالت الوزارة في بيان لها اليوم إنه في ""إطار الخطط الأمنية بتمشيط أماكن ومناطق تمركز القوات فقد تمكن رجال المفرقعات من العثور على عبوتين ناسفتين بمناطق جسر السويس بمحافظة القاهرة - وأسفل كوبري أحمد عرابي بمحافظة الجيزة وتم التعامل معهما وإبطال مفعولهما"". وأضاف البيان أن الأجهزة الأمنية تواصل ""جهودها ومتابعاتها للحالة الأمنية للبلاد من خلال انتشار قواتها ودورياتها الأمنية بشتى محافظات الجمهورية والتصدي لكل ما يخل بأمن واستقرار البلاد"". وخرجت مسيرات مؤيدة للرئيس المعزول محمد مرسي في أنحاء متفرقة من مصر اليوم تلبية لدعوة"
545,يعد الراحل الصادق المهدي من أكثر الشخصيات السياسية شهرة في التاريخ الحديث للسودان، وبوفاته متأثرا بفيروس كورونا المستجد، تفقد السودان اسما بارزا كان مرشحا فوق العادة لمنصب رئاسة البلد، وكان مشاركا في أحداث مفصلية بالبلاد، منذ قيادته الجبهة القومية المتحدة عام 1961، إلى غاية عودته للبلد عام 2018 بعد عام في المنفى، لكنها لم تكن المرة الأولى التي نفي فيها أو تعرض فيها للتضييق. يختزل مسار الصادق المهدي جل تاريخ السودان من الستينيات إلى الآن، فقد تم انتخابه رئيسا لحزب الأمة القومي، وهو حزب إسلامي معتدل عام 1964 بعد حوالي ثلاث سنوات من العمل مع العسكري إبراهيم عبود، ووصل المهدي إلى منصب رئيس الوزراء عام 1966، لكن مرة أخرى جاء الانقلاب العسكري لجعفر النميري ليتم اعتقال المهدي وينفى لاحقا إلى
546,"تشكيل حكومة وحدة وطنية سيكون الخطوة الأولى ضمن اتفاق المصالحة بين فتح وحماس. وكان عزام الأحمد، رئيس وفد فتح للمصالحة، قد أعلن من غزة الثلاثاء أن الرئيس الفلسطيني سيعلن تشكيلة الحكومة الخميس من مقره في رام الله وقال إن هناك ""شبه اتفاق"" على كل القضايا. غير أن مصادر مطلعة قالت لبي بي سي إن الخلافات مستمرة حتى الآن حول حقيبة وزير الخارجية. وحسب المصادر، فإن الرئيس الفلسطيني محمود عباس يصر على الإبقاء على وزير الخارجية الحالي رياض المالكي فيما تتمسك حماس باختيار واحد من بين الشخصيات التي جرى التوافق بشأنها. وكانت مصادر وفدي التفاوض قد أكدت في وقت سابق، أن هذه الشخصيات هي حنان عشراوي وزياد أبو عمرو وناصر القدوة ومصطفى البرغوثي. مواضيع قد تهمك نهاية وقالت وسائل اعلام محلية ان اجتماعا عقد مساء الأربعاء، في منزل اسماعيل هنية،"
547,فشلت مذكرة لحجب الثقة عن رئيس جنوب إفريقيا جاكوب زوما في البرلمان اليوم الثلاثاء (الثامن من آبأغسطس 2017) مع وقوف نواب الحزب الوطني الإفريقي الحاكم في صف زعيمهم رغم الانقسامات المتزايدة والانتقادات الشرسة لحكمه. وأعلن باليكا مبيتي، رئيس البرلمان، فشل اقتراح حجب الثقة الذي نال تأييد 177 صوتا وعارضه 198 نائبا. وامتنع تسعة نواب عن التصويت. ولسحب الثقة من الرئيس لا بد من ان تصوت غالبية مطلقة من النواب (201 من أصل 400) على المذكرة التي قدمتها المعارضة. هذا ويشغل حزب المؤتمر الوطني الإفريقي بزعامة زوما 249 مقعدا في البرلمان. وهو الحزب الذي حمل شعلة نيلسون مانديلا. وفي المقابل قطع المتظاهرون الشوارع بالإطارات المحترقة والحجارة تعبيرا عن معارضتهم لاستمرار زوما في
548,"قاعدة فوتينما الجوية تغضب سكان اوكيناوا وبموجب الاتفاق، سيتم نقل 9000 من جنود مشاة البحرية الى ""مواقع خارج اليابان""، حسب ما جاء في بيان مشترك اصدرته الحكومتان الامريكية واليابانية، بينما سيبقى حوالي عشرة آلاف جنديا في قواعدهم بالجزيرة. ويأتي الاعلان عن الاتفاق قبيل الزيارة التي يزمع رئيس الحكومة اليابانية يوشيهيكو نودا القيام بها للعاصمة الامريكية. ولم يتوصل الجانبان بعد الى اتفاق حول موضوع القاعدة، ولكنهما لم يتوصلا بعد الى اي اتفاق حول كيفية نقل الجنود الذين يشملهم الاتفاق الى قواعد امريكية في جزيرة غوام وهاواي ومناطق اخرى في حوض المحيط الهاديء. وكانت اليابان قد عجزت عن تنفيذ الشروط التي تضمنها اتفاق وقع عام 2006 حول اوكاكيا حول نقل الجنود الامريكيين"
549,يحتاج مرضى السكري الى حقن انفسهم بالانسولين وقام الباحثون من امبريال كولدج في لندن ومن جامعة هارفارد بتحليل بيانات 2.7 مليون شخص من مختلف قارات العالم مستخدمين اسلوبا احصائيا يمكنهم من تحديد رقم عالمي للاصابات. ويقول الباحثون ان عدد المصابين بالمرض، الذي يمكن ان يؤدي الى الوفاة، ارتفع من 153 مليون شخص الى 347 مليون شخص في تلك الفترة. وطالب الباحثون، في الدراسة التي نشرت في مجلة لانسيت، بتحسين سبل التشخيص والعلاج لمواجهة الزيادة في اعداد المصابين بالمرض. وخلصت الدراسة الى ان 70 في المئة من الزيادة تعد ناجمة عن ارتفاع سكر الدم لدى البشر. وحسب الدراسة فان اكبر زيادة في معدلات الاصابة بالمرض كانت في جزر المحيط الهادي، ففي جزر مارشال مثلا يعاني ثلث النساء من السكري. وقال ماجد عزت من جامعة هارفارد في جامعة هارفارد
550,"حذرت منظمة ""مراسلون بلا حدود"" اليوم ا(لأربعاء 26 أبريل  نيسان) في تقريرها الدولي للعام 2017 من أن ""حرية الصحافة لم تكن قط مهددة على النحو الذي هي عليه اليوم"". وقال التقرير إن ""مصر والبحرين تزج بالصحفيين في السجن مع إبقائهم خلف القضبان لمدد طويلة إلى حد مفرط"". وذكر تقرير المنظمة أن ""المصور الصحفي محمود أبو زيد، باسمه المستعار شوكان، قيد الاعتقال التعسفي منذ ثلاث سنوات، لا لشيء سوى لأنه غطى التدخل الأمني الدموي لتفرقة اعتصام نظمته جماعة الإخوان المسلمين، التي تعتبرها السلطات المحلية منظمة إرهابية"". وفي سياق متصل، ""لا يزال الصحفي المستقل إسماعيل الإسكندراني يقف وراء القضبان منذ اعتقاله في نوفمبرتشرين الثاني 2015 رغم صدور حكم يقضي بالإفراج عنه في نوفمبر"
551,"ينجم مرض الملاريا عن طفيلي ينتشر من خلال البعوض مصاص الدماء ولا يمكن القضاء على هذا النوع الخطير من طفيلي الملاريا من خلال تناول العقاقير الرئيسية المضادة للمرض. وظهر المرض في البداية في كولومبيا لكنه منذ ذلك الوقت انتشر في مناطق عدة في تايلاند ولاوس ووصل إلى جنوب فيتنام. وقال الفريق الطبي في وحدة أبحاث الطب الاستوائي في جامعة أكسفورد في بانكوك إن ثمة خطرا حقيقيا من أن يصبح المرض غير قابل للعلاج. وقال دوندروب إن ثمة ""معدلات مقلقة من عدم جدوى العقاقير"" في علاج الملاريا، مشيرا إلى أن ""التطور الحديث للمرض"" أظهر مقاومة لمجموعة من عقاقير الأرتيميسينين لعلاج الملاريا، وذلك بعدما أصبح عقار البيبراكين أكثر فعالية في علاج المرض. ويصاب نحو 212 مليون شخص في العالم"
552,شارك عدد من المنظمة الحقوقية الدولية في حملة لإطلاق سراح رجب، لكنه لم يفرج عنه إلا بعد قضائه مدة السجن كاملة. وجاء نداء رجب بعد أن أفرجت السلطات عنه بعد قضائه عامين في السجن لمشاركته في مظاهرات احتجاج غير قانونية. وكان رجب، الذي يرأس المركز البحريني لحقوق الإنسان، قد أدين عام 2012 بالمشاركة في تجمعات غير قانونية وزعزعة النظام العام. وخفضت محكمة استئناف لاحقا الحكم من ثلاث سنوات إلى عامين سجنا. ورجب هو واحد من ناشطين بارزين عديدين قبضت عليهم السلطات بعد مظاهرات مطالبة بالديمقراطية اندلعت في البلاد عام 2011. وقال رجب لوكالة أسوشيتدبرس للأنباء إنه سعيد بالخروج من السجن الذي قضى فيه أكثر من 600 يوم. وقال رجب في مقابلة مع وكالة أسوشيتد برس للأنباء، إنه سعيد بالإفراج عن كل السجناء السياسيين في البحرين. وقال إنه
553,"يحدد الاتفاق الأول من ينايركانون الثاني موعدا لبدء محادثات بين حكومة الأسد والمعارضة. على الرغم من أن الاتفاق لم يحسم قضايا ظلت عالقة، مثل وضع الرئيس السوري بشار الأسد وتحديد من من جماعات المعارضة السورية يمكن أن يصنف تحت لافتة تنظيم إرهابي. وفي ختام الجولة الثانية من المحادثات الجارية في فيينا بشأن الأزمة السورية أعلن وزير الخارجية الأمريكي جون كيري ونظيره الروسي سيرغي كيري أن المشاركين فشلوا في الاتفاق على تحديد من سيجلس إلى طاولة المفاوضات. وقال كيري في بيان مشترك أصدرته الأمم المتحدة نيابة عن الأطراف ال 19 المشاركة في المحادثات في فيينا إن المشاركين في المحادثات لم يحسموا قضايا عالقة. إذ قال كيري إن المشاركين لم يتمكنوا من الاتفاق على ""تحديد من من الجماعات يمكن عدها جماعة إرهابية"". وينص الاتفاق على أن تجرى انتخابات حرة وعادلة وبإشراف الأمم المتحدة خلال"
554,"الجيش حذر باللجوء إلى القوة لمواجهة المحتجين وأكد مدير الصحة بمنطقة تطاوين، إبراهيم غرغار، في تصريح لبي بي سي ""مقتل شاب في العشرين من العمر في الاحتجاجات، جنوبي البلاد"". وأوضح أن الشاب ""تعرض لدهس سيارة ولم يتعرض لأي إطلاق نار""، ولكنه لم يحدد ملكية السيارة. وعندما سئل إذا كانت تابعة للشرطة، مثلما جاء في عدد من التقارير، رد بأن ""التحقيق الجاري سيحدد ذلك""، وأنه ليس مؤهلا للبت في القضية لأنه لم يكن حاضرا وقت الحادث. وأضاف مدير الصحة أن 50 جريحا نقلوا إلى المستشفى المحلي لتلقي العلاج من إصابات مختلفة، منها الاختناق، الذي ربما يعود إلى استعمال الشرطة للغاز المسيل للدموع. وأطلقت قوات الأمن قنابل الغاز لتفريق المحتجين الذين حاولوا اقتحام محطة الكامور لإغلاقها بعد أن أعاد الجيش فتحها"
555,قال علماء إن متوسط درجة حرارة الأرض استمر في الارتفاع خلال عام 2013 رغم الاختلافات الموسمية والإقليمية بما في ذلك ذوبان الغطاء الجليدي في منطقة القطب الشمالي وتزايد الجليد بشكل كبير في نصف الكرة الأرضية الجنوبي. #links# وقالت إدارة الطيران والفضاء الأمريكية (ناسا) إن متوسط درجات حرارة الأرض في عام 2013 بلغ 14.6 درجة مئوية ليتساوى معه في عامي 2006 و2009 كسابع أدفأ عام منذ عام 1880 عندما بدأ تسجيل الأحوال المناخية للأرض. وباستخدام نفس البيانات ولكن بعملية تحليلية مختلفة قالت الإدارة الوطنية الأمريكية لدراسة المحيطات والغلاف الجوي إن من المتوقع أن تسجل الولايات المتحدة أعلى درجة حرارة في العالم خلال عام 2013، بلغ 14.5 درجة مئوية ليصبح وفقا لتقديرات الإدارة رابع أدفأ في العالم. وبدأت درجة الحرارة في الارتفاع بنهاية الستينات وهي ظاهرة جرى
556,"دعا رجل الدين الشيعي مقتدى الصدر، زعيم التيار الصدري، الحكومة العراقية إلى الاستقالة وإجراء انتخابات مبكرة تحت إشراف أممي. وقال مقتدى الصدر في بيان مساء اليوم الجمعة ( الرابع من أكتوبر تشرين الأول 2019): ""احقنوا الدم العراقي الشريف باستقالة الحكومة"" واجراء ""انتخابات مبكرة بإشراف اممي، فما يحدث لا يمكن السكوت عليه"". وفي وقت سابق اليوم، دعا الصدر، كتلة نواب ""سائرون"" في البرلمان بزعامته إلى تعليق عضويتهم في المجلس. ويشهد العراق احتجاجات عنيفة منذ الثلاثاء بدأت من بغداد للمطالبة بتحسين الخدمات العامة وتوفير فرص العمل ومحاربة الفساد، وذلك قبل أن تمتد إلى محافظات في الجنوب ذات الأكثرية الشيعية. ورفع المتظاهرون من سقف مطالبهم وباتوا يدعون لاستقالة رئيس الوزراء إثر لجوء قوات الأمن للعنف لاحتواء الاحتجاجات، وأطلق قناص"
557,"قال الجيش الإسرائيلي إن الطيران التابع له قصف أهدافا لمسلحين في قطاع غزة الذي تسيطر عليه حركة حماس اليوم الخميس (16 يوليو تموز)، بعد سقوط صاروخ من القطاع الساحلي على جنوب إسرائيل. وأضاف أنه لم يتم الإبلاغ عن وقوع أضرار أو إصابات في إسرائيل بعد أن دوت صفارات الإنذار وسقط الصاروخ في أرض فضاء قرب مدينة عسقلان قبل الفجر. وتابع الجيش أنه ""ردا على هذا الهجوم استهدف طيران سلاح الجو الاسرائيلي بنى تحتية إرهابية في غزة"". من جهته، قال مصدر أمني لوكالة فرانس برس إن ""طائرات من نوع اف 16 استهدفت بصاروخين في ساعة مبكرة موقع الإدارة المدنية الواقع على طريق صلاح الدين الرئيسي في بلدة جباليا (شمال) ما أحدث أضرارا في الموقع ولم تسجل أي إصابات"". وأشار إلى أن سيارات الإسعاف وفرق الإطفاء وصلت على الفور إلى"
558,"تزوجت الأميرة يوجيني، حفيدة الملكة إليزابيث والابنة الثانية للأمير أندرو وسارة، دوقة يورك صديقها جاك بروكسبانك في ""كنيسة سانت جورج"" في قلعة ""وندسور"". توافد الحاضرون من العائلة المالكة ومن النجوم والمشاهير في أجواء عاصفة تلاعبت بقبعات وشعر وملابس الحاضرين. وقالت هيلين شيفرز ، المسؤولة عن الأرصاد الجوية: ""الجو عاصف للغاية في الأجزاء الغربية مع وجود العاصفة كالوم. ووصلت سرعة الرياح في منطقة ويندسور حوالي 30 إلى 35 ميل في الساعة"". وحضرت العارضة العالمية ناعومي كامبل بفستان أسود، وارتدت الممثلة ديمي مور اللون البورغندي، وجاءت المغنية إيلي غولدينغ بلون سماوي وفضي. كان 850 شخصا من الحاضرين من المشاهير مثل كارا ديليفينج و"
559,"كان من المفترض ان ينقل الخط الغاز الروسي لجنوب اوروبا وخلال زيارته لتركيا قال بوتين إن بلاده عوضا عن ذلك ستدرس انشاء مجمع غاز على الحدود التركية اليونانية. والقى بوتين باللوم على المعارضة الاوروبية لانشاء خط الانابيب والذي كانت تكلفته تصل الى 930 مليون يورو. وقال بوتين في مؤتمر صحفي مع بوتين ان تركيا ستشتري الغاز من عملاق الغاز الروسي ""غازبروم"". وكان يفترض ان ينقل في خط الانابيب الغاز من روسيا الى عدة دول في جنوب وشرق اوروبا عبرمياه البحر الاسود بمسافة تصل الى تسعة30 كيلومترا. وبدا العمل في مشروع خط الانابيب بالفعل في الاراضي البلغارية العام الماضي واستمر عدة اشهر قبل ان ترفض المفوضية الاوروبية مؤكدة انه ينتهك قوانين الاتحاد الاوروبي الخاصة بالمنافسة التجارية. مواضيع قد تهمك نهاية من جانبها اعتبرت موسكو ان قرار المفوضية الاوروبية لا"
560,"يشير الإعلان إلى فقدان كايبرنيك لدخله من لعب كرة القدم الأمريكية بعبارة: ""يتعين عليك أن تؤمن بشيء، حتى لو كان ذلك يعني التضحية بكل شيء"" فما الذي دفع الشركة للإعلان عن فقدانها لدخلها؟ وما الذي كانت تريده الشركة بالضبط؟ ربما يكون الجدل المصاحب لهذا الإعلان هو ما كانت تريده، وتوقع خبراء في مجال التسويق أن تنجح الحملة الإعلانية للشركة في نهاية المطاف. وقد أعاد الإعلان حالة الجدل التي أثيرت عام 2016 عندما بدأ كايبرك، الذي كان يلعب آنذاك مع فريق سان فرانسيسكو، الركوع أثناء عزف النشيد الوطني الأمريكي احتجاجا على إطلاق الشرطة النار على رجال سود غير مسلحين. ويقول إيريش يواكيمشتالر، الرئيس التنفيذي لشركة ""فيفالدي"" للاستشارات الاستراتيجية، في تصريحات لرويترز ""سيكون هذا جيدا لنا"
561,وأصبح يونايتد متقدما بست نقاط على أقرب منافسيه في الدوري الإنجليزي الممتاز. وسجل وين روني الهدف الأول ليونايتد في الدقيقة 16، ثم عزز تقدم فريقه بهدف آخر قبل نهاية الشوط الاول. وقلص يايا توري الفارق بعدما سجل الهدف الأول لمناشستر سيتي في الدقيقة 60، وتساوى الفريقان في الأهدف عندما أحرز بابلو زاباليتا هدفا في الدقيقة 86 بتسديدة رائعة. لكن فان بيرسي ضمن لفريقه نقاط الفوز الثلاث بهدف سجله في الوقت الإضافي، لتنتهي المباراة بثلاثة أهداف ليونايتد مقابل هدفين لمضيفه سيتي. وبذلك ارتفع رصيد يونايتد الى 39 نقطة من 16 مباراة، مقابل 33 نقطة لسيتي صاحب المركز الثاني. موضوعات ذات صلة
562,"تفحص الشرطة في أسباب ومصدر هذه الانفجارات ويقول مكتب بي بي سي في القدس إن الشرطة تفحص في أسباب مصدر الانفجارات. ونقلت وكالة فرانس برس عن مصدر أمني رفض الكشف عن اسمه قوله ""لقد أطلق صاروخ واحد على الأقل على إيلات، وقد عثر على شظاياه في ضواحي المدينة""، مضيفا إن عمليات البحث مستمرة في المكان عن مخلفات الصاروخ. ولم تؤكد الشرطة أو الجيش الإسرائيلي سقوط صاروخ في المدينة، على الرغم من إفادة سكانها بسماع أصوات انفجارات في وقت سابق من ليل الاثنين. وكان آخر هجوم تعرض له منتجع إيلات في أغسطسآب 2013، حيث قال الجيش الإسرائيلي إن نظام القبة الحديدية المضاد للصواريخ الذي يعتمده اعترض صاروخا متجها إلى المنتجع وتمكن من تدميره. ولم يحدد الجيش موقع انطلاق الصاروخ. مواضيع قد تهمك نهاية كان آخر هجوم على منتجع"
563,"بدأت اليوم الثلاثاء (19 يونيو حزيران 2018) محاكمة شاب سوري (19 عاما) بتهمة الاعتداء على إسرائيلي يرتدي (كيباه) في برلين. وحسب بيانات المحكمة، من المحتمل إصدار الحكم في القضية، التي تحظى باهتمام إعلامي بالغ، في نفس اليوم. واعترف اللاجئ الشاب بضرب الإسرائيلي الذي يضع ال""كيباه"" قبل شهرين في برلين، لكنه نفى أمام المحكمة في الوقت نفسه أن تكون خلفية الهجوم على أساس ""معاداة السامية"". يذكر أن المهاجم وجه سبابا معاديا للسامية للشاب الإسرائيلي ومرافقه الألماني-المغربي الذي كان يرتدي كيباه أيضا خلال سيرهما في أحد أحياء العاصمة برلين في 17 نيسان  أبريل الماضي، ثم هاجم الإسرائيلي بتوجيه ضربات له بحزامه. وصور الإسرائيلي الواقعة ونشرها على الإنترنيت. وتسببت الواقعة في موجة غضب بألمانيا"
564,"وأكدت المصادر الأمنية لبي بي سي، العثور على عبوة ثالثة في مدخل المسجد، مشيرة إلى أن قوات الحماية المدينة تعمل حاليا على تفكيكها. وتحتقل مدينة طنطا حاليا بمولد ""السيد البدوي"" والذي يعد أحد الموالد الأكثر شعبية حيث يجذب عشرات الآلاف من المصريين من جميع أنحاء البلاد للاحتفال به. وشهدت الفترة الاخيرة ارتفاعا ملحوظا في وتيرة التفجيرات التي تقع داخل مدن الدلتا المصرية بعد ان عزل الجيش للرئيس محمد مرسي المنتمي للإخوان المسلمين إثر احتجاجات شعبية واسعة مناهضة لحكمه. ومعظم التفجيرات التي وقعت مؤخرا كانت لعبوات بدائية الصنع ولم تؤد إلى خسائر بشرية كبيرة. مواضيع قد تهمك نهاية وكان عدد كبير من أفراد الشرطة والجيش قد قتلوا في عمليات تفجير وهجمات على منشآت عسكرية وشرطية في شبه جزيرة سيناء وفي داخل الأراضي المصرية. وتتهم الحكومة المصرية جماعة الاخوان"
565,"أدانت الأمم المتحدة القمع الدموي للاحتجاجات ضد الحكومة السودانية في عدة مدن البلاد والتي طالبت بمكافحة غلاء المعيشة وتحسين أوضاع الفقراء من المواطنين. وانتقدت المفوضة السامية لحقوق الإنسان ميشيل باشليه الخميس (17 كانون ثانيناير 2019) في جنيف استخدام الأجهزة الأمنية في السودان للعنف المفرط والذخيرة الحية ضد المتظاهرين. واتهمت باشليه أجهزة الأمن السودانية باستخدامها للعنف ضد المتظاهرين السلميين، مشيرة إلى أن قوات الأمن استخدمت الذخيرة الحية ضد المحتجين، فيما تم اعتقال المئات من المحتجين. وقالت باشليه في بيان صادر عن مكتبها في جنيف إنه تم استخدام قوات الأمن السودانية للعنف المفرط في التعامل مع التظاهرات ضد الحكومة. وأضافت أنه تم اعتقال العشرات من المحتجين السلميين. وتابعت باشليه ""أحض السلطات السودانية على حل هذا الوضع المتوتر عبر الحوار وأدعو كافة الأطراف"
566,"كما كان متوقعا ازدادت الفجوة داخل ""مؤتمر الإسلام"" في دورته السادسة بين ممثلي الإتحادات والجمعيات الإسلامية وبين الحكومة الألمانية التي يمثلها وزير الداخلية الاتحادي الجديد هانس بيتر فريدريش ووزيرة التعليم الاتحادية آنيته شافان، وكلاهما من حزبي الاتحاد المسيحي الحاكم. خلاف حول موقع الإسلام و""الشراكة الأمنية"" وتركز الخلاف في المؤتمر هذه المرة حول التصريحات الأخيرة المثيرة للجدل، حيث عبر فيها الوزير فريدريش عن تشككه من أن يكون الإسلام جزءا من ألمانيا مشددا على الطابع المسيحي للبلد. كما اقترح الوزير بعد افتتاحه للمؤتمر اليوم الثلاثاء (2011329) في برلين إقامة ""شراكة أمنية"" بين الطرفين لمكافحة التطرف الديني وعرقلة حدوث هجمات ينفذها إسلاميون. وقد وجدت الباحثة في الدراسات الإسلامية أرمينا أوميريكا"
567,"قضت محكمة في مدينة ميلانو الإيطالية اليوم الخميس (السابع من آذار مارس 2013) بالسجن لمدة عام واحد بحق رئيس الوزراء الأسبق سيلفيو برلسكوني بعد إدانته بتسريب معلومات من تحقيق قضائي سري سعيا لتدمير خصم سياسي. وكانت صحيفة إل جورنالى المملوكة لباولو شقيق برللسكونى قد نشرت عام 2005 مقتطفات من تسجيلات صوتيه يتحدث فيها زعيم يسار الوسط السابق بيرو فاسينو حول محاولة استحواذ شركة يوني بول التأمينية على بنك أنتون فينيتا والتي باءت بالفشل. ونقل عن فاسينو القول "" إذن لدينا بنك؟"". وبسبب هذه التعليقات تعرض فاسينو للهجوم بسبب ما تردد عن محاولته ممارسة ضغط سياسي لإتمام صفقة يونى بول - انتو فينتا . وقد حكم على برلالسكونى بالسجن عامين وثلاثة"
568,عرضت صور بالأشعة السينية وتقارير طبية لأسطورة هوليوود الراحلة مارلين مونرو للبيع في مزاد بمدينة لوس أنجليس الأمريكية أمس الأحد (10 نوفمبر تشرين الثاني 2013). ودفع المالك الجديد الذي لم يتم الكشف عن هويته حتى الآن مبلغا قيمته 25600 دولار مقابل تلك المقتنيات. وكان دار المزادات تتوقع أن تبلغ قيمتها 30 ألف دولار. ويشار إلى أن التقارير الطبية أظهرت أن نجمة الإغراء الأشهر في العالم خضعت لعمليات تجميل من بينها عملية زراعة ذقن. يذكر أن مونرو توفيت عن عمر ناهز الثالثة والستين عام 1962 بعد تعاطيها جرعة زائدة من مواد مهدئة ومنومة. د. لص ط. ب. ج. ي. ص. ب ي:
569,"لينا بوتمان فتاة ألمانية. حضرت هي وصديقها عددا من الهدايا لطالبي اللجوء. وسلمتها لفريق مبادرة ""الصندوق السعيد""، كي يوزع هداياهما للوافدين الجدد. لكنها لم تتوقف عند حد إهداء اللاجئين، بل إن حماستها الشديدة لهذا المشروع حفزتها لأن تلتحق بفريق ""الصناديق السعيد"" (""هابي بوكس"" HAPPY BOX). كان ذلك بالتوازي مع تدفق موجة اللاجئين إلى ألمانيا قبل سنوات. والآن في عام 2017 يكاد الفريق لا يستغنى عن نشاطها المتمثل بجمع الهدايا من الناس في ألمانيا. وفي كل مدينة ألمانية، يقوم فريق من مدينة هايدناو بولاية ساكسونيا شرقي ألمانيا بجمع الهدايا الشعبية للاجئين. وكان الدافع وراء إطلاقها في هذه المدينة بالذات هو أعمال الشغب المناوئة"
570,"وافق مجلس العموم البريطاني (البرلمان) بأغلبية 397 صوتا مقابل 223 اليوم الأربعاء (الثاني من كانون الأول ديسمبر 2015) على شن غارات جوية ضد تنظيم ""الدولة الإسلامية"" في سوريا بعد نقاش دام أكثر من 10 ساعات. وتشن بريطانيا بالفعل غارات في العراق منذ أكثر من عام. وكان رئيس الوزراء البريطاني ديفيد كاميرون قد حث أعضاء البرلمان على التصويت لصالح شن غارات ضد مواقع تابعة لتنظيم ""الدولة الاسلامية"" (داعش) في سوريا في غضون أيام. ويأتي ذلك بعد جدل دام لأشهر حول احتمال تغير موقف أعضاء في المعارضة ودعمهم التحرك العسكري. وقال كاميرون مع انطلاق مناقشات حول طلب الحكومة الموافقة على شن طائرات جوية على مواقع التنظيم في سوريا: ""السؤال المطروح على المجلس اليوم كيف نحمي الشعب البريطاني من التهديد الذي تمثله ""داعش"". سأكون"
571,"أكدت الشرطة بمدينة دريسدن في شرقي ألمانيا تعرض غرفة الكنوز بمتحف ""القبو الأخضر-G n nes Gewlbe"" التابع للقصر التاريخي للاقتحام والسرقة من قبل مجهولين في الصباح الباكر من يوم الاثنين (25 تشرين الثاني نوفمبر 2019). وأعلنت الشرطة أن المقتحمين تسللوا إلى الغرفة عبر نافذة بعدما قاموا بفصل قضبان النافذة ثم كسر الواجهة الزجاجية لها. وذكرت الشرطة أن الجناة توجهوا مباشرة إلى أحد صناديق العرض الزجاجية، وقاموا بتهشيمه. وقالت الشرطة في تغريدة لها إن التحقيقات جارية لكشف ملابسات عملية السطو والجناة الذين قاموا بها."
572,"طالبت رابطة الصحفيين الألمان (DJV) بضرورة التعامل مع التهديدات الموجهة من يمينيين متطرفين ضد صحفيين وساسة محليين، أعربوا علنا عن تأييدهم لسياسة استقبال اللاجئين، على محمل الجد. وناشدت الرابطة اليوم الخميس (20 حزيران يونيو 2019) ممثلي وسائل الإعلام وكذلك قوات الأمن عدم التقليل من شأن هذه التهديدات. وأوضحت الرابطة أن السبب وراء هذه المناشدات، هو تقارير تواردت عن خطابات تهديد ضد الصحفيين كانوا يعملون على موضوعات تتعلق باليمين المتطرف. وقال رئيس الرابطة فرانك أوبرال: ""بعد مقتل حاكم مقاطعة كاسل (فالتر لوبكه) والتهديدات التي صدرت ضد ساسة، من بينهم عمدة مدينة كولونيا، يتعين على زميلاتنا وزملائنا توخي الحذر وعدم الاستخفاف بالتهديدات"". وناشد أوبرال"
573,"إنه لاعب قصير القامة، فطوله 168 سنتميتر فقط. غير أن هذا اللاعب أصبح الآن حديث الجماهير في الدوري الإنجليزي. إنه لوكاس توريرا نجم أرسنال الجديد، صاحب الأعوام ال22، والذي لفت إليه الأنظار بشدة خلال أدائه القوي مع منتخب أورجواي في مونديال روسيا 2018. موزع الجرائد يحكي موقع ""إيمفوتبول"" قصة هذا اللاعب ويقول إنه عاني وهو في سن ال16، عندما غادر مسقط رأسه فراي بينتوس على الحدود مع الأرجنتين ليبحث عن حظوظه لدى ناديي ناسيونال وبينارول، أكبر أندية مونتفيديو، عاصمة أوروغواي. ورغم أنه لم يلق هذا الحظ في البداية إلا أنه لم ييأس، فانضم إلى أكاديمية ناد صغير هو مونتفيديو فاندررز. ولكي يستطيع العيش"
574,"شدد قادة دول مجلس التعاون الخليجي، في ختام اجتماعهم الرسمي الذي عقد في الرياض على مدار يومين، على ضرورة حل الأزمة في سوريا واليمن سياسيا. واختتمت اليوم الخميس (العاشر من ديسمبر كانون الأول 2015) قمة دول مجلس الخليجي، وأصدرت بيانا ختاميا تضمن تأييد الحل السياسي في سوريا بما يضمن وحدة أراضيها واستقلالها وفق جنيف 1. كما أكد البيان الختامي على ""دعم حل الأزمة السورية سياسيا، بما في ذلك حق اللاجئين السوريين في اللجوء إلى الولايات المتحدة. "" كما أيد البيان الختامي ""حق الشعب السوري في إقامة دولته واستقلاله في دولة مستقلة. كما أيد المجلس الحل السياسي للقضية الفلسطينية في سوريا في إطار المبادرة الخليجية ومخرجات الحوار الوطني الشامل. كما أكد المجلس على ""رفض الإجراءات القمعية الإسرائيلية ضد الفلسطينيين في القدس ومساندة الشعب الفلسطيني في مواجهة الإجراءات القمعية التي"
575,"قبل أيام معدودة من إجراء الانتخابات الرئاسية الروسية، قدم الرئيس الروسي الجديد المحتمل، ديميتري ميدفيدف وعودا انتخابية تشمل إجراء إصلاحات واسعة النطاق. فقد أعلن المرشح الأكثر حظوظا للفوز في الانتخابات المزمع تنظيمها في الثاني من مارسآذار المقبل عن نيته إجراء إصلاحات توفر مزيدا من الحرية للمواطنين وتضمن صيانة الملكية الخاصة وأخرى تعمل على إصلاح نظام القضاء. كما أعلن ميدفيديف أنه سيبذل كافة الجهود من أجل استقرار النمو الذي تشهده قطاعات الاقتصاد الروسي. توفير مزيد من الحريات أما بخصوص الفساد، فقد أكد ميدفيدفيدف الذي يتقدم على المرشحين الآخرين، بحسب استطلاعات الرأي، أن إحدى أهم مهامه هي محاربة الفساد. وعن توفير المزيد من الحريات، قال ميدفيدوف إنه ""سيتم الحديث عن الحريات بجميع أشكالها بما فيها الحريات الشخصية والاقتصادية وفي النهاية عن"
576,"أودى إعصار ""فلورنس""، والذي تم تخفيض تصنيفه إلى عاصفة مدارية، بحياة خمسة أشخاص على الأقل، بينهم أم وطفلها الرضيع، بعد ساعات من وصوله إلى اليابسة يوم الجمعة (14 أيلولسبتمبر) على الساحل الجنوبي الشرقي من الولايات المتحدة. ووقعت الوفيات الخمس في ولاية نورث كارولاينا، وفقا لسلطات الولاية، والتي أضافت أن أما وطفلها لقيا حتفهما عندما سقطت شجرة على منزلهما في ويلمنغتون. وأغرق الإعصار الشوارع بمياه الأمطار الغزيرة مع ارتفاع كبيرفي منسوب مياه البحر قبل أن تتراجع قوته ليتحول إلى عاصفة استوائية لاتزال قادرة على إحداث دمار هائل. وقال روي كوبر حاكم الولاية خلال مؤتمر صحفي ""إلى أولئك الذين في مسار العاصفة، إذا كنتم تستطيعون سماعي، فرجاء البقاء في"
577,"اغتيال الحريري اعاد رسم الخريطة السياسية في لبنان وتحدث كاسيزي عن ""عناصر ترابط"" بين اغتيال الحريري والاغتيالات الاخرى التي شهدها لبنان خصوصا بين عامي 2005 و2007، موضحا ان المحكمة تمكنت من ""حصر الاصل الجغرافي"" للانتحاري الذي نفذ اغتيال الحريري. وقال القاضي الايطالي في التقرير السنوي للمحكمة الخاصة بلبنان المكلفة محاكمة الضالعين في اغتيال الحريري والذي نشر السبت على الموقع الالكتروني للمحكمة، ان ""مكتب المدعي العام حقق تقدما ملموسا في تحضير القضية التي سوف تقدم مرتكبي الجريمة الى العدالة. وقد تحقق ذلك بالرغم من انضباط من يقفون وراء الاعتداء وتطورهم الواضحين"". وعرض في تقريره الذي تسلم نسخة منه كل من الامين العام للامم المتحدة بان كي مون ورئيس الوزراء اللبناني سعد الحريري، سلسلة مؤشرات تتصل بالتقدم الذي احرزه التحقيق وابرزها ""زيادة"
578,"ويقول تزاي لي: ""معظم الناس يشعرون بنفس الشيء هنا"". وتعد ""بوهاويسي"" كلمة جامعة أنيقة يمكن استخدامها في كل أنواع المناسبات، بدءا من محاولة لفت انتباه نادل في مطعم أو مقهى، إلى التعبير عن اعتذار مفعم بالخجل أثناء الحديث مع مسؤولك في العمل، ووصولا إلى الشعور الغامر الذي ينتابك وأنت تجتهد للاعتراف بحبك لشخص ما. وتقول تشيا-جو تشانغ، أستاذة في جامعة بروكلين سيتي في نيويورك، إن كلمة ""بوهي"" ستظل تتردد على شفاه التيوانيين للأبد، وتضيف: ""نستعملها طوال الوقت حيث أن ثقافة الأدب سائدة في تايوان، لذا نستخدمها عندما نقاطع أحدا أثناء حديثه أو نطلب من أحد أن يسدي لنا معروفا. وحتى"
579,"عارض نحو ثلثي الألمان، في استطلاع أجرته مؤسسة أنسا لاستطلاعات الرأي لصالح مجلة سيسيرو، بقاء المستشارة الألمانية أنغيلا ميركل في منصبها لولاية رابعة، بعد إجراء الانتخابات العام المقبل، وذلك في مؤشر على أن تعاملها مع أزمة المهاجرين لا يزال يؤثر على شعبيتها. وكشف الاستطلاع الذي نشرته المجلة الألمانية اليوم الأربعاء (11 أيار مايو 2016) أن حوالي 64 في المائة من الألمان لا يؤيدون بقاء ميركل في السلطة، أو أن تستمر في منصب المستشارة لفترة رابعة بعد الانتخابات الاتحادية في العام المقبل. وأظهر الاستطلاع، الذي نشرته مجلة أنسا، أن أكثر من نصف المشاركين في الاستطلاع لا يؤيدون عبارة ""أنا أفضل أن تبقى أنغيلا ميركل مستشارة أيضا بعد الانتخابات العامة في 2017"". ورفض بقاء المستشارة في الحكم لولاية رابعة كان متقاربا في شرق وغرب"
580,"كان كارتر يتحدث أمام جنود الفرقة 101 المحمولة جوا، والتي سيرسل نحو 1800 من جنودها لتدريب القوات العراقية وقال وزيرالدفاع الأمريكي، آش كارتر، إن مئتي عسكري أمريكي سيعملون مع القوات العراقية لاستهداف مسلحي تنظيم الدولة الإسلامية وقياداتهم. وأعلن وزير الدفاع الأمريكي ذلك في خطاب أمام الجنود في قاعدة فورت كامبل بولاية كنتاكي. وقال كارتر إن ""القوة التي أعلنت عنها في ديسمبر(كانون الأول)هي الآن في العراق وتستعد للعمل"" مع القوات الوطنية لاستهداف التنظيم وقياداته. وأشار كارتر إلى أن هذه القوة مختلفة عن قوة عمليات خاصة صغيرة قدرت بنحو خمسين عسكريا أرسلت إلى سوريا في العام الماضي، وقد نسقت مع قوات المعارضة المدعومة من الولايات المتحدة هناك، لتحديد أهداف جديدة تابعة لتنظيم الدولة الإسلامية. مواضيع قد تهمك نهاية أكد كارتر"
581,"مقتل جورج فلويد أثار احتجاجات واسعة في الولايات المتحدة وعززت الإجراءات الأمنية حول مبنى المحكمة في مدينة مينيابوليس. ووضعت في محيطها أسلاك شائكة وحواجز عالية، كما انتشر جنود مسلحون من الحرس الوطني. وقال الإدعاء في المرافعات الختامية ""كانت هذه جريمة قتل"". لكن محامي شوفين قال إن الشرطي السابق اتبع بشكل صحيح خطوات تدريب الشرطة في مواقف ممثالة. وقال المحامي إريك نيلسون إنه تصرف مثلما كان سيتصرف أي ""شرطي عاقل""، مضيفا أن الظروف المحيطة بوفاة فلويد أثارت شكا معقولا. مواضيع قد تهمك نهاية الأسبوع في محاكمة شوفين في مينيبوليس لكن محامي المدعي ستيف شلايشر، حث المحلفين على ""الاحتكام إلى المنطق. صدقوا أعينكم. ما رأيتموه، رأيتموه""، في إشارة إلى مقطع"
582,"يجري نهر الدانوب مسافة 2888 كيلومترا من منبعه في ""الغابة السوداء"" إلى مصبه في البحر الأسود. غير أن المسافة التي يقطعها النهر على مدى 577 كيلومترا في الأراضي الألمانية تعتبر من أكثر المناطق جاذبية وسحرا. يتلوى نهر الداوب بين مدينتي أولم وإينغولفشتات راسما خلفه المروج والغابات والمستنقعات، غير أن النهر مستعص على السفن الكبيرة في تلك المنطقة بسبب ضحالة منسوب المياه. وتتيح جولة بالدراجة الهوائية أفضل السبل لاستكشاف جمال هذه المنطقة الخلابة، إذ يربط طريق الدراجات الممتد على طول النهر بين مناطق تاريخية هامة يعيشها الزائر في كل خطوة يخطوها هناك. مكان للاستجمام وعلاج وجهاء القوم على بعد خمسين كيلومترا؛ من أولم يقبع معبد أبولو غر"
583,"ذكر فريق من الباحثين بمركز علاج الاكتئاب بجامعة ميشيغان الأمريكية أن التطبيق التجريبي الجديد الذي يعمل على الهواتف الذكية ويحمل اسم ""بريوري"" يتعرف على حالة نفسية المريض عن طريق أسلوب حديثه ونبرة صوته عن حالته النفسية. ويوفر هذا التطبيق وسيلة هادئة وغير مزعجة لمراقبة الحالة النفسية لمرضى الاضطرابات النفسية الذين يعانون من تغييرات حادة في الحالة المزاجية. ويعمل البرنامج على الهاتف الذكي ويراقب بشكل آلي نبرة صوت المستخدم سواء أثناء إجراء المكالمات الهاتفية التقليدية أو حضور جلسة العلاج النفسي الأسبوعية بالمركز. وبعد تغذية البرنامج بأسلوب حديث المريض النفسي، يمكنه قياس زمن الفترات البينية بين التحدث والسكات ودرجة ارتفاع نبرة الصوت لمعرفة حالة المزاجية للمتكلم حيث أن نوبات الهياج لدى المرضى النفسيين تبدأ بإطلاق عبارات طويلة بنبرة مرتفعة يتخللها"
584,"سينينات ونغواشيراباك عينت في يوليو تموز الماضي، بعد شهرين فقط من زواج الملك من الملكة سوتيدا، زوجته الرابعة. وقد عينت حارسة في القصر الملكي في بانكوك وقال إعلان رسمي إن سينينين، عسكرية برتبة ميجور جنرال (لواء)، وطيارة محترفة، وممرضة، وحارسة شخصية. ونشرت في شهر أغسطسآب صور رسمية لها وهي في زي عسكري للمقاتلين، تقود طائرة، وكتب إلى جانب الصور إعلان رسمي يقول إن ""الملك أمر بكتابة سيرة ملكية لها"". وقد نشرت في شهر يوليوتموز الماضي. وكانت قد عينت من قبل الملك واشيرالونغكون، في عام 2016، بعد شهرين من زواجه من ملكة تايلاند السابقة، في يوليو"
585,"أعلن المكتب الإعلامي لرئيس الوزراء العراقي حيدر العبادي اليوم الخميس (11 أغسطسآب 2016) أن العراق والأمم المتحدة وقعا مذكرة تفاهم لإشراك محققين دوليين في ملفات الفساد الكبرى. وذكر المكتب على حسابه على موقع التواصل الاجتماعي ""فيس بوك"" أن ""العراق وقع مذكرة تفاهم مع الأمم المتحدة لإشتراك محققين من الأمم المتحدة في ملفات فساد كبرى ذات الأولوية"". وتطال اتهامات الفساد وزراء ومسؤولين كبار ونواب في البرلمان بينهم رئيس البرلمان سليم الجبوري الذي أغلق القضاء ملف الدعوى ضده لعدم كفاية الأدلة، بعد رفع الحصانة عنه وبدء التحقيقات. ووفقا لتقارير المنظمات الدولية، فإن العراق يأتي ضمن الدول الأكثر فسادا على مستوى العالم. وتشهد بغداد وعدد كبير من المدن العراقية تظاهرات متواصلة للمطالبة بتحسين الخدمات ومحاربة الفساد الذي تعانيه مؤسسات البلاد. ش.عع"
586,"تعتزم الحكومة الإيرانية إغلاق تطبيق ""إنستغرام"" المشهور لنشر الصور والفيديو، الذي استخدمه على نطاق واسع المتظاهرون المناهضون للحكومة كوسيلة تواصل رئيسية بينهم، عندما نظموا سلسلة من الاحتجاجات وأعمال الشغب أواخر عام 2017 وأوائل هذا العام. وقال علاء الدين بروجردي، رئيس اللجنة البرلمانية للسياسة الخارجية والأمن القومي: ""قد نقرر على أعلى المستويات السياسية إلغاء إنستغرام قريبا، وستحل محله خدمة محلية"". ونقلت وكالة ""مهر"" الإيرانية للأنباء أن الحكومة الإيرانية تعتزم إغلاق ""إنستغرام""، الذي كان يستخدمه على مدى السنوات الماضية أكثر من 3 ملايين مستخدم نشط في إيران. وقال بروجردي: ""لا يمكن إغلاق إنستغرام، بل يجب أن يكون مزود خدمة إنترنت تسيطر عليه الدولة أيضا، بما في ذلك مزود خدمة الإنترنت الذي تسيطر عليه الحكومة أيضا. وأضاف"
587,"وتركز الدعوى، التي يقودها ناشط نمساوي في مجال حماية البيانات يدعى ماكس شريمز، على أسلوب فيسبوك في جمع ونقل البيانات. ووجهت الدعوى ضد المقر الأوروبي لفيسبوك في العاصمة الأيرلندية دبلن، المسؤول عن تسجيل كل الحسابات خارج الولايات المتحدة وكندا. ولم يعلق المسؤولون في فيسبوك على القضية حتى الآن. وتتضمن الدعوى اتهام فيسبوك بانتهاك قوانين الخصوصية من خلال استخدام خاصية ""الإعجاب"" في عام 2007. كما تتضمن الدعوى اتهام الموقع بانتهاك خصوصية المستخدمين عندما يستعملون خاصية ""إعجاب"". مواضيع قد تهمك عن موقع ""فيسبوك""، الذي يستخدم خاصية ""فيسبوك"" في جمع البيانات. كما يتهم الموقع بخرق قوانين حماية البيانات من خلال ما يعتبره مراقبة جماعية ينفذها الموقع. كما تتهم شري مز الموقع"
588,"شن أكثر من ألفي شخص موالين لروسيا الأحد (الرابع من مايو أيار 2014) هجوما على مقر الشرطة في مدينة أوديسا جنوب أوكرانيا إثر أعمال عنف أوقعت نحو أربعين قتيلا الجمعة، كما أفاد مراسل لوكالة فرانس برس. واقتحم المهاجمون المسلحون بالهراوات مدخلا أول مع شاحنتين وهم يطالبون بالإفراج عن زملاء لهم اعتقلوا الجمعة إثر الصدامات التي وقعت بين الموالين لروسيا وأنصار أوكرانيا الموحدة. وأدت أعمال العنف هذه لاحقا إلى نشوب حريق متعمد قضى بسببه نحو أربعين شخصا معظمهم من الموالين لروسيا. وبدأ رجال الشرطة المتحصنون داخل المبنى بالإفراج الواحد تلو الآخر عن الأشخاص الذين أوقفوا الجمعة ووصفتهم الحشود ب ""الأبطال"". وقبل الهجوم، تجمع ألفان إلى ثلاثة آلاف شخص أمام مقر الشرطة تحت الأمطار مرددين ""فاشيون"
589,"DW: يبدو أن مقاتلات ألمانية لعبت دورا حاسما في الهجوم على مدرسة في منطقة المنصورة بالقرب من الرقة في سوريا، ما أدى إلى مقتل 33 مدنيا حسب وسائل إعلام ألمانية، بينهم نساء وأطفال. وتفيد بيانات airwars. التحالف الدولي ضد تنظيم ""داعش"" الذي تقوده الولايات المتحدة الأمريكية، أن هذه الحالة ليست إلا واحدة من عدة هجمات للتحالف ضد داعش في سوريا سقط ضحيتها مدنيون. وفي الوقت نفسه، لا توجد معلومات دقيقة عن عدد الضحايا المدنيين الذين سقطوا في الغارات الجوية للتحالف الدولي ضد ""داعش""، إلا أنه لا يوجد أي إحصاء دقيق لعدد الضحايا المدنيين في سوريا. هل هناك إحصائية دقيقة للغاية في هذا الصدد؟ هل هناك إحصاء دقيق في هذا الشأن؟ كريس وودز: حرب التحالف الدولي في سوريا بدأت في أغسطس آب"
590,"اعتبر الرئيس التنفيذي لبايرن ميونيخ الألماني كارل-هاينز رومينيغه اليوم الإثنين أن ريال مدريد الإسباني مرشح لبلوغ نصف نهائي دوري أبطال أوروبا لكرة القدم على حساب ناديه، وذلك عشية مباراة الإياب التي تجري الثلاثاء ( 18 أبريل نيسان 2017) بين الفريقين. وكان النادي الملكي فاز ذهابا على مضيفه البافاري 2-1، ما صعب مهمة الأخير في بلوغ نصف النهائي على حساب حامل اللقب على ملعب ""سانتي"" في إياب نصف النهائي، قبل أن يخسر إيابا على ملعبه ""ريال"" أمام بايرن ميونيخ 1-2، في مباراة الذهاب التي تقام على ملعب الأخير في مدريد، في مواجهة الإياب التي تقام الثلاثاء في مدريد. وشدد على أن ""الشخصية القوية للفريق (الملكي) لا تسمح له بالتأهل إلى نصف النهائي""، مشددا على أنه ""لا يمكن"
591,"وقالت نيوتون إن الأعمال الدرامية التاريخية أدت إلى وجود ""هامش رفيع من الأدوار التي يمكن أن يؤديها الممثلون السود"". ويأتي ذلك بعدما أظهرت دراسة مسحية أجراها المعهد البريطاني للأفلام من أن 59 في المائة من الأفلام البريطانية المنتجة منذ عام 2006 لم تتضمن أي ممثلين سود. وتعد نيوتون واحدة من عشرات الممثلين والممثلات الذين شكوا من قلة الأدوار التي تتطلب وجود ممثلين سود في بريطانيا. وكان الممثل المعروف في بريطانيا دافيد أويلوو قد أكد أن هناك ظاهرة لنزوح الممثلين السمر من بريطانيا والاتجاه إلى الولايات المتحدة لقلة الادوار المتاحة لهم في بلدهم. وقال ""هناك الكثير من الممثلين السود الذين يرغبون في الحصول على فرصهم في الأعمال الدرامية في الولايات المتحدة بسبب لونهم وجنسهم"". وأضاف ""هناك العديد من الأعمال الدرامية التي تتطلب ممثلين سود"
592,"بدأت المحكمة العليا في مدينة فرانكفورت اليوم الاثنين (11 نسيان أبريل) محاكمة شاب عمره 21 عاما ظهر في صور أمام رؤوس مقطوعة في سوريا. وأعلنت المحكمة اليوم الاثنين أن المتهم أريا إل. سيتم استجوابه أمام محكمة اعتبارا من 3 أيار مايو المقبل لأنه متهم بارتكاب جرائم حرب. وكان الادعاء العام الألماني في كارلسروه قد حرك الدعوى ضد المتهم في شباط فبراير الماضي. وظهر المتهم في صور التقطت مع متهم آخر في آذار مارس ونيسان أبريل عام 2014 مع رأسين بشريين مقطوعين ومثبتين على قضبان معدنية بغرض التمثيل بجثتيهما. وذكرت المحكمة أن هذين الرأسين كانا لمدنيين أو جنود تابعين للحكومة السورية. وبعد ذلك نشر المتهم تلك الصور على الإنترنت عبر حساب على شبكة التواصل الاجتماعي ""فيس بوك"". ص"
593,"دعت بريطانيا وفرنسا وألمانيا اليوم الاثنين (13 أيار مايو 2019) إلى ""إنهاء التصعيد العسكري"" في شمال غرب سوريا. وأعربت الدول الثلاث في بيانها، الذي أصدرته الخارجية البريطانية عن القلق الشديد ""إزاء موجة العنف الأخيرة"" التي أدت إلى مقتل أكثر من 120 مدنيا. وانتقدت الدول الثلاث دمشق وموسكو في البيان الذي شدد على أن ""الضربات الجوية على المراكز السكانية والقصف العشوائي واستخدام البراميل المتفجرة وكذلك استهداف البنية الأساسية المدنية والإنسانية، وخاصة المدارس والمراكز الصحية، كلها انتهاكات سافرة للقانون الإنساني الدولي"". وأضاف البيان أن ""هناك جماعات إرهابية"" كثفت هجماتها أيضا، لافتا إلى أن ذلك يمثل مدعاة لقلق شديد، وجاء في البيان أيضا: ""لكن الهجوم الوحشي من قبل النظام السوري وداعميه على ملايين المدنيين الذين يعيشون في المنطقة ليس له صلة"
594,"قالت المتحدثة باسم الخارجية الأمريكية فكتوريا نولاند أن ""اللغة التي سمعناها مسيئة للغاية.. ونعتقد أنه يجب أن يتم التراجع عن هذه التصريحات وبشكل حازم""، في إشارة إلى شريط فيديو بثته مؤسسة الأبحاث حول وسائل الإعلام في الشرق الأوسط التي تتخذ من واشنطن مقرا لها، ويتضمن خطابا للرئيس المصري محمد مرسي ألقاه عام 2010 عندما كان من زعامات جماعة الإخوان المسلمين. يدعو مرسي في الشريط إلى اعتماد ""كل أشكال المقاومة في فلسطين ضد المجرمين الصهاينة"". ويصف الإسرائيليين ب""محبي الدماء مشعلي الحروب في فلسطين وبأبناء القردة والخنازير"". وأوضحت نولاند أنه الإدارة الأمريكية أبلغت القاهرة بن الإدارة الأمريكية ""قلقها"" إزاء هذه التصريحات، لكنها قالت بأنها تحكم على مرسي ""ليس على ما يقوله فحسب بل أيضا"
595,"أكد محمد عبد العزيز، وزير الخارجية الليبي، أن الحكومة الجزائرية أبلغت نظيرتها الليبية رسميا بمغادرة بعض أفراد عائلة العقيد الراحل معمر القذافي الأراضي الجزائرية مؤخرا باتجاه سلطنة عمان حيث حصلوا على حق اللجوء السياسي هناك. ونفى عبد العزيز في تصريحات لصحيفة ""الشرق الأوسط"" اللندنية نشرتها اليوم الأربعاء (الثالث نيسانأبريل 2013) صحة التقارير الجزائرية التي تحدثت عن أن عائشة القذافي لا تزال موجودة في الجزائر، وقال: ""هذا الكلام غير صحيح""، مشيرا إلى تأكده من أنها في سلطنة عمان. وكشف عبد العزيز النقاب عن معلومات استخباراتية تؤكد تورط أفراد من عائلة القذافي في بعض الأعمال التي تستهدف إحداث الفوضى وزعزعة الأمن في ليبيا، لافتا إلى أن هؤلاء بحوزتهم أموال ويعقدون اجتماعات سرية ولديهم مساندون وأعوان، على حد قوله. وعن التقارير التي تشير إلى وجود صفقة مع"
596,شهدت قلعة وندسور اليوم الجمعة (12 تشرين الأول أكتوبر 2018) مراسم زواج الأميرة يوجيني حفيدة ملكة بريطانيا على جاك بروكسبانك أمام حشد من المشاهير وأفراد العائلة المالكة من بينهم ابن عمها الأمير هاري وزوجته ميغان اللذان تزوجا في نفس المكان في مايو أيار الماضي. لم يرغب مشاهير النجوم كنعومي كامبل وروبي ويليامز وديمي مور وليف تايلر في تضييع فرصة حضور الزفاف الملكي. لكن الأضواء لم تسلط على هذا الحضور الواسع بقدر ما تابعت بشكل خاص الأمير جورج وشقيقته شارلوت في الحفل، فقد كان الأمير الصغير من الصغار المرافقين للعروسين، فيما كانت شقيقته شارلوت برفقة أمها من وصيفات العروس. وعندما وصلت العروس إلى أمام الكنيسة الصغيرة ، عرفت شارلوت أيضا ما يجب القيام به في
597,"رفض الرئيس التركي رجب طيب إردوغان الانتقادات الدولية بشأن القرار المثير للجدل بإعادة الانتخابات على بلدية إسطنبول المتنازع عليها. وقال أردوغان في خطاب متلفز خلال مأدبة إفطار في إسطنبول ""إن شاء الله، لن ينحني شعبنا لهذه التهديدات، للغة الضغط هذه"". وأضاف ""هؤلاء الذين يريدون الإطاحة بالرئيس الفنزويلي المنتخب لا يمكنهم الحديث معنا بشأن الديمقراطية"". يشار إلى أنه في يوم الاثنين الماضي أمر المجلس الأعلى للانتخابات في تركيا بإعادة الانتخابات في 23 حزيران  يونيو المقبل ببلدية إسطنبول، التي فاز بها حزب الشعب الجمهوري المعارض الرئيسي. واستشهد المجلس الأعلى الانتخابات في تركيا بالمخالفات المزعومة التي ادعاها حزب العدالة والتنمية الحاكم الذي يتزعمه أردوغان. واتهم حزب الشعب الجمهورى وأحزاب المعارضة الأخرى أردوغان بالتدخل السياسي لدى الهيئة الانتخابية. وتعرض القرار لانتقادات من شركاء تركيا الغربيين، بما في ذلك الولايات المتحدة."
598,"(صورة أرشيفية) قرر جنود مصريون إغلاق معبر رفح حتى عودة زملائهم المختطفين. وقالوا إنهم سيستمرون في إغلاق المعبر لحين عودة المختطفين. واختطف مجهولون سبعة جنود، بينهم أربعة من أفراد أمن الموانئ ومجند بالجيش، أمس الخميس أثناء مرورهم بطريق يربط بين مدينتي العريش ورفح بمحافظة شمال سيناء. قال مسؤولون مصريون، لم يرغبوا في الكشف عن هوياتهم، إن السلطات تجري إتصالات مع خاطفي الجنود السبعة في شبه جزيرة سيناء لتأمين الإفراج عنهم. وقالت وكالة أنباء الشرق الأوسط الرسمية المصرية إن المفاوضات مع الخاطفين تتم عبر وسطاء، ولكنها لم تقدم المزيد من التفاصيل. وقالت مصادر لبي بي سي إن الإفراج عن معتقلين على ذمة قضايا ذات علاقة ""بالإرهاب"". وكانت وزارة الداخلية المصرية قد أعلنت قبل أيام ضبط خلية إرهابية مرتبطة"
599,"سماعات ""بيتس"" تباع بالفعل مع منتجات شركة آبل وسوف ينضم إلى الشركة جيمي لوفين و دي أر دري، كجزء من صفقة الاستحواذ التي تعد الأكبر بالنسبة لشركة آبل. وقال تيم كوك، رئيس شركة آبل، إن الصفقة ستسمح للشركة ""بمواصلة إبداع منتجات وخدمات موسيقية تتسم بالابتكار."" وقالت آبل في بيان لها إنها ستدفع مبدئيا 2.6 مليار دولار لشركة بيتس، فيما سيبقى باقي المبلغ والبالغ 400 مليون دولار ""في عهدتها"". وتأسست شركة بيتس عام 2008 بمعرفة المنتج الموسيقي جيمي لوف، ونجم الهيب هوب المعروف باسم دي أر، واشتهرت على مدى السنوات الأخيرة بصناعة سماعات الرأس. وتبيع شركة آبل من خلال متجر ""آي تيونز""، أكبر خدمة لتحميل الأغنيات مقابل اشتراكات مدفوعة. وتملك آبل متجرا ""آيتي"
600,"ويأتي إعلان الإليزيه اليوم الأحد (4 فبرايرشباط) بعد محادثة هاتفية أجراها الرئيس الفرنسي ايمانويل ماكرون مع نظيره التركي رجب طيب أردوغان السبت، تباحثا خلالها خصوصا في العملية العسكرية التي تشنها تركيا ضد وحدات حماية الشعب الكردية في شمال سوريا. وكان ماكرون أثار غضب أنقرة الأسبوع الماضي، عندما قال في مقابلة صحافية أن بلاده سيكون لديها ""مشكلة حقيقية"" في حال تبين أن الحملة العسكرية ""عملية اجتياح""، لكنه عاد وخفف من لهجته عقب انتقاد تركي. وأوردت وكالة أنباء الأناضول الرسمية السبت أن أردوغان سعى اإلى طمأنة ماكرون خلال المحادثة الهاتفية إلى أن أنقرة ليس لديها أطماع في أراضي سوريا. وتابع الاليزيه أن ""الرئيسين اتفقا على العمل من أجل إعداد خارطة طريق دبلوماسية حول سوريا في الأسابيع المقبلة""، مضيفا"
601,"واشترت ياهو هذا التطبيق الجديد من الشاب البريطاني نيك دالويزيو، الذي ابتكر تطبيق ""صاملي""، الذي يلخص تلقائيا المقالات الصحفية والأخبار. وسيتوقف استخدام هذا التطبيق، لكن خصائصه ستستخدم في منتجات الهواتف الذكية لشركة ياهو، التي منحت دالوازيو وظيفة جديدة لديها. كما سيلتحق به العديد من كبار العاملين في تطبيق صاملي، حيث ستكون لهم أدوار جديدة في شركة ياهو في الأسابيع القليلة القادمة. وابتكر دالويزو هذا التطبيق في منزله، في لندن وهو في سن 15 عاما، وقد اجتذب في وقت قصير استثمارات بقيمة تجاوزت المليون جنيه استرلينيي. كما أضاف أن ""الفريق الرائع"" الذي يعمل في هذا التطبيق هو ""فريق رائع"" يعملون في شركة ""ياهو"" التي اجتذبت العديد من الأشخاص، الذين"
602,"قالت قوات حفظ السلام التابعة للأمم المتحدة في لبنان اليوم الاثنين (17 كانون أولديسمبر 2018) إن اثنين من أربعة أنفاق تم اكتشافها قرب الحدود اللبنانية الإسرائيلية عبرا الخط الأزرق بين البلدين، ما ينتهك قرار الأمم المتحدة الذي أنهى الحرب بين جماعة حزب الله وإسرائيل في 2006. وقالت قوة الأمم المتحدة المؤقتة في لبنان (اليونيفيل) إنها أكدت حتى الآن وجود أربعة أن أنفاق اكتشفها الجيش الإسرائيلي بالقرب من ""الخط الأزرق""، مضيفة أن ""هذه مسألة مدعاة للقلق الشديد"". وقالت اليونيفيل في بيان ""يمكن لليونيفيل في هذه المرحلة أن تؤكد أن اثنين من الأنفاق يعبران الخط الأزرق، وهذه تشكل انتهاكات لقرار مجلس الأمن الدولي 1701"". وأضافت قوة الأمم الأمم المتحدة أنها ستواصل التحقيقات الفنية وطلبت من السلطات اللبنانية ""ضمان اتخاذ إجراءات متابعة عاجلة وفقا لمسؤوليات"
603,"قال الجيش الأمريكي إن طائرة حربية أمريكية أسقطت اليوم الأحد (18 حزيران يونيو 2017) طائرة عسكرية سورية كانت تسقط قنابل قرب مقاتلين تدعمهم الولايات المتحدة في سوريا. وأضافت القيادة المركزية الأمريكية في بيان أنه تم إسقاط الطائرة ""في دفاع جماعي عن النفس للقوات المشاركة في التحالف"" تم تحديدهم بأنهم مقاتلون من قوات ""سوريا الديمقراطية"" قرب الطبقة. وأضاف البيان أن الطائرة كانت تسقط في مهمة قتالية ضد مقاتلي تنظيم ""الدولة الإسلامية"" (داعش) في ريف الرقة الجنوبي. بيد أن الجيش السوري ذكر في بيان أن التحالف، الذي تقوده واشنطن أسقط طائرة تابعة له في منطقة الرصافة بريف الرقة الجنوبي خلال مهمة قتالية. وقال البيان إن الطائرة سقطت وأن الطيار مفقود. وسيطر الجيش السوري على أراض من مقاتلي ""داعش"" بعد تراجعهم في الريف الرقة الغربي واستعاد"
604,وافادت مصادر المعارضة أيضا أن القصف شمل منطقة البساتين المحيطة بمدينة أدلب شمالي البلاد، فيما وقعت اشتباكات عنيفة بين الجيش السوري ومقاتلي المعارضة في محافظة الرقة. وذكرت لجان التنسيق المحلية المعارضة أن ما لا يقل عن مئة شخص قتلوا في سوريا يوم أمس السبت أغلبهم في دمشق وريفها وحلب. وانفجرت عبوة ناسفة في سيارة في حي الشيخ مقصود مما أدى الى مصرع شخص واصابة آخر بجراح خطرة. كما انفجرت عبوة ناسفة أخرى في سيارة أخرى مما أدى إلى مصرع شخص في حي المزة مما أدى أيضا الى مصرع شخصين واصابة آخرين بجراح خطرة، وانفجر السيارتان المفخختان في منطقة المزة في دمشق مما أسفر عن مصرع شخص وإصابة آخر بجراح خطيرة. كما انفجرت سيارة مفخخة في سيارة اخرى مما أدى ايضا الى مصرع ثلاثة اشخاص واصابة آخر بجروح خطرة.
605,"تختص مجلة ""ميشلان"" بتصنيف المطاعم حول العالم، وتوزع في كل عام جوائزها على أفضل 50 مطعما في العالم. في المركز الأول جاء هذا العام المطعم الفرنسي ""ميرازور"" بمدينة مينتون جنوب شرق فرنسا، الموجودة بالقرب من الحدود الفرنسية الإيطالية. ويدير المطعم الطاهي الأرجنتيني الحاصل على ثلاثة نجوم من ميشلان مارو كولاجركو، والذي يقوم بزراعة مكونات الأطباق في حديقته الخاصة. وشكر كولاجوركو جميع العاملين معه قائلا: ""نشكر من دعمنا على مدار 13 عاما"". وكان كولاغوركو قد أسس المطعم عام 2006 بعد انتقاله للعيش في فرنسا والعمل كطباخ محترف بها، ليحصل على النجمة الأولى له بعد عام واحد من افتتاحه. ثم حصل على النجمة الثانية عام 2012،"
606,"ذكرت صحفية الحياة اللندنية اليوم الثلاثاء 21 ينايركانون الثاني أن مصدرا مطلعا على خطط وزير الدفاع المصري عبدالفتاح السيسي أفاد بأن الأخير ""اتخذ القرار بالترشح في ضوء المطالب الشعبية الواسعة إضافة إلى إشارات توافق عربي خصوصا خليجي على تلك الخطوة وكذلك بعد دراسة دقيقة لردود الفعل الغربية المتوقعة خصوصا الأمريكية"". وأوضح المصدر الذي نقلت عن الصحيفة أن التقديرات المتعلقة بالموقف الأمريكي أشارت إلى أن ""السيسي أصبح ضمن معادلة القوى المؤثرة في القرار الأمريكي الذي تتولاه جهات عدة خصوصا في ضوء معلومات عن كون البنتاجون مرحبا بالخطوة"". وذكر أن ""القوات المسلحة أيدت ترشح السيسي احتراما من الجيش للدور الذي لعبه قائده في الحفاظ على وحدته والسياسات والإجراءات التي اعتمدها لحفظ الوطن من الأخطار التي تعرض لها وثقة الجيش في قدرته على قيادة البلاد في"
607,"اندلعت المعارك في الولاية في يونيو حزيران الماضي ونقل المركز السوداني للخدمات الإعلامية، المقرب من جهاز الأمن السوداني، عن المتحدث باسم الجيش العقيد الصوارمي خالد سعد أن 15 مسلحا من قوات الحركة الشعبية قتلوا في الهجوم. واضاف ""شنت القوات المسلحة في الساعات الاولى من فجر الاربعاء هجوما كاسحا على معسكر لمتمردي الجيش الشعبي بمنطقة انقارتو"". وأضاف أن ""القوات الحكومية شنت هجوما على المعسكر بعد أن دمرته تدميرا كاملا بعد أن استولت القوات الحكومية على معسكر للمتمردين في المنطقة التي تقع على بعد 37 كيلومتر شمال غرب مدينة تلودي. يذكر أن القوات الحكومية السودانية تمكنت من السيطرة على المعسكر في الساعات الأولى من فجر الأربعاء بعد أن شنت القوات الحكومية هجوما على معسكر المتمردين في المنطقة الواقعة على الحدود بين ولايتي جنوب كردفان والنيل الأزرق."
608,تأتي تلك الغرامة الهائلة في أعقاب ظهور مزاعم أشارت إلى أن الشركة البريطانية العملاقة دفعت رشاوى لأطباء ومستشفيات من أجل الترويج لمنتجاتها. وحكمت المحكمة بالسجن ثلاث سنوات مع إيقاف التنفيذ على مدير عمليات شركة غلاكسو بالصين مارك رايلي الذي من المقرر ترحيله من البلاد قريبا. كما أصدرت أحكاما بالسجن مع وقف التنفيذ على عدد من مسؤولي غلاكسو. جاء الحكم بإدانة الشركة بعد محاكمة استمرت يوما واحدا بمحكمة شانغشا وفقا لوكالة الأنباء الصينية شينخوا. مواضيع قد تهمك عن شركة غلاكس سميث كلاين وكانت السلطات الصينية قد أعلنت للمرة الأولى فتح التحقيق مع مسؤولي الشركة في يوليوتموز الماضي في إطار ما يعرف بأكبر فضيحة فساد لشركة أجنبية في الصين في سنوات عدة. وكانت اتهامات قد وجهت للشركة بجني أرباح غير شرعية
609,"القدس من أقدم المدن في العالم وتلقي إريكا شيرنوفسكي من بي بي سي الضوء على العوامل التي تجعل هذه المدينة مهمة لأتباع الديانات الثلاثة، الإسلام والمسيحية واليهودية. فالقدس تحتل مكانة متميزة في قلوب المسيحيين واليهود والمسلمين حيث يتحدث التاريخ عن قرون من التعايش ومن النزاع بينهم حول هذه المدينة. وفي الوقت الذي يتحدث فيه التاريخ عن الصراع بين أصحاب ديانات مختلفة، يتحدث عن الصراع بينهم حول القدس التي ""يدرس"" المسيحيون واليهود والمسلمون في كل أنحاء العالم عن هذه المدينة المقدسة. وفي عام 2017 أعلن الرئيس الأمريكي دونالد ترامب الاعتراف بها عاصمة لإسرائيل وتعرف المدينة باللغة العبرية باسم ""يوروشاليم"" وبالعربية القدس، وهي واحدة من أقدم مدن العالم، وقد تعرضت للغزو والتدمير وإعادة البناء مرات ومرات، فكل طبقة من أرضها تكشف عن قطعة من"
610,"وجهت الشرطة البلجيكية اليوم الأربعاء (23 مارس آذار) نداء للحصول على شهادات تتعلق بالرجلين اللذين يعتقد أنهما نفذا التفجيرين الانتحاريين في مطار بروكسل. وكتبت الشرطة في تغريدة على موقع تويتر ""#إرهاب: من يعرف هذا الرجل؟"". ووضعت ثلاث صور لكل من الرجلين اللذين يرتديان ملابس قاتمة ويدفع كل منهما عربة حقائب أمامه. ويرافق كل منهما شخص يرتدي سترة وقميصا فاتح اللون ونظارات ويعتمر قبعة. وقد أطلقت مذكرة بحث عنه أمس. وأعلن التلفزيون البلجيكي الرسمي ""ار تي بي اف"" نقلا عن مصدر من الشرطة أن انتحاريي مطار بروكسل شقيقان يدعيان خالد وإبراهيم البكراوي. وتشير التقارير إلى أنهما يحملان الجنسية البلجيكية ومعروفان لدى الأمن لتورطهما في أنشطة الجريمة المنظمة وليس أنشطة إرهابية. ويش"
611,"وظل مصطلح ""إدمان الجنس"" مثيرا للجدل على مدار عقود، لكن الخبراء اختلفوا بشأن اعتباره حالة مثبتة للإدمان. واتخذت منظمة الصحة العالمية، في آخر تحديث للقائمة الخاصة بالأمراض والإصابات في جميع أنحاء العالم، خطوة نحو إضفاء شرعية على المفهوم، من خلال الاعتراف ب""الرغبة المفرطة في ممارسة الجنس"" كاضطراب نفسي. لكن المنظمة التابعة للأمم المتحدة، التي تتخذ من جنيف مقرا، تصر على أنه لا يوجد دليل حتى الآن يشير إلى أن هذا السلوك يعد ظاهرة لإدمان على ممارسة الجنس، أو ""إدمان على المخدرات أو القمار أو الكوكايين"". لكن المنظمة، التي مقرها في جنيف، لا تعترف بالسلوك الجنسي كاضطراب، لكنها لا تعترف به كاضطراب سلوكي. وقال ريد، خبير في المنظمة، لوكالة فرانس برس للأنباء يوم"
612,أعلنت الشرطة الإسرائيلية أن صاروخا أطلق من غزة أدى إلى اندلاع حريق في مبنى في المنطقة الصناعية في سديروت جنوب إسرائيل، فيما شنت الطائرات الإسرائيلية غارات على مواقع لفصائل فلسطينية. وقالت الشرطة الإسرائيلية والمصادر الفلسطينية إن الصاروخ والغارات سببت أضرارا ولكن لم تؤد إلى إصابات. وقال المتحدث باسم الشرطة، ميكي روزنفلد، لوكالة فرانس برس إن حريقا اندلع في مبنى يضم مكاتب لم يحدد طبيعته، مشيرا إلى أن حريقا شب في المبنى الذي يضم مكاتب. من جهته، أعلن متحدث باسم الجيش الإسرائيلي أن ثلاثة صواريخ أطلقت من قطاع غزة تسببت في اندلاع حريق. من جهتها، أعلن المتحدث باسم الجيش أن المبنى المستهدف يضم مصنعا لم تحدد طبيعته. بيد أن القناة العاشرة الإسرائيلية قالت إنه مصنع لإنتاج الطلاء. وأكد روزنف
613,"يأتي خطاب نتنياهو قبل اسبوعين من الانتخابات الاسرائيلية، وفي الوقت الذي يعاني فيه حزبه ""الليكود"" ضغوطا داخلية متزايدة وقال نتنياهو إن التوصل لهذا الاتفاق لن يمنع ايران من امتلاك قنبلة نووية. ومن المقرر أن يلقي نتنياهو كلمة امام الكونغرس الثلاثاء، رغم عدم حصوله على موافقة مسبقة من قبل الادارة الامريكية، الامر الذي أثار حفظية البيت الابيض. وتأتي هذه الخطوة في الوقت الذي يواجه فيه رئيس الحكومة الاسرائيلية بنيامين نتنياهو ضغوط داخلية متزايدة، حيث يسعى للتوصل الى اتفاق حول البرنامج النووي الايراني، من شأنه تبديد مخاوف امتلاكها تقنيات تمكنها من بناء اسلحة نووية، الأمر الذي تنفيه الاخيرة. ""مهمة تاريخية"" وقبيل صعود نتنياهو الى الطائرة متوجها  الى واشنطن، وصف نتنياهو رحلته بأنها ""مصيرية بل تمثل مهمة تاريخية"". وقال نتنياهو إنه ""يشعر بقلق"
614,"أعلنت ثلاث وكالات أممية اليوم الاثنين (20 شباطفبراير 2017) رسميا المجاعة في أجزاء من جنوب السودان. وقالت الوكالات التابعة للأمم المتحدة إن أكثر من 100 ألف شخص يواجهون الجوع في أنحاء من البلاد. وقالت منظمة الأغذية والزراعة (الفاو) ومنظمة الأمم المتحدة للطفولة (اليونسيف) وبرنامج الغذاء العالمي ""المجاعة تؤثر حاليا على أجزاء من ولاية الوحدة في شمال وسط البلاد"". وقالت المنظمة الدولية وبرنامج الأغذية العالمي وبرنامج الأغذية في جنوب السودان في بيان مشترك، إن ""أكثر من مليون مواطن يعانون من الجوع في عدة أجزاء من البلاد"". ويعني الإعلان الرسمي عن المجاعة أن هناك أشخاصا بدأوا يموتون بالفعل بسبب الجوع"". كما أعلنت حكومة جنوب السودان الاثنين أن أكثر من ثلاث سنوات من الحرب في البلاد أدت إلى مجاعة في أقسام منها فيما يعاني قرابة نصف"
615,"قال مستشار للرئيس التونسي الباجي قائد السبسي اليوم الخميس (27 حزيران يونيو 2019)، لرويترز إن الوضع الصحي للرئيس بدأ في التحسن. وهو ما أكده أيضا حافظ قايد السبسي، نجل الرئيس التونسي، الذي كتب في تدوينة في صفحته على موقع فيسبوك أن صحة والده بدأت تتحسن إثر ""الوعكة الحادة"" التي تعرض لها ونقل على إثرها للمستشفى العسكري. وأضاف السبسي الابن، الذي يرأس حزب حركة نداء تونس في تدوينته قائلا: ""أطمئن التونسيين على بداية تحسن الوضع الصحي، وأطمئنهم على صحته. وأشكر رئيس الحكومة السيد يوسف الشاهد ورئيس البرلمان السيد محمد الناصر على زيارتهما المطولة للاطمئنان على صحته""."
616,"نشر نائب رئيس الشرطة والأمن في إمارة دبي الفريق ضاحي خلفان، المعروف بمواقفه الحادة تجاه الإخوان المسلمين، سلسلة من التغريدات التي اعتبر فيها قطر ""جزءا لا يتجزأ من الإمارات""، ما أثار موجة مع التعليقات على الشبكة. وكتب خلفان، الذي شغل في السابق منصب القائد العام للشرطة في دبي، أنه ""المفروض نضع على حدودنا باتجاه قطر، فأنتم الآن على مشارف الإمارة الثامنة لدولة الإمارات العربية المتحدة"". وكتب في تغريدة أخرى ""قطر جزء من الإمارات"". كما طالب ""باسترداد قطر"". وتأتي هذه التصريحات النارية بعد حوالي شهر من إقدام السعودية والإمارات والبحرين في خطوة غير مسبوقة على سحب سفرائها من قطر، متهمين هذه الدولة بعدم احترام اتفاق خليجي حول عدم التدخل في الشؤون الداخلية لدول مجلس التعاون. وتأخذ الدول الثلاث على قطر خصوصا دعمها للإخوان المسلمين"
617,جاء الحريق وسط اشتباكات في اوديسا بين أنصار موسكو ومؤيدي كييف يأتي هذا فيما اشتبك محتجون موالون لروسيا مع أنصار الحكومة الأوكرانية في المدينة. وقال مسؤولون إن بعض الضحايا لقوا مصرعهم جراء استنشاق الدخان، فيما مات آخرون بعدما قفزوا من المبنى المشتعل. واندلع الحريق في مقر نقابات العمال، حسبما أوضح المكتب الإقليمي لوزارة الداخلية. لكن السلطات لم توضح سبب الحريق. ومن غير الواضح تسلسل الأحداث، لكن ثمة تقارير تشير إلى أن مسلحين تحصنوا داخل المبنى وكانوا يطلقون النار على حشود أسفله قبل أن تقذف قنابل حارقة على المبنى مما أدى لاشتعاله. مواضيع قد تهمك نهاية وفي وقت سابق، قتل ثلاثة أشخاص في اشتباكات بين أنصار روسيا وأنصار حكومة كييف في المدينة، وذلك في أول اندلاع للعنف بجنوب أوكرانيا بعد أسابيع من الاضطرابات
618,"قال وزير الدفاع الأمريكي اشتون كارتر اليوم الثلاثاء (الأول من ديسمبر كانون الأول 2015) إن الجيش الأمريكي حريص على فعل المزيد في سوريا للمساعدة في تمكين القوات المحلية من محاربة تنظيم ""الدولة الإسلامية"" (داعش) وإن القوات الأمريكية قد تتوسع لتتجاوز نحو 50 من عناصر القوات الخاصة أعلنت الولايات المتحدة عن نشرهم من قبل. وقال كارتر أمام لجنة القوات المسلحة بمجلس النواب ""هذه مجرد بداية"". وأضاف ""إذا وجدنا المزيد من القوات التي نستطيع تفعيلها بهذه الطريقة فإننا مستعدون لفعل المزيد... لدي كل الأسباب للاعتقاد بأن الرئيس سيسمح لنا بفعل المزيد ويفوضنا بالقيام بما هو أكثر حين تتاح لنا فرص إضافية."" وأعلن كارتر اليوم أنه ""مستعد لتوسيع"" دور قوات العمليات الخاصة التي تقاتل ""داعش"" في سوريا. وأضاف أن ""قوات العمليات"
619,تحتفل عارضة الأزياء البريطانية كيت موس، اليوم الخميس (16 يناير كانون الثاني 2014) بعيد ميلادها الأربعين، وسط اهتمام إعلامي بالغ. وقد يعتقد البعض أن هذا السن لم يعد مناسبا للعمل في هذا المجال، لكن موس ما تزال تتربع على عرش عالم الموضة في أوروبا. ولم تفقد أيا من خصالها التي أهدتها النجاح والتألق لعالم دخلته قبل 26 عاما، ومن أهمها شخصيتها القوية وثورتها الدائمة على الأعراف السائدة في محيط عالم الأزياء والموضة. عكس زميلتها الألمانية هايدي كلوم التي دخلت هي الأخرى عقدها الرابع، ما تزال موس تتربععلى عرش عارضات الأزياء، بل وهي أعلاهن دخلا في العالم. في عيد ميلادها الثامن والثلاثين احتفلت موس لكل ساعات متواصلة، تم فيها
620,"وقال الناطق باسم الهيئة العليا للمفاوضات التي شكلتها المعارضة، سالم المسلط، إنهم عقدوا ""اجتماعا إيجابيا"" مع ممثل الأمم المتحدة. وأضاف المتحدث قائلا أنهم في المعارضة سينتظرون لقاء دي مستورا مع مفاوضي حكومة دمشق لسماع كيف ستتعامل مع مطالبها بخصوص الخطوات الإنسانية التي يجب اتخاذها لإنهاء معاناة المدنيين السوريين. ومضى المسلط إلى القول ""نكثف جهودنا لضمان اتخاذ خطوات عملية من أجل إنهاء المعاناة في سوريا""، حسب ما نقلت عنه وكالة رويترز. وقال دي ميستورا إن مباحثاته مع ممثلي المعارضة تمثل انطلاق مباحثات السلام بين المعارضة والحكومة. وأضاف أن المحادثات بين وفدي الحكومة السورية والمعارضة ""تتسق مع قرار مجلس الأمن الدولي رقم 2254 بشأن سوريا"". وقال المتحدث باسم الوفد الحكومي، بشار الجعفري، إن المباحثات مع دي مستور"
621,"كيم كارداشيان وسط شقيقاتها وأفراد العائلة المشاركين في البرنامج وقالت عبر موقعها على تويتر ""بقلوب مثقلة، اتخذنا كعائلة القرار الصعب لنقول وداعا ل""كيب أب ويز ذا كارداشيانز"". وسيعرض الموسم رقم 21 والأخير من البرنامج الذي استمر عرضه 14 عاما وصنع من كيم وشقيقاتها وأفراد العائلات نجوما عالميين، في بداية عام 2021. وأعربت كيم عن شكرها ل ""الآلاف من الأفراد والشركات"" الذين شاركوا في البرنامج ، وأضافت: ""أنا ممتنة للغاية لكل من شاهدني ودعم عائلتي خلال السنوات ال 14الرائعة الماضية"". وتابعت قائلة إن ""هذا البرنامج جعل منا ما نحن عليه الآن وأنا سأظل مدينة للأبد لكل من دعمنا في رسم حياتنا المهنية وتغيير حياتنا"
622,جمهورية افريقيا الوسطى وصرح هولاند بأن بلاده مستعدة لتدريب آلاف الجنود الأفارقة كمساهمة منها في خلق قوة أمنية إقليمية. وقد استأنف زعماء أفارقة في العاصمة الفرنسية باريس النقاش في اليوم الثاني لقمتهم حول أمن وسلام القارة السوداء والقضايا الحيوية التي تمس القارة مثل التغير المناخي والتطور الاقتصادي. وقال ألان رتشارد وهو عضو مجلس الشيوخ عن حزب الرئيس ووزير دفاع سابق لبي بي سي إن فرنسا تفضل أن تحل إفريقيا مشاكلها بنفسها لكنها ستقدم المساعدة بسبب التباين في الإمكانيات والتدريب. وقال وزير الدفاع الفرنسي جان إيف لودريان إن القوى يمكن أن تكون جاهزة للعمل بحلول عام 2015، وان فرمسا ستدرب 20 ألف شخص كل سنة على مدى خمس سنوات. مواضيع قد تهمك نهاية ويتوقع أن يناقش المجتمعون في نهاية مؤتمرهم الأزمة في جمهورية إفريقيا الوسطى حيث يساهم 1200 جندي فرنسي إلى جانب
623,صورة متداولة للحافلة سبب الحادث متفحمة تماما مما أدى لمصرع 20 من ركابها وأعلن محافظ أسيوط عصام سعد، وقوع الحادث على الطريق الصحراوي الشرقي عند الكيلو 103، بمدخل المحافظة. وقالت وزارة الصحة المصرية إنها دفعت بأكثر 31 سيارة إسعاف، منها 11 سيارة من محافظة سوهاج و20 سيارة إسعاف من محافظة أسيوط لنقل المصابين والمتوفين. مصرع 32 على الأقل وإصابة أكثر من مئة في تصادم قطارين في صعيد مصر مصر: أسوأ حوادث الطرق منذ بداية 2016 مواضيع قد تهمك نهاية وتمكنت قوات الحماية المدنية بأسيوط من السيطرة على النيران المشتعلة بالحافلة، وتم إخراج المصابين ونقلهم إلى مستشفى أسيوط الجامعي في حالة حرجة.
624,"ربطت الصحيفة الاقتصادية الروسية ""فيدوموستي"" بين إعلان المستشارة الألمانية أنغيلا ميركل أنها لن تترشح مجددا لرئاسة الحزب المسيحي الديمقراطي والممارسات السياسية الروسية. فقد كتبت الصحيفة الثلاثاء (30 تشرين الأولأكتوبر 2018) قائلة: ""لأن الحزب المسيحي الديمقراطية CDU خسر 11 في المائة من نسبة الأصوات في منطقة غير مهمة على الأرجح! وماذا إذن! هل هذه مأساة؟ هل هذه كارثة؟ ماذا إذن؟ هل هذا مأساة؟ هذا الأمر كما لو أن رئيس حكومتنا (الروسية) ديميتري ميدفيديف استقال، لأن حزب ""روسيا الموحدة"" خسر في منطقة ما في القوقاز...ما زال هناك ثلاث سنوات حتى موعد الانتخابات البرلمانية الألمانية القادمة وبإمكان المرء صنع المعجزات"". وتابعت الصحيفة الروسية: ""بإمكان المرء تأسيس خمسة أحزاب بينها كمفسد لقواعد اللعبة السياسية وفي نفس الوقت ك"
625,"يسمح النظام باسقاط قذائف وهي لا تزال في الجو من مسافة اربعة الى سبعين كيلومترا. وانفقت الولايات المتحدة حوالى 204 ملايين دولار خلال عام 2011 في تنمية هذا النظام، ولم يوضح البنتاغون الثلاثاء حجم التمويل الذي سيطلبه من الكونغرس لبطاريات اضافية. وقال المتحدث باسم البنتاغون جورج ليتل في بيان إن ""وزارة الدفاع الاميركية (الولايات المتحدة) تحدثت مع الحكومة الاسرائيلية حول الدعم الاميركي لحيازة بطاريات جديدة وتعتزم الطلب من الكونغرس تمويلا مناسبا لمثل هذه المشتريات وفقا لحاجات اسرائيل وقدراتها الانتاجية"". وقد تم تثبيت ثلاث بطاريات من نظام ""القبة الحديدية"" في اسرائيل حتى الآن. وقال مسؤولون امريكيون واسرائيليون إن نظام القبة الحديدية مكن إسرائيل من اعتراض عدد كبير من الصواريخ التي اطلقت من قطاع غزة في 10 و11 اذارمارس."
626,"تجمع أنصار شافيز في العاصمة كراكاس للدعاء له وتجمع العشرات في العاصمة كاراكاس من أجل الدعاء للرئيس، الذي يرقد بالمستشفى، بالشفاء. وقال الأطباء إن شافيز يمر ""بأصعب فترة"" في مرضه منذ 11 ديسمبركانون الأول. وقال مادورو في كلمة بثها التلفزيون الحكومي، الذي ينقل مجريات الاجتماع إن القيادات ستنظر في مصدر المرض، الذي أصاب شافيز، واحتمال أن يكون ""بتدبير من الأعداء"". وأعلن نائب الرئيس عن ""تدابير خاصة"" لمواجهة التخريب والتآمر على السلطة. وقال نائب الرئيس: ""إن الرئيس الفنزويلي، هوغو شافيز، يمر بأصعب فترة في حياته منذ 11 يناير كانون الثاني، وهو مصاب بمرض السرطان، ويتلقى العلاج في المستشفى، الذي يخضع له في فنزويلا، في حالة صحية حرجة. وقال"
627,"أفاد بيان أن الشرطة الهولندية اعتقلت اليوم الاثنين (18 حزيرانيونيو 2018) سائق شاحنة لتوصيل الطلبات صدمت رواد حفل فقتلت واحدا وأصابت ثلاثة. وأضاف البيان ""عثرت الشرطة على الشاحنة البيضاء التي كانت جزءا من الواقعة وتم اعتقال شخص مشتبه به"". ولم يكشف البيان عن مزيد من التفاصيل. وكانت الشرطة الهولندية قد أعلنت أن حافلة لنقل الطلبات صدمت أربعة أشخاص في حفل هولندي في الساعات الأولى من صباح اليوم الاثنين وقتلت واحدا وأصابت 3 بعد ساعات من حفل لفنان الأر أند بي برونو مارس. وذكر بيان للشرطة أن الحافلة أسرعت مبتعدة من مسرح الواقعة وجرت ملاحقتها. ووقع الحادث قرابة الساعة 04,00 (02,00 بتوقيت غرينتش) على بعد بضعة كيلومترات من الحدود الألمانية. وأفاد بيان للشرطة ان الشارع الذي حدثت فيه الواقعة، وهو واحد من"
628,"التأخير عن موعد العمل والمواصلات والخلافات مع الزملاء وتضارب المواعيد... مشاكل عديدة يعرفها كل شخص يعمل بشكل يومي، وكلها تؤثر على الساعات الطويلة التي نقضيها في مكان العمل. بعض النصائح يمكنها أن تساعد في تحسين ساعات العمل في يوم العمل، إذ من الممكن أن تساعد هذه النصائح في تحسين الساعات، من خلال تنظيم مواعيد العمل في المنزل أو المصنع أو المستشفى وغيرها من أماكن العمل. 1- لا تعمل إلا عندما تدق ساعة العمل: تسبب الهاتف الذكي في ضياع الخط الفاصل بين ساعات العمل والوقت الشخصي، فكثير من الموظفين يتابعوا رسائل العمل في المنازل أو في وسائل المواصلات، ومنهم من ينجز بعض الأمور ويجري اتصالات هاتفية بعملاء على سبيل المثال خارج أوقات العمل الرسمية. وهنا ينصح الخبراء وفقا لمجلة ""بريغيته"" الألمانية، بالالتزام بأداء مهام العمل في وقت الدوام"
629,"صرح وزير الخارجية السوداني إبراهيم غندور بأن مصر تتخوف من سد النهضة الإثيوبي لأنه ""سيمكن السودان من استخدام كامل حصته في مياه نهر النيل التي كانت تمضي لمصر على سبيل  سد النهضة الذي تبنيه إثيوبيا على مجرى النيل الأزرق في وقت الفيضان ويعطيها لمصر في وقت الجفاف ويعطيها للسودان في وقت الهز  منذ عام 1959 "". ونقل موقع ""سودان تريبيون"" اليوم الثلاثاء (21 نوفمبر تشرين الثاني 2017) عنه القول في مقابلة تلفزيونية إن سد ""النهضة الإثيوبي"" يحقق للسودان مصالحه ""لذا يقف السودان مع مصالحه، رغم أنه شدد مرارا أن حصة مصر في مياه النيل وفقا لاتفاقية 1959 بالنسبة له خط أحمر"". وعزا غندور تخوفات مصر من السد إلى خسارتها نصيب السودان الذي كان يذهب إليها خارج اتفاقية"
630,اختطفت الصحفيين جماعة مسلحة مرتبطة بالقاعدة وقالت صحيفة (ال موندو) الاسبانية إن مراسلها لشؤون الشرق الاوسط خافييه اسبينوزا اتصل بغرفة الاخبار في مدريد وأخبرهم أنه اطلق سراحه مع زميله المصور ريكاردو غارسيا فيلانوفا. وأضاف اسبينوسا بأنهما سلما الى عهدة الجيش التركي. وكان الصحفيان قد اختطفا في سوريا في سبتمبر   ايلول الماضي بمعية صحفي اسباني ثالث، وذلك عند نقطة تفتيش على الحدود السورية التركية. وكان الثلاثة يحاولون الخروج من سوريا. ولم ترد تقارير عن حالة الصحفيين الصحية، وما اذا كان خاطفوهما قد قدموا قائمة بمطالبهم. وقال مراسل صحيفة (الموندو) في مدريد إن الصحفي الاسباني المختطف الثالث، واسمه مارك مارجينيداس، قد افرج عنه
631,"أثر انقطاع التيار الكهربائي على المدن الرئيسية في جميع أنحاء البلاد، بما في ذلك كراتشي وإسلام أباد وغرقت المنازل في جميع انحاء البلاد فجأة في الظلام من حوالي منتصف الليل. ودعا مسؤولون إلى الهدوء لكنهم حذروا من أن الأمر قد يستغرق ساعات عدة قبل عودة الكهرباء بالكامل. انقطاع الكهرباء أمر شائع في باكستان. وغالبا ما تستخدم المرافق الأساسية مثل المستشفيات مولدات تعمل بالديزل كمصدر طاقة احتياطي. وكتب وزير الطاقة الباكستاني عمر أيوب خان على تويتر في الساعات الأولى من صباح الأحد ""انقطاع التيار الكهربائي في باكستان نتج عن انخفاض مفاجئ في التردد في نظام نقل الطاقة"". وقال خان في وقت لاحق إن الكهرباء أعيدت إلى بعض المناطق في شمال غرب باكستان في وقت مبكر من صباح يوم الأحد. وقال مسؤولون في وزارة الطاقة الباكستانية في وقت سابق من يوم الأحد"
632,"الجليد هذا العام ليس مناسبا، فهو مغطى بطبقة رقيقة من الماء. لكن ذلك لا يقارن بالوضع قبل عدة أيام، كما يقول أوفه لوخ، من مؤسسة ""تسولفرآين"" والمسؤول عن توسيع النشاط السياحي في أكبر مناجم الفحم في العالم سابقا بمدينة إيسن الألمانية. بين سنتي 1961 و1993 عمل المئات من العمال هنا في استخراج الفحم. لكن حاليا يتزحلق الزوار على الجليد في أحد أطول مسارات التزحلق المفتوحة في أوروبا. ويضيف لوخ أن ""طبقة المياه كانتتصل أحيانا إلى 20 سنتيمترا، إلا أن الناس استمروا في القدوم إلى هنا"". مسار للتزحلق هذا في إيسن مفتوح كل شتاء منذ 12 عاما، إلى جانب منجم الفحم ""الرور، الذي يعتبر"
633,مسلحون في المعارضة السورية يقاتلون في محافظة حلب وتمكن مسلحو التنظيم من السيطرة على عشر قرى وبلدات محيطة بمدينتي أعزاز ومارع بعد اشتباكات مع مسلحين من تحالف جماعات معارضة تشكل في ديسمبركانون الأول ويضم جماعات مسلحة إسلامية وأخرى تحظى بدعم الغرب. ويقول مراسل بي بي سي في دمشق عساف عبود إن قصف تنظيم الدولة الإسلامية لقرى في ريف حلب الشمالي تواصل طوال ليلة الأحد، ومنها قرية البل التي تبعد 3 كيلومترات من معبر السلامة على الحدود مع تركيا، الأمر الذي يهدد بقطع خط إمداد مسلحي المعارضة في حلب الشرقية في حال سيطرة مسلحي التنظيم عليها. ويضيف أن مسلحي الدولة الإسلامية سيطروا على قرى كفرغان والوحشية وغرناطة وأم القرى وحربل على تخوم مارع، حيث تواصل مدفعية التنظيم المتمركزة في تل مارع قصف المدينة
634,"ونبدأ من افتتاحية صحيفة الإندبندنت، التي تدعو إلى عدم التخلي عن الحرص في التعامل مع فيروس كورونا. وتقول الصحيفة إن الربيع جاء، ومر أسبوع واحد على فتح معظم أنشطة الاقتصاد البريطاني: المحال التجارية ومراكز الترفيه وما إلى ذلك. وتقول الإندبندنت إن ""الحياة الطبيعية الجديدة"" لا تشبه الحياة الطبيعية التي نتذكرها، لأن السفر إلى الخارج لا يزال محظورا في الكثير من الأحوال. لكن يمكننا أن نجد بعض الملامح التي تبشر بالعودة إلى عالم يمكننا فيه مقابلة أصدقائنا وأقاربنا، عالم يمكننا أن نتصرف فيه مثل البشر مرة أخرى. وتضيف الصحيفة إن ما يحدث في بريطانيا جزء مما يحدث في العالم بأسره جراء الفيروس. وتضيف أن عجلة الحياة تتحرك في أوروبا بشكل أبطأ، مع مستويات مقلقة من العدوى والوفيات، لكن وتيرة التلقيح بدأت في التسارع"
635,"وبحصولها على لقب المسابقة التى أجريت في العاصمة الإندونيسية جاكارتا فازت عائشة برحلة إلى مكة المكرمة لزيارة المعالم الدينية المقدسة لدى المسلمين. وقد أجشهت عائشة بالبكاء عند إعلان لجنة التحكيم فوزها، إلا أنها ركعت بعد ذلك شكرا لله. وشارك في الدورة الأولى لمسابقة ""مسلمة وورلد"" 500 شابة، خضعهن لاختبارات في التقوى، وكان عليهن أن يوضحن خصوصا الدافع الذي حملهن إلى ارتداء الحجاب، وهو شرط أساسي للمشاركة في المسابقة. وقالت عائشة ""نريد توضيح أن المسلمات اللاتي تتمتعن بالموهبة يمكنهن أن يكن جميلات وأن الحجاب لا يقف عائقا أمام أي نشاط"". مواضيع قد تهمك في هذه المسابقة التي لا تعتمد على الجمال الشكلي لكن تركز أكثر على الجمال الأخلاقي والديني. وقالت ""هذه المسابقة مختلفة كثيرا عن"
636,في مباراة مليئة بالأهداف والمتعة والإثارة، وضع المنتخب الفرنسي لكرة القدم أكثر من قدم في دور الستة عشر لنهائيات كأس العالم لكرة القدم المقامة حاليا بالبرازيل، بعدما اكتسح نظيره السويسري 5 2 في الجولة الثانية لمباريات المجموعة الخامسة على ملعب أرينا فونتي نوفا بمدينة سالفادور الجمعة (20 حزيران يونيو). وقدم المنتخب الفرنسي أحد أروع مبارياته منذ فترة طويلة، وأعاد للأذهان الفريق المرعب الذي قاد الديوك الفرنسية للتتويج بكأس العالم للمرة الوحيدة في التاريخ عام 1998، في الوقت الذي قدم فيه منتخب سويسرا أداء هزيلا للغاية، وبدت خطوط الفريق مفككة خاصة خط الدفاع الذي انهار تماما أمام الهجمات الفرنسية المتتالية. وافتتح أوليفيه جيرو نجم أرسنال الانجليزي مهرجان الأهداف في الدقيقة 17، ولم تمر سوى دقيقة واحدة حتى أضاف بليس ماتو
637,"انهيار بنك الاستثمار الأمريكي ليمان براذرز قبل عشر سنوات كان صدمة مازالت ارتداداتها مستمرة إلى يومنا هذا، وكان الانهيار تصعيدا إضافيا للأزمة المالية التي بدأت قبل عام من الانهيار. ""الأزمة هزت أركان النظام المالي الغربي""، يقول أكسيل فيبر، الرئيس السابق للبنك الألماني ومدير إدارة البنك السويسري يو بي اس UBS. وفي 15 سبتمبر أيلول 2008 أعلن بنك ليمان إفلاسه. ألم يكن الإفلاس متوقعا؟ البنك السويسري كان يعاني من أزمة مالية وأزمة ثقة وجلب معه ركودا كبيرا في الأسواق المالية. ولم يتم العثور على مستثمر يشتري البنك ليبقى فقط خيار الإفلاس. ولم يكن هناك مستثمرون يشترون البنك ليمان أو ليمان ليمان. ولم يتمكن رئيس البنك ريشارد فولد من تصور ما حدث. وقال في مقابلة صحفية"
638,"قالت المفوضية السامية للأمم المتحدة لشؤون اللاجئين اليوم الأحد (3 أيلولسبتمبر 2017) إن تدفق مسلمي الروهينغا إلى بنغلاديش مستمر، حيث عبر ما لايقل عن 73 ألف من مسلمي الروهينجا إلى دكا، بعد أن أودت أعمال العنف بحياة نحو 400 شخص في ولاية راخين في ميانمار أواخر الشهر الماضي. وقال جوزيف تريبورا، المتحدث باسم المفوضية في دكا لوكالة الأنباء الألمانية (د.ب.أ) ""مئات من الأشخاص الذين نزحوا بسبب العنف مازالوا يعبرون إلى بنغلاديش. دخل نحو 73 ألف شخص بنغلاديش حتى صباح اليوم الأحد"". وأضاف أن هذا التقدير يعتمد على تقارير شهود العيان وتقارير المنظمات المحلية والدولية غير الحكومية التي تعمل لصالح النازحين من الروهينغا في منطقة كوكس بازار في جنوب شرق بنغلاديش، المتاخمة لولاية راخراخين. من"
639,"لعب بيج دور البطولة في فيلم ""جونو"" عام 2007 وقال الممثل الكندي المولد، المعروف سابقا باسم إيلين بيج، إنه يعجز عن ""وصف التعبير عن مدى روعة الشعور بأنني أخيرا أحب ما أصبحت عليه لمواصلة حياتي الطبيعية"". وكتب على تويتر: ""أنا سعيد بأنني عابر جنسيا"". كما استخدم بيج المنشور للتطرق إلى قضية التمييز ضد الأشخاص العابرين جنسيا. وقال النجم، البالغ من العمر 33 عاما: ""الحقيقة هي أنه رغم شعوري الآن بسعادة غامرة ومعرفة قدر الامتياز الذي أمتلكه، فأنا خائف أيضا. خائف من التطفل غير المرغوب والكراهية والسخرية والعنف"". وأضاف: ""لا أريد أن أتناول الصورة الكاملة، لكني لا أريد أن أفسد على نفسي لحظة سعيدة أحتفل بها. أنا لا أريد ذلك، أنا لا أسعى إلى أن أ"
640,"تقول الحكومة المصرية إن إخلاء بعض المناطق على حدود غزة جاء بسبب حالة الطوارئ المعلنة في المنطقة وأشار إلى أن اتفاقية كامب ديفيد للسلام الموقعة بين البلدين تنص على عدم انتشار قوات عسكرية مصرية في تلك المنطقة. وأكد أدرعي، لبي بي سي، أن ""كل ما يخرج عما نصت عليه اتفاقية السلام بين مصر وإسرائيل يتم التنسيق بشأنه بين الجانبين"". وتواصل القوات المصرية إخلاء مناطق على الشريط الحدودي لمصر مع قطاع غزة لليوم الرابع على التوالي، لمسافة 500 متر بطول الحدود، في إطار الإجراءات التي يتخذها الجيش المصري لإقامة منطقة عازلة، وملاحقة الجماعات المسلحة في سيناء. وتأتي الإجراءات العسكرية المصرية في أعقاب العملية التي استهدفت عناصر للجيش المصري في كمين كرم القواديس، والتي أسفرت عن مقتل ما لا يقل عن 31 من عناصر الجيش الأسبوع الماضي. مواضيع قد تهمك نهاية"
641,"الرئيس المصري عبد الفتاح السيسي (أقصى اليمين) والرئيس التركي رجب طيب أردوغان (أقصى اليسار) خلال مشاركتهما في مؤتمر برلين حول ليبيا مطلع العام الحالي وذكرت المصادر الاستخباراتية لوكالة رويترز أن تركيا اقترحت اجتماعا مع الطرف المصري لبحث سبل التعاون بين البلدين، لكنها أوضحت أن الاتصالات لا تزال في مراحل أولية. ونقلت وكالة الأناضول التركية عن وزير الخارجية، مولود جاويش أوغلو، قوله: ""لدينا اتصالات مع مصر على المستوى الاستخباراتي، وعلى مستوى وزارة الخارجية. وبدأت الاتصالات على المستوى الدبلوماسي"". وعقب تصريحات الوزير التركي، نقلت وكالة أنباء الشرق الأوسط الرسمية في مصر عن ""مصدر رسمي مصري"" قوله إن الاتصالات الدبلوماسية بين القاهرة وأنقرة ""لم تستأنف وأن الارتقاء بمستوى العلاقة بين البلدين يتطلب مراعاة الأطر القانونية والدبلوماسية"". وأضاف المصدر أن مصر تتوقع من أي دولة تتطلع إلى إقامة"
642,"هذه أول غارة على غزة توقع ضحايا منذ اتفاق وقف إطلاق النار بين إسرائيل وحماس في نوفمبر الماضي. وقال الطبيب أشرف القدرة لوكالة فرانس برس ""استشهد شاب في العشرينيات من عمره وأصيب آخر في غارة جوية استهدفته غرب مدينة غزة، ووصل جثة ممزقة إلى مستشفى الشفاء بغزة"". وقالت مصادر فلسطينية إن الغارة استهدفت هيثم المسحال بينما كان يركب دراجته النارية، وأصيب شخصان آخران. وذكر مسؤولون من حركة حماس أن المسحال ناشط في الجماعات السلفية المتشددة. وقالت إسرائيل إن المسحال الذي يبلغ من العمر 29 عاما متورط في الهجوم الصاروخي الأخير على مدينة إيلات. مواضيع قد تهمك نهاية ويأتي الهجوم بعد تصاعد أعمال العنف عبر الحدود بين إسرائيل وغزة خلال الأيام الماضية. وأطلق المسلحون الفلسطينيون العديد من الصواريخ عبر الحدود باتجاه إسرائيل، ونفذت إسرائيل غارات جوية، دون"
643,"أعرب وزراء الخارجية الأوروبيون الاثنين (18 نوفمبر تشرين الثاني 2013) عن قلقهم إزاء ""التدهور الكبير"" للوضع في ليبيا، بعد الصدامات الدامية في الأيام الأخيرة. وقال الوزراء في ختام اجتماعهم الشهري ببروكسل: ""إن الاتحاد الأوروبي قلق إزاء التدهور الكبير للوضع السياسي والأمني في ليبيا ويدين أعمال العنف التي وقعت في الخامس عشر من نوفمبر كانون الثاني في طرابلس"". هذا وما تزال العاصمة الليبية شبه مشلولة منذ الجمعة بسبب عدم وجود شرطة وجيش محترفين، في حين تشهد العاصمة طرابلس نقصا في العدد الدقيق، حسب ما أعلنه متحدث باسم وزارة الدفاع الأمريكية (البنتاغون) في مؤتمر صحافي في بروكسل، أن الاتحاد الأوروبي يستعد لتدريب ""خمس"
644,"استهدفت الغارات معسكرات لحزب العمال الكردستاني في شمالي العراق ونقلت وكالة أنباء الأناضول التركية الرسمية عن مصدر أمني قوله إن الغارات التي وقعت قبل أربعة أيام، استهدفت كهوفا جبلية وملاجئ ومخازن لوجستية يستخدمها مقاتلو حزب العمال الكردستاني. ويقول الجيش التركي إن عملية منفصلة استهدفت مواقع تابعة للحزب نفسه في جنوبي شرق تركيا أسفرت عن مقتل أكثر من 30 مسلحا. وتقوم القوات التركية بعمليات يومية ضد أهداف تابعة لحزب العمال، المحظور في تركيا، منذ انهيار وقف إطلاق النار بين الجانبين في يوليوتموز الماضي. قتل نحو 150 عسكريا تركيا منذ عودة العمليات المسلحة التي ينفذها مسلحو حزب العمال العمال الكردستاني وكان وقف وقف النار قد بدأ عام 2013، وانتهى في تموزتمتم الماضي بعد قيام انتحاري يشتبه في انتمائه لتنظيم ""الدولة الإسلامية"" بتفجير نفسه في بلدة قرب الحدود"
645,"أعلن وزير خارجية إيران محمد جواد ظريف الأربعاء (التاسع من نيسان أبريل 2014) أن بلاده توصلت إلى تسوية مع القوى الكبرى بخصوص نحو 60 في المئة من القضايا المتعلقة بالأنشطة النووية الإيرانية. وقال ظريف للصحفيين: ""اتفقنا بخصوص 50 إلى 60 في المائة من المسودة (النهائية) التي تم التوصل إليها في فيينا... لكن الأجزاء المتبقية مهمة للغاية وتشمل قضايا مختلفة"". غير أن مفوضة الشؤون الخارجية في الاتحاد الأوروبي، كاثرين آشتون، ووزير الخارجية الإيراني أوضحا أيضا في مؤتمر صحفي مشترك أن ""قدرا كبيرا من العمل المكثف سوف يكون مطلوبا للتغلب على الخلافات القائمة في هذه المرحلة من العملية"". التحضير لاتفاق نهائي وأعلن آشتون وظريف أن الاجتماع المقبل سوف يعقد في فيينا اعتبارا من الثالث عشر"
646,"موقف ترامب من قضية الإجهاض أثار احتجاجات من المعارضين المدافعين عن حقوق الإجهاض ويقول خبراء إن مشروع القانون هذا هو الأحدث في سلسلة من الجهود الواسعة من جانب المشرعين للحد من الإجهاض متشجعين بانتخاب دونالد ترامب رئيسا للولايات المتحدة. وكان ترامب قد تعهد بتعيين قاض لمناهضة الإجهاض في المحكمة الأمريكية العليا. وخلال حملته الانتخابية، قال ترامب إنه يجب معاقبة النساء اللاتي يقمن بالإجهاض، لكنه أكد لاحقا أن الأطباء الذين يجرون عمليات الإجهاض هم من يجب معاقبتهم. وصوت أعضاء في مجلس النواب لولاية أوكلاهوما الثلاثاء بالموافقة على المضي قدما في دراسة مشروع القانون يطالب المرأة الحامل بالحصول على موافقة كتابية من جانب الأب قبل إجراء عملية الإجهاض. وقال عضو مجلس النواب عن الحزب الجمهوري جاستن هامفري الذي أعد مشروع القانون في جلسة للمجلس إن ""مشروع القانون"
647,مح (د ب ا، أ. ه) (أ. د. ب. أ) (د. م أ، د. أ. ب)-(د ب. ه، د أ. د) في المباراة التي أقيمت على ملعب غيلزنكيرشن، والذي لم يحقق أي انتصار في ثلاث مباريات بالدوري، في المركز الخامس برصيد 40 نقطة، متأخرا بثماني نقاط وراء باير ليفركوزن صاحب المركز الرابع ومتقدما بنقطة على أوغسبورغ قبل سبع مباريات من نهاية الموسم. ولاحت لكلاس يان هونتيلار أخطر فرصة لشالكه بعد مرور ثماني دقائق من بداية الشوط الثاني، بعدما خطف ترانكويلو بارتيتا الكرة ومررها للمهاجم الهولندي لكن حارس أوغه أنقذها. وجرب راؤول بوب
648,قرر بوريس جونسون اليوم الأربعاء (24 تموز يوليو 2019) تعيين ساجد جاويد المصرفي السابق ووزير الداخلية في حكومة تيريزا ماي الذي تنتمي لعائلة مهاجرين باكستانيين وزيرا للمال، وهو منصب استراتيجي في سياق بريكست خصوصا في حال إقرار الخروج من الاتحاد من دون اتفاق، ما من شأنه إثارة اضطرابات اقتصادية حادة. كما حلت بريتي باتل (47 عاما) مكان جاويد في وزارة الداخلية، وهي ابنة عائلة هندية ومدافعة بقوة عن بريكست. وتؤكد التعيينات الأولى هذه ما كان يتداوله المقربون منه لناحية أنه سيشكل حكومة تتضمن عددا أكبر من النساء ومن سياسيين من الأقليات الأثنية. كذلك اختار دومينيك راب ليتولى مهام وزارة خارجية بريطانيا، وهو أيضا من المتشككين بالمشروع الأوروبي. ويعد هذا المنصب حساس
649,بعد الجزائر، رفع الاتحاد الأوروبي المغرب من قائمته للبلدان الآمنة خارج أوروبا التي يسمح الاتحاد بالسفر غير الضروري منها، بعد مراجعة قام بها سفراء الاتحاد الأوروبي اليوم الجمعة (7 أغسطسآب 2020)، لتبقى تونس الدولة العربية الوحيدة في القائمة. وبعد حذف المغرب الذي ارتفعت الإصابات فيه بكورونا إلى أرقام قياسية، لم تبق سوى عشر دول في القائمة الجديدة، التي تدخل حيز التنفيذ في الثامن من أغسطس آب. وهي الدول التي يعتقد أن جائحة فيروس كورونا تحت السيطرة إلى حد كبير فيها هي أستراليا وكندا وجورجيا واليابان ونيوزيلندا ورواندا وكوريا الجنوبية وتايلاند وتونس وأوروجواي. وجرت الموافقة على الصين كذلك، على الرغم من أن السفر لن يفتح إلا إذا سمحت السلطات الصينية أيضا بدخول مواطني دول الاتحاد الأوروبي. ومن المتوقع ألا يؤثر
650,"يجلس المسافر في كرسي الطائرة وقد يتصفح مجلة شركة الطيران الموضوعة أمامه، وهذا ما حدث مع آدم بارون، الصحفي والمحلل السياسي، الذي قرأ مقابلة نشرتها مجلة حورس التابعة لشركة مصر للطيران مع الممثلة الأمريكية درو باريمور فقرأها واستوقفته لغة المقابلة التي هاجمت الممثلة المذكورة، فغرد على موقع تويتر: ""الحوار مع درو باريمر في مجلة مصر للطيران، أم م م سريالي""."
651,"كان المرء في الماضي يستخدم الهاتف النقال للاتصال فقط، والآن أصبحت هذه الأجهزة مزودة براديو وآلة تصوير وغيرها، حيث أصبح بإمكان المستخدم التمتع بوظائف مختلفة كسماع الموسيقى أو التقاط الصور أو تصوير أشرطة فيديو. ومع كل جيل جديد من أجهزة الهواتف النقالة أصبح حجمه أصغر ووظائفه أكثر تنوعا وخصائصه أفضل. وعلى الرغم من أن الأسواق العالمية، وخاصة في الدول المصنعة، قد أصبحت متخمة بمختلف أنواع أجهزة الهاتف النقال، إلا أنه من المنتظر طرح نحو مليار و 400 مليون جهاز جديد في مختلف أنحاء العالم، حسب تقديرات المنظمة الأوروبية لتقنية المعلومات ""أيتو""، أي بزيادة قدرها 8,5 بالمائة عن عام 2010. جيل ""سمارت تلفون"" و""الانترنت المتحرك"" وقد بدأت منذ سنوات قليلة أجهزة الهاتف الذكي، أو ما يسمى ب"""
652,الجيش الإسرائيلي يعزز مواقعه على حدود غزة. وقال المتحدث باسم الجيش إن العملية تستهدف مصالح وقدرات حركة حماس. وإنها تأتي ردا على إطلاق حماس صواريخ على بلدات الجنوب. وبدأت العملية قبل قليل بضرب جوي مكثف حسب الجيش الإسرائيلي.
653,"المتوفي اللبناني كان مصابا بسرطان في الغدد وفي بيان صادر عن وزير الصحة اللبناني محمد جواد خليفة افادت السلطات اللبنانية انها: ""تأكدت بعد تحليل العينات في المختبر المرجعي الوطني ان المريض الياس نعمة الله كان مصابا بفيروس H1N1"". واضاف البيان الصادر عن الوزارة بأن ""الجدير بالذكر أن هذا المريض كان يعاني من سرطان في الغدد اللمفاوية وفي مرحلة متقدمة من المرض ولم يتجاوب مع العلاج لأنه كان فاقدا المناعة، وكان يعاني من مرض سرطان الغدد الليمفاوية. "" واضاف البيان بأن ""المريض الياس نعمةالله كان مصابا بالسرطان، وكان مريضا بسرطان الغدد، وكان مصابا بسرطان الغدد. """
654,تواجه كل من واشنطن وطهران ضغوطا داخلية بشأن الاتفاق النووي. وقال علي أكبر صالحي في تصريح نشر على موقع التلفزيون الرسمي الإيراني إن الطرفين توصلا الى اتفاق على معظم القضايا، وبقي خلاف على قضية جوهرية واحدة سيحاولان التوصل إلى اتفاق بشأنها في الاجتماع المسائي بين وزير الخارجية الأمريكي جون كيري والإيراني محمد جواد ظريف. وبدا صالحي أكثر تفاؤلا من مسؤول أمريكي رفيع صرح أن هناك نقاطا جوهرية لم يتم الاتفاق بشأنها حتى الآن. وكان ظريف وكيري قد اجتمعا لمدة تقارب الخمس ساعات الإثنين قبل أن يتوجه ظريف إلى بروكسل للقاء وزراء خارجية أوروبيين. ثم اجتمع وزيرا الخارجية مرة أخرى صباح الثلاثاء. مواضيع قد تهمك في اجتماع لوزان في لوزان، حسب مصادر الاتحاد الأوروبي.
655,"استؤنفت الاحتجاجات اليوم الأحد (19 يناير كانون الثاني 2020) في بغداد ومدن جنوب العراق حيث قطع متظاهرون طرقات وجسورا بالإطارات المشتعلة لممارسة ضغوط على الحكومة والبرلمان لتنفيذ إصلاحات سياسية يطالبون بها منذ أكثر من ثلاثة أشهر. وتشهد بغداد ومدن جنوبية عدة منذ الأول من تشرين الأولأكتوبر احتجاجات غير مسبوقة تطالب ب ""تغيير الطبقة السياسية التي تحتكر السلطة منذ نحو 17 عاما."" واحتشد المئات من الشباب في ساحتي الطيران والتحرير في قلب بغداد، بعدما تراجع الزخم خلال الأيام الماضية تأثرا بالتوتر بين الولايات المتحدة وإيران في المنطقة. وقطع متظاهرون في وسط المدينة بشرقها. واستخدمت قوات الأمن قنابل الغاز المسيل للدموع لتفريق المتظاهرين الذين ردوا برشق القوات الأمنية بالحجارة، ما أدى إلى إصابة عشرة أشخاص، بينهم"
656,"قال المطرب المصري علي الحجار إن الرقابة المصرية تتعنت معه، وتمتنع عن إعطاءه التصاريح اللازمة لإصدار ألبومه الجديد، متعللة ""بذرائع واهية"" وأضاف الحجار في مقابلة مع وكالة الأنباء الألمانية (د.ب.أ) في دبي أن الألبوم يحمل عنوان (من الأخر) وهو ألبوم عاطفي، يعود به للساحة بعد غياب طويل، وبعد أن اهتم خلال العقدين الأخيرين بالأغاني السياسية. يضم الألبوم 14 أغنية كلها أغاني عاطفية رومانسية ولا تتطرق إلى الشأن السياسي، أو تمس شخصيات عامة. وأوضح المطرب المصري أن إدارة الرقابة على المصنفات الفنية في مصر ترفض إصدار التصريح بتداول الألبوم لأسباب ""بيروقراطية"".وتابع ""تلقيت عرضين من شركتين بالإمارات لتوزيع الألبوم في دول الخليج، وأعمل حاليا على إنهاء كافة الإجراءات لطرح"
657,"قبل عشرين عاما انتصرت هولندا على الاتحاد السوفيتي في المباراة النهائية لكأس الأمم الأوروبية المقامة آنذاك في ألمانيا بفارق هدفين، سجلهما رود غوليت وماركو فان باستن في مرمى الحارس السوفيتي الأسطورة داساييف. وبعد مباراة اليوم السبت، التي أقيمت على ملعب ""سانت جاكوب بارك"" في بازل السويسرية بين الفريقين تأهل المنتخب الروسي لكرة القدم إلى الدور نصف النهائي من البطولة إثر فوزه على نظيره الهولندي بثلاثة أهداف مقابل هدف واحد. وبهذا الفوز تكون روسيا، التي تبلغ الدور نصف نهائي من البطولة للمرة الأولى منذ انهيار الاتحاد السوفيتي، قد أقصت المرشح الأوفر حظا لنيل لقب البطولة، كما قال العديد من المحللين الرياضيين. فرص ضائعة بالجملة وكاد لاعبو فان باستين أن يخطفوا هدف التقدم قبل دقيقتين من نهاية الشوط الأول، حين أهدى"
658,شاب سوري يصور مسلسلات بكاميرا هاتفه وبمشاركة جيرانه في التمثيل برنامج#بي_بي_سي_ترندينغ: يمكنكم مشاهدة الحلقات اليومية من البرنامج الساعة الثالثة بتوقيت غرينيتش، من الإثنين إلى الجمعة، وبإمكانكم أيضا الاطلاع على قصص ترندينغ بالضغط هنا
659,أطلقت الشرطة الغاز المسيل للدموع وخراطيم المياه ضد المحتجين في مسيرة دعا إليها حزب الشعوب الديمقراطي، المؤيد للأكراد. وقد فرض حظر التجوال في عدد من المناطق في جنوبي شرق تركيا، حيث تقاتل القوات الأمنية التركية مسلحي حزب العمال الكردستاني. وقد تصاعدت عمليات العنف في هذه المناطق إثر انهيار اتفاق وقف إطلاق النار بين الجانبين في وقت سابق هذا العام. وقد تجمع المحتجون لإبداء معارضتهم لفرض حظر تجوال في بعض أحياء المدينة، حيث يقوم الجيش التركي بعمليات على الأرض هناك. وقد إنهار اتفاق وقف النار بين الجيش التركي ومسلحي حزب العمال في يوليو تموز، وقد إنهر الاتفاق في يوليو تموز، حيث قام الجيش التركي بعملية عسكرية واسعة النطاق في جنوب شرق تركيا منذ ذلك الحين، وقد قتل العشرات من رجال الشرطة ومسلحين مجهولين في حوادث إطلاق
660,"دافع جون برينان، المرشح لرئاسة وكالة الاستخبارات المركزية الأمريكية ""سي.آي.إيه ليل الخميس-الجمعة (8 فبراير شباط 2013) عن استخدام الطائرات بدون طيار ضد ""الإرهابيين"" حول العالم، قائلا إنها الملاذ الأخير للدفاع عن الأمن الأمريكي. وواجه برينان ، كبير مستشاري مكافحة الإرهاب للرئيس باراك أوباما ومهندس استراتيجية استخدام الطائرات دون طيار، استجوابا مكثفا أمام لجنة تابعة لمجلس الشيوخ الأمريكي. ومن المقرر أن تستجوب اللجنة برينان مرة أخرى في جلسة استماع في مجلس الشيوخ يوم الثلاثاء المقبل، في الوقت الذي تنظر فيه على أنه ""قاتل وسيجعل وكالة الاستخبارات مرادفا للقتل"". ومن المقرر أيضا أن يتم استجواب برينان أمام لجنة خاصة بمجلس الشيوخ يوم الأربعاء المقبل في جلسة الاستماع خلف أبواب مغلقة. يذكر أن"
661,"أوضح هانز- غيورغ مآسن، رئيس هيئة حماية الدستور في ألمانيا (جهاز الاستخبارات الداخلي)، أن مؤسسته ليس لديها معلومات كافية عن وضع الإسلاميين المتشددين في ألمانيا. وقال لصحيفة ""زودفيست بريسه"" في عددها الصادر اليوم الخميس (الخامس من مارس آذار 2015) إنه يمكن تحسين سبل التوصل لمعلومات عن الإسلاميين من خلال المخبرين والعملاء السريين. وفي الوقت ذاته، أشار إلى أن هناك مصادر أخرى لذلك كالمعلومات التي تنشرها الوكالات الأجنبية وكذلك المعلومات المتاحة علنا في الإنترنت. وتابع مآسن: ""إنه لأمر مدهش الكم الذي يتهاون فيه بعض الأشخاص في الإعلان عن أنفسهم على الإنترنت""، مشيرا إلى أن الأمر وصل إلى نشر صور لحوادث قطع الرؤوس في سوريا يعرض فيها بعض الأشخاص أنفسهم كمشاهدين للواقعة. وأشار"
662,"وجه الرئيس الروسي فلاديمير بوتين تحذيرا ""مباشرا إلى الشعب الأمريكي"" في وقت متأخر أمس الأربعاء من أن التدخل العسكري في سوريا يمكن أن يزعزع الاستقرار في المنطقة ويلحق الضرر ب""نظام كامل للقانون الدولي"". وكتب بوتين في صحيفة نيويورك تايمز أن توجيه مثل هذه ""الضربة من شأنه زيادة العنف وإطلاق العنان لموجة جديدة من الإرهاب""، مشيرا إلى أنها يمكن أيضا أن تقوض المحادثات الخاصة بالبرنامج النووي الإيراني، والمفاوضات بين إسرائيل والفلسطينيين. ونشرت مقالة بوتين على الإنترنت قبيل محادثات في وقت لاحق اليوم الخميس (12 سبتمبرأيلول) في جنيف بين وزير الخارجية الأمريكية جون كيري ونظيره الروسي سيرغي لافروف لمناقشة خطة موسكو لإخضاع ترسانة سوريا من الأسلحة الكيماوية لرقابة دولية. وقال بوتين في المقالة إنه ""يتعين على"
663,"أكد وزير الداخلية الألماني فولفغانغ شويبله أن الإسلاميين ""الذين لديهم استعداد للعنف"" يشكلون ""خطرا حقيقيا على الأمن في ألمانيا. وقال شويبليه اليوم الثلاثاء (19 أيار مايو) خلال استعراضه للتقرير السنوي لهيئة حماية الدستور لعام 2008: ""إن الخطر الذي يهدد ألمانيا ينبع من الإسلاميين الذين لهم صلة ببلادنا"". وأكد الوزير الألماني أن ""معسكرات الإرهاب"" الموجودة في خارج ألمانيا، والتي يتدرب فيها إسلاميون نشأوا في ألمانيا تمثل ""خطر حقيق حقيقي على أمن ألمانيا"". سعي لتطبيق الشريعة والإنترنت وسيلة هامة للترويج وكشف التقرير الجديد لهيئة حمايةالدستور أن جماعات إسلامية ناشطة في ألمانيا مثل ""ميلي جوروس"" و""الإخوان المسلمون"" تريد تطبيق الشريعة الإسلامية في البلاد. وجاء في التقرير الذي نشرت صحيفة"
664,"تشير التوقعات إلى أن تسمية دونالد ترامب مرشحا على الأرجح للحزب الجمهوري هذا الصيف ستقدم الرئاسة على طبق من فضة للديمقراطية هيلاري كلينتون لكن الأمر قد لا يكون بهذه السهولة نظرا لأدائه الذي فاق التوقعات في كل مرحلة. واقر محللون وخبراء تحدثوا لوكالة فرانس برس بأن أداء ترامب القوي في ""الثلاثاء الكبير""، حيث صوت ملايين الديمقراطيين والجمهوريين في 12 ولاية لاختيار مرشحهم، يضعه على طريق نيل ترشيح الحزب الجمهوري خلال مؤتمره في تموز يوليو. وحينئذ ستكون المعركة ثنائية ضد المرشح الديمقراطي وفي هذه الحالة يرجح أن تكون كلينتون التي فازت على منافسها بيرني ساندرز في سبع ولايات من أصل 11 صوتت من الجانب الديمقراطي الثلاثاء. وللوهلة الأولى قد تبدو حنكة وزيرة الخارجية السابقة والسناتور والسيدة الأولى سابقا كافية لتحملها إلى التقدم"
665,"(أرشيف) اقترت طائرة إيرانية بدون طيار من مقاتلة أمريكية من طراز أفأيه - 18 إي سوبر هورنت واقترت الطائرة لمسافة 30 مترا من المقاتلة، التي قامت بمناورة لتفادي الاصطدام بها. واتهمت الولايات المتحدة إيران بالتصرف بصورة ""غير آمنة تفتقر إلى المهنية"". ووقع الحادث في المجال الجوي الدولي بينما كانت المقاتلة الأمريكية بدون طيار تستعد للهبوط على متن حاملة الطائرات يو إس إس نيمتز، بحسب السلطات الأمريكية. وكان مسؤولون أمريكيون قد أعلنوا الشهر الماضي أن سفينة تابعة للبحرية الأمريكية أطلقت طلقات تحذيرية تجاه زورق إيراني قرب شمالي منطقة الخليج بعد أن اقترب الزورق إلى نحو 137 مترا من السفينة. وأقر الرئيس الأمريكي دونالد ترامب عقوبات على إيران ودول أخرى قال إنها لديها ""سلوك عدائي مزعزع للاستقرار"". وكان العداء المتبادل بين"
666,"اختطفت الفتيات من مدرسة العلوم والتكنولوجيا في دابشي في فبراير الماضي وقال السكان إن نحو 101 من تلميذات المدرسة عدن في حافلة هذا الصباح، والخمس المتبقين مصيرهن مجهول. ولم تتضح بعد ملابسات عودتهن ولكن هناك مؤشرات أن الفتيات الخمس الاتي لم تعدن قد توفين. وكانت التلميذات قد اختطفن من المدرسة منذ أكثر من شهر. طائرات وقوات عسكرية في حملة للبحث عن 110 تلميذات اختطفن في نيجيريا بوكو حرام تعلن إنشاء دولة إسلامية في شمال نيجيريا وقال والد إحداهن لبي بي سي إن ""بوكو حرام أحضرت الفتيات في موكب وسلمت الفتيات ومن ثم غادرت فورا. وبينما لم تؤكد الشرطة هذه التقارير ذكر ضابط جيش في نقطة تفتيش قريبة لوكالة رويترز للأنباء أن ""الميليشيا الإسلامية التي يعتقد أنها تنتمي"
667,"في معظم البلدات والقرى الفلسطينية في الضفة الغربية، الواقعة على بعد كيلومترات قليلة فقط من مدينة تل أبيب، لا توجد أية تجارة حرة أو أي انتعاش للصادرات، كما أن الاستثمارات فيها تكاد تكون منعدمة. لكن الأمر مختلف في مدينة رام الله التي تشهد قصة نجاح استثماري جديد. فقد ""بدأ قطاع تكنولوجيا المعلومات في رام الله يشهد طفرة وطلبا كبيرين، بعد أن أصبح الكثير من المستثمرين يطلقون مشاريعهم بهذا المجال فيها""، كما يقول حسني أبو سمرة مؤسس شركة موبي ستاين Mobistineالحديثة العهد. انطلقت شركة ""موبي ستاتاين"" التي تطور تطبيقات برمجية للهواتف الذكية وللحواسيب اللوحية باللغتين العربية والإنكليزية. وهي برامج مخصصة للقطاع الصحي، وتستهدف بتطبيقاتها"
668,"شكلت مجموعات من المعارضة الكويتية ائتلافا واسعا أسمته ""ائتلاف المعارضة"" ليضم معظم أطرافها، وطالبت بإصلاحات سياسية جذرية من بينها الاعتراف بالأحزاب والتعددية السياسية في البلاد. علاوة على التيارات السياسية يضم ""ائتلاف المعارض"" مجموعات شباب وقيادات نقابية عمالية ومؤسسات مجتمع مدني ومنظمات للحركة الطلابية وقوائمها، وعدد من الشخصيات العامة والنشطاء السياسيين. النائب السابق في مجلس الأمة الكويتي ورئيس البرلمان العربي السابق علي الدقباسي أشاد الاثنين (04 آذار مارس 2013) بالإعلان عن ولادة الائتلاف المعارض. وقال الدقباسباسي لوكالة الأنباء الألمانية (د. ب.أ) ""أن المطلوب من الائتلاف اليوم أن يحول الشعارات التي يرفعها إلي عمل ملموس"". من جانبه قال النائب السابقفي مجلس الأمة محمد الخليفة إن إعلان """
669,"مع حلول الليل، تتجمع أعداد كبيرة من المهاجرين واللاجئين في ساحة فيكتوريا، وهي حديقة صغيرة وسط أثينا. يبحث البعض عن أشخاص ينحدرون من بلدانهم، ولاجئون آخرون ليس لديهم مكان آخر يذهبون إليه. أمهات وآباء رفقة أطفال حديثي الولادة، ونساء حوامل وأشخاص يعانون من مشاكل نفسية وجسدية كثيرة، وكبار السن، كلهم تقريبا معدمون. عائلة من أفغانستان تفترش الأرض وتلتحف أغطية خفيفة تقيها برودة الطقس، أمضوا تحت الشجرة نفسها عدة أسابيع. جاءت الأسرة إلى أثينا من مخيم موريا في ليسبوس، حيث منحوا حق اللجوء. ""تحكي أرمينة (اسم مستعار) ذات ال 19 عاما، ""أنا من أفغانستان، أعيش هنا مع والدي ومع أخي البالغ من العمر 16 عاما."
670,"بعد عام من التعلم عن بعد والتباعد الاجتماعي داخل الفصول الدراسية بسبب جائحة فيروس كورونا، تقوم مدرسة في منطقة مرسية الإسبانية بتعليم تلاميذها على الشاطئ في محاولة للجمع بين الهواء النقي وطريقة جديدة للتعليم. خارج مدرسة فيليكس رودريجيث دي لا فوينتي، يجلس الأطفال وعلى وجوههم الكمامات أمام سبورة سوداء متنقلة في صفوف من المكاتب الخضراء المرصوصة بدقة على الشاطئ الرملي في بلايا دي لوس نيتوس.يقول مدرس اللغة الإنجليزية خوان فرانسيسكو مارتينيث: ""الوضع آمن والأطفال يستمتعون كثيرا... ما يتعلمونه هنا لا ينسونه"". يحرك بعض التلاميذ حفاة القدمين أصابع أقدامهم في الرمال وهم يعزفون على آلة الإكسليفون، بينما انحنى آخرون على دفاترهم لمنع النسيم من بعثرة أوراق"
671,"تحتفل ألمانيا منذ 1990 بإعادة توحيدها في الثالث من أكتوبر تشرين الأول، ورغم كل الصعوبات التي لم تجد الحل والتوقعات الفاشلة والمشاريع غير المكتملة، فإنه يبقى يوم فرح، يوم ينظر فيه العالم باستمرار بإعجاب إلى هذا البلد الذي كان مسؤولا عن كثير من الفواجع والذي تمكن بالرغم من ذلك من الإطاحة سلميا بالجدار الذي قسمه طويلا ليصبح موحدا وديمقراطية موثوق بها وقوة اقتصادية مزدهرة كأحد أسس العالم الغربي. العالم أصبح خارج نطاق السيطرة وجاء موعد الانتخابات التشريعية في 2017، وحزب ""البديل من أجل ألمانيا"" الشعبوي اليميني جاء في المرتبة الثالثة بنحو 13 في المائة من مجموع الأصوات. منذ تلك اللحظة طغت نبرة أخرى على نداء المعركة الذي ناضل به مواطنو ألمانيا الديمقراطية سابقا لان"
672,"كانت عناصر من البيشمركة الكردية العراقية قد وصلت عين العرب قبل يومين لدعم المدافعين عنها وكانت عناصر من قوات البيشمركة الكردية السورية قد وصلت مدينة عين العرب في شمال سوريا، السبت، حيث وصلت عناصر من القوات الكردية العراقية. ويستعد البيشمركة للمشاركة في القتال ضد مسلحي ""الدولة الاسلامية."" وكان مسلحو البيشمركة ال 150 قد استقبلوا استقبالا حافلا لدى اجتيازهم الحدود التركية السورية في وقت متأخر من يوم الجمعة متجهين الى عين العرب. وقال بولات تشان، الناطق باسم وحدات حماية الشعب الكردي، السبت إن ""البيشمركة يجرون استعداداتهم وينشرون الاسلحة ويتعرفون على المنطقة."" مواضيع قد تهمك في هذه المرحلة. وقال الناطق الكردي في تصريحات نقلتها وكالة فرانس برس ""إن المدفعية والاسلحة الثقيلة التي بحوزة البيشمركة ستلعب دورا"
673,أعضاء مجموعة مشجعي بايرن ميونيخ(Red Pride)يشجعونناديهم ويحضرون مبارياته على ملعبهوخارجه. حتى أن البعض سافر إلى لشبونة هذا الأسبوع، رغم معرفتهم مسبقا أنه لن يسمح لهم بالدخول إلى الملعب لمشاهدة ناديهم يتوج بطلا لأوروبا للمرة السادسة، بفوزه على باريس سان جيرمان 1-0في استاد دا لوز. بالعودة إلى ميونيخ، كان أحد أعضاء رابطة المشجعين يخوض معركة مختلفة تماما. في اليوم الذي تغلب فيه بايرن ميونيخ على ليون في الدور قبل النهائيفي استاد (دا لوز)، كان أحد المشجعين في المحكمة يستأنف قرار الحظر الذي فرضه عليه بايرن ميونيخ في آذار مارس، لمساعدته في عرض لافتة احتجاج على مباريات ليلة الاثنين. جادل الدكتور غيرهارد ريدل، ممثل بايرن، بأن اللافتة تنتهك
674,"تعهد الرئيس الأميركي باراك أوباما رسميا مساء الاثنين (الثامن من أبريل  نيسان 2013) بمواصلة العمل من أجل تعزيز التشريعات حول الأسلحة النارية وذلك بعد لقائه عائلات ضحايا مجزرة نيوتن في كونيتيكت. وقال أوباما ""لن ندير ظهرنا لوعودنا""، وجاءت تصريحات أوباما في هارتفورد على بعد 100 كلم من نيوتن حيث قتل 26 شخصا بينهم 20 طفلا تراوحت أعمارهم بين السادسة والسابعة، في مجزرة ارتكبها مسلح في 14 كانون الأول  ديسمبر. وأوضح أن ولاية كونيتيكتيكت شددت قوانينها حول الأسلحة. وقال أيضا ""انتم، عائلات نيوتن والناس في كونيتكت ساعدتم على تحقيق الوعود""، مذكرا بأن ولايات أخرى مثل كولورادو (غرب) ونيويورك (شمال شرق) قد عززت تشريعاتها في هذا المجال."
675,"تمكن فريق ريال مدريد في بداية الموسم الكروي الحالي من أن يضيف لقبين جديدين إلى خزائنه، بعدما أحرز كأس السوبر الأوروبية على حساب فريق مانشستر يونايتد الإنجليزي، وكأس السوبر الإسبانية على حسابه غريمه برشلونة. ويطمح الفريق الملكي إلى إحراز ألقاب أخرى هذا الموسم، بحسب ما أعلن لاعب خط وسطه الألماني توني كروس (27 عاما). وقال كروس، في مقابلة مع الموقع الإلكتروني الرسمي لنادي ريال مدريد: ""لقد أحرزنا لقبين، وبإمكاننا إحراز أربعة ألقاب أخرى"". واعترف كروس بأن ذلك لن يكون سهلا نظرا لقوة بقية الخصوم، إلا أنه في نفس الوقت متأكد من إمكانيات فريقه وقدرته على حصد الألقاب. وقال كروس: ""إذا ما واصلنا العمل بنفس النهج، فبإمكاننا الفوز بألقاب جميع المسابقات، لأننا فريق رائع"". وأضاف"
676,"مغاربة تأثروا بصورة الطفل آلان يحيون ذكراه على ساحل مدينة الرباط وكانت صورة جثة آلان الملقاة على ساحل البحر قرب مدينة بودرم التركية بعد ان مات غرقا عندما انقلب الزورق الذي كان يستقله وأسرته من تركيا الى اليونان قد أثارت تعاطف العالم وركزت نظر الرأي العام العالمي على محنة اللاجئين السوريين. ونشر تنظيم ""الدولة الاسلامية"" في النسخة الأخيرة من نشرته ""دابق"" التي يصدرها باللغة الانجليزية صورة لآلان في مقال حمل عنوان ""مخاطر هجر دار الاسلام."" وجاء في المقال ""للأسف، ما زال بعض من السوريين والليبيين يرغبون في المخاطرة بحياتهم وارواحهم بالرحلات الخطرة الى اراضي الصليبيين."" وكان في المقال ايضا ان المسلمين يرتكبون ""معصية كبرى"" بأخذ اطفالهم الى الغرب"
677,فازت اليوم السبت (28 سبتمبر أيلول 2013) شابة فلبينية بلقب ملكة جمال العالم للعام الجاري 2013، وذلك في المسابقة التي أقيمت في إندونيسيا. وقال منظمو المسابقة في تغريدة لهم على موقع تويتر من مركز المؤتمرات في جزيرة بالي الإندونيسية، التي أقيمت فيها المسابقة، إن لجنة التحكيم توجت الطالبة الفلبينية ميغان يونغ (23 عاما) بلقب أجمل امرأة في العالم. ومن المعروف أن يونغ ملكة جمال الفليبين ومازالت طالبة تدرس السينما في بلادها. الألمانية أمينة صباح (18 عاما) وهي ألمانية من أصل لبناني وتسكن بالقرب من مدينة يينا بولاية تورينغن وسط وسط ألمانيا، لم تصل إلى جولة العشرة الأكثر جمالا في العالم والتي تمت بينهن التصفية الأخيرة في إندونيسيا اليوم. أ. ح. ح (د ب أ) ملكة جمال فرنسا وملكة جمال غانا وملكة
678,"ينظر لعلاقة برتولت بريخت مع الفن السابع على أنها علاقة تكتنفها الإثارة، بلغت ذروتها من خلال القضية التي أثيرت بينه وبين شركة نيرو الإنتاج السينمائي والمخرج غيورغ فيلهلم بابست الذي اقتبس رواية بريخت ""أوبرا القروش الثلاثة"" وحولها إلى فيلم سينمائي. حينها خسر بريخت تلك القضية، إلا أن الفيلم الذي كان يحمل عنوان ""البطون الممتلئة أو من يملك هذا العالم"" للمخرج زلاتان دودوف، نال على رضا بريخت أكثر من سابقه، فقد نال الفيلم على رضاه أكثر من أي فيلم آخر، فقد كان الفيلم من إنتاج شركة ""نيرو"" التي كان بريخت قد اقتللها من أجل تحويلها إلى"
679,"على الرغم من اتباع الكثيرين للرياضة وتناول الأطعمة الصحية وعدم التدخين، إلا أنهم ربما يكونون عرضة لللإصابة بأمراض القلب لأسباب لا تخطر على البال. خبراء أمراض القلب والأوعية الدموية في جمعية أمراض القلب الأمريكية رصدوا أسبابا غريبة للإصابة بأمراض القلب نشرها موقعا ""ومنزهيلث"" و""ريدرز دايجست"" وكان أغربها البلوغ المبكر لدى السيدات. فطبقا للخبراء في الجمعية فإن بلوغ الفتيات قبل سن الثانية عشر يزيد احتمالات الإصابة بالأمراض القلبية بنسبة 10% مقارنة باللاتي بلغن في وقت لاحق. عقاقير التنحيف ومن أخطر أسباب الإصابة بأمراض القلب كانت عقاقير تنحيف التي تؤدي إلى الإصابة بالأزمة القلبية، حيث أكدت الدكتورة أمبر خانا من مستشفى جامعة كلورادو في حوار مع موقع ""ريدرزدايجيست "" أن"
680,"مئات الآلاف نزحوا من مناطقهم بسبب أعمال العنف. وقال موسوفيني، الذي يساعد في إطلاق محادثات سلام بين الطرفين المتنازعين، إنه سيدحر قوات ريك ماشار، إذا لم يوافق على مقترحات وقف إطلاق النار"". وقد حدد مهلة للطرفين لوقف الأعمال العدائية، بنهاية العام الجاري. وقد قتل أكثر من 1000 شخص في أعمال العنف خلال الأسبوعين الماضيين. وقالت الأمم المتحدة إن 180 ألف شخص نزحوا في مناطقهم، بسبب النزاع المسلح. ويعد موسيفيني حليفا رئيسيا لرئيس جنوب السودان، سالفا كير ميارديت. وقد نشرت أوغندا قوات لها في جنوب السودان. مواضيع قد تهمك في مواضيع تهمك في موضوع قد تهمك نهاية"
681,"كانت روسيا قد نفت ضلوعها في أوكرانيا وقد ضمت القرم إلى روسيا في 18 مارسآذار الماضي ، مما أثار موجة استنكار دولية. وتنفي روسيا أنها وراء التمرد في أوكرانيا، لكن بوتين قال في الوثائقي المشار إليه إنه اصدر أوامره بالعمل على ""إعادة شبه جزيرة القرم إلى البلد الأم، روسيا"". ويظهر بوتين في اللقطات التي عرضت في التلفزيون متحدثا عن اجتماع عقد ليلة 22 و23 فبراير شباط مع طاقم من رؤساء الأجهزة الخاصة ووزارة الدفاع. وقال بوتين ""دعوت رؤساء الاجهزة الخاصة إلى الكرملين وأوكلت إليهم مهمة إنقاذ حياة الرئيس الأوكراني، الذي كان سيتعرض للتصفية. أنهينا الاجتماع حوالي السابعة صباحا، وأثناء مغادرتنا قلت لزملائي إننا مضطرون للعمل على إعادة شبه جزيرة، إلى روسيا"". مواضيع قد تهمك في هذا"
682,أخذت ألمانيا وإيران خطوات مبدئية اليوم الاثنين (20 تموز يوليو 2015) لإعادة العلاقات التجارية، توقعا لرفع العقوبات الاقتصادية التي يفرضها الغرب على طهران إثر التوصل إلى اتفاق نووي تاريخي. وقال زيغمار غابرييل، نائب المستشارة ووزير الاقتصاد الألماني، إن اجتماعا وزاريا للجنة الاقتصادية الألمانية الإيرانية سيعقد أوائل العام القادم في طهران بعد فترة طويلة من عدم النشاط. وأشار غابري، الذي كان يتحدث مع وزير النفط الإيراني، إلى أن الحكومة الألمانية سترفع العقوبات الاقتصادية المفروضة على إيران بعد إبرام الاتفاق النووي في 2005 لكنها هوت إلى 4.4 مليار يورو في 2005 بعد أن رفعت العقوبات المفروضة على طهران بسبب برنامجها النووي. وأضاف أنه من المتوقع أن يتم رفع العقوبات الاقتصادية على إيران في غضون عام واحد، بعد رفع العقوبات عن قطاع الطاقة. وأشار إلى الخطوة خلال
683,"وكان وزير الخارجية الأمريكي جون كيري قد قال الجمعة إن المفاوضين الاسرائيليين والفلسطينيين قد اتفقوا على الاجتماع للتحضير لاستئناف مفاوضات السلام المباشرة بين الطرفين التي انهارت عام 2010. وقال نتنياهو لاعضاء حكومته في اجتماعها الاسبوعي الأحد إن ""المفاوضات لن تكون يسيرة، ولكننا سنخوضها بصدق وإخلاص."" وكرر نتنياهو التعهد الذي سبق له ان اطلقه بطرح مسودة أي اتفاق قد يتم التوصل اليه مع الفلسطينيين على الشعب الاسرائيلي في استفتاء عام. وعبر رئيس الحكومة الاسرائيلية عن أمله في أن تجرى المفاوضات ""بشكل مسؤول وعملي وجدي."" وقال نتنياهو ""لن تكون المفاوضات سهلة، ولكن المفاوضات يجب أن تجرى بشكل مسؤول."" واضاف ""لا اعتقد ان ذلك سيستغرق وقتا طويلا. "" وقال الاعلام الاسرائيلي إن نتنياهو قال للاذاعة الاسرائيلية الاحد إن الحكومة الاسرائيلية لن تعلن رسميا تجميد"
684,"يبحث قادة سبعة وأربعون دولة في اليوم الثاني من قمة الأمن النووي التي تستضيفها واشنطن اتخاذ تدابير ملموسة لضمان أمن المواد الانشطارية للحيلولة دون استيلاء جماعات إرهابية عليها، يأتي ذلك بعد ان شدد القادة في اليوم الأول من القمة التي بدأت أمس الاثنين (12 أبريل نيسان 2010) على وجود ""خطر إرهاب نووي"" يهدد أمن العالم. وقد أكدت المستشارة الألمانية انغيلا ميركل الليلة الماضية في واشنطن على ""حاجة المجتمع الدولي الى نظام قانوني مشترك من أجل تحقيق أمن فعال للمواد النووية بغية حمايتها من الإرهابيين"". وقالت ميركل إثر لقاءات اليوم الأولى من القمة ""من اللافت للانتباه أنه لا يوجد آلية قانونية يمكن من خلالها مقاضاة الدول التي تعطي مواد نووية لمنظمات إرهابية"" مشددة على ""وجود خطر إرهاب نووي"". القمة تبحث سبل مكافحة ""إرهاب نووي"" وتل"
685,"تقول ""أوشي"" زوجة أسطورة الكرة الألمانية السابق السابق غيرد مولر ""إنه على ما يرام في هذه الظروف، فلديه في الدار الرعاية الأمثل والاهتمام، ويشعر بالراحة وأنه في بيته""، حسب ما نقلت عنها صحيفة بيلد الألمانية. نصف قرن مر على ارتباط غيرد ""غيرد مولر"" (72 عاما)، بزوجته أوشي، التي تقوم الآن بزيارة زوجها يوميا في دار رعاية المرضى، القريبة من مدينة ميونيخ، وتقول لبيلد ""حتى وإن كانت إمكانياته الآن محدودة ما زلت أصل إليه ويكون سعيدا عندما أجيء إليه، ويفرح عندما أمضي معه بعض الوقت"". أسطورة ألمانية وبافارية وكان غيرد، والذي يطلق عليه الألمان لقب ""قاذفة قنابل الأمة"" قد توارى عن الأنظار، بعدما اعتزل الكرة كلاعب عام 1981"
686,"وأوضحت وزيرة حماية البيئة الإسرائيلية غيلا غاملئيل أن التسرب نتج عن ناقلة نفط ليبية كانت تقل شحنة مقرصنة من إيران إلى سوريا. وتسبب التسرب النفطي في تلوث الشواطئ في سواحل إسرائيل، ووصلت كتل من القطران الأسود إلى شواطئ جنوب لبنان. وتصف الجماعات البيئية في إسرائيل الأمر بأنه ""كارثة بيئية"" قد تستغرق سنوات لتنظيفها. وقد أثر التلوث على الحياة البحرية، بما في ذلك سلاحف مهددة بالانقراض. ويواصل متطوعون في إسرائيل ولبنان العمل على تنظيف الشواطئ الملوثة، التي يزيد طولها على 150 كيلومترا. وقال معين حمزة، رئيس المجلس الوطني للبحوث العلمية في لبنان، الأسبوع الماضي إنه يخشى أن يستمر التلوث على الشواطئ اللبنانية لمدة تصل إلى ثلاثة أشهر، حيث قالت جماعات بيئية في إسرائيل إن التلوث النفطي تسبب في تلوث المياه في البحر المتوسط، بما يزيد على"
687,"وقال جي بي ميشرا، الناطق باسم شركة سكك الحديد بأن ""الهند تفادت كارثة انسانية كبيرة بفضل جهود العمال"" ، موضحا بأن الحادث لم يسفر عن إصابات. وعلقت قوات الشرطة طوقا على موقع الحادث، وتم فتح تحقيق لمعرفة أسباب انفصال العربات عن القاطرة."
688,"الشرطة البريطانية وضعت أجهزة اكتشاف المعادن في بعض المدارس للحد من استخدام السكاكين وبينما يجري حاليا تنفيذ هذه الخطة في بعض المناطق، أخبر عشرة ضباط من بين 33 ضابطا لجنة الشؤون الداخلية في البرلمان البريطاني أنه لا يوجد لديهم ضباط لتأمين المدارس. ولكن ماذا يفعل هؤلاء الضباط وكيف يحافظون على سلامة الأطفال والموظفين؟ ""التلاميذ يرتبطون بالتجربة الشخصية"" نيك ستينر ضابط مخصص لتأمين ست مدارس ثانوية وكليتين في مقاطعة نيوأرك وشيروود ونوتنغهامشير. ويعمل ستينر في الشرطة منذ 10 سنوات، وبدأ العمل في تأمين المدارس منذ سبتمبرأيلول الماضي. كمسؤول تأمين المدارس، يقوم الشرطي بتعريف الطلاب بمجموعة من المشكلات التي قد تؤثر عليهم، بما في ذلك الأمان على الإنترنت ووسائل التواصل الاجتماعي. جدل بشأن تدريس المثلية الجنسية للأطفال في مدارس"
689,"أكد الوزير الألماني فولفغانغ شويبله في المؤتمر الإسلامي عام 2006 على أن ""الإسلام جزء من ألمانيا وأوروبا""، لكن هذه الدعوة للاندماج لم تلق رواجا في سياسة التعليم المدرسي في ألمانيا على الرغم من وجود شريحة مسلمة لا بأس بها تعيش في البلاد. فقد أثيرت حول موضوع تدريس التربية الدينية الإسلامية في المدارس الابتدائية الألمانية تساؤلات عدة دفعت ببعض الولايات الألمانية إلى منعه منذ سنوات من أن يكون من ضمن مناهج مدارسها. النموذج البرليني وإدراج دروس التربية الإسلامية في مناهج المدارس الألمانية يختلف من ولاية لأخرى وفقا لقوانينها. فبعض الولايات الألمانية مثل نوردراين فيستفالين ونيدرساكسن وهامبورغ وبادن فوتنبرغ وبافاريا حددت فحوى دروس الدين بالاتفاق مع الجمعيات الإسلامية على أن يكون هدف"
690,لوحة الطفل والحمامة لبيكاسو يعتقد أنها في قطر حاليا وتشمل هذ الأعمال لوحة بيكاسو الطفل والحماماتة، التي تقدر ب 50 مليون جنيه إسترليني، والتي يعتقد أنها الآن في قطر. ويقول الخبراء إن المشترين الأثرياء يستخدمون ثغرات يمكن استغلالها، أو اتفاقات شرف لتجنب القيود المفروضة على تصدير الأعمال القيمة، التي تعد كنوزا وطنية. ومع ذلك، قال مجلس الفنون البريطاني إن 32 من مثيلات هذه القطعة ظلت في بريطانيا، بسبب القوانين التي فرضت في عامي 2011 و2012. وتخضع التحف الثقافية الهامة المشتراة من قبل جامعي تحف في الخارج في كثير من الأحيان لحظر مؤقت على التصدير. وهذا يعطي التجار البريطانيين أو المتاحف فرصة لتقييم سعر تلك التحف. ولكن ما مجموعه 41 قطعة من الكنوز الوطنية قيمتها 278 مليون جنيه استرليني تم
691,قالت وزارة الخارجية الألمانية في برلين الجمعة (30 آذار مارس 2018) إن الحكومة الروسية طلبت من أربعة دبلوماسيين ألمان مغادرة البلاد. وبهذا تكون روسيا قد ردت على قيام ألمانيا بطرد دبلوماسيين روس من برلين، على خلفية تسميم الجاسوس الروسي السابق سيرغي سكريبال في سالزبري بإنجلترا، باستخدام غاز سام، في أوائل الشهر الجاري. وكانت ألمانيا إضافة إلى نحو 25 دولة أخرى من بينها الولايات المتحدة، قد قاموا بطرد 140 دبلوماسيا روسيا. وقامت ألمانيا الإثنين الماضي بطرد أربعة أشخاص ينتمون إلى السفارة الروسية في برلين، تضامنا مع بريطانيا التي تتهم روسيا بتسميم سكريبالي، الذي تنفي روسيا أي علاقة لها باتهامه. واستدعت وزارة الخارجية الروسية مسؤولين كبار في سفارات 23 دولة، منها ألمانيا، وشوه
692,"انطلقت الاحتجاجات في لبنان مساء الخميس 17 تشرين الأولأكتوبر الماضي وكما هو الحال مع كل تحرك ضد الحكومات والأنظمة العربية، يعود مصطلح ""صحافة المواطن"" إلى الواجهة لسرعته في تبادل المعلومات ومقاطع الفيديو، ولنقل ما يرون أن الإعلام التقليدي يتجنب عرضه. إعلام بديل صفحة ""الاعلام البديل"" التي تعرف نفسها بأنها ""مهتمة بنقل أخبار مظاهرات ١٧ اكتوبرتشرين الأول ٢٠١٩ بكل شفافية، بعيدا عن التعتيم الإعلامي الذي تتعرض له بين الحين والآخر""، نشرت دعوات لإغلاق مرافق عامة بعد فتح الطرقات اثر استقالة رئيس الحكومة سعد الحريري. كذلك عملت الصفحة على نشر أخبار التحركات الميدانية للمحتجين ومقاطع الفيديو. وتجدر الإشارة إلى أن الصفحة أجرت تصويتا حول إمكانية الخروج من الشارع و""مراقبة السلطة لوقت"
693,"أعلنت الحكومة الفنزويلية وفاة الرئيس هوغو تشافيز المصاب بالسرطان عن 58 عاما الثلاثاء في مستشفى عسكري في كاراكاس. وقال نائب الرئيس الفنزويلي نيكولاس مادورو في كلمة من خلال التلفزيون إن الرئيس هوجو تشافيزتوفي بعد معركة مع السرطان استمرت عامين وأنهت حكم الزعيم الاشتراكي الذي استمر 14 عاما للدولة الواقعة في أمريكا الجنوبية. وبعد إعلان نبأ الوفاة نشرت الحكومة والجيش وقوات الشرطة في البلاد من اجل ""حماية شعبنا وضمان السلام"" بعد الاعلان عن نبأ الوفاة. وفي وقت لاحق من نفس اليوم نشرت الحكومة الفنزويلي ""كل القوات المسلحة البوليفارية والشرطة الوطنية في فنزويلا من اجل"" حماية شعبنا وضمان ""السلام"". وفي وقت سابق من اليوم الثلاثاء (الخامس من مارس آذار 2013) أعلنت فنزويلا طرد ملحق القوات الجوية الأميركي ديفيد ديل موناكو ومنحه ""24 ساعة لترتيب حقائبه ومغادر"
694,مجلس الأمن الدولي هو المكان الأنسب من أجل مراقبة تنفيذ قرارات مؤتمر برلين حول ليبيا الذي عقد في 19 يناير كانون الثاني. ويعمل مجلس الأمن على إلزام جميع الأطراف بالقرارات التي خرج بها المؤتمر. وفي هذا الصدد، من الجيد أن يحضر وزير الخارجية الألماني هايكو ماس اجتماع مجلس الأمن التابع للأمم المتحدة حول ليبيا في نيويورك وهو يحمل معه هدف التأكيد على الالتزام بالقرارات. وأهمها التوصل إلى وقف مستمر لإطلاق النار وتنفيذ قرار حظر الأسلحة. خروقات من ثلاث قوى دولية غير أن هناك ثلاثة أعضاء دائمين لدى مجلس الأمن، يواصلون خرق قرارات مؤتمربرلين وهم روسيا والصين وفرنسا. هذه الدول تدعم اللاعب في ليبيا وهو الجنرال المتمرد خليفة حفتر بالأسلحة وإلى حد ما بالجنود. والتزام هذه الدول في برلين بعدم القيام بذلك، لم يمنعها من خرق تلك
695,استخدام العطور له دلالات خاصة لكل منا، فهو يعبر عن أذواقنا ويعكس جزءا من شخصيتنا. وكما تختلف الأذواق والشخصيات للبشر، تختلف أنواع العطور ومكوناتها واستخداماتها. وبالرغم من هذا الاختلاف والتنوع في عالم العطور، فإن شيئا واحدا يجمع البشر في هذا الاستخدام، ألا وهو الرغبة في بقاء رائحة العطر لأطول مدة ممكنة، وهو ما قد يزيد سعادتنا ويمنحنا الثقة بالنفس. قد يعتقد البعض أن سر بقاء العطر وديمومته يكمن في نوعية العطر المستخدم، فما غلا ثمنه، من الواجب أن يدوم لفترة أطول، في حين يعتقد آخرون بأنه من الواجب رش العطر بكميات كبيرة على الجسم وذلك من أجل ضمان فوحانه. مجلة فوكوس الألمانية أوردت بعض النصائح الواجب إتباعها للحفاظ على ديمومة عطرك لأطول فترة ممكنة. رش
696,"التحرش أصبح واقعا يوميا في مصر حسب الدراسة وأشارت الدراسة في مصر إلى انتشار التحرش الجنسي، وختان البنات، وتصاعد سطوة الجماعات المتشددة، مما جعل وضع المرأة يصبح سيئا للغاية. واحتلت جزر القمر المرتبة الأولى في الدراسة التي أجرتها مؤسسة تومسون رويترز. وشملت الدراسة 21 دولة أعضاء في الجامعة العربية، فضلا عن سوريا، بنيت على استطلاع شارك فيه 336 خبيرا في قضايا النوع الاجتماعي. وتعد هذه الدراسة الثالثة التي تجريها المؤسسة عن وضع المرأة منذ اندلاع موجة الربيع العربية في عام 2011. مواضيع قد تهمك نهاية ""تحرش يومي"" وجاء العراق بعد مصر في ترتيب الأسوأ ثم السعودية وسوريا واليمن. وحلت في المرتبة الأولى جزر القمر التي تتولى فيها المرأة 20 في المئة من الحقائب الوزارية، وجاءت بعدها عمان والكويت والأردن ثم قطر. وطلب القائمون على الاستطلاع من من الخبراء"
697,"تشيع جثمان أحد قتلى تظاهرات الجمعة 20 مايو أيار واستخدمت قوى الأمن الرصاص الحي والمطاطي، إضافة إلى قنابل الغاز لتفريق المتظاهرين المحتجين وإخراجهم من المنطقة الخضراء حيث يوجد مبان حكومية، ومقر البرلمان، فضلا عن العديد من السفارات الأجنبية. وفي تعليقه على نهج قوى الأمن، ندد الزعيم الشيعي مقتدى الصدر باستخدام القوة في وجه المتظاهرين متهما الحكومة ب ""إرهاب الشعب والمتظاهرين العزل""، ومحذرا ما سماها حكومة ""الطائفية والمحاصصة والفساد"" من مصير يشبه القذافي وصدام. في المقابل، أدان رئيس الوزراء العراقي، حيدر العبادي، اقتحام المحتجين قائلا إنه ""لا يمكن القبول به والتهاون مع مرتكبيه وإن القانون لابد أن يأخذ مجراه على كل متجاوز."" وأضاف العبادي أن ""الفوضى لن تكون لصالح"
698,أصدرت محكمة العدل الأوروبية اليوم الأربعاء (06 أيلول سبتمبر) قرارا يلزم هنغاريا وسلوفاكيا باستقبال لاجئين. وقضت المحكمة في بروكسل بقانونية قرار الاتحاد الأوروبي في أيلولسبتمبر عام 2015 بإعادة توزيع اللاجئين على الدول الأعضاء في الاتحاد؛ ما يعني ضرورة التزام الدول الممتنعة عن تنفيذ القرار. وياتي هذا القرار تزامنا مع اقتراب انقضاء المهلة التي وضعتها المفوضية الأوربية لتلزم البلدين على القبول بقاعدة توزيع اللاجئين، وبعد انتهاءها تعتزم المفوضية الأوروبي فرض عقوبات مالية على البلدين المعنيين. يذكر أن دول الاتحاد الأوروبي اتفقت خلال ذروة أزمة تدفق اللاجئين إلى أوروبا في 22 أيلولآب عام 2015 على إعادة توزيع 120 ألف لاجئ من اليونان وإيطاليا على دول أخرى في الاتحاد، وذلك رغم معارضة المجر وسلوفاكيا ورومانيا والتشيك. وتجدر الإشارة إلى أن هذا العدد يتضمن لاجئين لديهم
699,"أعلن وزير الآثار المصري، خالد العناني، أن التمثال الضخم المكتشف في الآونة الأخيرة في العاصمة المصرية يعود للملك بسماتيك الأول من الأسرة السادسة والعشرين وليس الملك رمسيس الثاني، كما كان يعتقد في البداية. وقال العناني في مؤتمر صحفي عقد في المتحف المصري في القاهرة مساء أمس الخميس (16 مارس آذار) إن لفظة ""نب عا"" الهيروغليفية المنقوشة على التمثال والتي تعني ""الذراع القوية"" هي أحد أسماء بسماتيكي. لكن العناني قال إنه ""لا يمكن أن نؤكد 100 بالمائة"" أن التمثال يرجع للملك رمسيس الثاني. وحضر عدد من السفراء الأجانب المؤتمر الذي أذيع على الهواء مباشرة في عدد من القنوات التلفزيونية المصرية الرسمية والخاصة. يذكر أن مجموعة من علماء الآثار من مصر وألمانيا عثروا على أجزاء من التمثال"
700,"لازالت الهزات الارتدادية للهزيمة التاريخية أمام إسبانيا تؤثر على أوضاع المنتخب الألماني لكرة القدم، وخصوصا الضغوط المتصاعدة على مدرب الفريق يواخيم لوف، والذي لا يزال مهددا بالإقالة من منصبه. وبحسب تقرير لصحفية بيلد واسعة الانتشار، ماتزال الخيارات مفتوحة: استمرار لوف في منصبه، أو إنهاء التعاقد مع ذي الستين عاما. القرار مرتبط بالتحليل الذي سيقدمه إداريو ومدرب المتتخب لاتحاد الكرة الألماني الأسبوع القادم. وفي حال قرر الاتحاد الكروي استمرار لوف، الذي يشغل منصبه منذ عام 2006، في تدريب المانشافت، فيمكن أن تحدث تغييرات جذرية على التشكيلة، كما يذكر موقع ""شبورت"" الرياضي. وبعد غياب الثلاثي المخضرم، مولر، هوملس، بواتينغ، يبدو أن لوف يتجه للرضوخ للانتقاد"
701,"فقد وقع نحو 300 شخص على عريضة تطالب بإزالة التمثال الذي يجسد رجلا لا يرتدي سوى الجزء السفلي من ملابسه الداخلية. وأعرب الطلبة عن مشاعر التوجس والخوف بعد مشاهدتهم التمثال الذي يبدو وكأنه حي وطالبوا بإزالته الذي تم نصبه في منطقة مزدحمة بالحرم الجامعي. لكن كيم بوتوملي، رئيس الكلية، قال إن التمثال يهدف إلى الحث على طرح ""أفكار جديدة غير متوقعة"". وأضاف أن العمل الفني ""أثار مناقشات حماسية عن الفن والجنس والتجربة الشخصية"". مواضيع قد تهمك في هذا العمل الفني، الذي تم عرضه في متحف ديفيس للفنون في ولاية نيويورك، في الفترة من 6 فبراير شباط وحتى 20 يوليو تموز. وقال كيم بتوملي إن التمثال ""أثار نقاشا حماسيا عن مواضيع قد تكون غير متوقعة. "" وأضاف"
702,"ذكرت تقارير إخبارية بريطانية أن أكبر معمرة ناجية من المحرقة توفيت يوم أمس الأحد (23 فبراير شباط 2014) في لندن، عن عمر يناهز 110 عاما. وأمضت أليس هيرز سومر، المولودة في براغ، عامين في معسكر اعتقال نازي في بتيرزين، أو بتيريزينشتات، في ما يعرف حاليا بجمهورية التشيك، خلال الحرب العالمية الثانية. ونقلت الصحفة عن حفيدها قوله: ""لقد وافتها المنية بسلام"". وكانت أليس، عازفة البيانو الموهوبة، قد نقلت إلى المستشفى يوم الجمعة الماضي بعد تعرضها لمشاكل صحية. يذكر أن فيلما عن حياة أليس، من إخراج مالك"
703,سان زينغشاي و كان ينظر كثيرون للسياسي سان زينغاشاي على أنه مرشح للوصول إلى أعلى المراتب في قيادة الحزب وكان يشغل منصب قائد مكتب الحزب في منطقة تشونغتشينغ قبل إعفائه من المنصب مطلع الشهر الجاري. وكان زينغكشاي مرشحا قبل فصله لينضم إلى عضوية اللجنة الدائمة للمكتب السياسي للحزب وهي لجنة مشكلة من 7 أعضاء تتولى حكم الصين. لكن لجنة مكافحة الفساد أعلنت أنها بدأت التحقيق معه في اتهامات خطيرة بانتهاك النظم والقوانين. ويأتي ذلك قبل المؤتمر العام للحزب الشيوعي خلال الخريف المقبل والذي سينظر في اختيار شخصين لتولي منصبي رئيس البلاد ورئيس الوزراء عند شغور المنصبين بحلول العام 2022. وحسب ميثاق الحزب من المقرر أن يترك الرئيس الحالي تشي جيبينغ ورئيس الوزراء لي كيكيانغ منصبيهما خلال العام 2022، لكن
704,"نفى بايرن ميونيخ الذي حسم لقب بطل الدوري الألماني وبلغ نهائي الكأس المحلية وقطع أكثر من نصف الطريق نحو نهائي دوري أبطال أوروبا، صحة الأخبار التي تحدثت عن توقيعه عقدي اتفاق مع مهاجم غريمه المحلي بوروسيا دورتموند البولندي روبرت ليفاندوفسكي. وذكرت صحيفة ""بيلد"" الألمانية أن ليفاندوفسكي الذي قدم الأربعاء الماضي مباراة تاريخية أمام ريال مدريد الإسباني بتسجيله الأهداف الأربعة لدورتموند (4-1) في ذهاب نصف النهائي، قد وقع عقدين مع النادي البافاري، الأول يقضي بانتقاله إليه في تموز يوليو المقبل، فيما يبدأ العقد الثاني في حزيران يونيو 2014. لكن بايرن الذي يتوجه لخوض مواجهة ألمانية بحتة في نهائي دوري الأبطال أوروبا بعد أن تغلب بدوره على العملاق الاسباني الآخر برشلونة برباعية نظيفة في ذهاب دور الأربعة، نفى صحة هذا الأخبار قائلا عبر مسؤوله الإعلامي ماركوس هويرفيك"
705,تخضع السعودية الحجاج القادمين لجهاز مسح حراري على المعابر الحدودية فقد اعلنت السعودية تسجيل اربع وفيات بين الحجاج، معلنة ان جميع تلك الحالات الاربع لم تطبق التوصيات العلمية التي أعلن عنها، بما في ذلك أخذ التطعيم المضاد لفيروس إنفلونزا الخنازير. وشملت قائمة المتوفين سوداني في المدينة المنورة عمره 75 عاما، وامرأة نيجيرية الجنسية عمرها 17 عاما. كما اعلنت السعودية عن تسجيل اربع حالات وفاة بين الحجاج في مكة المكرمة، حيث بلغ عدد الوفيات اربع حالات، اثنتان منها لمواطنة عمرها 75 عاما، وواحدة لمغربية عمرها 15 عاما وواحدة في مكة عمرها 17 عام، وحالة ثالثة لمواطنة في المدينة عمرها 16 عاما وحالة رابعة لمغربي في مكة عمره 17 عاما . مخاوف الريبة وتواجه الحكومة السعودية تحديا لا يتعلق
706,"قالت حركة النهضة الإسلامية التي تقود الحكومة في تونس اليوم الثلاثاء (30تموز يوليو 2013) إنها مستعدة للحوار بشأن تشكيل حكومة وحدة وطنية أو حكومة إنقاذ، في ما يبدو أنه استجابة لضغوط المعارضة العلمانية لكنها لن تقبل دعوة المعارضة لحل المجلس التأسيسي معتبرة ذلك خطا أحمر. وقال عامر العريض وهو قيادي بارز في النهضة ""نحن منفتحون على كل المقترحات، بما في ذلك تشكيل الحكومة أو الحكومة، بما فيها حكومة وحدة وطني أو حكومة انقاذ، ولكن لا نقبل بدعوات لحل المجلس الوطني أو الحكومة أو المجلس التأسيسي، لأنه خط احمر"". ويأتي موقف النهضة بعد دعوات المعارضة العلمانية واتحاد الشغل لحل الحكومة وتشكيل حكومة جديدة. وتتعرض الحكومة التي تقودها حركة النهضة الإسلامي المعتدلة لضغوط متزايدة بعد اغتيال المعارض العلماني محمد البراهمي الأسبوع الماضي. وتسبب مقتل البراهمري في موجة"
707,"وأوضح مسؤولون أن عبد الله، وزير الخارجية السابق، حصل على 44 في المئة من الأصوات مقابل 33 في المئة لغني. وكان سبعة ملايين شخص أدلوا بأصواتهم في 34 منطقة بأنحاء أفغانستان في الاقتراع الذي جرى يوم 5 أبريل نيسان. ومن المتوقع صدور النتائج النهائية يوم 14 مايو ايار. وشدد أحمد يوسف نورستاني، رئيس اللجنة المستقلة للانتخابات، على أن الإحصاءات الحالية ""جزئية"" و""قابلة للتغير"". وعقب إعلان أحدث النتائج، قال عبد الله إنه مستعد لخوض جولة ثانية من الانتخابات. وقال عبد الله في مقابلة مع وكالة اسوشيتد برس في كابول، إنه ""لا توجد ضرورة لجولة ثانية بحكم القانون. قد لا تكون هناك ضرورة لذلك أيضا. "" وأضاف عبد الله أن ""الجولة الأولى من الانتخابات، قد تكون"
708,"ويعني الاتفاق أن المدينة بأكملها أصبحت الآن تحت سيطرة الحكومة. وتنقل الحافلات 300 مسلح يرافقهم 400 من أفراد اسرهم، من بينهم مقاتلون من تنظيم القاعدة، إلى حي الوعر في حمص، حسب عساف عبود، مراسل بي بي سي في دمشق. ومن المقرر أن يتوجه المسلحون إلى ريف حماه الشمالي وريف إدلب، وهما تحت سيطرة المعارضة، عبر طريق مدينة مصياف. وكانت حمص، ثالث أكبر مدينة سورية، توصف بأنها ""عاصمة الثورة""، وقد شهدت أول احتجاجات على الرئيس السوري بشار الأسد في عام 2011. مواضيع قد تهمك عن حمص، كما يقول المرصد السوري لحقوق الإنسان، الذي يراقب الوضع في سوريا. وغادرت أول حافلة في حي الو الوعر، بحسب ما ذكره المرصد. كما غادر آخر مسلح، من مقاتلي المعارضة ومدنيون حي الو"
709,"قالت الطبيبة المتخصصة في أمراض النساء أليسا دفيك إنها تنصح النساء بضرورة التخلي عن ملابسهن الداخلية أثناء النوم، لأن لذلك فوائد صحية كثيرة. إذ قال الطبيبة، كما أورد موقع ""فوكوس"" الألماني، إن الملابس الداخلية الضيقة يمكن أن تتسبب للنساء بالتهابات في المهبل. وحسب الطبيبة فإن ""هذه الملابس الداخلية لا تسمح بالتهوية الجيدة للجهاز التناسلي للمرأة"". بالإضافة إلى ذلك فإن نسبة الدفء والبلل في مهبل المرأة تزيد بارتداء الملابس الداخلية، وهو ما يجعل المنطقة التناسلية مرتعا للبكتيريا. وتقول الطبية الألمانية ""أن مريضاتها اعتبرن الأمر نوعا من الجنون، كما اعتقدن أن ذلك أمر غير نظيف""، ولكن الحقيقية عكس ذلك. وتنصح الطبيبة النساء اللواتي لا يردن النوم عاريات بأن يرتدين لباسا داخليا"
710,"لم يكن بوسع إدارة البنك الاتحادي الألماني (البنك المركزي) فصل عضو مجلس الإدارة تيلو زارتسين، غير أنها لم تكن تستطيع أن تجعل تصريحاته التي اعتبرت معادية للأجانب تمر بدون حساب، واليوم اتخذت إدارة البنك قرارها بتقليص صلاحيات زارتيسين البالغ من العمر أربعة وستين عاما، وإبعاده عن قسم ""التداول النقدي"" الحيوي في البنك، وقصر مجال عمله على تكنولوجيا المعلومات المصرفية والرقابة على الأعمال المصرفية ذات المخاطر العالية. وكان زارتسين الذي تولى لفترة طويلة حقيبة المالية في ولاية برلين قد انتقد في لقاء صحفي الأتراك والعرب الذين يعيشون في برلين ما أثار جدلا واسعا، حيث قال في هذا اللقاء ""إنني لا أعترف بأي شخص يعيش على حساب دولة يرفضها، ولا يهتم اهتماما حقيقيا بتربية وتثقيف أولاده. ولا يهتم"
711,وتأتي هذه الانتخابات وسط تحديات كبيرة على الرئيس الحالي جوناثان غودلك خوضها من أجل إعادة انتخابه كرئيس للبلاد مرة أخرى، إذ يواجه منافسة قوية من المرشح محمد بوهاري. ويقول مراسل بي بي سي في نيجيريا إن عملية الانتخاب تجري بسلاسة على الرغم من بعض المشاكل التي نجمت عن استخدام أجهزة فحص بصمات الناخبين. وتقول تقارير أن هذه هي الانتخابات الأولى التي تشهد مثل هذه المنافسة منذ استقلال البلاد عام 1960. وكانت الانتخابات قد تأجلت لستة أسابيع لتمكين الجيش النيجيري من استعادة السيطرة على الأراضي التي استولت عليها جماعة بوكو حرام المسلحة. مواضيع قد تهمك عن الانتخابات الرئاسية والبرلمانية في نيجيريا من المقرر أن يختار الناخبون النيجيريون أعضاء البرلمان بغرفتيه، مجلس الشيوخ ومجلس النواب، أيضا في 36 ولاية بالإضافة إلى العاصمة أبوجا. ومن المقرر أن
712,"تعرض ثلاثة صحافيين يعملون في القناة الألمانية العامة الأولى (آ.ر.د) لاعتداء من قبل مواطنين مصريين في القاهرة أثناء تصوير مشاهد للتفجير الذي استهدف مديرية أمن العاصمة كما أعلنت القناة على موقعها الالكتروني. وأوضحت القناة الألمانية أن اثنين من الصحافيين أصيبا بجروح وكدمات شديدة ونقلا إلى المستشفى للعلاج. وأضافت أن المواطنين الغاضبين اعتدوا على الصحافيين بالضرب من كل حدب وصوب واتهموهم بأنهم ""خونة"" وأنهم من ""أنصار الإخوان المسلمين""، كما جاء على موقع القناة على الإنترنت. وذكرت القناة في بيان أن الصحافيين الثلاثة تعرضوا للاعتداء من قبل المواطنين الذين تحلقوا حولنا وسألونا عن الجهة التي نعمل لصالحها في تصوير مشاهد التفجير الذي وقع صباح الجمعة في مديرية أمن القاهرة. وحاول الصحافيون الثلاثة الفرار إلا أن الجماهير طاردتهم من"
713,وجدد أوباما اتهامه لحكومة الرئيس السوري بشار الأسد بالمسؤولية عن شن هجوم بغازات سامة في ضواحي دمشق الأسبوع الماضي. وكان الرئيس الأمريكي قد أعلن السبت قراره غير المتوقع بالسعي إلى الحصول على دعم الكونغرس لأي تدخل عسكري محتمل ضد دمشق. وتقول الولايات المتحدة إن الحكومة السورية نفذت هجوما بأسلحة كيماوية في 21 أغسطسآب أسفر عن نحو 1429 قتيلا. لكن الحكومة السورية تنفي مسؤوليتها عن الهجمات وتشير بأصابع الاتهام إلى مسلحين معارضين لنظام الرئيس الأسد. مواضيع قد تهمك عن سوريا في الفترة من أغسطسأيلول إلى سبتمبر أيلول. ولا يزال الكونغرس في اجازته الصيفية حتى التاسع من سبتمبرأيأيلول. لكن أعضاء في الكونغرس رحبوا بقرار أوباما السعي الى الحصول على موافقتهم. وأعرب هاري ريد، زعيم الأغلبية في مجلس الشيوخ، عن اعتقاده بأن التدخل العسكري
714,وضعت مطاعم مدينة نيويورك اعتبارا من اليوم الثلاثاء (01 كانون الأول ديسمبر 2015) صورة ملاحة طعام صغيرة على قوائم الوجبات التي تحتوي على تركيز عال من الصوديوم وذلك في جميع المطاعم في خطوة لمكافحة أمراض القلب والسكتة الدماغية. ويتعين أن يشار في أي صنف غذائي تتضمنه قائمة طعام - يزيد فيه تركيز الصوديوم على 2300 ملليجرام وهو ما يمثل الحد الأقصى اليومي الذي توصي به الجهات الغذائية والذي يعادل نحو ملعقتين صغيرتين من الملح - بوضع رمز الملاحة داخل مثلث صغير إلى جانب هذا الصنف. كان مجلس مدينة نيويورك للصحة قد وافق بالإجماع على هذا الإجراء في سبتمبر أيلول الماضي ولا يسري إلا على المطاعم التي تتضمن سلاسلها الغذائية 15 فرعا على الأقل بالولايات المتحدة إلى جانب المطاعم الصغيرة الحاصلة على تراخيص ببعض دور السينما والمسارح وملاعب كرة القدم. وقالت
715,"يبدو أن شعار ""اصمت وانطلق"" سيكون هو الشعار الذي يحكم باقة ألعاب الفيديو التي ستطرح في الأسواق هذا الخريف، حيث أنها تتطلب لاعبين يتحركون بسرعة فائقة من البداية دون أن تكون أمامهم حتى فرصة للتفكير. ومن السمات الغالبة على هذه المجموعة من الألعاب كذلك الاتجاه نحو التعاون، حيث تتيح هذه الألعاب إمكانية أن يتحالف اللاعبون لمواجهة الوحوش أم مواجهة الأشباح والوحوش، وهو ما يجعل من الصعوبة بمكان. كما أن هذه الألعاب تتيح إمكانية أن يتقاتل اللاعبون بعضهم البعض خلال اللعبة سواء إن كانوا يلعبون على نفس الجهاز أو يتواصلون عبر شبكة الانترنت. وتزيح شركة ""نامكو بانداي"" للألعاب الستار عن لعبة ""دارك سولز"" أو ""أرواح مظلمة"" حيث يخوض اللاعبون قتالا ضد مجموعة من الأشباح الوحوش. وتدور اللعبة"
716,"أعلنت منظمة ""برو أزول"" الألمانية المعنية بالدفاع عن حقوق اللاجئين أن ""الخطة الرئيسية للهجرة و (اللجوء)"" المقترحة من جانب وزير الداخلية الألماني هورست زيهوفر، التي تأجل الإعلان عنها بسبب معارضة المستشارة أنغيلا ميركل، تهدف بصفة خاصة إلى تحويل ألمانيا إلى دولة استقبال للاجئين. وقال المدير التنفيذي للمنظمة غونتر بوركارت اليوم الاثنين (الثاني من تموز يوليو 2018) لوكالة الأنباء الألمانية (د.ب.أ): ""زيهوفر يقوم بتحويل (ألمانيا) من دولة استقبال إلى دولة ترحيل"". وحذر من خطر إصدار قرارات خاطئة بالنسبة لطالبي اللجوء إذا تم اتخاذ قرار بشأن وضعية حماية الأشخاص، الذين ليس لديهم مستندات هوية في إطار ""إجراءات معجلة""، مثلما هو منصوص في الخطة. وأرجع بوركارت"
717,"اعترف إسلاموي يدعى هارون سيد (19 عاما) الخميس (27 نيسانأبريل 2017) أمام محكمة أولد بايلي في لندن أنه أعد لتنفيذ هجوم بقنبلة في شارع أوكسفورد ستريت التجاري الشهير ومهاجمة حفل لالتون جون في العاصمة البريطانية. وأقر الشاب المقيم في غرب لندن بأنه مذنب بتهمة ""الإعداد لأعمال إرهابية"" بين نيسانابريل وأيلولسبتمبر 2016. وقالت الشرطة في بيان إن ""هارون سيد أقر بأنه أعد لتنفيذ هجمات بقنبلة وحزام ناسف وقنبلة يدوية في شارع ""لالتون جون"" التجاري الشهير في لندن في 11 أيلولسبتمبر الماضي. وأقر هارون سيد بأنه كان في الواقع ""مستعدا لتنفيذ هجمات إرهابية"" في لندن ونيويورك وواشنطن. وأقر المتهم بأنه ""كان في الواقع في مكان مزدحم مثل أوكس"
718,"حين يقلب المرء صفحات تاريخ كرة القدم الألمانية، لا بد له من الوقوف عند محطة شديدة الأهمية، اسمها غيرد مولر، هداف كأس العالم بالمكسيك 1970 برصيد عشرة أهداف. كما لا ينسى الألمان هدفه في المباراة النهائية من مونديال 1974 ضد هولندا، والذي منح ألمانيا اللقب العالمي. ناهيك عن الأهداف التي حققها بقميص النادي البافاري، حيث إنه للآن الهداف التاريخي للدوري الألماني ""بوندسليغا"" برصيد 365 هدفا. تكاد حياة هذا اللاعب الألماني، بقامته القصيرة، الذي لعب في مركز قلب الهجوم، تقتصر على قنص الأهداف، ففي 62 مباراة دولية خاضها مع المنتخب الألماني تمكن من تسجيل 68 هدفا، وبات هذا الإنجاز رقما قياسيا لعشرات السنين قبل أن يحطمه مواطنه كلوزه من خلال أهدافه في مونديال البرازيل 2014. هذا بعض"
719,"وحتى الآن، سلطت وثائق مسربة في وقت سابق من العام الجاري الضوء على اتفاق أبرم في 2017 - وهو العام الذي تولى فيه الملغاشي أحمد أحمد مهام منصبه في رئاسة الكاف - هذا الاتفاق بين الكاف من جهة وشركة تاكتيكال ستيل الفرنسية من جهة أخرى، ويخضع الدور الذي لعبه رئيس الكاف للتدقيق أيضا. وبرزت القضية في ديسمبركانون الأول 2017 عندما ألغى الكاف طلبا بقيمة 248,055 دولار من شركة بوما الألمانية للملابس الرياضية وتقدم بطلب بديل إلى شركة تاكتيكتال ستيل الفرنسية بقيمة 1,015,313 دولار، وكان ثمة خصم بنسبة 60 في المئة على اتفاق الشركة الألمانية. وكان الكاف قد قرر التحول إلى معدات رياضية ذات وسوم مختلفة لكن يبدو أن الحصول عليها في وقتها المطلوب من شركة تصنيع محلية كان"
720,"قال سكان بمدينة عدن اليمنية إن المقاتلين الحوثيين انسحبوا من مواقع في وسط المدينة الجنوبية الساحلية بعد ضربات جوية نفذتها طائرات التحالف بقيادة السعودية فجر اليوم الخميس (الثاني من أبريلأيار 2015). وأضافوا أن وحدة من الحوثيين ومقاتلين متحالفين معهم انسحبوا بعدما كانت قد تقدمت في منطقة خور مكسر بالمدينة أمس الأربعاء، لكنها لا تزال موجودة في أجزاء من المنطقة. في المقابل اتسعت رقعة الاشتباكات في محافظة عدن جنوبي البلاد بين قوات موالية لجماعة الحوثيين والمقاومة الشعبية الموالية للرئيس عبد ربه منصور هادي. وتتزامن هذه التطورات مع دخول عملية ""عاصفة الحزم"" بقيادة السعودية أسبوعها الثاني استجابة لطلب الرئيس اليمني عبد ربه هادي. وأغارت طائرات التحالف العربي ليل الأربعاء الخميس على مواقع عسكرية تسيطر عليها مليشيات ""أنصار الله"" مدعومة بقوات موالية للرئيس المعزول علي"
721,"أعلن الرئيس المصري عبد الفتاح السيسي اليوم الأحد (29 مارسآذار 2015) اختتام أعمال القمة العربية في دورتها ال26 التي عقدت على مدار يومين. وقال السيسي، في الجلسة الختامية إن إعلان شرم الشيخ اعتمد مبدأ إنشاء قوة عسكرية عربية مشتركة، مشيرا إلى تشكيل فريق رفيع المستوى من رؤساء أركان القوات المسلحة في الدول العربية لبحث المسائل المتعلقة بتشكيل تلك القوة. وأوضح السيسي أن تشكيل هذه القوة جاء بناء على الاقتراح المصري بإنشاء قوة عسكرية مشتركة، موضحا أن تشكيل تلك القوة يأتي في إطار التنسيق بين الدول العربية لمواجهة التحديات التي تواجه الأمة العربية. وأوضح أن الهدف من هذه القوة هو صيانة الأمن القومي العربي ومجابهة التحديات التي تواجهها الأمة العربية، ""لمواجهة التحديات"". وتضمن البيان الختامي للقمة العربية والذي تلاه الأمين العام للجامعة العربية نبيل العربي، أن الموافقة على الاقتراح"
722,يتعرض العراق منذ عدة اشهر لموجة من اعمال العنف وفي العاصمة العراقية افادت مصادر امنية وطبية ظهر الاربعاء بمقتل مدنيين واصابة سبعة آخرين عندما اطلق مسلحان كانا يستقلان دراجة نارية النار على عدد من المحال التجارية في منطقة التاجي شمال بغداد. وفي شارع فلسطين شرقي بغداد، اصيب ستة مدنيين بجروح بانفجار عبوة ناسفة قرب مطعم شعبي. كما قتل اربعة مدنيين واصيب عشرة اخرون بانفجار متزامن لعبوتين ناسفتين قرب سوق شعبي في قرية النصر والسلام التابعة لقضاء ابو غريب غرب العاصمة. وبذلك تصبح آخر حصيلة لاعمال العنف الاربعاء في كل من العاصمة بغداد وصلاح الدين هي 9 قتلى و 26 جريحا بينهم عدد من رجال الشرطة. مواضيع قد تهمك في مواضيع تهمك في موضوع قد تهمك فيه
723,أعلنت شركة ايرباص اليوم الاثنين (07 أكتوبر تشرين الأول) فوزها بأول طلبية من الخطوط الجوية اليابانية لتدخل آخر سوق كبيرة تهيمن عليها منافستها بوينغ، بعد أن ألقى تأجيل تسليم الطائرة 787 دريملاينر ووقف رحلاتها بظلاله على شركة صناعة الطائرات الأمريكية. وتشمل الطلبية 31 طائرة ايه350 بقيمة 9.5 مليار دولار بحسب السعر المعلن. وتأتي طلبية ايرباص من ايرباص، أكبر شركة طيران في الولايات المتحدة، في حين تسعى لشراء طائرات من نفس الطراز من شركة بوينغ. وقالت ايرباص في بيان على موقع على شبكة الانترنت، إن الطلبية التي تبلغ قيمتها 9.5 مليارات دولار قد تصل إلى 31 طائرة من طراز ايه350. وقال هاملتون، المتخصص في شؤون الطيران والمدير في ليهام كو ومقرها سياتل
724,أقيمت اليوم السبت (16 فبراير شباط 2013) خمس مباريات ضمن المرحلة ال 22 من الدوري الألماني لكرة القدم (بوندسليغا)، الذي يضم 18 فريقا. ولم يخسر في مباريات اليوم من أصحاب الأرض سوى فيردر بريمن بينما لعبت الأرض مع أصحابها في بقية المباريات باستثناء مباراة ماينز مع شالكه. ففي مدينة ليفركوزن استطاع فريق باير ليفركوزن أن يحقق الفوز الذي غاب عنه في المراحل الثلاثة السابقة. وفي مباراة اليوم فاز ليفركوزن على ضيفه أوغسبورغ بهدفين مقابل هدف. ويدين الفريق بفوزه إلى هدافه شتيفان كيسلينغ الذي سجل الهدف الأول في الدقيقة 26 من كرة رأسية، ثم مرر كرة الهدف الثاني الذي سجله لارس بندر في الدقيقة 75، قبل أن يتمكن الضيوف من تقليص الفارق في الدقيقة 89 عبر ساشا مولدرز. وبهذه النتيجة أصبح
725,أختير نجم فريق بايرن ميونخ، الدولي باستيان شفاينشتايغر بلقب أفضل لاعب لعام 2013، ضمن المسابقة التي أعلنت اليوم الأحد (28 تموز يوليو 2013) صحيفة كيكر الرياضية عن نتائجها، بعد أن أدلى 527 صحفيا رياضيا بأصواتهم لاختيار أفضل لاعب ولاعبة ومدرب كرة قدم في هذا الموسم، علما أن المسابقة تنظمها المجلة سنويا وقد بلغت هذا العام دورتها الرابعة والخمسين. وأحرز شفاينيشتايغر على لقب أفضل لاعب في موسم 2013 (الدوري الألماني، ودوري أبطال أوروبا، والكأس والدوري الألمانيين ودوريي أبطال العالم)، بعد أن حصل على 328 صوتا، متقدما على زميليه، الفرنسي فرانك ريبري (87 صوتا)، وتوماس مولر (85 صوتا). أما لقب أفضل مدرب لموسم 2013، فقد فاز به مدرب
726,حركة طالبان توعدت بإفساد الانتخابات. وقال متحدث باسم الوزارة لبي بي سي إن الانتحاري حاول الدخول إلى المبنى مرتديا زيا عسكريا. وتبنت حركة طالبان المتشددة هذا الهجوم. وشهدت أفغانستان هجمات متكررة للمتشدين في الأيام الأخيرة، التي تسبق انتخابات الرئاسة المقرر إجراؤها السبت المقبل. وأوضح المتحدث باسم وزارة الداخلية أن الانتحاري فجر نفسه، وهو يحاول دخول قسم الموارد البشرية في الوزارة. وقال المتحدث باسم الداخلية إن الانتحاري كان يستقل سيارة سوداء اللون، وكان يمر عبر مختلف نقاط التفتيش المنصوبة في منطقة عالية الحراسة، في قلب العاصمة كابول. وأضاف المتحدث أن الانتحاري كان يحاول دخول مقر وزارة الداخلية، لكنه لم يتمكن من دخول المبنى. وقال مراسلون: إن انتحاريا كان يحاول الدخول إلى مقر الوزارة، وهو محاط بنقاط التفتيش، التي نصبت
727,لم تعلن أي جهة مسؤوليتها عن التفجيرات. وقال ريتشارد ديلوريس الذي يشرف على التحقيقات إنه لم يجر العثور على متفجرات إضافية سوى القنبلتين اللتين استخدمتا في التفجيرين. وقتل ثلاثة أشخاص جراء التفجيرين بينهم صبي في الثامنة من العمر، وجرح ما لا يقل عن 140 آخرين، 17 منهم جراحهم بليغة كما بترت أعضاء بعضهم. وأفاد متحدث باسم مستشفى ماساشوسيتس العام بأن 19 مصابا في التفجيرات يتلقون العلاج هناك. وقال مسؤولون في واشنطن انه لم تعلنأي جهة، ولم تعلن أي جهات مسؤوليتها عن تفجيرات. مواضيع قد تهمك عن ماراثون بوسطن هذا العام. وقد عززت هيئة الطيران المدني التحليق فوق المنطقة، كما عززت التدابير الأمنية حول المواقع الهامة في العاصمة واشنطن وفي نيويورك. وقطع نائب الرئيس جو بايدن اتصالا كان يجريه مع لجنة تعديل قانون
728,"قضت محكمة يونانية اليوم الخميس (03 أكتوبر تشرين الأول) ببقاء زعيم حزب النازيين الجدد في اليونان ""غولدن دون"" (الفجر الذهبي) اليميني المتطرف نيكوس ميخالولياكوس قيد الاعتقال انتظارا لمحاكمته. وخلال شهادة ماراثونية استمرت أكثر من ست ساعات في محكمة أثينا الرئيسية، نفى زعيم ""غولدون"" الاتهامات الموجهة إليه بإنشاء منظمة إجرامية، وقال إنها ذات دوافع سياسية. وتم وضع الأصفاد في يديه واقتيد إلى سجن ""كوريدالوس"" شديد الحراسة. وأوضحت وكالة الأنباء اليونانية أن ميخالياكوس اتهم ب""قيادة منظمة إجرامية"". وكان ميخالمولياوس قد دخل إلى المحكمة الأربعاء نحو الساعة السابعة ونصف مساء بالتوقيت المحلي، في وقت تواصل السلطات"
729,"يشوب القلق ديميتري، صاحب أحد متاجر بيع الخمور. أمامه فواتير متراكمة دفع أصحابها مستحقاتهم عبر بطاقة الائتمان. ""في نهاية الأسبوع اشترت سيدة بمناسبة حفل زفاف مشروبات كحولية بقيمة 650 يورو. كما اشترى أحد التجار مشروبات بقيمة 350 يورو، وكلاهما دفعا ببطاقة الائتمان"". ولأن المصارف مغلقة في اليونان، فإن ديمتري يخشى من انهيار نظام خدمات البطاقات الائتمانية، وعندها ""لن نحصل على أموالنا"". ومن ثم، فإنه لا يستطيع تسديد فواتيره عبر البطاقات البنكية، لأنه ""بحاجة إلى بطاقة الائتمان"". وفي حوار مع DW يقول ديميتر، إن النقود ""نادرة"" منذ أن قررت الحكومة اليونانية إغلاق البنوك إلى غاية يوم الجمعة (العاشر من تموزيوليو 2015)، نظرا للأزمة الخانقة التي تمر منها البلاد."
730,"قادت حركة تمرد الاحتجاجات ضد الرئيس المصري المعزول محمد مرسي اتهامات بالفساد ويقول محب دوس أحد قيادات حركة تمرد الذين أعلنوا انشقاقهم عن الحركة إنهم يرفضون تحولها إلى حركة سياسية تسعي نحو المناصب ويترشح قيادتها لعضوية البرلمان موضحا أن الحركة بدأت من خلال حملة شعبية وستظل كذلك. وأكد ""دوس"" أيضا أن هناك اتهامات تلاحق بعض أعضاء الحركة أمثال محمود بدر ومحمد عبد العزيز ومي وهبة بالفساد المالي وتلقي أموال وتبرعات من جهات مشبوهة أو رموز للنظام السابق أمثال الملياردير الهارب ""حسين سالم"" أو رجل الأعمال المحسوب على جماعة الإخوان المسلمين "" أحمد أبو هشيمة "". ويقول المنشقون عن حركة تمرد إنهم يفضلون أن تبقى الحركة عنصر ضغط على السلطة الانتقالية حتى تنفيذ بنود خارطة الطريق، كما أنهم يرفضون التحالفات السياسية التي يعقدها قادة تمرد حاليا بشأن الانتخابات الرئاسية. ويقول"
731,"بعد كمين أمس السبت (24 أغسطس آب 2019) الذي أسفر عن مقتل وجرح عدد من أفراد قوات ""الحزام الأمني"" في أبين جنوب شرق اليمن، تضاربت الأنباء حول ما إذا كان ""الجيش الوطني"" اليمني، التابع لحكومة الشرعية المدعومة من السعودية، هو المسؤول عن هذا الكمين أم تنظيم ""أنصار الشريعة"" المرتبط بتنظيم القاعدة الإرهابي. ويشهد جنوب اليمن منذ بداية أغسطس معارك بين القوات الحكومية، الواقعة تحت سيطرة علي محسن الأحمر، نائب الرئيس اليمني عبد ربه منصور هادي وأرفع شخصية عسكرية، وقوات ما يعرف ب""الحزام الحزام الأمني"" التابعة للمجلس الانتقالي الجنوبي، الذي سيطر على عدة مرافق رئاسية وعسكرية في العاصمة المؤقتة عدن، ويسعى للانفصال عن الحكومة المعترف بها دوليا. وكانت القوات الحكومية قد أعلنت الجمعة أنها بسطت سيطرتها على"
732,"الأمم المتحدة طلبت من مراقبي عبد الله عبد الله الانسحاب بعد انسحاب مراقبي منافسه. وقال داوود سلطان زوي ""بالرغم من أن الأمر يبدو غير عادل، فإنه سياسيا يبدو أكثر حكمة""، مضيفا أن الأمم المتحدة تطلب مغادرة مراقبي غني للعملية حرصا على العدالة. وستواصل لجنة الانتخابات المحايدة مراجعتها للأصوات، بحسب ما قاله سلطان. وكان عبد الله أعلن انسحابه من عملية المراجعة التي تشرف عليها الأمم المتحدة، لكنه لم يفلح حتى الآن في التوصل إلى اتفاق مع اللجنة المحايدة، التي تشرف على الانتخابات الرئاسية. وقال متحدث باسم الأمم المتحدة في كابول، إن مراقبي الأمم المتحدة انسحبوا من المراجعة، لكنهما لم ييأسا حتى الآن. وقال مسؤولون في الأمم المتحدة إن عملية المراجعة بدأت قبل شهر، وقد تستمر أسابيع أخرى"
733,"الحملات المؤيدة والمعارضة للدستور لم تتوقف ودعا السيسي المصريين إلى ""المشاركة بقوة"" في الاستفتاء معتبرا أن التصويت يمثل ""تصحيحا للمسار الديمقراطي""، وخاطب وزير الدفاع المصري المرأة بوجه خاص مطالبا إياها أن تنزل بقوة للمشاركة في الاستفتاء، مثلما نزلت بقوة إلى الشوارع لإعطائه تفويضا لمكافحة ""الإرهاب"" في يوليو تموز الماضي ، مشيرا إلى أن الدستور الجديد حقق توازنا وتوافقا حقيقيا كما سيحقق العدالة أيضا. وتمثل دعوات السيسي جانبا من حملة ترويج للدستور المصري الجديد تقودها منذ فترة وسائل إعلام مصرية جلها يتبنى نفس الخطاب السياسي للسلطة الحاكمة. وتشمل أيضا أحزابا سياسية متحالفة مع السيسي في العملية السياسية على رأسها حزب النور السلفي إضافة إلى مؤسسات دينية رسمية مثل الأزهر والكنيسة المصرية. لكن الحملة التي تحشد للدستور تأتي في وقت تشهد فيه شوارع مصر مظاهرات"
734,"رغم أن نجم بايرن ميونيخ روبرت ليفاندوفسكي يعيش أبهى فترات مسيرته الكروية مع ناديه بايرن ميونيخ، إلا أن ذلك لا يمنعه من التخطيط لفترة ما بعد اعتزال كرة القدم. وقد أعرب في حوار لمجلة ""بلاي بوي"" نشر في عدد اليوم الثلاثاء (الخامس من ديسمبر كانون الأول 2017)، أن عينه على عالم السيارات ""فقيادة السيارة هي ملاذي في هذا العالم، وعالم السيارات كان دائما يستهوني""، يقول المهاجم البولندي. وفي مجرى الحوار كشف الأخير عن خطط أكثر وضوحا في هذا الاتجاه، معلنا أنه تحدث إلى زوجته وأخبرها بأنه سيشارك مع مواطنه آدام ماليش، معتزل رياضة القفز على الجليد، في رالي باريس-دكار. غير أن ليفاندوفسكي عبر في الوقت ذاته عن خشيته من أن هذا"
735,"أشارت دراسة أعدها فريق علمي وطبي ألماني إلى أن هناك ارتباطا بين الصداع والإصابة بالتهاب الجهاز العصبي المزمن، أو ما يسمى بالتصلب اللويحي، إذ إن الصداع قد يكون أحد الأعراض المبدئية لهذا المرض. وتمكن أطباء أعصاب وعلم نفس في مدينة روستوك من إثبات أن الشابات بالأخص ممن يعانين من التصلب اللويحي يصبن بشكل أكبر بالصداع، الأمر الذي أثار اهتماما عالميا وستكون له آثار كبيرة في تشخيص هذا المرض وعلاجه مستقبلا. ويقول البروفسور بيتر كروب من معهد الطب النفسي الإكلينيكي وعلم الاجتماع الإكلينيكية بجامعة روستوك الطبية إن ""الصداع عادة لا يشبه تلك الآلام الناجمة عن الشقيقة (الصداع النصفي)""، مضيفا أن الباحثين ""أجروا فحوصات على 200 مريض ومريضة مصابين بالتتصلب"
736,"أعلنت وزارة الداخلية الألمانية اليوم الجمعة (24 يناير كانون الثاني 2020) أن ثمانية مدربين من الشرطة الفيدرالية، سيعودون إلى السعودية نهاية الشهر الجاري لاستئناف مهمة تدريب قوات حرس الحدود السعودية. وتابعت وزارةالداخلية الألمانية أن خمسة موظفين آخرين سيعملون على تنسيق المهمة من مكتب إدارة مشاريع في الرياض. وأوضحت وزارة الداخلية أن ""هذه المهمة التدريبية كانت وستظل موضوع مشاورات داخل أروقة الحكومة"". وقد انطلقت هذه المهمة التي أثير حولها جدلا كثيرا منذ أكثر من عشر سنوات، وغالبا ما كانت تبرر الحكومة الألمانية الانخراط فيها بداعي المصالح السياسية والأمنية ومحاربة الإرهاب في المنطقة. يشار إلى أن أن منظمة مراسلون بلا حدود قد سبق وأعلنت، عن عدم تفهما لنية برلين استئناف تعاونها الأمني مع الرياض. وقال كريستيان ميهر المدير التنفيذي لمنظمة مراسلين بلا حدود في ألمانيا"
737,"قال مصدر قضائي في تونس اليوم السبت (22 نيسانأبريل 2017) إن السلطات القضائية أودعت حوالي عشرة عناصر من بين العائدين من ألمانيا السجن لتورطهم في قضايا إرهابية. وقال متحدث باسم القطب القضائي لمكافحة الإرهاب سفيان السليطي اليوم لوكالة الأنباء الألمانية (د .ب . أ) إن القضاء التونسي أودع ما بين ثمانية وعشرة عناصر السجن منذ حادثة الدهس الإرهابية التي تورط فيها التونسي أنيس عامري في برلين. وأوضح السليطى ""تم فتح تحقيق بشأنهم وتبين أن لديهم علاقة بتنظيمات إرهابية وصدرت بحقهم بطاقات إيداع دولية وهم على علاقة بخلايا إرهابية في تونس"". وقال المتحدث باسم قطب القضائي ""ليس كل من تم ترحيله له علاقة بالإرهاب وليس أيضا كل من له علاقة بعامري متورط في الإرهاب. هناك من هم في حالة سراح""."
738,"تأتي تصريحات الجيش بعد أن أقر يانوكوفيتش عفوا شاملا عمن اعتقلوا في المظاهرات الاحتجاجية التي تشهدها البلاد. من ناحية أخرى، قال وزير الخارجية الأمريكي جون كيري، في تصريح له الجمعة، أن الإجراءات التي قدمها يانونكو لتلبية مطالب المحتجين ليست كافية. وقال كيري في تصريحات للصحفيين، في أعقاب المحادثات التي أجراها في العاصمة الألمانية برلين مع نظيره الألماني، فرانك والتر شتاينماير، إن ""العروض التي قدمها الرئيس الأوكراني، فيكتور يانو، لتلبية مطالب المتظاهرين ليست كافية"". وأضاف أن ""المظاهرات"" التي تشهدها أوكرانيا ""ليست كافية""، مشيرا إلى أن الرئيس الأوكراني ""ما زال غير قادر على تلبية مطالب المحتجين"". وقال كيري إن الرئيس الأوكراني بحاجة إلى إجراءات أبعد من قانون العفو الذي أصدره بحق المعتقلين، مؤكدا على أنه إذا ما ظهرت بوادر"
739,"أكدت شرطة نيويورك اليوم الاثنين (11 ديسمبر كانون الأول 2017) احتجاز شخص عقب وقوع انفجار عند منطقة بورت اثورتي بالقرب من ميدان تايمز سكوير في نيويورك خلال ساعة الذروة اليوم الاثنين. وقالت إدارة المطافئ إنه لا يوجد مصابون بإصابات خطيرة. وقالت الشرطة إن الشخص المصاب هو الذي تم احتجازه. ونقلت شبكة سي إن إن عن مصدر بشرطة نيويورك القول إن الرجل الذي كان بحوزته جهاز تفجير. وكانت وسائل إعلامية أمريكية قد أفادت بانفجار قنبلة في نفق مترو الأنفاق وفي وقت سابق اليوم قالت شرطة نيويورك في تغريدة على موقع تويتر للتواصل الاجتماعي إنها تلقت تقارير تفيد بوقوع انفجار بوسط المدينة. وأضافت الشرطة أن انفجارا ""لا يعرف مصدره"" وقع عند تقاطع شارع 42 و 43 و 42 و 42. وقد تم إجلاء عدة محطات لمترو الأنفاق من الركاب."
740,"صورة أرشيفية وفي تغريدة له على تويتر، قال الملك الأردني عبد الله: ""لطالما كانت الباقورة والغمر على رأس أولوياتنا، وقرارنا هو إنهاء ملحقي الباقوره والغمر من اتفاقية السلام انطلاقا من حرصنا على اتخاذ كل ما يلزم من أجل الأردن والأردنيين"". #الباقورة_والغمر_رجعت واحتفى الأردنيون على تويتر وفيسبوك بهذا القرار، إذ اعتبروه انتصارا للسيادة الأردنية وقرارا يرقى إلى مطالب الشعب الغاضب. وكان الأردن قد شهد خلال الأسابيع الماضية حراكا شعبيا في الشارع الأردني وآخر افتراضيا على مواقع التواصل يطالب بإنهاء الاتفاقية. وقد احتل #الباقوره_والاقه_رجع_و#الباق_الغمر_وغمر_ت مركزين"
741,"كشف تقرير إعلامي أن الخطاب المثير للجدل الذي بعث به وزير الداخلية الألماني، هورست زيهوفر، إلى ممثلي الاتحاد الأوروبي في مفاوضات خروج بريطانيا، لم يتم بالتشاور داخل الحكومة الألمانية. جاء ذلك وفقا لما ذكرته صحيفة ""زود دويتشه تسايتونغ"" الألمانية الصادرة اليوم الاثنين (8 تموزيوليو 2018) استنادا إلى نسخة من خطاب بعث به توماس إيكرت، رئيس القسم السياسي التابع للبعثة الألمانية لدى الاتحاد الأوروبي، في بروكسل، إلى ديمتريس افراموبولوس، المفوض الأوروبي للشؤون الداخلية. وكتب إيكرت إلى افراملوس:"" أود أن أوضح أن المسألة تتعلق في هذا الشأن بخطاب لم يتم التشاور بشأنه داخل الحكومة"". وحسب الصحيفة، فإن إيكرت كتب أن ""المسألة تتعلق بالتشاور بشأن هذا الموضوع داخل الحكومة"
742,استهدفت طائرات اباتشي مخابئ ومركبات يستخدمها مسلحون بالقرب من بلدة الشيخ زويد شمالي سيناء، حسبما قالت المصادر. واستهدفت طائرات اأباتشي مخبئ ومركبات يستخدم مسلحون في منطقة الفتيتات جنوبي الشيخ زويد. وأفادت المصادر. وأفاد مكتب بي بي سي في القاهرة بجرح خمسة أشخاص بينهم سيدة وطفلان جراء إصابتهم بقذيفتين هوتا على منطقة الفتىتات في الشيخ زويد، حسبما أفادت المصادر. وقالت مصادر طبية إن أحد المصابين في حالة خطيرة، مشيرة إلى أن اثنين من المصابين حالتهما خطيرة. وقالت المصادر إن اثنين من الجرحى في حالة خطرة، أحدهما طفل في السادسة من العمر، والآخر في الخامسة من العمر. وأضافت المصادر أن أحد الجرحى إصابته خطيرة، بينما قالت مصادر طبية أن أحد المصابين إصابته خطيرة. تمديد حالة
743,"قرر القضاء الباكستاني اليوم الجمعة (19 أبريلنسان) وضع الرئيس الباكستاني السابق برويز مشرف قيد الإقامة الجبرية ليومين على الأقل احتياطيا على خلفية تتعلق بالإرهاب وكذلك لعزله قضاة بصورة غير قانونية أثناء حكمه، كما أكد أحد القضاة والمتحدث باسمه. ويعتبر هذا القرار إذلالا إضافيا لمشرف الذي حكم على إثر انقلاب عسكري في 1999 حتى استقالته في 2008، والذي عاد مؤخرا من المنفى للمشاركة في الانتخابات التشريعية المرتقبة في 11 أيارمايو المقبل، مؤكدا انه يريد إنقاذ البلاد من انعدام الأمن المزمن والأزمة الاقتصادية. وقال المتحدث باسم حزبه ""رابطة عموم مسلمي باكستان"" لوكالة فرانس برس ""إن الجنرال مشرف وضع قيد الإقامة الاحترازي ليومين وسيبقى في مزرعته"" بضواحي إسلام أباد. وكان الحرس الخاص لمشرف تمكن من إخراجه"
744,"عندما يتعلق الأمر بخفض الوزنوالتحكم فيه تتعدد الطرق والنصائح. لكن الحصول على نتيجة فعالة ليست مضمونة دائما وتختلف تلك النتائج من شخص لآخر. فبالنسبة للأشخاص الذين يعانون من السمنة فليس أمامهم سوى خفض الوزن لتفادي الكثير من الأمراض كأمراض القلب وأمراض الأوعية الدموية وحتى بعض أنواع السرطان. بعض التجارب كشفت أن مادة تستخدم في الطب الصيني التقليدي يمكن أن تضمن نجاحا فعالا للراغبين في خفض وزنهم. واختبر الباحثون في مركز ""هيلمهولتز"" بميونيخ الألمانية بنجاح هذه المادة على الفئران السمينة التي تعاني من مرض السكري. مادة تتحكم في الوزن وتكبح الشهية ويتعلق الأمر بمادة ""سيلاسترول"" المشتقة من شجرة المغزل المنتشرة في شرق آسيا. وسبق لباحثين أمريكيين عام 2015 إجراء تجارب على تلك المادة"
745,"يطالب أنصار مرسي بعودته، ويعتبرون عزله انقلابا وقال العقيد جمال مختار، المتحدث باسم الوزارة، إن مرسي نقل رسائل ""تحرض على العنف"" إلى فريق من المحامين خلال لقاء في نوفمبر تشرين الثاني الماضي. ويوم الخميس، أعلن أحد أبناء الرئيس المعزول أن السلطات رفضت أحدث طلب تقدم به لزيارة والده. وقال أسامة مرسي إن والده نقل من السجن الذي كان يقبع داخله في منطقة برج العرب بمحافظة الاسكندرية. والرئيس المعزول هو واحد من آلاف الأعضاء في جماعة الإخوان المسلمين الذين اعتقلوا في حملة تعتبر السلطات أنها تأتي في إطار مكافحة الإرهاب. مواضيع قد تهمك عن الرئيس المعزول محمد مرسي. ومنذ عزله، قتل المئات في اشتباكات مع قوات الشرطة منذ عزل الجيش مرسي بعد احتجاجات شعبية ضد حكمه. ويطالب أنصاره مرسي بعودته إلى منصبه، معتبرين تحرك الجيش انقلابا."
746,أعلن الرئيس الفرنسي فرانسوا أولاند (62 عاما) اليوم الخميس (الأول من ديسمبر كانون الأول) عدم ترشحه للانتخابات الرئاسية الفرنسية المقبلة. وقال الرئيس الفرنسي في كلمة بثها التلفزيون إنه توصل إلى قراره مع الأخذ بعين الاعتبار، الحاجة إلى توحيد البلاد. وانتقد أولاند انشقاق اليسار في مواجهة التحديات أمام الأحزاب المحافظة واليمين المتطرف في انتخابات الربيع المقبل. وكان أولاند انتخب رئيسا عام 2012 بمواجهة نيكولا ساركوزي، وهو بات الرئيس الأول الذي يرفض الترشح لولاية ثانية منذ العام 1958. وأعطت آخر استطلاعات للرأي أولاند أقل من عشرة بالمئة من نوايا التصويت خلال الدورة الرئاسية الأولى. وساهم تردده بالإعلان عن نيته الترشح أو عدم الترشح في تحفيز مرشحين يساريين على الإعلان عن ترشحهم. وتخللت ولاية أولاند عمليات عسكرية عدة في مالي وأفريقيا الوسطى والعراق وسوريا، إلا
747,"ذكرت وسائل إعلام أمريكية أمس أن زوجين من ولاية تينيسي رزقا بطفلة تتمتع بصحة جيدة، ولدت من جنين مجمد لحوالي 24 عاما. وأشار باحثون من جامعة تينيس أن الرضيعة إيما ورين جيبسون، التي أبصرت النور الشهر الماضي، تحمل الرقم القياسي لأطول مدة تتم بعدها الولادة من جنين، وذلك بعد عام ونصف من ولادة الأم (تينا) في شهر مارس آذار الماضي. وبحسب نفس المصدر، تم تجميد الجنين (إيما ورين) في سنة 1991، وتم زرعه في رحم الأم في مدينة نوكسفيل في الولايات المتحدة الأمريكية. وأوضح الباحثون أن ""إيما"" ولدت من ""جنين مجمد"" في شهر فبراير شباط الماضي، بعد أن تم تجميده لمدة 24 عاما في المركز الوطني"
748,"أعلنت أندريا ناليس، رئيسة الحزب الاشتراكي الديمقراطي، الشريك الثالث في الائتلاف الحاكم بألمانيا، أن حزبها لم يقرر بعد ما إذا كان سيقبل الاتفاق بين الحزب المسيحي الديمقراطي والحزب المسيحي الاجتماعي البافاري بشأن الهجرة الذي يشمل إقامة مراكز إيواء مؤقتة. ورحبت ناليس بالتسوية بين الحزبين لكنها قالت إن هناك كثير من المسائل يحتاج الحزب إلى النظر فيها اليوم (الثلاثاء الثالث من يوليو تموز 2018) وأضافت ""نرى أن (التسوية) جيدة لأننا عدنا الآن إلى مستوى عملي، وهذا شيء افتقدناه كثيرا في الأسابيع الأخيرة"". ومن المقرر عقد اجتماع للائتلاف الحاكم اليوم لبحث الموضوع. وتوصل التكتل المحافظ الذي تنتمي إليه المستشارة الألمانية أنغيلا ميركل في وقت متأخر من مساء أمس الاثنين إلى تسوية خلاف بشأن الهجرة هدد بالإطاحة بائتلافها الحاكم اله"
749,"قال وزير المالية الألماني أولاف شولتس إن الاتحاد الأوروبي سيرد بقوة على قرار الولايات المتحدة تطبيق رسوم جمركية جديدة على واردات الصلب والألومنيوم. وقال شولتز للصحفيين لدى وصوله إلى بلدة ويسلر في كندا لعقد اجتماع لوزراء المالية ومحافظي البنوك المركزية من الدول الصناعية السبع الكبرى ""هذا ليس يوم جيد للعلاقات عبر المحيط الأطلسي"". وكان الاتحاد الأوروبي والمكسيك وكندا قد حصلوا في وقت سابق على إعفاءات من الرسوم الجمركية الأمريكية على المعادن المستوردة، والتي ستدخل حيز التنفيذ اليوم الجمعة، وفقا لقواعد دولية وفترات زمنية. وأضاف أن الاتحاد الأوروبي ""سيرد بقوة وبذكاء أيضا"" على الرسوم الجمركية التي ستدخل حيز التطبيق اليوم الجمعة. وتابع أن التكتل سيرد ""بذكاء أيضا""، مشيرا إلى أن الولايات المتحدة ستبدأ في تطبيق التعريفات الجمركية اعتبارا من يوم الجمعة"
750,"خفضت السلطات الصينية اليوم (الجمعة 14 فبراير شباط 2020) حصيلة وفيات فيروس كورونا المستجد إلى أقل من 1400 بسبب تعداد بعض الحالات في المستشفيات في الصين، التي تعاني من نقص في الأقنعة والملابس الواقية، في حين اتهمت الولايات المتحدة الصين ""بعدم الشفافية"" في ملف الوباء، الذي أطلق عليه اسم ""كوفيد-19"". ويصل العدد الإجمالي للوفيات في الصين جراء الإصابة بفيروس كورونا في الوقت الراهن إلى 1380 شخصا، بينهم 121 وفاة جديدة خلال الساعات ال24 الأخيرة، وفقا لبيان مفوضية الصحة الوطنية في الصين اليوم الجمعة. وبلغ عدد الإصابات نحو 64 ألفا في الصين القارية (باستثناء هونغ كونغ وماكاو) وفقا للأرقام الرسمية التي تشير إلى ارتفاع في عددها في اليومين الماضيين غداة اعتماد نظام جديد لرصدها. وتوفي ستة من أصل"
751,رئيس الوزراء الأسترالي مالكوم تورنبول وتستخدم بعض التطبيقات مثل واتساب عملية تشفير تجعل الرسائل غير قابلة للقراءة من أي طرف ثالث. وحذر رئيس الوزراء الاسترالي، مالكوم تونبول، من أن تطبيقات الرسائل المشفرة يمكن استخدامها من جانب مجرمين وإرهابيين. لكن خبراء أمنيين يقولون إن التشفير القوي للرسائل يحمي خصوصية المواطنين. ما القضية؟ لدى العديد من الدول، من بينها أستراليا، قوانين تسمح بإلزام الشركات المالكة لتطبيقات المراسلة بتسليم الرسائل المتعلقة بمشتبه بهم إلى الشرطة، بعد تلقيها طلب قانوني. لكن شركات تطبيقات المراسلة لا يمكنها تسليم الرسائل المشفرة من طرف إلى طرف، لأنها لا تتلقى نسخة مقروءة منها. ويعني هذا التشفير أن رسائل الأشخاص العاديين لا يمكن اعتراضها، من قبل مجرمين أو جواسيس، خلال تصفحهم عبر الإنترنت.
752,"أفاد تقرير إخباري أن شخصا قتل بسلاح ناري في صدامات مذهبية بين العرب المالكيين والامازيغ الاباضيين الجمعة (11نيسان أبريل 2014) ببلدة بريان شمال ولاية غرداية التي تقع على مسافة 600 كيلومتر جنوب الجزائر. وذكرت صحيفة ""الوطن"" الصادرة بالفرنسية في موقعها الالكتروني أن الصدامات التي اندلعت الخميس ببلدة برياني التي تبعد 45 كلم شمال شرق غردايه التي تبعد على مسافة 45 كلم عن غردايه، ارتفعت حدتها بعد صلاة الجمعة بوسط المدينة التى تبعد 45 كيلومترا شمال شرق الجزائر. وقال حامو مصباح من اتحاد جبهة القوى الاشتراكية في غرداة لوكالة فرانس برس أن ""شابا ميزابيا يدعى ناصر بن ناصر قتل برصاصة من بندقية صيد"". وأضاف أن ""شبا آخر في غيبوبة بعدما أصيب بالرصاص أيضا"
753,"مورينيو منح ماتا شارة القيادة في مباراة بيرنلي ومنح مورينيو ماتا على شارة قيادة الفريق في مباراة يونايتد أمام بيرنلي في الدوري الانجليزي الممتاز التي انتهت بالتعادل السلبي. وانتقل ماتا، البالغ من العمر 28 عاما، من تشيلسي إلى يونايتد عندما كان يتولى مورينيو قيادة البلوز. وأضاف ماتا أن ""هناك قصصا كثيرة يختلقها البعض، لكنني أنا من ذلك النوع الذي يدرك ما يحدث حوله"". وشارك اللاعب في 13 مباراة مع مانشستر يونايتد هذا الموسم، وأحرز ثلاثة أهداف. ولدى سؤاله عما إذا كان يشعر بأنه جزء مهم من الفريق، قال: ""بالطبع أشعر بذلك"". وأضاف ""منذ أتيت إلى مانشستر يونايتد، كانت هناك نجاحات وإخفاقات، لكنني كنت أشعر طوال الوقت أنني لاعب مهم مع كل مدير فني تولى قيادة الفريق، وأ"
754,"لا تعطي القوانين الإسرائيلية يهود إثيوبيا المعروفين ""بالفلاش مورا"" الحق المباشر في الحصول على الجنسية بشكل آلي ويبلغ عدد يهود إثيوبيا نحو 8 آلاف شخص كانوا ينتظرون لسنوات قرارا يسمح لهم بالهجرة إلى إسرائيل والإقامة هناك. ولا تعطي إسرائيل أيهود من أصول إثيوبية ""يهود الفلاش مورا"" أي حق مباشر في الإقامة في أراضيها كما يحدث مع أغلب يهود العالم. كما لا تعطي إسرائيل يهود إثيوبيا "" الفلاش مورا "" حق المباشرة في إقامة علاقات قرابة مع يهود الفلاش مورا، كما لا تمنح إسرائيل أي يهود ""فلاشا مورا"" حق المباشر في إقامة العلاقات مع يهود ""بيتا إسرائيل""، كما لا تسمح لهم بالحصول على الجنسية ""كيهود"" من الأساس. وكانت السلطات الإسرائيلية قد سمحت في وقت سابق بنقل عدد من يهود الفلاش إلى إسرائيل، لكن لم يتم"
755,"""أنا لست عاهرة ...والايدز جعل مني امرأة حرة"" ، تقول أم عيد، التي تعايشت مع فيروس مرض فقدان المناعة المكتسبة "" الايدز. تعيش أم عيد بمنطقة هوارة في نواحي مدينة أكادير جنوب المغرب، لم تخف مرضها عن عائلتها واختارت المواجهة بعدما اكتشفت أن فيروس الايدز انتقل إليها من زوجها . ""لا أريد أن أبكي ولا أن أكون ضحية"" عاشت أم عيد مرحلة صعبة لاسيما بعد ما اكتشفت أن الفيروس انتقل إلى ابنتها خلال فترة الحمل، وتقول ""كنت أسال الأطباء حينها هل ستعيش ابنتي، كنت أفكر في مستقبلها"". وتضيف ل DW عربية ""أخبرت الجميع أننا مصابتان بفيروس الايدز وزوجي لا يزال على قيد الحياة"". أشارت أم عيد إلى أن أغلب الزوجات اللاتي يتكتمن على"
756,ارتفعت حصيلة قتلى التفجيرات والقتل في العراق اليوم الجمعة إلى 51 قتيلا، وقد سقط معظمهم في عمليات إعدام جماعية، بحسب مصادر أمنية وطبية. وجرت هجمات اليوم خصوصا في مدينة بغداد ومحافظات ديالى ونينوى وصلاح الدين السنية إضافة الى مدينة كركوك المتعددة الأعراق. وأعلنت مصادر طبية وأمنية عراقية اليوم الجمعة 29 نوفمبر تشرين الثاني، مقتل 22 شخصا بينهم 18 بعد خطفهم من قبل مجموعة مسلحة ترتدي بزات قوات الأمن في منطقة الطارمية شمال مدينة بغداد، في أعمال عنف جديدة تذكر بالنزاع الطائفي الذي شهدته البلاد قبل سنوات. فقد عثرت الشرطة العراقية على جثث 18 رجلا خطفوا من منازلهم وأعدموا رميا بالرصاص في الرأس قرب بغداد اليوم الجمعة كما عثرت على جثث مقطوعة الرأس لسبع رجال قتلوا في هجوم منفصل بشمال العراق. وعثر على الجثث الثماني عشرة في مكان
757,"""في كل مقالة من مقالاتها الصحفية كانت تدفع آلافا مؤلفة من الألمان إلى قراءة ما تكتبه والتأمل فيه. وكان لما تكتبه صدى واسعا للغاية لاسيما لدى القيادة السياسية في ألمانيا. عن نفسي، كنت أقرأ مقالاتها دائما، سواء عندما كنت وزيرا للدفاع أو للمالية أو رئيسا للحكومة."" هكذا يصف المستشار الأسبق هلموت شميت الأثر الذي كانت تحدثه مقالات الصحفية الكبيرة ماريون دونهوف Marion Hedda Ilse Grfin Dnhoffأحد مؤسسي الصحيفة المرموقة ""دي تسايت"" Die Zeit الأديبة تتحول إلى صحفية كانت الصدفة وحدها هي التي قادت دونهوفا إلى ""دي يسيت"" التي تم تأسيسها في عام 1946، إذ كانت قد ألفت"
758,"هاري كين (يمين) لعب ضد كريستيانو رونالدو (يسار) في المباراة التي جمعت بين توتنهام وريال مدريد في دوري الأبطال في وقت سابق من هذا الشهر وكان زين الدين زيدان المدير الفني لريال مدريد وصف هاري كين (24 عاما) بأنه ""لاعب مثالي"" قبيل المباراة التي جمع بين فريقه وتونتهام مؤخرا في دوري أبطال أوروبا على ملعب البرنابيو والتي انتهت بالتعادل بهدف لكل فريق. وردا على سؤال إذا كان قد تحدث مع دانيل ليفي رئيس نادي توتنهام بشأن طلب التعاقد مع كين، قال بيريز: ""لا، وإذا سألته سيقول لي 250 مليون يورو (للاستغناء عن كين)."" وأضاف: ""التعاقد مع هاري كين لم يخطر ببالي"". وكان فريق باريس سان جيرمان الفرنسي قد أتم أغلى صفقة في التاريخ في أغسطسآب الماضي"
759,"تصاعدت حدة التوتر في مقاطعة كيدال في شمال مالي قبيل بدء الانتخابات الرئاسية واختطف المسؤولون الرسميون السبت في تيساليت خلال توزيع بطاقات الانتخابات للناخبين. واتهمت جماعات الطوراق بتنفيذ عملية الاختطاف. وقال حاكم مقاطعة ""تيساليت"" آداما كمسيكو لوكالة اسوشيتيد برس إن ""المسؤولين اختطفوا من قبل مقاتلين من الجماعات المتمردة في تساليت"". وأضاف ""تم نقلهم من قبل القوات الفرنسية الخاصة إلى المخيم العسكري غير البعيد من تساليت""، وتبعد تساليت حوالي 200 كيلومترا من شمال غرب كيدال. وأضاف ""لم يصب أي أحد بأي أذى خلال عملية الاختطاف، إلا أنه لم يصب أحد بأذى"". مواضيع قد تهمك نهاية وترابض القوات الفرنسية في مالي منذ أوائل العام الحالي مع القوات التشادية التي"
760,"ذكرت شركة فيسبوك أنها تعتزم التوسع في برنامج التعرف على الأنماط السلوكية، ليشمل دولا أخرى بعد نجاح تجارب في الولايات المتحدة للكشف عمن لديهم نوايا للانتحار. وبدأت فيسبوك، التي تعد أكبر شبكة للتواصل الاجتماعي في العالم، بتجربة البرنامج في الولايات الأمريكية في مارسأذار، حيث بدأت بإجراء مسح تحليلي لنصوص المنشورات والتعليقات للبحث عن عبارات قد تنم عن الإقدام على الانتحار. ولم تكشف فيسبوك تفاصيل فنية كثيرة عن البرنامج ولكنها قالت أمس الاثنين (27 نوفمبرتشرين الثاني 2017) إن برنامجها يبحث عن عبارات دالة كأسئلة من قبيل ""هل أنت بخير؟"" و""كيف يمكنني أن أساعدك؟"". وحين يرصد البرنامج نزعة للانتحار فإنه ينبه فريقا من العاملين في فيسبوك متخصصين في تولي مثل هذه التقارير. ويقدم النظام اقتراحات للشخص المعني أو لأصدق"
761,"قامت الشرطة الألمانية بعمليات تفتيش عن مشتبه بهم آخرين محتملين الجمعة (الأول من مايو أيار 2015) في أعقاب القبض على شخصين أمس الخميس وضبط قنبلة مصنوعة محليا خلال مداهمة استهدفت شقة وسيارة في بلدة شمال مدينة فرانكفورت. وقال المتحدث باسم مكتب التحقيقات الجنائية في ولاية هيسن: ""يتعين أن نعرف ما إذا كان هناك متواطؤون ما زالوا يمارسون أنشطة أو قاموا بأنشطة بالفعل"". وتم اعتقال رجل في الخامسة والثلاثين وزوجته البالغة من العمر 34 عاما، بعد عمليات تفتيش في مدينة أوبرورسيل. كما ألغت السلطات الألمانية أمس الخميس سباق دراجات دولي كبير في فرانكفورت لأسباب أمنية، بسبب مخاوف من احتمال تنظيم هجمات أخرى. وأعلن مكتب مكافحة الجريمة في فيسبادن أن السلطات تعتقد أن الزوجين خططا للقيام بعمل إرهابي كان ربما يستهدف السباق، الذي"
762,"تظهر استطلاعات الرأي حلول ساماراس المحافظ وراء أليكسيس تسيبراس زعيم حزب سيريزا اليساري، فيما أكد أن الحزب سيعيد ""الكرامة"" لليونان. وقال ساما راس لمناصريه إنه عمل ليل نهار للحفاظ على موقع البلاد وضمان تمتع اليونان بالثقة مرة أخرى ، فيما أكد ""حزبه سيعيد"" اليونان إلى الكتلة الأوروبية المكونة من 19 عضوا، مشيرا إلى أن ""حزب سيريزا"" سيعيد اليونان إلى منطقة اليورو، حيث أن اليورو قد يجبر اليونان على التخلي عن منطقة اليورو في نهاية المطاف. ويريد الحزب استعادة منطقة اليورو من خلال خطة انقاذ دولية. ويريد أن يكون من الصعب على اليونان الخروج من منطقة اليورو. ويريد تسيبروس إعادة التفاوض على ديون البلاد المقدرة بمليارات الدولارات وإنهاء إجراءات التقشف المفروضة على البلاد نتيجة"
763,"كتب وزير الخارجية التركي مولود جاويش أوغلو في مقالة لصحف مجموعة ""فونكه"" الألمانية الإعلامية الصادرة اليوم (الجمعة الخامس من يناير كانون الثاني 2018) ""كلا الطرفين (ألمانيا وتركيا) لديه مصلحة في بداية جديدة للتفاهم المتبادل، لأننا نعيش في عصر حافل بالتحديات... لذلك سيكون من العقلاني مواصلة علاقاتنا بصداقة وتعاون مثلما كان الحال منذ 300 عام""، موضحا أن هذا الأمر ممكن حدوثه حال كسر الطرفان ""دوامة الأزمة الراهنة"". وبناء على دعوة من غابرييل فإنه من المنتظر أن يقوم جاويش أوغلو بزيارة لنظيره الألماني في مسقط رأسه بمدينة جوسلار الألمانية يوم غد السبت. وكتب الوزير التركي أن الحوار السياسي رفيع المستوى ينبغي مواصلته ""على نحو مفعم بالثقة وعبر قنوات حوار غير رسمية أيضا""، مضيفا أن"
764,"أعرب وزير الخارجية الألماني غيدو فيسترفيله اليوم (الثلاثاء الرابع من يونيو حزيران 2013) عن غضب بلاده وانزعاجها من ""الأحكام القاسية"" الصادرة عن محكمة مصرية بحق عاملين بمؤسسة كونراد أديناور وكذلك قرار إغلاق مكتب المؤسسة بالقاهرة. وأصدرت المحكمة حكما غيابيا بالسجن لمدة خمسة أعوام بحق مدير المكتب أندرياس ياكوبس. وأدين المحكوم عليهم بتلقي أموال بطريقة غير مشروعة وبالعمل دون الحصول على ترخيص رسمي. وقد صدر ضد خمس منظمات أجنبية عاملة في مصر، من بينها مؤسسة كونراد أداور الألمانية. وذكر التليفزيون المصري الرسمي على موقعه الإلكتروني أن محكمة جنايات القاهرة في جلستها المنعقدة اليوم أمرت بحل فروع المنظمات الخمس وإغلاق مقارها ومصادرة أموالها وأمتعتها وما بها من أوراق. من جهته انتقد هانس  غيرت بوتر"
765,"ندد الأمين العام للأمم المتحدة بان كي مون الجمعة (16 مايوأيار) بقطع المياه عن حلب، كبرى مدن الشمال السوري، مطالبا ""كل الأطراف بضمان عودة إمدادات المياه بشكل دائم"". وقال الأمين العام في بيان إن ""منع وصول الناس إلى المياه الصالحة للشرب هو حرمانهم من أحد حقوق الإنسان الأساسية"". ودعا بان الدول الأعضاء وكل الذين لديهم تأثير على أطراف النزاع إلى أن يذكروا (هؤلاء الأطراف) بواجباتهم"". وأ,ل أمس الخميس، أفاد الهلال الأحمر السوري أن محطة ضخ المياه عاودت العمل في حلب، من دون أن يتضح ما إذا كانت عودة المياه كاملة أم لا. وأ ,ل أمس الأربعاء ، أفاد فرع الهلال الأحمر في سوريا أن المحطة أعادت العمل في ضخ المياه في حلب . ولأكثر من أسبوع قطعت المياه عن مدينة حلب، وذلك"
766,يتوقع الخبير الألماني في قضايا الشرق الأوسط فولكر بيرتس، أن تركيا لن تحقق أهداف العملية العسكرية التي تقودها في سوريا. ورغم الانتقادات الحادة التي تواجهها الأخيرة في الغرب بسبب ملف حقوق الإنسان، إلا أن رئيس المعهد الألماني للسياسيات الدولية والأمن، ومقره برلين، ينصح الحكومة الألمانية في حوار مع وكالة الأنباء الفرنسية (أ.ف. ب) بالالتزام بمنطق الحوار مع أنقرة، وعدم قطع الحوار معها. في الوقت ذاته، يرى الخبير الألماني أن من مصلحتنا، في حال تم عزل أنقرة، فإن ذلك سوف لن يتحسن وضع حقوق الإنسان في تركيا، بل لن يتحسن الوضع هناك. وفي هذا الصدد، ينصح الخبير الألماني الحكومة الألمانية بعدم قطع الحوار مع تركيا، لأن ذلك لن يؤدي إلى تحسن وضع حقوق الانسان في تركيا. وبحسب بيرتس فإنه وفي
767,"ويقول التقرير إن ""اغتيال العالم النووي الإيراني محسن فخرزاده على أحد الطرق قرب العاصمة طهران من الواضح أنه مدبر بشكل دقيق ما أدى إلى تصاعد التوتر في الشرق الأوسط خاصة بعد اتهام طهران صراحة إسرائيل بالوقوف خلف العملية وإن فخر زاده كان يتم تصنيفه في إسرائيل على أنه أبو البرنامج النووي الإيراني"". ويضيف التقرير أن إسرائيل وضعت سفاراتها في مختلف أنحاء العالم في حال تأهب تام تحسبا لتعرض أي منها لهجوم انتقامي بعدما قال خامنئي في خطابه إن ""أولوية طهران الأولى حاليا هي العقاب الحاسم لأولئك الذين دبروا الاغتيال وأصدروا الأمر بتنفيذه"". ويوضح التقرير أن إيران اتهمت إسرائيل باغتيال 5 على الأقل من علمائها النوويين خلال العقد الماضي لكن فخرزادة هو أبرزهم على الإطلاق وأن إيران ""اعتادت الرد في السابق عبر وكيلها في لبنان حزب"
768,"إيران إنها تقف إلى جانب شعوب المنطقة في مواجهة التطرف والطائفية وتأتي هذه الدعوة في أول زيارة يقوم بها ظريف في المنطقة بعد توقيع الاتفاق النووي، الذي يثير مخاوف دول الخليج العربية. وقال في مؤتمر صحفي في سفارة بلاده بالكويت: ""كل تهديد لأي بلد هو تهديد للجميع. ولا يمكن لأي دولة أن تحل المشاكل الإقليمية دون مساعدة الدول الأخرى"". وبدأ ظريف جولته في الكويت، ومنها إلى قطر، ثم إلى قطر ثم إلى العراق. وعبرت أغلب دول الخليج عن مخاوفها من أن يقرب الاتفاق، الذي وقعته إيران يوم 14 يوليو تموز، بين واشنطن وطهران، ويطلق يدها في دعم حلفائها في الشرق الأوسط على حساب الدول العربية. مواضيع قد تهمك نهاية وأضاف ظريف أن ""إيران تقف مع شعوب دول المنطقة في قتالها ضد تهديد التطرف، والإرهاب والطائفية، ورسال"
769,"كيسبانغ قال إن حلمه تحول إلى حقيقة وكان الرقم القياسي العالمي السابق بحوزة الكيني الآخر باتريك ماكاو وسجله في برلين أيضا عام 2011 وقدره ساعاتان وثلاث دقائق و38 ثانية. وشهد السباق حادثا طريفا عندما اندفع أحد المتفرجين قبل وصول كيبسانغ لخط النهاية ليسبقه ويقطع الشريط إلا ان عناصر تأمين السباق قامت بملاحقته وابعاده بعد ذلك بينما اكتفى بطل العالم برسم ابتسامة على وجهه. وقال كيبسانج ""تحول حلمي إلى حقيقة"" مضيفا ""لقد تحول حلمي إلى حقيقة في برلين ومسار السباق الرائع فيها"". وتقدم كيبسان البالغ من العمر 31 عاما وصاحب برونزية أولمبياد لندن 2012 على مواطنيه اليود كيبشوغي بفارق 30 ثانية وجيفري كيبسي بفارق أكثر من ثلاث"
770,"فرقت قوات الأمن التونسية اليوم الأحد (12 أيارمايو 2013) سلفيين حاولوا نصب خيام للدعوة وتوزيع منشوراتهم في مدينتي تطاوين ومدنين في جنوب شرق البلاد بحسب ما أفادت إذاعة شمس إف إم. وأفاد مراسل الإذاعة في المكان أن الشرطة فرقت ""دون عنف"" سلفيين في مدينتي مدنين ومدنين منددين ""بمضايقات الشرطة"" و ""بالمضايقات الأمنية"" خلال تظاهرة ضد البطالة. وقال مراسل الإذاعة إن قوات الأمن فرقت أيضا سلفيين ""بدون عنف"" حاولوا نصب خيمة أمام مقر الولاية في مدنين (50 كلم جنوب تونس). وأضاف أن الشرطة منعت أيضا بعض السكان من نصب خيمة في المكان نفسه تمهيدا لتظاهرة ضد البطالة في المدينتين. وهدد وزير الداخلية لطفي بن جدو الذي لا ينتمي إلى أي"
771,"تعرضت كينيا لهجمات وحوادث خطف في الفترة الأخيرة وكان من بين القتلى رجلا شرطة كانا يتوليان حراسة إحدى الكنيستين. وقال نائب قائد الشرطة الإقليمي، فيليب ندولو ""حصرنا حتى الآن عشرة قتلى، وأربعين جريحا"". وأضاف أن بعض ""قطاع الطرق"" -الذين كانوا يرتدون أغطية للرأس- أطلقوا النار، وألقوا قنابل يدوية، على الكنيسة الكاثوليكية في المدينة، وكنيسة أخرى تسمى ""الكنيسة الإفريقية المستقلة"". ولاتزال منطقة الحدود الكينية مع الصومال متوترة منذ إرسال كينيا قوات إلى الصومال لملاحقة أفراد جماعة الشباب الصومالية المتشددة. مواضيع قد تهمك في هذا القسم من موقع بي بي سي في نيروبي: وقالت كينيا إن العمليات التي بدأت في شهر أكتوبرتشرين الأول الماضي كانت تهدف إلى إنهاء حوادث الخطف التي كانت تتم على الأراضي الك"
772,"بوتين أعلن قراره في خطاب له في مصنع للسيارات وأعلن بوتين عن قراره هذا في خطاب أمام العمال في مطعم للسيارات في مدينة فولغا في نيجني نوفغورود. وقال ""سأقدم ترشيحي لمنصب رئيس روسيا الاتحادية"". ومازال بوتين في السلطة منذ عام 2000، باعتباره رئيسا للبلاد، أو رئيس وزراء. وإذا فاز في انتخابات مارسآذار فسوف يحق له البقاء في السلطة حتى 2024. وكانت كسنيا سوبتشاك، الصحفية في التلفزيون الروسي، قد قالت إنها سترشح نفسها في الانتخابات، لكن استطلاعات الرأي تشير إلى احتمال فوز بوتين بسهولة. مواضيع قد تهمك نهاية وقد منع زعيم المعارضة الرئيسي في روسيا، أليكسي نافالني، رسميا من الترشح، لأنه أدين بالاختلاس، وهي تهمة يقول إن دافعها سياسي. ويحظى بوتين"
773,"حذر قيصر كرة القدم الألمانية فرانس بكنباور، اللاعب والمدرب والرئيس السابق لأنجح أندية ألمانيا، اليوم الاثنين (29 أبريل  نيسان 2013) من أن بايرن ميونيخ لن يستسلم، بعد الهزيمة الثقيلة التي تلقاها في مباراة الذهاب بأربعة أهداف بدون رد في نصف نهائي دوري أبطال أوروبا. وقال بكينباور لصحيفة بيلد الألمانية: ""سيفعل برشلونة أي شيء لتعديل النتيجة أمام بايرن. سيجربون كل الحيل وسيفعلون أي شيء مسموح به أو غير مسموح به لأنهم سيدافعون عن أنفسهم بعدما جرحت كرامتهم"". وقدم بايرن الذي تقدم بهدف على برشلونة في الشوط الأول عرضا رائعا في الشوط الثاني ضد بطل أوروبا السابق، الذي يعتبر على نطاق واسع أفضل فريق في العالم على مدار السنوات الخمس الماضية–في مباراة الذهاب التي أقيمت الأسبوع الماضي في"
774,اتفاق تعيين الحدود مازال ينتظر تصديق الرئيس عليه وقال نص الحكم إن ما صدر، أو سيصدر، من أحكام من القضاء العادي (الأمور المستعجلة) يعتبر كأن لم يكن. وكانت محكمة الأمور المستعجلة قد قضت بوقف تنفيذ أحكام القضاء الإداري التي تبطل الاتفاقية. وقد أشار خالد علي، المرشح الرئاسي السابق والمحامي الذي طعن على سلامة الاتفاقية، إلى أن قضاء الأمور المستعجلة غير مختص بنظر أي منازعات تتعلق بأحكام القضاء الإداري. وكان رئيس مجلس النواب المصري، علي عبد العال، قد قال إن كل أحكام القضاء بشأن الاتفاقية لا يعتد بها على الإطلاق. وأوضح أن البرلمان هو الجهة الوحيدة المنوط بها مناقشة هذه الاتفاقية، باعتبارها أمرا من أمور السيادة. وقد أقر البرلمان الاتفاقية بأغلبية الأصوات الأسبوع الماضي، ولكن لا يزال تنفيذها في انتظار تصديق رئيس الجمهورية عليه. احتجاجات ودعت عدة أحزاب
775,توافد أول مجموعة سورية من اللاجئين إلى هانوفر وسينقل اللاجئون إلى مركز خاص باللاجئين في فريدلاند يقع على بعد 140 كلم عن هانوفر، ومن المنتظر أيضا وصول مجموعة ثانية من 16 سوريا آخر منتصف نهار الاثنين. وكانت قد وصلت صباح الاثنين - بحسب ما ذكرته وكالة فرانس برس - إلى مرفأ ديكيلي التركي عبارة تنقل الدفعة الأولى من المهاجرين المبعدين من اليونان في إطار الاتفاق المثير للجدل الموقع بين الاتحاد الأوروبي وتركيا. اليونان بدأت ترحل بعض اللاجئين إلى تركيا تطبيقا للاتفاق مع الاتحاد الأوروبي ويهدف الاتفاق إلى الحد من تدفق اللاجئين إلى دول الاتحاد الأوروبي الذي وصله العام الماضي أكثر من مليون مهاجر ولاجئ. وهو ينص على أن يستقبل الاتحاد سوريا واحدا مقابل كل سوري يعاد إلى تركيا من اليونان، على ألا يتجاوز العدد 72 ألف شخص. وكانت طائرة تابعة
776,"كشفت الشرطة البريطانية أن الهجوم الذي ارتكب في 3 حزيرانيونيو في لندن كان يمكن أن يكون أكثر دموية، إذ أن المهاجمين حاولوا استئجار شاحنة تزن سبعة أطنان ونصف، قبل أن يعودوا ويختاروا شاحنة أصغر حجما. وقالت ""سكوتلاند يارد"" إن الرجال اختاروا شاحنة صغيرة من طراز رينو بدلا من ذلك، حيث استخدموها لدهس المشاة على الجسر قبل تركها والبدء في طعن الضحايا في منطقة ""بورو ماركت"". ففي يوم الاعتداء، حاول أحد المعتدين، أن يحصل عبر الانترنت على شاحنة، غير أن ""آلية دفع (المال) فشلت"" حسبما أوضح دين هايدن رئيس وحدة مكافحة الإرهاب في الشرطة البريطانية. وأوضح هايدن أنه لو تمكن المعتدون من الحصول على شاحنة أكبر ""لكانت عواقب (الاعتداء"
777,"قالت الشرطة الألمانية اليوم الأربعاء (15 نوفمبرتشرين الثاني 2017) إن شخصا لقي مصرعه، عقب حريق نشب في نزل للاجئين في مدينة ""بامبرغ"" شرقي ألمانيا، في ساعة مبكرة من صباح اليوم الأربعاء. وأوضحت الشرطة أنها عثرت على جثة شخص في إحدى الوحدات السكنية التابعة لنزل اللاجئين، وأصيب أيضا 14 شخصا جراء الحريق، حيث تم نقل ستة منهم إلى المستشفى لتلقي العلاج. فيما لا تزال أسباب الحريق غير واضحة لحد الآن. وأشارت الشرطة أن الحريق اندلع في الساعات الأولى من صباح هذا اليوم الأربعاء، وانتشر بسرعة في المبنى المكون من طابقين، مضيفة أن نزل اللاجئين كان يضم 163 شخصا خلال نشوب الحريق، وتكمن أغلبيتهم من مغادرة المكان بعد تدخل الشرطة ورجال الإطفاء. في حين تم نقل اللاجئين المقيمين في النزل إلى وحدات سكنية شاغرة. ر. م"
778,وكانت وكالة الأنباء الجزائرية الرسمية قد ذكرت أن الجيش تمكن من تحرير أربع رهائن أجانب وستمائة من الجزائريين المحتجزين في المنشأة التي يحتلها مسلحون إسلاميون. كما أفادت أنباء بمقتل عدد من الرهائن والمسلحين في العملية التي شنتها مروحيتان عسكريتان على الموقع. ياتي هذا فيما نقلت وكالة أنباء موريتانية عن مسلحين قولهم إن خمسة وثلاثين من الرهائن قتلوا في هذه العملية العسكرية، من دون تأكيد ذلك من مصادر مستقلة. وكان الجيش الموريتاني قد أعلن في وقت سابق من هذا الشهر عن تحرير رهائن أجانب في المنشأة النفطية.
779,"وقال هانت إن هذه الخطوة لا ينتظر منها تحقيق ""الإفراج الفوري""، لكنها ""إجراء دبلوماسي مهم"". وأضاف أن هذا يبين للعالم كله أن ""نازانين بريئة""، وينبه إيران إلى أن تصرفها ""خاطئ تماما"". وتقضي زاغاري راتكليف عقوبة السجن للخمس سنوات في إيران، بعد أن صدر الحكم بحقها عام 2016 بتهمة التجسس، وهو الأمر الذي تنفيه. جونسون يحث طهران على الافراج عن بريطانية متهمة بالتجسس وكان وزير الخارجية البريطاني السابق، بوريس جونسون، قد اتهم بأنه عرض زغاري راتكليف لخطر إضافة خمس سنوات إلى العقوبة التي تقضيها في السجن، بعد تصريحات له أشار خلالها إلى أنها كانت تدرب صحفيين في إيران. واعتذر وزير الخارجية البريطانية السابق عن تلك التصريحات أمام مجلس العموم في نوفمبرتشرين"
780,مسيرة لانصار الحوثيين في اليمن وذكرت مصادر في السلطة المحلية لبي بي سي أن الجيش نفذ بعد الغارات حملة تمشيط لمطاردة المسلحين الحوثيين في منطقة الصفراء وحجر. وقالت مصادر عسكرية يمنية إن تسعة مسلحين قتلوا إثر هجوم شنوه على تعزيزات عسكرية قادمة من صنعاء لدعم القوات الحكومية التي تقاتل المتمردين في منطقة بني ميمون بمحافظة عمران. وذكرت منظمات إغاثة محلية أن الوضع الانساني في مدينة عمران يزداد سوءا مع استمرار انقطاع الكهرباء عن المدينة لأكثر من عشرين يوما وتوقف خدمات ضخ المياه وتفاقم أزمة الوقود. كما شهدت المدينة نزوح الآلاف من سكانها فرارا من الاشتباكات التي شهدتها المدينة صباح الأحد بين قوات الجيش والمسلحين. مواضيع قد تهمك نهاية واتهمت قيادات عسكرية مسلحين من أتباع الرئيس السابق وأحزاب أخرى بالمشاركة في الهجمات على مواقع الجيش في محيط مدينة عمران والقتال في صفوف الحوثيين إلا أن
781,"""أنا مسرورة جدا لمجيء اردوغان. أنا أقدر رئيسنا""، هكذا عبرت أوزليم كاليندر التي تعمل في محل لبيع الحلوى في حي كرويتسبيرغ في برلين عن مشاعرها تجاه الزيارة المرتقبة للرئيس التركي إلى ألمانيا. أوزلي كيندر عمرها 30 عاما وولدت في ألمانيا. ترى الشابة بأن اردوغان هو ""صديق كبير جدا"" و ""نافع جدا"" لتركيا. ""أنا لا أدعم اردوغان لكنني لست ضده""، تقول الشابة التي تعيش في برلين. تقول الشابة أن اردوغان ""لا يزال هناك الكثير من الناس الذين يعيشون في ألمانيا الذين لا يريدون رؤية اردوغان في كل عام"". ""لا أؤيد اردوغان، لكنني لا أؤيده في الوقت نفسه"". ""أنا لست ضده في الوقت الحالي. أنا لا أ"
782,"قتل أكثر من 6000 شخص، نصفهم من المدنيين في القتال والضربات الجوية في اليمن، بحسب الأمم المتحدة ودعا الحوثيون إلى تشكيل لجنة دولية محايدة. وطالب محمد الحوثي، رئيس ما تسمى ب ""اللجنة الثورية العليا"" التابعة للحوثيين بضم شخصيات دولية إلى تلك اللجنة، حسب وكالة سبأ الحكومية للأنباء التي يسيطر عليها الحوثيون. ومن بين الشخصيات التي طالب الحوثي بإشراكها في اللجنة المحايدة المقترحة فيديريكا موغريني، مفوضة السياسة الخارجية بالاتحاد الأوروبي والمفوض السامي للأمم المتحدة زيد بن الحسين وخبراء وصفهم بأنهم معروفون باستقلاليتهم ونزاهتهم. وطالب الحوثي الأمم المتحدة والبرلمان الاوروبي والمنظمات المستقلة بالضغط على من وصفها ب""الدول المعتدية"" للقبول بتشكيل لجنة دولية. مواضيع قد تهمك نهاية وكان التحالف قد أعلن يوم الأحد الماضي عن"
783,"ظن ماكجريجور أنه لن ينجو بعد الجراحة الغريبة التي أخبره عنها الأطباء واستغرقت العملية الجراحية التي أجريت لماكجريجور 18 ساعة، ويعتقد أنها الجراحة الأولى في نوعها في بريطانيا. واستخدم الجراحون أجزاء من جلد ساق المريض في ترقيع ذراعه وعلاج موضع الجراحة. وقال المريض البالغ من العمر 58 عاما والذي يظهر تعافيا ملحوظا، ""لا أجد كلمات أعبر بها عما فعلوه من أجلي."" وكان الورم الضخم الشرس قد امتد من الحوض إلى فخذي ماكجريجريجور بعد فشل محاولات لعلاج السرطان خضعت لها الرجل على مدار السنوات العشر الماضية. مواضيع قد تهمك نهاية وكانت مخاوف قد انتابت الجراحين أثناء محاولات علاج سابقة خضع لها ماكجور حيال إمكانية أن يكون الفراغ الذي"
784,"كانت البلدة مسرحا لمعارك ضارية العام الماضي (أرشيف) وكانت قنبلة موضوعة في دراجة نارية قد انفجرت أمام مكتب هيئة علماء القلمون في عرسال - التي تتألف من مشايخ دين من البلدة والتي تأسست لمعالجة الشؤون الإدارية للاجئين السوريين - بحسب ما ذكرته وكالة الأنباء الوطنية. لكن مصدرا أمنيا قال لوكالة فرانس برس إن المهاجم دخل المقر خلال الاجتماع وفجر حزاما ناسفا. ونقلت الوكالة عن أبو إبراهيم، أحد سكان عرسال، قوله ""التفجير استهدف بالتأكيد الاجتماع، حيث يجتمع ما لا يقل عن 15 شخصا"". وكان العلماء يشاركون في مساعي تفاوض لإطلاق سراح أكثر من عشرين شخصا من قوات الأمن اللبنانية خطفتهم جماعة جبهة النصرة الموالية لتنظيم القاعدة في سوريا، خلال هجوم كبير على عرسال في أغسطسآب 2014. مواضيع قد تهمك نهاية وقالت وكالة الأنباء الرسمية إن رئيس هيئة"
785,"انباء عن مقتل العشرات مناطق سورية عدة قتل مائة وعشرة اشخاص الجمعة، بنيران القوات السورية النظامية، منهم ثمانية واربعون في حلب وثلاثة وعشرون في دمشق وريفها، وفق لجان التنسيق. شاهدmp4 .لاستخدام هذا الملف لابد من تشغيل برنامج النصوص ""جافا""، وأحدث الإصدارات من برنامج ""فلاش بلاير"" أحدث إصدارات برنامج ""فوتوشوب بلاير"" متاحة هنا اعرض الملف في مشغل آخر وقال رامي عبد الرحمن رئيس المرصد السوري لحقوق الانسان لوكالة فرانس برس إن ""المعارك على نطاق غير مسبوق ولم تتوقف منذ الخميس"". وأضاف أنه ""في السابق كانت المواجهات تجري في شارع او شارعين من قطاع معين، لكنها تدور الان على جبهات عدة"". وافاد سكان في احياء بوسط المدينة يسيطر عليها النظام وكانت حتى الآن بمنأى من اعمال العنف مثل السليمانية وسيد علي، عن اطلاق نار"
786,"انضمت قوات الأمن الكاميرونية للمعركة ضد متشددي بوكوحرام وقال كريستوفر فومونيو، وهو مدير إقليمي مسؤول عن وسط وغربي أفريقيا في المعهد الوطني الديمقراطي الأمريكي، إن الأطفال لا يتحدثون الإنجليزية أو الفرنسية أو أي لغة محلية. وقد أنقذ الأطفال، الذين تتراوح أعمارهم بين 5 و 18 عاما، من معسكر تابع لبوكو حرام يقع شمالي الكاميرون في نوفمبرتشرين الثاني الماضي. وعثر عليهم إثر غارة أمنية استهدفت ما يعتقد أنها مدرسة دينية لتعليم القرآن، وذلك بناء على معلومات سرية وردت السلطات الكاميرونية. وقال فوميو لمراسل بي بي سي، راندي جو، في ياوندي إنه زار دارا للأيتام تساعد في إعادة تأهيل هؤلاء الأطفال. وقال: ""إنهم لا يتحدثون اللغة الفرنسية أو الألمانية أو أي لغات محلية أخرى"
787,"اكتشف باحثون في سويسرا جزيئا حيويا قادرا على التعرف على المتغيرات المختلفة لفيروس الأنفلونزا، ما يتيح لهم التحكم في الاستجابة المناعية للأشخاص المصابين بالمرض. ونقل موقع ""Nau"" السويسري أن هذا الاكتشاف يمكن أن يوفر بديلا عن التطعيم المضاد للأنفلونزا الذي يأخذه كثيرون قبل بدء فصل الشتاء. ورغم تطوير لقاحات فعالة، إلا أن فيروس الأنفلونزا (أو الأنفلونزا الموسمية) يمكن أن يغير من تركيبه، للتغلب على دفاعات الجسم، ما يضطر شركات الأدوية إلى إنتاج لقاح جديد كل عام. وكتبت صحيفة ""دير ستنادارد"" النمساوية أن الباحثين في معهد الطب البيولوجي في تيسن السويسرية اكتشفوا جزيئ حيويا يطلق عليه """"SIGN-R1، وبإمكانه التعرف على كل أنواع فيروسات الأنفلونزا وبالتالي توجيه عمل الجهاز المناعي للجسم"
788,تتركز أعمال القمة العربية التي تستضيفها السعودية اليوم الأحد (15 أبريل  نيسان 2018) حول ثلاثة مواضيع رئيسية، هي الحرب في سوريا التي تستعد لضربة غربية محتملة على خلفية هجوم كيميائي اتهمت دمشق بتنفيذه، ومستقبل القدس قبل شهر من نقل السفارة الأميركية اليها، والتصعيد في اليمن. وستسعى الرياض خلال القمة ال29 في مدينة الظهران في المنطقة الشرقية، الى التعبئة ضد إيران، خصمها الأكبر، قبل أسابيع من قرار أميركي مرتقب من المتوقع أن يؤدي الى انسحاب واشنطن من الاتفاق الدولي حول البرنامج النووي الإيراني. ويرى مراقبون أن السعودية ستدفع خلال أعمال القمة باتجاه اعتماد موقف أكثر حزما ضد إيران من قبلها بدعم المتمردين الحوثيين الشيعة في اليمن المجاور بالسلاح، الأمر الذي تنفيه طهران. وتقود السعودية تحالفا عسكريا في هذا البلد منذ آذارمارس
789,"يؤكد خبير أمراض الزهايمر ريتشارد دوديل من الجمعية الألمانية للأعصاب أنه يمكن تقليل خطر الإصابة بهذا المرض بنسبة 35 في المائة إذا اتبعنا بعض القواعد. هناك خمسة عوامل حاسمة لحياة طويلة وصحية وتجعلنا نتمتع بصحة ذهنية حتى في سن الشيخوخة. لا شيء لا يقل أهمية عن الرياضة، كما يوضح دوديل ويضيف لموقع ""فوكوس"" الألماني: ""لقد ثبت أن النشاط البدني يقلل من خطر الإصابة بالزهايمر. رياضة التحمل هي الأكثر ملائمة لهذا الغرض"". وبحسب الخبير الألماني يمكن ممارستها مرتين أو ثلاث مرات في الأسبوع، لكن يجب أن تمارس بالشكل الصحيح. كما أنها تقلل كذلك من مخاطر زيادة الوزن، فالوزن الزائد يمكن أن يؤذي الدماغ أيضا. نظام غذائي صحي ومتوازن يلعب دورا كبيرا في الوقاية من هذا المرض، فالدراسات"
790,"كانت النقابة قد أدانت عمليات القبض التي وصفتها بالعشوائية على الصحفيين والناشطين. وقال نقيب الصحفيين المصريين، يحيى قلاش، لبي بي سي إن عددا من رجال الأمن اقتحموا مقر النقابة، وقبضوا على الصحفيين عمرو بدر ومحمود السقا. وأكد أن قوات الأمن لم تخطر النقابة قبل دخولها. وقالت وزارة الداخلية إن القبض على الصحفيين جاء تنفيذا لقرار النيابة العامة بضبطهما لاتهامهما ""بالتحريض على خرق قانون تنظيم حق التظاهر والإخلال بالأمن ومحاولة زعزعة الاستقرار بالبلاد"". وأضافت، في بيان عبر صفحتها على موقع فيسبوك، أن القبض على بدر والسقا جاء بالتنسيق مع مسؤول الأمن في النقابة، وأن الصحفي ن ""سلما نفسيهما طواعية، وتم اصطحابهما لعرضهما على النيابة المختصة."" وأضافت أن ""ال"
791,أعلن الاتحاد الألماني لكرة القدم على موقعه الرسمي في شبكة الانترنت اليوم الأربعاء (13 ديسمبر كانون الأول 2017) أن كل لاعب سينال 350 ألف يورو مكافأة في حال احتفاظ المنتخب بلقب كأس العالم في المونديال الروسي الصيف المقبل. وهي المكافأة الأكثر أهمية التي سيحصل عليها لاعبو المنتخب الالماني في نهائيات كأس العالم، بعد أن حصل كل منهم على 300 ألف يورو بعد التتويج باللقب العالمي في البرازيل عام 2014. ولم يرصد الاتحاد الألماني أي مكافأة إضافية في حال تأهل المنتخب الألماني إلى الدور ثمن النهائي، لكنها ستكون 75 ألف يورو لكل لاعب في حال بلوغ ربع النهائي، ثم 125 ألف يورو في حال الوصول إلى دور الأربعة، ثم 150 ألف ريال في حال انهاء العرس العالمي في المركز الثالث، و200 ألف في حال حجز بطاقة النهائي على ملعب لوجنيكي في موسكو. وأعرب المدير العام
792,"أفادت صحيفة ""نيويورك تايمز أوف إنديا"" في تقرير لها اليوم الجمعة (18 نيسان  أبريل) أن رجل أعمال يبلغ 63 عاما، ابتلع قطعا ذهبية يبلغ وزنها 33 غراما والمعروفة باسم ""بسكويت الذهب"" في سنغافورة وحضر بها إلى الهند في الثامن والعشرين من الشهر الماضي. إلا أنه لم يتمكن من إخراجها بعد أن استقرت في أمعائه الدقيقة رغم أنه شرب كميات كثيرة من المياه ومسهلات هضم. وفي السابع من الشهر الجاري تقدم الرجل بطلب بإجراء جراحة، قائلا أنه ابتلع غطاء زجاجة المياه وأنه يتألم. وخضع الرجل للعملية الجراحية في التاسع من نيسانأبريل الجاري بعد أن أكدت الأشعة السينية وجود معادن غريبة في أمامعائه. وعندما عثر الأطباء وبشكل غير متوقع على 12 قطعة من الذهب، أبلغوا الشرطة والجمارك على الفور"
793,"قالت مصادر قضائية إن محكمة القضاء الإداري المصرية قضت اليوم الثلاثاء (الثالث من مارس آذار 2014) بوقف إجراء الانتخابات التشريعية التي كان من المقرر أن تبدأ هذا الشهر. وصدر الحكم بعد حكم أصدرته المحكمة الدستورية العليا يوم الأحد بعدم دستورية نص في قانون الدوائر الانتخابية. وكانت عدة دعاوى أقيمت أمام محاكم القضاء الإداري تطالب بوقف انتخابات مجلس النواب لحين الفصل في الطعون المقدمة لها على قانون الانتخابات. وقضت المحكمة الدستورية الأحد الماضي ب""عدم دستورية"" المادة الثالثة من قانون الانتخابات المتعلقة بتقسيم الدوائر الفردية لعدم توافق هذا التقسيم مع نص في الدستور ينص على ضرورة التساوي في الوزن الديموغرافي النسبي لكل الدوائر الفردية. وعقب صدور قرار المحكمة الدستورية، أعلنت اللجنة العليا للانتخابات انه سيتم تأجيل الاقتراع و""إعداد جدول زمني جديد"" للانتخابات التي كان مقررا أن تبدأ في 21 آذارمارس الجاري"
794,"اندلعت مواجهات بين شبان فلسطينيين وقوات الأمن الإسرائيلية في القدس ومدن الضفة الغربية المحتلة، بعد صلاة الجمعة، بعد تجمعات احتجاجا على اعلان الرئيس الاميركي دونالد ترامب اعترافه بالقدس عاصمة للدولة العبرية. ووقعت المواجهات في مدن رام الله و الخليل ونابلس وبيت لحم واريحا في الضفة الغربية، وفي البلدة القديمة في القدس الشرقية المحتلة عقب صلاة الجمعة. وقام شبان ملثمون بإلقاء حجارة على قوات الأمن الإسرائيلية التي ردت باستخدام الغاز المسيل للدموع والرصاص المطاطي. من جهة أخرى تظاهر آلاف الاشخاص في مدينة إسطنبول في تركيا بعد انتهاء صلاة الجمعة للتنديد بقرار الرئيس الأمريكي دونالد ترامب الاعتراف بالقدس عاصمة لإسرائيل. كما خرج الآلاف في مسيرة من مسجد الفاتح وسط العاصمة التركية حيث هتفوا ""القدس لنا وستبقى كذلك!"" و""فلتسقط أميركا، فلتسقط اسرائيل"". وأعلنت تركيا"
795,"أكد رئيس الوزراء التركي بن علي يلدريم أن ""ترحيل"" هولندا لوزيرة الأسرة والسياسات الاجتماعية التركية فاطمة بتول صيان قايا أمر ""غير مقبول"". وقال بن علي يلد اليوم الأحد 12 مارسأذار إن أنقرة سترد ""بأشد الطرق"" على منع السلطات الهولندية هبوط طائرة وزير الخارجية التركي في روتردام ومنعها وزيرة الأسرة التركية من دخول قنصلية تركيا في هولندا ومنعها من السفر إلى هولندا. وقالت الحكومة التركية في بيان: ""قلنا وكررنا أن السيدة كايا ليست موضع ترحيب في هولندا، لكنها قررت مع ذلك السفر إلى البلد الذي أتت منه"". وقالت الحكومة في بيان إن ""السلطات الهولندية رفضت السماح لها بالهبوط في هولندا"". وقال يلدريم إن مثل هذه الأحداث تساعد تركيا على اكتشاف ""أصدقائها الحقيقيين""،"
796,"ظهر بروتاسيفيتش في فيديو يبدو أنه أكره على تسجيله وفي اجتماع انعقد في بروكسل، اتفق زعماء الدول ال27 الأعضاء في الاتحاد الأوروبي على منع شركات الطيران في التكتل من استخدام المجال الجوي لبيلاروسيا، متعهدين بفرض عقوبات اقتصادية جديدة عليها. وكان رومان بروتاسيتش، 26 سنة، على متن طائرة متجهة من اليونان إلى ليتوانيا عندما أجبرت الطائرة على تغيير مسارها بحجة الاشتباه في وجود قنبلة على متنها. واتهمت دول غربية بيلاروسيا باختطاف الطائرة الأوروبية التابعة لشركة ""ريان أير"". وظهر بروتاسييتش للمرة الأولى منذ القبض عليه في مطار مينسك في فيديو ويبدو أنه أكره على التسجيل. مواضيع قد تهمك نهاية وفي مقطع الفيديو الذي نشر الاثنين، قال الصحفي إنه بصحة جيدة، واعترف بما"
797,"أطلقت الحكومة الألمانية اليوم ( الإثنين 23 أكتوبر تشرين الأول 2017) موقعا إلكترونيا على شبكة الانترنت، اسمه، حقائق للمهاجرين (RumoursAboutGermany.info)، وذلك لمواجهة الشائعات والأخبار الكاذبة بشأن اللجوء في ألمانيا. وتنشر المعلومات على الموقع باللغات العربية والفرنسية والانجليزية. وذكرت وزارة الخارجية الألمانية في بيان بمناسبة إطلاق الموقع: ""نريد الحيلولة دون هجرة أفراد في أوضاع صعبة وهم في مخيلتهم تصورات حالمة وتوقعات خاطئة، لذلك نواجه الشائعات المتأججة بمعلومات موضوعية"". ويتضمن الموقع موضوعات لكي يتعرف الزائرون على الحقائق وكل ما يحتاج المهاجرون أن يعرفوه ومن بينها ""أكبر سبعة أكاذيب"" يروجها مهربو البشر عن ألمانيا كمقصد للجوء، مثل: - ""ألمانيا لديها 800 ألف مكان مخصص للاجئين الأفغان"
798,"ثلاثة من قادة الأوركسترا تولوا دفة أوركسترا برلين ""فيلهارمونيك"" خلال السنوات الست الماضية وبعد 11 ساعة من المداولات، لم يتوصل عازفو الأوركسترا البالغ عددهم 123 فردا إلى قرار بشأن من يخلف قائد الأوركسترا الحالي البريطاني سيمون راتل في عام 2018. وقال عضو مجلس إدارة الأوركسترا بيتر ريغلبور إنه سيجرون محاولة جديدة لاختيار قائد ""خلال عام"". واجتمع عازفون الأوركسترا في كنيسة جنوب غربي برلين الاثنين، ومنعوا من استخدام أجهزة الهواتف المحمولة. وبعد إجراء مداولات استمرت 11 ساعة، لم تتوصل اللجنة إلى أي نتيجة. ""يؤسفني أن أقول إننا لم نتوصل إلى أي شيء."" مواضيع قد تهمك في الوقت الحالي، لم يتم التوصل إلى أي قرار حتى الآن. وفي الوقت الذي"
799,سقط عشرات القتلى والجرحى في مواجهات هي الأعنف بمحافظة عمران شمال العاصمة صنعاء بين مسلحي الحوثيين (أنصار الله) وأفراد اللواء 310 والمحسوب على حزب الإصلاح (التابع للإخوان المسلمين). واستخدم الطرفان مختلف الأسلحة الخفيفة والثقيلة بينها المدفعيات والدبابات، ووصلت تلك الاشتباكات إلى مواقع مهمة بعمران منها فنادق، وأهم مصنع أسمنت حكومي (مصنع أسمنت عمران) ومصانع الأسمنت الحكومية (مصنع الأسمنت الحكومي) ومصنع أسمنت (الشركة العامة للأسمنت) وفندق (فندق أسمنت عمران). وذكر محسن علي أحد العاملين بمستشفى عمران لوكالة الأنباء الألمانية (د.ب.أ) إنهم استقبلوا عشرات الجثث والجرحى، من الجيش والقبليين، مشيرا إلى أن مستشفى عمران يعاني من اختناق كبير نتيجة لارتفاع عدد الضحايا. وقالت مصادر طبية اليوم الأحد 6 يوليو
800,"أوضح رامي عبد الرحمان مدير المرصد السوري لحقوق الإنسان في حوار مع DW أن مناوشات اندلعت بين قوات الفيلق الخامس المدعوم روسيا والذي انتشر في ريف حماة الشمالي حيث قام باعتقال عنصار مما يعرف بالميليشيات الموالية للنظام السوري أو ""الشبيحة"" والذين كان لديهم ممارسات سيئة وانتهاكات لحقوق المدنيين في تلك المنطقة ولم تحدث اشتباكات مثلما قيل من بعض الموجودين في منطقة غازي عنتاب من انها اشتباكات بين الفرقة الرابعة والفيلق الخامس. والحقيقة، يوضح عبد الرحمن، أن هناك حساب مزور ينسب لحميميم ذكر بأن الاشتباكات أدت إلى مقتل 68 شخصا من كلا الطرفين وما جرى هو اعتقال 15 عنصرا من الشبيحة وكانوا يقاتلون الى جانب النظام السوري سابقا وطلب الروس حل بعض هذه المجموعات المسلحة والتي تواجدت منذ عام 2012 بينها على سبيل المثال صقور الصحراء"
801,"أعلن المقرر الخاص للأمم المتحدة المعني بحالة المدافعين عن حقوق الإنسان ميشال فورست أنه خلال الفترة الممتدة بين 2015 و2017 ""قتل أكثر من 1100 مدافع عن حقوق حقوق الإنسان في العالم لأنهم أرادوا نشر حقوق الإنسان وصونها"". وقال فورست في باريس، أمس الإثنين، بمناسبة الذكرى السنوية السبعين لإقرار الجمعية العامة للأمم المتحدة ""الإعلان العالمي لحقوق الإنسان"" إن عدد الجرائم التي ترتكبها منظمات حقوق الإنسان ""في جميع أنحاء العالم""، مسلطا الضوء على ازدياد ""ظاهرة الإفلات من العقاب"" في العالم، كما أن ""ظاهرة الافلات من العقاب تتزايد في جميع أنحاء أنحاء العالم"". ""ازدياد ظاهرة الافلاتمن العقاب"" وقبل بضعة أيام من تقديمه للأمم المتحدة تقريرا عن حالة حالة حقوق الإنسان"
802,"رئيس الوزراء تقول إن الهجمات زادت الدانمارك قوة واتحادا وأضافت ثورنينغ شميت إن الهجمات التي ذهب ضحيتها اثنان من أفراد الشرطة، ستزيد الدانمارك قوة ووحدة. وقد لقي المشتبه فيه حتفه برصاص الشرطة، ويدعى عمر الحسين. وتجمع عشرات الآلاف في مختلف أنحاء الدانمارك ترحما على أرواح ضحايا الهجوم. وشاركت شميت في التجمع الرئيسي بالعاصمة كوبنهاغن، وقف فيه المتجمعون دقيقة صمت ورفعوا مشاعل. مواضيع قد تهمك في هذا الموضوع: ""مكان خفي"" وقد شارك في التجمع أيضا مسؤولون وزعماء سياسيون من دول مجاورة. ""مكان سري"" وقد اعتقلت السلطات في وقت سابق رجلين بتهمة توفير الأسلحة التي استخدمت في الهجوم. وقتل في الهجوم مخرج سينمائي رجل يهودي في إطلاق النار، كما جرح 5 من الشرطة. ونكست الاثنين الأعلام فوق"
803,"يشهد اليمن مظاهرات احتجاج على سيطرة الحوثيين على السلطة وجاء الإعلان عن قرار استئناف السفارة أعمالها على لسان وزير الدولة للشؤون الخارجية أنور بن محمد قرقاش، حسبما أفادت وكالة الأنباء الرسمية في الإمارات. ونقلت الوكالة عن قرقاش قوله إن القرار يأتي ""دعما وترسيخا للشرعية الدستورية في اليمن ممثلة في الرئيس عبد ربه منصور هادي وحكومته."" كما شدد الوزير على رفض الإمارات ""المطلق للانقلاب الحوثي على الشرعية والخطوات التعسفية اللاحقة."" وكانت الإمارات انضمت يوم 14 فبراير شباط إلى دول عربية وغربية في تعليق أعمال سفاراتها في اليمن خشية التدهور الأمني عقب استحواذ الحوثيين على الحكم في صنعاء. مواضيع قد تهمك نهاية هذا الأسبوع: وقد بدأت الدول العربية في تعليق أعمالها في اليمن منذ استيلاء الحوثيين على صنعاء في سبتمبر أيلول 2014. واستولى الحوثيون على صنعاء بعد أن سيطروا"
804,"ارتفعت حصيلة تفجير سيارة مفخخة تبناه تنظيم ""الدولة الإسلامية"" في سوق شعبي بمنطقة خان بني سعد شمال شرق بغداد يوم أمس الجمعة إلى أكثر من 100 قتيل و 17 مفقودا، بحسب ما أكده مسؤول كبير اليوم السبت (18 تموزيوليو 2015). وأكد عباس هادي المسوؤل في منطقة خان بنيسعد ذات الغالبية الشيعية والتي تبعد 20 كلم شمال بغداد أن عدد قتلى التفجير بلغ 100 شخص و 17 شخصا قتلوا في التفجير الذي وقع وسط سوق شعبي فيما كان المواطنون يتسوقون عشية عيد الفطر. وأكد أن 15 طفلا قتلوا في الانفجار الذي وقع بوسط سوق شعبي ""القريب من سوق خان بني بني سعد"" في منطقة ""خان بني سعد"". ويرجح المسؤولون أن ترتفع الحصيلة لاحقا بسبب الجراح البليغة التي لحقت بالمصابين. وقال أحد المواطنين واسمه"
805,التقى الرئيس الأمريكي جورج بوش مع الرئيس الروسي فلاديمير بوتين مساء أمس الأحد في مسعى لتخفيف حدة التوتر في العلاقات بين البلدين، لاسيما على خلفية الخطط الأمريكية لإقامة درع صاروخي في شرق أوروبا والخلافات بينهما حول كيفية التعامل مع الطموحات النووية الإيرانية. والتقى الرئيسان في مزرعة عائلة بوش التي تتمتع بجو هادئ في منتجع كينبنكبورت بولاية مين، حيث سيعقدان مناقشات لمدة يومين تهدف إلى تحسين العلاقات. وهبطت المروحية الرئاسية الأمريكية من مروحية رئاسية أمريكية مع الرئيس الأمريكي الأسبق جورج بوش الأب. وهبط بوتين من مروحية الرئاسة الأمريكية مع الرئيس الامريكي الأسبق جورجبوش الأب. ويستضيف بوش الأب الاجتماعات في منزله الصيفي المطل على ساحل ولاية مين. قضايا خلافية وقد أثارت خطط الولايات المتحدة لنشر نظام دفاع صاروخي في التشيك وبولندا غضب موسكو وتسببت في سجال كلامي حاد بين الجانبين، حيث يرى الكرملين
806,أعلن المدعي العام الألماني هارالد رانغه اليوم الأربعاء (04 يونيو حزيران) عن بدء إجراءات التحقيق في الاشتباه في التنصت على الهاتف المحمول للمستشارة الألمانية أنغيلا ميركل من قبل أجهزة استخباراتية. وأعلن رانجه ذلك اليوم الأربعاء خلال جلسة غير علنية للجنة الشؤون القانونية في البرلمان الألماني (بوندستاغ)، حسبما علمت وكالة الأنباء الألمانية (د.ب.أ) في برلين. وذكر رانغة أن التحقيق في واقعة التنصت التي جرت على هاتف المستشارة الألمانية أنجيلا ميركل لم يتم الكشف عنها من قبل أي من أجهزة الاستخبارات في ألمانيا، حسبما علمت الوكالة الألمانية. ش.ع. ع. ج. ب. أ. د. ر. ح. ع (أ. د) في نفس الوقت، لم يتم بعد الكشف عن أي
807,"قالت شبكة انستغرام إن مستخدميها من المشاهير استهدفوا على وجه الخصوص وأرسلت الشبكة، التي تمتلكها شركة فيسبوك، رسائل إلى أصحاب الحسابات الموثقة، وأغلبهم مشاهير، لإبلاغهم بذلك. وقالت شركة انستغرام إن ""مهاجما إلكترونيا أو ربما أكثر من واحد"" قد استهدفوا نجوما بارزين، للحصول على بيانات اتصالاتهم. وقالت انستغرام إن كلمات المرور لم تتسرق، لكنها حذرت مستخدميها ودعتهم لمراقبة أية أنشطة مشبوهة على حساباتهم. ولم تكشف انستغرام عن الحسابات التي استهدفها هذا الهجوم الإلكتروني. ويرجع هذا الاختراق الأمني إلى خلل في برمجيات الشركة. وقالت فيسبوك إن واجهة برمجة التطبيق كان بها خلل، لكن تم إصلاحه. وطالبت ""توخي الحذر الشديد"" إزاء أية اتصالات هاتفية، أو رسائل نصية أو إلكترونية غير متوقعة"
808,يميل عدد من المتزوجين إلى تفادي الطلاق حتى عندما يعيشون بعيدا عن بعضهم البعض، وذلك طبقا لنتائج دراسة جديدة أجريت في ألمانيا التي يوجد فيها عدد كبير من الأزواج والزوجات يعيشون مفترقين كي يتسنى لهم الاحتفاظ بوظائفهم. وقام المعهد الاتحادي الألماني للبحوث السكانية بتتبع زهاء 12 ألف و400 شخص متزوجين منذ فترة طويلة، على مدى ثلاث سنوات وتم التوصل إلى أن أكثر من نصفهم انتهى بهم الحال إلى العيش في مكانين متباعدين، وأن أكثر من ثلثهم انتهى به الحال إلى الانتقال للعيش في مكان واحد، وأن نصفهم انتقلوا للعيش في أماكن منفصلة، وأن ثلثهم لا يزالون يعيشون في أماكن متباعدة لمدة عام على الأقل، وإن ثلثهم انتقل للعيش في أحد الأحياء المتجاورة. ويعرف
809,"عندما تشعر بآلام حادة ومفاجئة في المفصل، يمكن أن يكون السبب مرض النقرس، الذي يجب معالجته فورا، لأن التراخي وإهمال العلاج قد يؤدي إلى آلام أشد وربما في حال تفاقم المرض إلى الإصابة بالفشل الكلوي. ومرض النقرس يصيب المفاصل ويندرج ضمن أمراض الأيض أي الاستقلاب، فعند الإصابة به يترسب حمض اليوريك في شكل حبات كريستال صغيرة في المفاصل والأنسجة، ما يؤدي إلى الإصابة بالتهابات في المفاصل تتسبب في شعور شديد بالألم. ولحسن الحظ فإن معاجلته ممكنة سواء بالأدوية أوبتغيير النظام الغذائي، حسب الموقع الالكتروني لمجلة ""ديرشبيغل"" الألمانية. أما أبرز أعراض مرض النقرر فهي: أعراض الإصابة بالنقرس 1- نوبات ألم حادة في المفاصل: إن ارتفاع نسبة حمض اليويك في الدم"
810,"فلسطينيون يعبرون عن رفضهم لتطبيع العلاقات العربية مع إسرائيل وأضاف قاسم في بيانه: ""هناك اختلاف واسع بين الحاكم والمحكوم في الأفكار والأهداف والمصالح. الحكومات مهزومة نفسيا وتحاول أن تفرض هزيمتها على الشعوب، والشعوب مطالبة بالمقاومة"". وأصدرت جمعيات سياسية ومدنية من بينها جمعية المحامين بيانا مشتركا تعترض فيه على اتفاق تطبيع العلاقات مع إسرائيل. وجاء في البيان أن ""الجمعيات السياسية والمدنية ومنظمات المجتمع المدني تعترض على اتفاق التطبيع مع إسرائيل، لأن هذا الاتفاق لن تلقى دعما شعبيا، لأن أجيالا من البحرينيين نشأت على الالتزام بالقضية الفلسطينية"". وذكرت صحيفة البلاد أن رئيس المحكمة العليا أصدر أمرا ينهى فيه العاملين في جهاز القضاء عن انتقاد قرار الحكومة أو التعبير عن آراء ""تضر بالوحدة الوطنية"". مواضيع قد تهمك نهاية وسبق أن انتقد البحرينيون قرارات حكومته"
811,تؤدي لدغات النحل والدبابير في غضون دقائق وأحيانا خلال ساعات إلى احمرار وتورم مؤلم في الجلد، وقد يصل نصف قطر هذا التورم إلى 10 سنتيمترات وينحسر خلال يوم واحد. وعلى الذين يتحسسون من لدغات الحشرات التعرف على كيفية تفادي أضرارها، فمن المهم الإسراع في المعالجة بعد لدغة الحشرة. وتتضمن معالجة التحسس من لسعة الحشرات إسعافات أولية وكذلك إجراءات طويلة المدى للتقليل من تأثير الحساسية الناتجة. ويجب أن تزود نفسك بأدوات الإسعاف الأولي من لسعات النحل أو الدبابير، وتتضمن هذه الأدوات مواد مضادة للالتهاب. ويجب التدرب مقدما على الإسعاف الأولي والاستجابة السريعة عند حدوث اللسعة، بحسب موقع أونميدا الإلكتروني. وكإسعاف أولي ضد لدغة النحلة أو الدبور ينبغي أولا
812,أصبح الآن لدى الأمهات اللائي يرضعن أولادهن سبب آخر لمواصلة ذلك-مادام في وسعهن القيام به-بعد أن أشارت دراسة أمريكية إلى أن طول فترة الرضاعة الطبيعية مرتبط بتراجع خطر الإصابة بمرض السكري حتى بعد عشرات السنين. وأوصى أطباء الأطفال بألا ترضع الأمهات أولادهن إلا بشكل طبيعي حتى يصبح عمرهم ستة أشهر على الأقل، لأن ذلك يحد من خطر إصابة الرضع بأي عدوى في الأذن والجهاز التنفسي والموت المفاجئ للرضع والحساسية والبدانة والسكري. وينصح الأطباء الأمهات بمواصلة الرضاعة الطبيعية لمدة عام على الأقل. ومن أجل هذه الدراسة فحص الباحثون بيانات 1238 امرأة من بينهن، وتبين أنهن لم يكن مصابات بالسكري في البداية. وخلال الخمس وعشرين سنة التالية أصيبت 182 امرأة بالسكري. وقل احتمال الإصابة بالسكري بنسبة 48 في المائة، بالمقارنة بال
813,نقل الجرحى الى مستشفى في عسقلان ووقع الهجوم بعد وقت قصير من الاعلان عن نية وزير الخارجية الامريكي جون كيري زيارة المنطقة واللقاء بالزعماء الاسرائيليين والفلسطينيين في مسعى لنزع فتيل العنف. وقالت لوبا سامري الناطقة باسم الشرطة إن الهجوم الذي وقع مساء السبت له دوافع ايديولوجية وليست جنائية. وتقوم الشرطة بتمشيط بلدة كريات غات بحثا عن مسلح واحد على الأقل. وكانت هجمات مماثلة نفذها فلسطينيون قد أسفرت في الشهرين الماضيين عن مقتل 17 اسرائيليا، فيما قتل الجيش الاسرائيلي 84 فلسطينيا رميا بالرصاص. مواضيع قد تهمك في مواضيع تهمك . . .
814,"عند الرصيف المقابل لبوابة المستشفى الجمهوري في قلب العاصمة اليمنية صنعاء، تقضي ""أم نصر""، أغلب ساعات النهار، لتوفير ما يكفي من ثمن الوجبات الأساسية الكافية لبقاء أطفالها على قيد الحياة، في البلد الذي تتحدث إحصاءات اليونيسف عنه ""بأن ما يقدر 1.8 مليون طفل، مصابون بسوء التغذية الحاد، منهم 400 ألف مصاب ب""سوء التغذية الحاد الوخيم"". تتكئ أم نصر، في العقد الرابع من عمرها، على أحد أعمدة أحد الجسور، وقد رصت أمامها كميات من أوراق نبات الريحان، وهو نبات عطري يستخدم للنساء عند الولادة في اليمن، و DW عربية تقول إنها اضطرت لفعل ذلك منذ ثلاثة أشهر، حين أصيب زوجها في حادث عرضي، اقعده المنزل"
815,"دعت وزيرة الخارجية الأميركية، هيلاري كلينتون، أمس الجمعة إسرائيل والفلسطينيين إلى استئناف مفاوضات السلام ""من دون شروط مسبقة"". كما عبرت عن تأييدها لتحقيق هدف الفلسطينيين في إقامة دولة فلسطينية قابلة للحياة في حدود 1967 وعاصمتها القدس الشرقية. وقالت كلينتون في مؤتمر صحافي مع نظيرها الأردني، ناصر جودة، في عمان، إن المفاوضات يجب أن تبدأ من خلال مفاوضات مباشرة بين الطرفين. وأضافت كلينتون أن المفاوضات يمكن أن تبدأ باتفاق على تبادل أراض لضمان بقاء عدد من المستوطنات الإسرائيلية. كما أكدت على أن ""هذا عام تجديد الالتزام وتزايد الجهود، نحو ما نعتبره هدفا حتميا للمنطقة وللعالم"". وجاءت هذه التصريحات في مؤتمر الصحافي مع نظيرهما الأردني، اليوم السبت، حيث دعت فيه الفلسطينيين إلى محاولة وقف النشاطات الاستيطانية عبر مفاوضات حول القضايا الأساسية، بدلا من جعل وقف الاستيطان شرطا"
816,"تصاعدت حدة هتافات المحتجين في ميدان التحرير بقلب القاهرة وفي مدن السويس والإسكندرية والمنصورة وجنوب البلاد ضد المجلس العسكري الذي يتولى إدارة شؤون البلاد، إثر البيان الذي أصدره المجلس اليوم الثلاثاء (12 يوليو تموز 2011) وتلاه مساعد وزير الدفاع عضو المجلس الأعلى للقوات المسلحة اللواء محسن الفنجري. وردد المتظاهرون شعارات غاضبة ضد المجلس والمجلس العسكري مطالبين إياه بالتخلي عن السلطة. وتعهدوا بالاستمرار في تنظيم المسيرة الاحتجاجية التي كانت مقررة اليوم إلى مقر مجلس الوزراء الذي تم إخلاؤه من الموظفين. وقال أحمد ماهر منسق حركة ""شباب 6 أبريل"" إحدى الحركات المشاركة في الاعتصام، لوكالة الأنباء الألمانية (د.ب.أ) ""إن البيان غير محدد وينطوي على تهديد للنشطاء ويتضمن فكرة تبدو وكأنها محاولة للوقيعة بين المعتصمين في الميدان وباقي أطياف الشعب في منازلهم""."
817,"قال متحدث باسم الممثلة جودي فوستر الحاصلة على جائزة جولدن جلوب لعام 2013 الأربعاء (23 أبريل نيسان)، إنها تزوجت من صديقتها المصورة الكسندرا هيديسون. وقال موقع (E! News) المهتم بأخبار المشاهير وهو أول من أورد نبأ الزواج إن فوستر تزوجت في عطلة نهاية الأسبوع. وكانت فوستر، البالغة من العمر 51 عاما من العمر، قد اعترفت لأول مرة بميولها الجنسية المثلية في كلمة متلفزة أذيعت أثناء حفل توزيع جوائز جولدنجلوب لعام 2013. وأشارت إلى ""شريكتها السابقة في الحب"" سيدني برنارد. وكانت الممثلة وهيديسون البالغة 44 عاما من العمر في علاقة حب مع الممثلة الكوميدية ايلين ديجينير قبل عشر سنوات. ع.ع ع. ج. م ("
818,المرشحان يتبادلان تهمة تزوير الانتخابات. وأضاف كيري، في مؤتمر صحفي رفقة المرشحين أشرف غني وعبد الله عبد الله، أنهما سيلتزمان بنتجية التدقيق. وستبدأ عملية إعادة حساب الأصوات في غضون 24 ساعة. وكشفت النتائج الأولية عن تقدم غني، ولكن المرشحين يتبادلان تهم التزوير. وحسب أرقام المسؤولين في هيئة إدارة الانتخابات، حصل أشرف غني على نسبة 56.44 في المئة من الأصوات، في جولة الإعادة التي جرت يوم 14 يونيوحزيران. وأظهرت النتائج الأولية تقدم غني بفارق كبير في الجولة الأولى، بعد أن حل ثانيا بفارق كبير عن عبد الله. وفي جولة الإعادة، حصل عبد الله على نسبة 53.45 في المئة. وفي الجولة الثانية، حل غني ثانيا، بفارق كبير، بعد حصوله على نسبة 55.44 بالمئة من الأصوات
819,"فرح يستعد بقوة لأولمبياد لندن وبهذا يكون اللاعب قد فاز بثلاثة سباقات متتالية للمسافات الطويلة بعد حصوله على ميداليتين ذهبيتين إحداهما في سباق ألف وخمسمائة متر والأخرى في سباق الخمسة آلاف متر في كاليفورنيا قبل تسعة أيام. وتزايدت المخاوف من تعرض اللاعب البالغ من العمر تسعة وعشرين عاما للإرهاق بعد هذه السلسلة من السباقات. ولكن يبدو أن هذه المخاوف تبددت لاحقا. وعلق فرح على إنجازه الأخير قائلا ""كان أمرا جيدا أن أختبر لياقتي في مسافة الكيلو مترات العشرة. أعتقد أنني قوي ولكن علي أن أكون أسرع"". وكان فرح قد فاز في سباقين آخرين في بطولة العالم داخل الصالات في تركيا قبل ثلاثة أيام، وهو ما مكنه من أن يكون أسرع من منافسه سكوت أوفرول الذي سيشارك في ماراثون لندن. وقال فرح في أعقاب"
820,"هتف الجماهير باسم أبو تريكة في عدة مباريات في بطولة كأس الأمم الأفريقية في الدقيقة 22 ونشر دراجي على حسابه على موقع التواصل الاجتماعي تويتر صورا له مع والدة أبو تريكة، وبعض أفراد أسرته، قائلا: ""أحلى جلسة وأحلى غداء بلدي مع أحلى عائلة في قرية ناهيا نواحي القاهرة، وسط العائلة المحترمة لعزيزي وأخي محمد أبوتريكة"". وأضاف: ""شكرا جزيلا على الحفاوة والمودة وعلى دعوات والدة الكابتن أبو تريكة بالفوز للمنتخب الجزائري"". وقد وصل منتخب الجزائر إلى الدور النهائي في بطولة بطولة الأمم الأفريقية التي تقام حاليا في مصر، وسوف يلتقي منتخب السنغال في نهائي البطولة يوم الجمعة 19 يوليوتموز الجاري. ويحظى نجم الكرة المصري السابق أبو تريكة بشعبية واسعة في العالم العربي، وقد هتف مشجعو منتخب الجزائر باسمه في عدة المباريات في بطولة"
821,"وقع رئيس اقليم كاتالونيا كارليس بوتشيمون ونواب الاكثرية في برلمان الاقليم مساء الثلاثاء 10 أكتوبر تشرين الأول ""اعلان الاستقلال"" عن مدريد، لكنهم علقوا تنفيذه في بادرة لإجراء ""حوار"" مع الحكومة الاسبانية. في هذا السياق علقت صحيفة ""ليبراسيون"" اليسارية الليبرالية على إعلان الاستقلال بالقول: ""إنه طلاق رغم تأجيل التأكيد الرسمي... إنه طلاق. فرئيس الوزراء الاسباني ماريانو راخوي لا يعرف أين هو، ولا الى اين يسير، ولا إلى أين يسير. فهو لا يعرف اين هو ولا الى أين يسير ولا إلى اين يسير. إنه طلاق رغم التأجيل الرسمي... فرئيس وزراء اسبانيا ماريانو ديلا بوجديمون يدخل في مخاطرة كبيرة. فهو يدخل في ""فخ"" كبير. وفي هذا الإطار كتبت"
822,"تظاهر محتجون من إقليم التبت عندما ظهرت الصين أمام المجلس في أكتوبر الماضي وأدانت منظمات حقوق الإنسان تعيين الدول المذكورة في مجلس حقوق الإنسان الذي يتكون من 47 عضوا. وقالت منظمة هيومان رايتس ووتش إن بعض الدول المعينة في المجلس منعت مراقبي الأمم المتحدة من التحقيق في مزاعم بشأن حدوث انتهاكات لحقوق الإنسان فيها. وعينت الجمعية العامة في الأمم المتحدة 14 عضوا جديدا في المجلس من بينهم خمسة بلدان هي الصين وروسيا والسعودية وفيتنام والجزائر وكوبا وكوبا. وقال مدير المنظمة، بيغي هيكس، إن بعض هذه الدول منعت خبراء الأمم المتحدة الذين عينهم المجلس من زيارة البلاد. وأضاف هيكس قائلا إن ""البلدان التي لم تسمح لخبراء الأمم المتحدة بالزيارة، عليها تقديم تفسيرات كثيرة بشأن ما حدث"". وأضاف مدير المنظمة قائلا إن"
823,"تصف دول الخليج ما يحدث في اليمن بالانقلاب وخلال اجتماع طارئ في العاصمة السعودية الرياض، دعت دول مجلس التعاون الخليجي مجلس الأمن الدولي إلى استصدار قرار يستند للفصل السابع من ميثاق المنظمة الدولية يفوض باستخدام القوة العسكرية أو فرض عقوبات اقتصادية على اليمن. وتصف دول مجلس مجلس الأمن ما يجري في اليمن بانقلاب. في هذه الأثناء، ارتفع عدد الدول العربية والغربية التي أغلقت سفاراتها في صنعاء إلى 14 سفارة، بينها خمس دول خليجية فضلا عن بلدان غربية مثل الولايات المتحدة وفرنسا وبريطانيا وهولندا. وكان مجلس مجلس الوزراء الخليجي أدان الأسبوع الماضي استيلاء الحوثيين على السلطة في اليمن وحل البرلمان. مواضيع قد تهمك نهاية وقال المجلس إن ""الانقلاب الحوثي تصعيد خطير نرفضه ولا نقبله. إنه يتنافى تماما مع روح التعددية والتعايش التي يعرفها اليمن"". وكان الحوثيون أعلنوا سيطرتهم على صنعاء في"
824,تنحدر النساء اللواتي اشتكين من سوء المعاملة من الهند وباكستان وبنجلاديش ورحلت السلطات البريطانية أكثر من 500 امرأة كن تقدمن ما بين عامي 2008 و 2009 بطلبات الحصول على حق الإقامة بعدما انهارت الزيجات لأن السلطات لم تجد أي أدلة على تعرضهن لسوء المعاملة. وينتاب الشرطة والجمعيات الخيرية القلق بشأن عدم تبليغ المتضررات عن أي سوء معاملة بسبب تعرضهن لضغوط عائلية وخوفهن من الانتقام. وتقول وكالة الحدود البريطانية إنها وضعت رهن الاستخدام إجراءات محددة بهدف منع هؤلاء النساء من التعرض لسوء المعاملة، كما أنها وضعت رهن الإقامة في المنازل الواقعة في شمالي إنجلترا. وترحل السلطات البريطانية نحو 500 امرأة كانت تقدمن بطلبات للحصول على حق الإقامات بعدما انهارت زيجاتهن لأن حماتها احتجزتها لمدة ثلاث سنوات في منزل العائلة الواقع في شمالي
825,"فيما قال سكان في الغوطة الشرقية بسوريا اليوم الأربعاء (21 فبرايرشباط) إنهم ""ينتظرون دورهم في طابور الموت"" في واحدة من أعنف عمليات القصف التي تشهدها المنطقة، أكد المرصد السوري لحقوق الإنسان (معارض)، أن قوات الحكومة السورية جددت الأربعاء غاراتها وقصفها بالبراميل المتفجرة والصواريخ على مدن وبلدات عدة في الغوطة الغوطة الشرقية، ما تسبب بمقتل 38 مدنيا بينهم أربعة أطفال وإصابة أكثر من 250 آخرين بجروح. وندد مفوض الأمم المتحدة لحقوق الإنسان الأمير زيد بن رعد الحسين بما قال إنها ""حملة إبادة وحشية"" ضد المدنيين المحاصرين في الغوطة، في سوريا. وقال الأمير زيد في بيان ""القانون الإنساني الدولي صيغ بإحكام لوقف مثل هذه الأوضاع التي يذبح فيها المدنيون بشكل جماعي من أجل تنفيذ أهداف سياسية وعسكرية"". وكشف المفوض الأممي عن أن"
826,"كثف الجيش العراقي قصفه لمدينة الفلوجة الأحد (الثاني من فبراير شباط 2014) استعدادا لهجوم بري لاستعادة السيطرة عليها من مسلحين استولوا عليها قبل شهر. واجتاح مقاتلون مناهضون للحكومة، أغلبهم سنة، الفلوجة في محافظة الأنبار الغربية، التي يشكل السنة غالبية سكانها، في الأول من يناير كانون الثاني، وسط تدهور الأمن في أنحاء العراق. وتنفذ حكومة رئيس الوزراء نوري المالكي، الذي يتهم كثيرون في الأقلية السنية حكومته التي يهيمن عليها الشيعة بالتمييز، هجوما يتوقف بين الحين والآخر لإعطاء رجال العشائر المحليين فرصة لإخراج المسلحين بأنفسهم. لكن مسؤولين أمنيين أكدوا لوكالة رويترز أمس السبت أن قرارا اتخذ بدخول الفلوجة الأحد. وأضاف مسؤول أمني كبير: ""صدرت الأوامر ببدء قصف المدينة بالمدفعية والطائرات لاكتشاف القدرات المحتملة للمسلحين داخل"
827,تأهل المنتخب الإسباني إلى دور الستة عشر لمونديال روسيا بعد تعادله القاتل مع نظيره المغربي 22 اليوم الاثنين (25 حزيران يونيو 2018) في الجولة الأخيرة من مباريات المجموعة الثانية. وبادر خالد بوطيب، لاعب ملطية سبور التركي بالتسجيل لمنتخب المغرب في الدقيقة 14 ثم تعادل إيسكو صانع لعب ريال مدريد لإسبانيا في الدقيقة 19. وتقدم المنتخب المغربي مجددا، إذ تكفل البديل يوسف نصيري، مهاجم ملقة الإسباني بتسجيل الهدف الثاني لأسود الأطلسي في الدقيقة 81. وكادت المباراة أن تنتهي بأول فوز للمنتخب المغربي في مونديال روسيا، إلا أن البديل الإسباني ياجو اسباس، لاعب سيلتا فيغو، كان له رأي آخر إذ خطف هدف التعادل القاتل للماتادور في الوقت بدل الضائع. البرتغال تتأهل ثانية المجموعة كما تأهل
828,"تيران وصنافير: هل تشهد مصر تنازعا قضائيا ؟ وقال المحامي المصري خالد علي الذي رفع دعوى ضد الحكومة المصرية أمام محكمة القضاء الإداري في القاهرة، إن ""ضد رئيس الجمهورية ورئيس مجلس الوزراء ورئيس مجلس النواب ووزراء الخارجية والداخلية والدفاع طعنا على قرار موافقة مجلس الوزراء على اتفاقية ترسيم الحدود وإرسالها لمجلس النواب"". في غضون ذلك، أيدت محكمة القاهرة للأمور المستعجلة الاستمرار في الاتفاقية التي تم بمقتضاها اعتبار الجزيرتين تابعتين للسعودية. يأتي ذلك بعد يومين من قرار الحكومة بإحالة الاتفاقية للبرلمان في الوقت الذي تنظر فيه المحكمة الإدارية العليا طعن الحكومة المصرية على حكم القضاء الإداري والذي قضى ببطلان الاتفاقية قبل عدة أشهر. وقضت المحكمة السبت برفض استئناف قدمه محامون على حكم قضائي سابق بوقف تنفيذ حكم محكمة القضاء الإدارية ببطلان الاتفاقية، صنف بأنه من حكم ""أول درجة"
829,"يمتلك مستخدم الإنترنت في الوقت الحالي حرية تخزين المعلومات وإعادة استدعاءها متى شاء ومن أي مكان في العالم، وذلك بواسطة ما بات يعرف بنظام ""الحوسبة السحابية""، الذي يتم من خلاله تخزين البيانات على خوادم في الشبكة العنكبوتية العالمية، بحيث يسهل استدعائها في أي وقت ومن أي بلد في العالم. لكن كيف وأين يتم تخزين هذه البيانات؟ وأين موقع الخادم الذي خزنت عليه البيانات، ومدى الأمان الذي تتمتع به؟ فتلك قضية لا يعرف معظم المستخدمين تفاصيلها ولا يعيرون لذلك الأمر أي أهمية. هذا الوضع يمكن أن يتغير الآن بعد أن كشفت دراسة، أجريت بتكليف من البرلمان الأوروبي، مخاطر وثغرات أمنية كثيرة. فقد توصل الخبراء من مركز دراسات النزاعات (Centre D'Etudes Sur Les Conflits) ومركز الدراسات السياسية"
830,"قتل أربعة أشخاص على الأقل وأصيب 18 شخصا آخر في تفجير انتحاري في مدينة كركوك بشمال العراق. وشدد كيري متحدثا بعد لقائه مسؤولين في حلف شمال الأطلسي ""الناتو"" في بروكسل، على أن محادثاته مع المالكي والمسؤولين العراقيين في وقت سابق هذا الأسبوع لم تتناول مفهوم حكومة انقاذ وطني. بيد أنه أشار الى أن الإدارة الأمريكية دأبت على حث القادة العراقيين على تشكيل حكومة توحد العراقيين جميعا وفي أسرع وقت ممكن. ومن المقرر أن يزور وزير الخارجية الأمريكي جون كيري بغداد الجمعة لغرض إجراء المزيد من المشاورات بشأن الأوضاع في العراق. وكان رئيس الوزراء العراق قد وصف فكرة تشكيل حكومة انقاذ الوطني بمثابة ""انقلاب على الدستور ومحاولة لإنهاء التجربة الديمقراطية"" في العراق، مشيرا الى أن هذه الفكرة قد تكون ""انقلابا على الدستور"" و ""انقلابات على الدستور"". مواضيع قد تهمك نهاية """
831,"إنتهت أزمة ""إيفر غيفن"" موجودة في منطقة البحيرات القريبة من القناة، ولن تستكمل رحلتها إلا بعد إنهاء ملف التعويضات وأوضح ربيع، أن ""الخسائر المبدئية قرابة مليار دولار، لكن بعد حساب الخسارة بشكل رسمي، قد يزيد المبلغ أو يقل قليلا"". وأضاف أنه يجري حاليا دراسة ""منح السفن التي كانت عالقة في القناة وقت الأزمة، حوافز بعد انتظارها لأيام، بسبب جنوح السفينة"". كما أصدرت محكمة الإسماعيلية الإقتصادية، يوم الاثنين، أمرا بالحجز التحفظي على السفينة، بناء على طلب قدمته هيئة قناة السويس. مواضيع قد تهمك نهاية وأفادت صحيفة ""الشروق"" المصرية أنه ""بموجب ذلك الأمر، سيتم التحفظ على السفينة في ميناء بورسعيد، ومنع الشركة المشغلة لها من التصرف فيها، لحين سداد ما عليها من مستحقات لهيئة"
832,"بعد سبعة مواسم كروية سيطر فيها بايرن ميونيخ على بطولة الدوري الألماني سيطرة تامة، يبدو أن دورتموند يريد الآن أن ينازعه تلك السيطرة، فقد مل فريق ""الأسود والأصفر"" من لعب دور الوصيف، منذ أن جرده بايرن قبل سنوات من أفضل لاعبيهم بعد فوز دورتموند بلقبي الدوري (2011، 2012)، إذ خطف ماريو غوتسه في 2013، ثم تعاقد مع القناص روبرت ليفاندوفسكي 2014. ومنذ ذلك الحين لم يرفع دورتموند درع البوندسليغا، رغم صمود قائده الحالي ماركو رويس في وجه محاولات البافاري للتعاقد معه. وترى مجلة ""كيكر"" الرياضية الألمانية، أن الصراع الآن بين بايرن ودورتموند، عملاقي البطولة الألمانية ""وصل إلى بعد جديد"". فالفريقان استثمرا ما يقرب من ربع مليار يورو في التعاقد مع لاعبين"
833,"أعلن الاتحاد الألماني لقطاع النقل الجوي مساء الخميس أنه يعتزم فرض وجود شخصين داخل قمرة قيادة الطائرات وذلك بعد تحطم طائرة الايرباص الالمانية ايه320 في جبال الألب في كارثة تبين أن مساعد الطيار تسبب بها عمدا. وردا على سؤال لوكالة فرانس برس، قالت متحدثة باسم الاتحاد الذي يمثل كل شركات قطاع النقل الجوي إنها ""تؤكد"" هذا الإعلان الذي صدر على لسان رئيس الاتحاد ماتياس فون راندوي. وفي مقابلة مع محطة التلفزيون الألمانية العامة ""إي آر دي"" قال كارستن سبوهر مدير شركة لوفتهانزا التي تملك شركة ""جيرمان وينغز"" التي تتبع لها الطائرة المنكوبة إن اجتماعا سيعقد اليوم الجمعة (27 مارس آذار) وسيخصص ""للوسائل التي يمكن أن تسمح على المدى القصير بتعزيز الأمن"" على متن الطائرات"
834,"أسدل الستار اليوم السبت (18 مايو أيار 2013) رسميا على الدوري الألماني لكرة القدم لموسم 2012 2013، بعد أن بلغ اليوم مرحلته الرابعة والثلاثين (الختامية). وتوج بلقبه فريق بايرن ميونيخ قبل نحو ثمانية مراحل من انتهاء الدوري، والفريق اليوم بصدد إنهاء موسم حافل سطع فيه نجمه قاريا ومحليا بقيادة المدرب المخضرم يوب هاينكس. وعاد مركز الوصيف إلى حامل اللقب الموسم الماضي فريق بروسيا دورتموند، والمركز الثالث إلى باير ليفركوزن. والفرق الثلاث تأهلت جميعها إلى دوري أبطال أوروبا، وذلك إلى جانب شتوتغارت الذي تأهل مباشرة إلى المسابقة الأوروبية بعد صعوده إلى نهائي كأس ألمانيا. وكان على بايرن ميونيخ أن ينهي موسمه في الخامس والعشرين من الشهر الحالي، وهو موعد ""موقعة ويمبلي"" بلندن (نهائي كأس ألمانيا) في الخامس"
835,ثقل الديون يعرقل نمو الاقتصاد وتأتي هذه الأرقام بعد فترة كساد في المنطقة دامت 18 شهرا، وهو ما يبين أن فترة التعافي لا تزال بعيد المنال. وكان البنك المركزي الأوروبي خفض الأسبوع الماضي نسبة الفائدة إلى 0.25 في المئة من أجل دفع عجلة النمو. وتأخر الاقتصاد الأوروبي كثيرا في الخروج من فترة الكساد مقارنة بالمناطق المتطورة الأخرى، التي مستها الأزمة المالية لعام 2008. وعلى الرغم من أن ديونها ليست أكبر من ديون الولايات المتحدة أو بريطانيا، لكنها تكتسي أهمية بالغة سياسيا بالنسبة للعديد من الدول. مواضيع قد تهمك نهاية واستفادت الدول الأضعف في المنطقة من إعانات منحت لها بشرط تخفيض النفقات العامة لتقليص ديونها. وقد أثرت هذه الإجراءات مباشرة على الناخبين من خلال تقليص الوظائف، وخفض الرواتب والمعاشات، وزيادة الضرائب، والتغييرات الواسعة في الخدمات
836,"وصف الملك عبد الله التنظيم بأنه زمرة مجرمة ضالة"" وقال وزير الإعلام والمتحدث باسم الحكومة، محمد المومني، إن رد الأردن على قتل الكساسبة سيكون ""حازما ومزلزلا وقويا""، حسبما أفادت وكالة الأنباء الرسمية (بترا). وفي كلمة بثها التلفزيون، وصف الملك، عبد الله الكساسباسبة بأنه ""شهيد""، قائلا إنه مات ""دفاعا عن عقيدته ووطنه وأمته"". وانتقد عبد الله تنظيم الدولة الإسلامية بوصفه أنه ""زمرة مجرمة، ضالة""، داعيا الأردنيين إلى ""الوقوف صفا واحدا"". وكان الملك في واشنطن حيث التقى بالرئيس الأمريكي باراك اوباما قبل أن يقطع زيارته إلى الولايات المتحدة للعودة إلى الأردن. مواضيع قد تهمك نهاية وأدان اوباما قتل الطيار الأردني بوصفه دليلا آخر على ""بربرية"" تنظيمالدولة الإسلامية."
837,"الرئيسان تعهدا بتكثيف التعاون في مكافحة الإرهاب وفي مؤتمر صحفي مشترك في باريس، قال أردوغان إن ثمة مخاوف بشأن حقوق الإنسان منذ حملة التطهير التركية في أعقاب محاولة الانقلاب الفاشل في 2016. وقال أردوغان إن تركيا سئمت من المناشدة المتواصلة للانضمام إلى الاتحاد الأوروبي. وهاجم أردوغان صحفيا كان قد سأله عن مزاعم بإرسال تركيا أسلحة إلى سوريا. وطلب الصحفي من الرئيس التركي التعليق على تقرير نشرته صحيفة ""جمهوريت"" التركية عام 2015 كان قد ذكر أن الاستخبارات التركية أرسلت أسلحة إلى دمشق. ورد الرئيس التركي باتهام الصحفي بأنه يتحدث كما لو كان عضوا في حركة رجل الدين فتح الله غولن، التي يحملها أردوغان مسؤولية الوقوف وراء محاولة الانقلاب الفاشلة. وقال ماكرون إنه حان الوقت كي نضع حدا للنفاق في التظاهر بأن ثمة إمكانية لتحقيق تقدم في مفاوضات انضمام تركيا إلى ""الاتحاد الأوروبي"
838,حكم الرئيس السابق علي عبد الله صالح اليمن طيلة 33 عاما، أحكم خلالها قبضته على السلطة وناصب الحوثيين العداء، وشن حروبا ضدهم، قبل تنحيه في شباط فبراير 2012 بعد 11 شهرا من الاحتجاجات ضد نظامه. وفي 2014، تحالف صالح مع المتمردين الحوثيين المدعومين من ايران، لاستعادة السيطرة على صنعاء قبل انهيار هذا التحالف قبل أيام. في ما يأتي التطورات الرئيسية في اليمن منذ تنحي علي عبدالله صالح الذي أعلن الحوثيون مقتله الاثنين (الرابع من كانون الأول ديسمبر 2017)، عن السلطة في شباط فبراير 2012 إثر ضغوط من الشارع: - 27 شباطفبراير 2012: أعلن صالح تخليه عن السلطة لصالح نائبه عبد ربه منصور هادي بعد 33 عاما  في الحكم. وكان صالح يواجه احتجاجات في الشارع منذ أشهر عدة قبل
839,"أعلنت النيابة الألمانية الخميس (25 فبراير شباط 2021) أنه تم توجيه الاتهام رسميا في برلين إلى ألماني يشتبه بأنه نقل إلى روسيا بيانات ومخططات تتعلق بمجلس النواب الألماني (بوندستاغ). وقالت النيابة في بيان إنه ""بين نهاية تموزيوليو وبداية أيلولسبتمبر 2017 قرر المشتبه به من تلقاء نفسه نقل معلومات تتعلق بممتلكات البوندستاغ الألماني إلى الاستخبارات العسكرية الروسية"". وأوضح الادعاء اليوم في مقره بمدينة كارلسروه أنه من المقرر أن يمثل ينس إف. للمحاكمة أمام الدائرة القضائية المعنية بأمن الدولة التابع للمحكمة الإقليمية ببرلين للاشتباه في قيامه بأنشطة عمالة استخباراتية سرية. وبحسب الادعاء، كان يعمل الرجل لصالح شركة تم تكليفها أكثر من مرة من جانب البرلمان الألماني بفحص أجهزة كهربائية. وأضاف الادعاء أن الرجل كان لديه إمكانية الوصول لملفات تضم مخططات ممتلكات المجلس"
840,يبدو أن الاتحاد الأوروبي مصمم على المضي قدما في مغامرته لتنفيذ عمل عسكري ضد مهربي اللاجئين في ليبيا. فخلال اجتماع لحلف شمال الاطلسي في أنطاليا التركية، أعلنت الممثلة العليا للسياسة الخارجية في الاتحاد الاوروبي فيديريكا موغريني أمام دهشة بعض وزراء الخارجية المشاركين، عن خططها العسكرية لردع المهربين. وإذا وافقت الأمم المتحدة والحكومات المتناحرة في ليبيا على هذا المخطط، فمن المنتظر أن يبدأ الاتحاد الأوروبي انطلاقا من يونيو حزيران القادم في تشكيل أسطول عسكري لإغراق قوارب المهربين في المياه الإقليمية الليبية أو مراقبتها وتتبعها على الأرض وتدميرها قبل انطلاق رحلاتها. وزيرة الخارجية الايطالية السابقة والمسؤولة الحالية عن السياسة الخارجية في أوروبا، تواجه ضغوطا كبيرة من حكومتها في روما، فإيطاليا تريد أن يتم اتخاذ إجراءات حاسمة لمنع وصول قوارب اللاجئين
841,"على سرير متنقل، وضعت العملة الأوروبية يورو، وهي محاطة بمجموعة من الأطباء والممرضين الذين يسعون إلى إنقاذها. إنها صورة كاريكاتورية للفنان الألماني غيرهارد ميستير، التي حاز بفضلها على جائزة أفضل لوحة كاريكاتير لعام 2012. وعلى هامش تسليم الجوائز، صرح أولريش أوب دي هيب الذي جمع أكبر مخزون فني لرسم الكاريكاتير في متحف التاريخ في بون بالقول: ""إن الفن الكاريكاتوري هو تعقيب مستمر عن الأحداث، فعبره تتم صياغة المواقف وتحليل الأوضاع"". أما غيرهارد مستير فاعتبر الجائزة دعما لمواصلة عمله الفني، خاصة أمام تدهور الأوضاع الاقتصادية والتي انعكست أيضا على الصحافة المطبوعة، حيث تقلصت المساحات المخصصة لرسم الكاريكاتير. أما على شبكة الانترنت، فلا يوجد أي نموذج منصف لهذا الفن، كما يوضح راين"
842,"ما يزال أكثر من ثلاثة آلاف شخص، ينتظرون منذ ساعات طويلة، في منطقتين قريبتين من مدينة حلب في شمال سوريا، من أجل إكمال طريقهم إلى وجهاتهم النهائية بعد إجلائهم من بلدات محاصرة، وفق ما أفاد المرصد السوري لحقوق الإنسان اليوم الخميس(20 نيسانأبريل 2017). وتم إجلاء أكثر من 3 آلاف شخص من بلدتي الفوعة وكفريا ذات الغالبية الشيعية في محافظة إدلب (شمال غرب) بموجب اتفاق بين الحكومة السورية والفصائل المعارضة، الذي تم برعاية إيران، أبرز حلفاء دمشق، وفصائل المعارضة، في حزيرانيونيو المقبل. وأفاد المرصد السوري أن ""القافلتين لن تتحركا إلا بعد الإفراج عن معتقلين في سجون قوات النظام في منطقة الراموسة""، التي تسيطر عليها الفصائل المعارضة. وأوضح المرصد أن ""القافلة التي تقل"
843,منذ تولي، ناصر الخليفي، رئاسة نادي باريس سان جيرمان الفرنسي سنة 2011، حمل رجل الأعمال القطري على عاتقه مهمة إعادة أمجاد نادي العاصمة الفرنسية، ووضع اسم باريس سان سان جيرمان على خريطة الأندية الأوروبية الكبرى، التي تصل دائما إلى أدوار متقدمة جدا في بطولة دوري أبطال أوروبا. واستثمر العملاق الفرنسي أمولا طائلة من أجل إبرام صفقات مع لاعبين من طينة كبيرة، مستفيدا من السيولة المالية الكبيرة، االمتوفرة لديه، حيث استقدم باريس جيرمان النجم السويدي، زلاتان إبراهيموفيتش، والإنجليزي، ديفيد بيكهام، والموهوب الأرجنتيني، خافيير باستوري، الذي توهج بشكل كبير مع نادي باليرمو الإيطالي، وكان محط أطماع العديد من الأندية الأوروبية الكبيرة، بالإضافة إلى أغلى صفقة في تاريخ كرة القدم نيمار دا سيلفا (222 مليون يورو)
844,"تشهد الجولة الثالثة من الدور الأول لمسابقة دوري أبطال أوروبا لكرة القدم غدا الثلاثاء مباريات قمة قد تحدد هوية وملامح طليعة المتأهلين إلى الدور الثاني. فعلى ملعب ""سانتياغو برنابيو"" في العاصمة الاسبانية مدريد, يستقبل ريال مدريد الاسباني ميلان الايطالي ضمن المجموعة السابعة التي يتصدرها بست نقاط بفوزين على أياكس أمستردام الهولندي 2-صفر وأوكسير الفرنسي 1-صفر خارج أرضه. وتجمع المباراة بين الفريقين الأكثر تتويجا في المسابقة، إذ أحرز ريال اللقب تسع مرات مقابل سبع مرات للفريق اللومباردي. نتائج جيدة للفريق الملكي ويتألق الفريق الملكي راهنا إذ سجل 10 أهداف في آخر مباراتين له في الدوري المحلي، حيث يملك أفضل هجوم وأقوى دفاع، بيد أن ذكرى المواجهة الأخيرة بين الطرفين على هذا الملعب تصب في مصلحة ميلان الذي خرج فائزا 3-2 العام الماضي في دوري"
845,"تنطلق اليوم الخميس (السابع من نوفمبر تشرين الثاني 2013) المحادثات النووية بين مجموعة 5 زائد1 وإيران. وفي هذا الصدد كان قال وزير الخارجية الإيراني محمد جواد ظريف، الذي سيقود فريق التفاوض الإيراني في جنيف، لمحطة تلفزيون فرانس 24 الثلاثاء ""أعتقد أنه من الممكن التوصل إلى اتفاق هذا الأسبوع، لكن لا يمكنني التحدث إلا من وجهة نظرنا"". فيما كانت لهجة الجانب الغربي أكثر تحفظا، ففي سياق متصل قال مايكل مان، المتحدث باسم وزيرة خارجية الاتحاد الأوروبي كاثرين آشتون، إن ""المحادثات النووية معقدة وتدخل في مرحلة جدية"". وذكر بأن المشاركين قرروا الاحتفاظ ""بسرية"" مضمون المحادثات حرصا على الفعالية. وقال أيضا ""نأمل في تحقيق تقدم ملموس"". من جهتها، دعتإسرائيل القوى الكبرى إلى رفض اقتراح إيراني محتمل وصفته بأنه ""سيء"
846,"تجلى الخسوف على مدى ثلاث ساعات وبدأ نحو الساعة الثانية صباحا بتوقيت شرق الولايات المتحدة، حين أخذ القمر يتحرك ويدخل في ظل الأرض. وبعد نحو ساعة شوهد خسوف القمر بألوانه المتباينة. وشوهد الخسوف في كثير من مناطق الولايات المتحدة واعتمد ذلك على أحوال الطقس المحلية. وشارك مشاهدون من فلوريدا حتى كاليفورنيا في حفلات لمراقبة خسوف للقمر وتقاطروا على وسائل التواصل الاجتماعي ومواقع الإنترنت الأخرى لإلقاء نظرة على ما أطلق عليه اسم ""القمر الدامي"" وتبادلوا صوره. واحتشدت مجموعة صغيرة في طريق جانبي الى الشمال من لوس أنجلوس وشاهدوا قمرا فضيا ما زال مضيئا وظلالا حمراء تنعكس على مداره. ولم يحالف مثل هذا الحظ آخرين، فلجؤوا الى تويتر يشكون من سحابة غطت نيو"
847,"عين حفتر قائدا للجيش الليبي في الشهر الماضي وناقش العاهل الاردني مع حفتر الأزمة التي تمر بها ليبيا، وسبل ""التصدي للارهاب والعصابات الارهابية""، وذلك حسبما جاء في بيان صدر عن البلاط الملكي الأردني. وجاء في البيان أن ""الملك أكد دعم الاردن المستمر لليبيا في جهودها الهادفة لاستعادة الامن والاستقرار والتصدي للجماعات الارهابية التي تهدد سيادتها ووحدة شعبها."" وجاء في بيان البلاط الملكي الاردني أن ""العاهل الاردني أكد دعم الأردن المستمر لحفتر في مختلف المجالات، بما في ذلك مكافحة الارهاب والعصابات الاجرامية. "" جاء في البيان ايضا أن ""عاهل الاردني ناقش مع حفتر التعاون العسكري بين الاردن وليبيا"" دون أن يخوض في المزيد من التفاصيل."
848,"قتل 82 شخصا على الأقل وأصيب 700 آخرون في انهيار مبنى مؤلف من ثمانية طوابق يضم العديد من مصانع الملابس يعمل فيها الآلاف على مشارف دكا عاصمة بنغلاديش اليوم الأربعاء (24 نيسان أبريل 2013) في وقت تزداد فيه المخاوف من ارتفاع عدد القتلى. ولم يتبق سوى الطابق الأرضي من مبنى ""رنا بلازا"" الواقع في بلدة سافار الذي انهار اليوم. ويحاول المئات من رجال الإطفاء والجيش العثور على ناجين بين الأنقاض مستخدمين المعدات والرافعات. وصرح هيرالال روي الطبيب المسؤول في قسم الطوارئ في مستشفى اينام القريب من موقع الحادث حيث يعالج الجرحى لوكالة فرانس برس إن ""عدد القتلى حتى الآن 82 قتيلا. ويعالج 700 شخص على الأقل في المستشفى"". واضاف الطبيب أن ""العدد يرتفع لان حالة بعض الجرحى خطرة"". واشتكى بعض العاملين في المبنى من وجود"
849,"استخدمت الشرطة خراطيم المياه لتفريق المحتجين وسعى المتظاهرون ايضا الى اقتحام منزل رئيس الوزراء الهندي مانموهان سينغ، الذي دعته المعارضة من جانبها الى تقديم استقالته. وكشف تقرير اعده مراقبو الحسابات الاسبوع الماضي ان عملية البيع غير المدروسة كلفت الهند، أكبر دول العالم انتاجا للفحم، 33 مليار دولار. وقال مراقبو حسابات بالحكومة في التقرير ان الشركات الخاصة جنت ""مكاسب طائلة"" من خلال عملية توزيع اتسمت بانعدام ""الشفافية"" لحقوق استغلال التعدين بالمناجم من عام 2005 الى 2009. وقال حزب باهاراتيا جاناتا المعارض الرئيسي ان سينغ ينبغي ان يقدم استقالته من منصبه لانه كان على رأس وزارة الفحم وقت اتمام صفقة البيع. وباتت الدعوة لاستقالة سينغ مأزقا يواجه البرلمان منذ يوم"
850,"إسرائيل تقول إن القبة الحديدية تمكنها من حماية أجوائها وقال بيان صادر عن ""مجلس شورى المجاهدين في أكناف بيت المقدس"" إن إطلاق الصاروخ جاء ردا على غارة جوية نسبت لإسرائيل. وكان مصدر بالشرطة الاسرائيلية قد أكد أن منظومة الدفاع الصاروخي المعروفة بالقبة الحديدية قد تصدت بنجاح لصاروخ أطلق على إيلات جنوبي اسرائيل في وقت مبكر من صباح الثلاثاء. وذكر بيان جماعة ""أنصار بيت المقدس أن هذا القصف يأتي كرد سريع على ما وصفه ب ""جريمة اليهود الأخيرة التي تم خلالها قتل أربعة من المجاهدين في أرض سيناء"". ولم ترد تقارير عن اصابات أو خسائر في الحادث لكن شهودا ووسائل إعلام اسرائيلية قالوا ان انفجارات تردد صداها في السماء المظلمة فوق التلال الصحراوية المحيطة بالمدينة الساحلية. مواضيع قد تهمك نهاية وكان الجيش المصري قد نفى وقوع أي هجوم جوي"
851,"قال رئيس اللجنة الدولية للصليب الأحمر لرويترز اليوم الأربعاء (21 أبريل مارس 2014) إن اللجنة بدأت عملية ""توزيع كبرى""لحصص غذائية على جانبي خطوط المواجهة في مدينة حلب السورية لأول مرة منذ أكتوبر تشرين الأول. وقال رئيس اللجنة بيتر ماورر إن الحكومة السورية وافقت أخيرا هذا الأسبوع على الخطة التي قدمت في يناير كانون الثاني ويجري تنفيذ عملية توزيع الأغذية على 60 ألف شخص في المدينة الشمالية المقسمة بالتعاون مع الهلال الأحمر العربي السوري. وقال ماتورر لرويترز في جنيف ""لدينا عملية كبرى لتوزيع الأغذية جارية في حلب. إنها المرة الأولى منذ شهور (لعملية) على هذا النطاق."" وأضاف ""إنها على جانبي خط المواجهة."" وفي حلب أيضا، تقترب القوات النظامية السورية من فك الحصار عن سجن حلب المركزي الذي يفرضه مقاتلو"
852,"جون كيري - وزير الخارجية الأمريكي وقال الوزير الأمريكي في كلمة له أمام جمع من كبار رجال الأعمال وأرباب الشركات الأمريكية العملاقة إن الإخوان صادروا الثورة على مبارك من الشباب الذين أوقدوها من خلال مواقع التواصل الاجتماعي. وأضاف: ""لم يكن الحافز الديني أو الايديولوجي وراء هؤلاء الشباب المتظاهرين في ميدان التحرير... بل السعي الى اقتناص فرصة من الفرص المتاحة للحصول على شهادة علمية تؤمن لهم وظيفة ومستقبلا. والتخلص من حكومة فاسدة حرمتهم من كل ذلك... إلا أن تلك الثورة صودرت من قبل كيان وحيد منظم"". ومن المتوقع أن تثير تصريحات الوزير كيري ردود فعل ايجابية من التيار العلماني في مصر خصوصا أن التيار العلماني كان قد اتهم الولايات المتحدة في السابق بالانحياز الى جانب الإخوان المسلمين بالرغم من إحجام واشنطن عن وصف عزل الرئيس محمد مرسي،"
853,بقيت الشراكة بين برشلونة وأتلتيكو مدريد في صدارة دوري الدرجة الأولى الاسباني لكرة القدم كما هي، بعدما انتهت مباراتهما بالتعادل بدون أهداف السبت (11 يناير كانون الثاني 2014). وفشل الفريقان في هز الشباك في عرض متوسط في استاد كالديرون معقل أتلتيكو في العاصمة الاسبانية. وأهدر كلا الفريقين بهذا التعادل نقطتين ثمينتين في صراع المنافسة على اللقب، ليقدما خدمة عظيمة لمنافسهما ريال مدريد صاحب المركز الثالث الذي أصبح بإمكانه تقليص الفارق معهما إلى ثلاث نقاط حال فوزه على مضيفه اسبانيول الأحد. جاء الشوط الأول مخيبا للآمال، حيث اتسم بالعصبية الشديدة وغلب الطابع الحماسي على أداء الفريقين، في ظل قرار الأرجنتيني خيراردو مارتينو المدير الفني لبرشلونة بعدم الدفع بنجميه الأرجنتيني ليونيل ميسي والبرازيلي نيمار دا سيلفا منذ البداية. ولم يتغير
854,"عمر البشير في محبسه فقد أعلن محمد حسن التعايشي عضو مجلس السيادة الانتقالي في جوبا عاصمة جنوب السودان، حيث تجري مفاوضات بين الحكومة السودانية وممثلين للفصائل المسلحة في دارفور، إن لدى الحكومة ""قناعة في الموافقة على مثول الذين صدرت في حقهم أوامر القبض أمام المحكمة الجنائية الدولية"". وفي ذات السياق أعلن وزير الإعلام السوداني، فيصل محمد صالح، إن الحكومة اتفقت مع جماعات التمرد في إقليم دارفور خلال محادثات سلام في جوبا على تسليم الرئيس السوداني عمر البشير إلى الجنائية الدولية في لاهاي، في وقت لاحق من يوم الأربعاء 12 فبراير الجاري، وذلك في الوقت الذي لم يحدد فيه المسؤولون السودانيون ما إذا كانت الحكومة السودانية ستوافق على تسليم البشير أم لا، كما لم يحددوا وقتا لتسليمه للمحكمة الجنائية الدولية. على الجانب الآخر جاء الرفض على هذا القرار من"
855,"الصورة التي نشرتها وزارة الدفاع الأرمينية لطائرة السوخوي - إس يو - 25 التي قالت إن طائرة تركية إف-16 أسقطتها وقال ماكرون خلال زيارة له إلى جمهورية لاتفيا إن فرنسا ""قلقة للغاية من الرسائل الحربية"" الصادرة من تركيا. وتقول تركيا إنها ""جاهزة تماما"" لمساعدة حليفتها أذربيجان على استعادة الإقليم، الخاضع لسيطرة عرقية الأرمن. أما مجلس الأمن الدولي فقد دعا إلى إنهاء القتال الدائر هناك. غير أن المنطقة شهدت المزيد من العنف اليوم الأربعاء وتعهدت وزارة الخارجية الأذربيجانية بأن ""العملية المشروعة"" ستستمر إلى أن تغادر القوات الأرمينية ناغورنو كاراباخ. في هذه الأثناء، نشرت وزارة الدفاع الأرمنية في وقت سابق من يوم الثلاثاء. من جانبها، رفضت تركيا هذه المزاعم واصفة إياها ب """
856,"نفى سيب بلاتر، رئيس الفيفا، وجود أي خطر يهدد استضافة قطر لكأس العالم 2022. ويعقد اجتماع الفيفا في مدينة مراكش المغربية. واستقال المحقق الأمريكي مايكل غارسيا، الذي كلفه الفيفا بالتحقيق في هذه المزاعم، الأربعاء احتجاجا على رفض اعتراضاته على ملخص لنتائج تحقيقه نشرته لجنة القيم بالمنظمة الدولية. ويقول غارسيا إن ملخص التقرير أساء عرض نتائج تحقيقه الذي استمر على مدار عامين. وأضاف أنه لم يعد يثق في لجنة القيم، التي نشرت تقريرا موجزا لتحقيق غارسيا. مواضيع قد تهمك عن موقع ""فاينوردزز دوت كوم "" . وبرأ ملخص التقرير دولتي قطر وروسيا، الفائزين بحق استضافة البطولتين، من اتهامات بارتكاب مخالفات خلال سعيهما للفوز بحق الاستضافة. ورأى التقرير، الذي نشر الشهر الماضي، أنه لا توجد أي"
857,"أمر رئيس الوزراء العراقي حيدر العبادي اليوم الأحد (01 مايو أيار 2016) وزير الداخلية محمد سالم الغبان ""بملاحقة العناصر التي اعتدت على القوات الأمنية والمواطنين وأعضاء مجلس النواب وإحالتهم إلى القضاء"". وقال مكتب العبادي في بيان، تناقلته مواقع إخبارية عراقية، إن ""القائد العام للقوات المسلحة رئيس مجلس الوزراء حيدر العبادي وجه وزير الداخلية بملاحقة العناصر التي قامت بتخريب الممتلكات العامة من خلال القيام بأعمال تخريبية وإتلاف الممتلكات العامة"". وأضاف البيان أن ""العبادي أمر وزير الداخلية باتخاذ الإجراءات اللازمة لملاحقة تلك العناصر التي تم الاعتداء عليها من قبل بعض المتظاهرين في مدينة النجف (جنوبي العاصمة بغداد)"". وقال بيان صادر عن مكتب العبادي، إن العبادي ""وجه وزير الداخلية بملاحقة هذه العناصر التي تقوم بأعمال تخريب الممتلكات العامة"
858,"قبل الزيارة غرد ماكرون ""بحب لبنان"" باللغتين الفرنسية والعربية، وأثناء الزيارة ""مطلب عودة الانتداب الفرنسي للبنان"" باللهجة اللبنانية، نزل ماكرون ببيروت فاستقبله البعض استقبال البطل وطالبوه ""بإنقاذهم"" من الوضع الذي ينحدر نحو هوة أعمق بفعل الانفجار، وقد كان قبله على شفا الانهيار بسبب الأزمة الاقتصادية. حتى أن عشرات الآلاف وقعوا خلال ساعات عريضة تدعو إلى عودة الانتداب البريطاني إلى لبنان. وتداول البعض صورة ""مهيبة"" لماكرون مصحوبة بعبارة"" تعا وجيب الانتداب معك"" . مواضيع قد تهمك وقد تهمك وقد لا تهمك. ولم يمر ""الطلب"" طبعا دون انتقاد بلغت حدة لهجته التخوين، بينما اكتفى البعض بتأكيد رفضهم لكل احتلال من أي جهة. عدد الموقعين على الطلب"
859,"يقول التقرير إن الاستخبارات البريطانية جمعت نحو مليوني صورة لمستخدمي ياهو في ستة أشهر عام 2008 وأنكرت شركة ياهو الأمريكية الشهيرة أي معرفة مسبقة بذلك البرنامج الاستخباراتي، ووصفته بأنه انتهاك للخصوصية ""غير مقبول على الإطلاق"". واعتمد التقرير على معلومات سربها موظف الاستخبارات الأمريكية السابق إدوارد سنودن، ووفقا لإحدى الوثائق المسربة، جمعت الاستخبارات البريطانية صورا لملايين من مستخدمي برنامج ياهو للمحادثة عبر الكاميرا، ومن بينها صور جنسية فاضحة، على الرغم من كون ذلك غير مستهدف. وقال بيان لهيئة مقر الاتصالات الحكومية البريطانية إن جميع أعمال الهيئة تتوافق مع القانون. وساعدت وكالة الأمن القومي الأمريكية، وفقا للتقرير، في تنفيذ تلك العملية التي أطلق عليها اسم ""العصب البصري""، والتي جرى خلالها تخزين الصور الخاصة بالمستخدمين في الفترة ما بين 2008 و2010"
860,"يعاني جلال من صدمة وحالة اكتئاب شديدة منذ أن اغتال أحد قناصي القاعدة شقيقه في مدينة القصير، لأنه مسيحي ويقول: ""أكاد أجن من شدة الحزن""، ويضيف بالقول: ""إنهم يريدون تهجيرنا من سوريا"" فهؤلاء الجهاديين الذي قدموا من الدول المجاورة ومن ألمانيا ودول أوروبية أخرى ""للجهاد"" ضد نظام الأسد يستهدفون المسيحيين أيضا حسب جلال، الشاب المسيحي البالغ من العمر 29 عاما والذي قتل 20 شخص من عائلته واضطر للهروب من سوريا بعد تهديده بالقتل. ""رأيت اسمي على قائمة منشورة في الانترنت"" تتضمن أسماء المسيحيين الذين سيتم قتلهم ""من قبل إرهابيي القاعدة""، يقول جلال. ""نحن المسيحيون نشعر في الفترة الأخيرة بالتهديد من قبل جماعات إسلامية متطرفة محددة""، يقول رئيس أساقفة السريان الأرثوذكس في دمشق ديوني"
861,"الاتحاد الأوربي يطالب الدول الأعضاء بسن قوانين تجرم التلاعب بأسعار الفائدة. وقالت اللجنة في بيان رسمي إن التلاعب بالأسعار الإرشادية لأنواع الفائدة المختلفة، مثل ليبور ويوريبور، سوف يضاف إلى قائمة المخالفات المجرمة في المعاملات الداخلية بين المصارف. وقالت فيفيان ريدنغ مفوض شؤون العدل في الاتحاد الأوروبي إن هذه الخطوة سوف تساعد"" في إنهاء النشاط الإجرامي في القطاع المصرفي "". وقالت ريدنغ إن ""هذه الخطوة سوف تساير التغيير القانوني الذي يقترحه الاتحاد الأوروبي. "" وأضافت ريدنغ أن ""هذا التغيير القانوني سوف يساعد في استعادة ثقة الناس والمستثمرين في هذا القطاع الاقتصادي الحيوي. "" "" ""لقد أضيرت ثقة الناس بسبب الفضائح الأخيرة بشأن التلاعب الخطير في أسعار الإقراض من جانب المصارف."" واعتبرت ريدنغ ان ""التلاعب بأسعار الفائدة من جانب"
862,"لكل جسد طريقته الخاصة بالتعبير عن الإحساس بالبرودة، فالبعض يتسرب البرد في بادئ الأمر إلى آذانهم، في حين تبرد أطراف البعض أولا. ويؤكد ذلك الدكتور يواخيم لاتش من كلية كولونيا للرياضة مشيرا إلى أن الإحساس بالبردة شعور انفرادي، فلكل جلد أجهزة استشعار خاصة بالحرارة والبرودة تسجل درجة حرارة الجسم. أهمية أجهزة الاستشعار لا يحتمل المرء الماء الباردة لفترة طويلة الأمد، وفي الوقت الذي يمتلك بعض منا أجهزة استشعار كثيرة في الأذن، يملكها البعض الآخر في أماكن أخرى متفرقة في سائر أنحاء الجسد. أما على صعيد عددها، فهي أيضا تختلف من جسد لآخر. ولذا فكل منا له طريقته الخاصة باستشعار البرودة. ويصف الدكتور لاتش هذا الاختلاف بمزاجية الطبيعة:"" فكما لكل منا حجم"
863,"ذكر موقع مجلة ""دير شبيغل"" الألماني اليوم السبت (التاسع من ديسمبر كانون الأول 2017) أن مجموعة تتكون من ثمانية إلى عشرة رجال، هاجمت صاحب كشك صغير وعامل (22 عاما)، يشتغل لديه في سوق عيد الميلاد ببلدة ""آرنشتات"" الألمانية، بسبب أصل العامل، الذي ينحدر من سوريا. وأوضحت شرطة المدينة أن مجموعة الرجال كانت منزعجة من أصل العامل السوري، واعتدت لفظيا على صاحب الكشك (53 عاما)، حيث تصاعدت حدة التوتر، وحاول رجل غير معروف يعادي الأجانب ضرب العامل، بيد أن رجال الأمن تدخلوا لإنهاء الأمر. وأشارت الشرطة أن الحادث وقع مساء الخميس الماضي، وأعلنت عنه صباح أمس الجمعة. فيما حددت الشرطة زعيم المجموعة البالغ من العمر (33عاما). ر."
864,"ذكرت مصادر صحفية أن الحكومة التركية دعت روسيا وإيران إلى المشاركة في قمة جديدة بخصوص سوريا، تنعقد في السابع من أيلولسبتمبر المقبل. وذكرت صحيفة ""حرييت"" التركية اليوم الاثنين (27 آبأغسطس 2018)، استنادا إلى القصر الرئاسي التركي، أن من المنتظر أن تنعقد هذه القمة في إطار عملية أستانا، في العاصمة الإيرانية طهران. وأوضح التلفزيون الرسمي التركي (تي آر تي) أن ""الرئيس التركي رجب طيب أردوغان سيتوجه إلى طهران في السادس من أيلول سبتمبر لإجراء محادثات حول سوريا وسيحضر القمة مع روسيا وايران"". يأتي ذلك فيما تتجه الأنظار إلى مدينة إدلب السورية ووضع المدنيين فيها. إذ تتخوف تركيا من هجوم لقوات النظام السوري على إدلب، أحد معاقل المعارضة بالقرب من الحدود التركية. وتتوقع أنقرة أن يؤدي الهجوم إلى وقوع ضحايا مدنيين وحدوث موجة جديدة من تدفق"
865,"مصطفى أديب (48 عاما) الذي كلفه الرئيس اللبناني تشكيل حكومة جديدة بعد ضمان تأييد أغلبية النواب له، ينحدر من مدينة طرابلس في الشمال، كان سفير لبنان في ألمانيا منذ العام 2013، وشغل من قبل منصب مستشار لرئيس الحكومة الأسبق نجيب ميقاتي. بعد تكليفه وتعهده في كلمة مقتضبة بإجراء إصلاحات وتشكيل الحكومة في ""أسرع وقت ممكن""، اختار أديب أن يبدأ مهمته الصعبة من شارع الجميزة المتضرر بشدة جراء انفجار المرفأ المروع. حيث تجول سيرا على الأقدام في الشارع متبادلا أطراف الحديث مع السكان الذين بادر مجموعة منهم بالقول ""نزلت مباشرة من فوق (القصر الرئاسي) إلى هنا حتى أقول لكم: يا إخوان أنا أريد ثقتكم"". وردد مرارا على مسامع السكان والمتطوعين ""الحمدلله على السلامة"". برز اسم"
866,"لم يعد هناك رسميا أي منافس لدونالد ترامب في السباق الجمهوري للترشح للانتخابات الرئاسية، مع الانسحاب الرسمي لآخر منافسيه جون كاسيس حاكم اوهايو الأربعاء (الرابع من مايو أيار 2016). وقال كاسيس ""في الوقت الذي اعلق فيه حملتي اليوم، لدي قناعة مرة أخرى بأن الله سيبقيني على الطريق السوي"" مؤكدا بذلك معلومات نشرت في وسائل إعلام أمريكية في وقت سابق الأربعاء. ولم يعلن كاسيس انضمامه لحملة ترامب. ويأتي انسحابه بعد 24 ساعة من انسحاب سيناتور تكساس تيد كروز بعد الفوز الكبير لترامب في الانتخابات التمهيدية في إنديانا الثلاثاء. وبات الملياردير الجمهوري وحيدا في السباق الذي شارك فيه 17 مرشحا جمهوريا. ورغم أنه لم يحصل حتى الآن على غالبية المندوبين (1237) المطلوبة للترشح"
867,"كشف تقرير إخباري اليوم الثلاثاء (24 نوفمبر تشرين الثاني 2020)، أنه سيجرى عقد جلسة مصغرة مع يوآخيم لوف المدير الفني للمنتخب الألماني لكرة القدم، قبل اجتماعه المقرر في الرابع من كانون أولديسمبر المقبل مع إدارة الاتحاد. وذكرت صحيفة ""بيلد"" أنها علمت أن فريتز كيلر رئيس الاتحاد الألماني ونائبه الأول بيتر بيترز سيشاركان في الجلسة المصغرة مع لوف. ونشر تقرير بيلد غداة إصدار الاتحاد الألماني (أمس الاثنين) لبيان قال فيه إنه سيجري مناقشات بشأن الوضع الحالي للمنتخب الأول ومستقبله، وذلك قبل الاجتماع الذي سيجمعه مع المدير الفني الحالي للمنتخب الألماني (أوليفر بيرهورف) والمقرر عقده يوم الثلاثاء المقبل. وأوضح الاتحاد أن أوليفر بيرهوف أحد مدراء المنتخب الأربعة، سيقدم تحليلا للمباراة التي انتهت"
868,قالت اللجنة العلمية الأممية الخاصة ببحث تأثيرات الإشعاع الذري في تقريرها الختامي اليوم الأربعاء ( الثاني من أبريلنيسان 2014 في فيينا أنه من المحتمل إصابة الأطفال الذين تعرضوا لمستويات مرتفعة من الإشعاع الناجم عن محطة فوكوشيما بسرطان الغدة الدرقية مستقبلا، بينما لن يكون هناك زيادة كبيرة في الإصابة بالسرطان بين سكان اليابان عموما. ويشار إلى أن نحو ألف طفل تم إجلاؤهم من مكان قريب من المحطة النووية التي تعرضت لموجات تسونامي في شهر مارس آذار2011، تلقوا جرعة إشعاع وصلت إلى 80 مللي غرام. وبحسب الخبير الألماني فولفغانغ فيسي الذي قام بتنسيق تحقيق اللجنة فإنه من المحتمل أن يكون هناك عدد قليل من الأطفال تلقوا جرعات إشعاع مرتفعة من الممكن أن تؤدي في المستقبل لإصابتهم بسرطان الغدة الغدة الدرقية. وقام أكثر من 80 عالما
869,"دعا الأمين العام للأمم المتحدة، بان كي مون، مجلس الأمن الدولي اليوم الأربعاء(13شباطباطدباط فبراير 2013) إلى إنهاء حالة الشلل في الشأن السوري والقيام بتحرك ""مفيد"" لوقف العنف في سوريا والذي أدى إلى مقتل نحو 70 ألف شخص، وفق إحصائيات الأمم المتحدة. وقال كي مون أمام منظمة الدول الأميركية في واشنطن ""من الضروري أن يتغلب مجلس الأمن على الجمود وأن يتوحد للقيام بتحرك محتمل مفيد"". وأضاف انه رغم أن الدول ال 15 الأعضاء في المجلس لا تزال في حالة شلل وأن سوريا تعاني من الاستقطاب السياسي، فإن أعداد القتلى وانتهاكات حقوق الإنسان في تتزايد. ميدانيا أعلن المرصد السوري لحقوق الإنسان (معارضة) اليوم الأربعاء أن 13 شخصا قتلوا في قصف القوات النظامية على حي جوبر بشرق العاصمة السورية"
870,"قال الرئيس الأمريكي باراك أوباما اليوم الأحد (15 سبتمبر أيلول 2013) إنه يتعين على إيران أن تنظر للدبلوماسية كوسيلة لحل النزاع حول برامجها النووية، مشيرا إلى الدروس المستفادة من محاولات التخلص من الأسلحة الكيماوية. وقال أوباما في مقابلة مع قناة (ABC ) الأمريكية إن التهديد الأمريكي الأخير بشن هجوم ضد سورية وانتهاج المسار الدبلوماسي بعد ذلك، يجب أن يرسل إشارة إلى طهران. وفي الوقت نفسه أكد أوباما أن البرنامج النووي الإيراني يمثل ""قضية كبرى"" بالنسبة للولايات المتحدة ""مثل قضية الأسلحة الكيماوية (السورية)"". وحذر الرئيس الأمريكي الإيرانيين من أن يستنتجوا من خلال تخلي الولايات المتحدة المؤقت عن شن ضربة عسكرية ضد سورية ""أننا لا نستطيع شن ضربة ضد إيران"". وتابع يقول: ""ما يجب أن يستخلصوه من هذا الدرس هو"
871,"قرر وزير الداخلية الألماني توماس دي ميزير حظر نشاط جمعية ""أيتام لبنان""، التي تتخذ من مدينة إيسن الألمانية مقرا لها. وذكرت وزارة الداخلية اليوم الثلاثاء (08 نيسان  ابريل) في بيان لها، أن سبب الحظر هو تقديم الجمعية منذ سنوات دعما بالمليارات لمؤسسة ""شهيد""، التي تمول بدورها حزب الله. وجاء في بيان الوزارة أن الجمعية تتستر على هدفها الحقيقي باسم ""مؤسسة شهيد"" التي تمول حزب الله في لبنان. كما تم حظر نشاط الجمعية في ولاية بادن-فورتمبرغ، التي تتخذ مقرا لها في ولاية ساكسونيا السفلى في ألمانيا، والتي تتخذ من إيسن مقرا لها مقرا لها، مقرا لها منذ سنوات. وحسب مصادر الوزارة، تم وضع الجمعية ونشاطاتها تحت المراقبة منذ عام 2009، وجمعت تبرعات بين عامي"
872,"بناء على اختيار الجماهير يقود النجم الألماني باستيان شفاينشتايغر فريق ""كل النجوم""، الذي يضم تشكيلة من لاعبي دوري النخبة الأمريكي (MLS) في مواجهة مع فريق ريال مدريد الإسباني في مباراة ودية بالولايات المتحدة مساء الأربعاء (2 أغسطس آب). وخلال المؤتمر الصحفي الذي سبق المباراة كان شفاينتشتايغر يجيب على أسئلة الصحفيين. وكان متواجدا، في هذا المؤتمر أيضا، نفس الصحفي، الذي وجه سؤالا إلى شفانشتايغر فقال له ""باستيان!، هل تريد أن تفوز مع شيكاغو بكأس العالم؟"" وكان من الواضح أن هذا السؤال كان من الواضح أنه موجه إلى التايغر، الذي كان متواجدا في المؤتمر الصحفي الخاص بمباراة ريال مدريد مع فريق شيكاغو فاير، سؤالا في منتهى الغرابة وهو ""هل تريد أن"
873,"اختطف الاثنان من قبل مهاجمين غير معروفين من منزل في صنعاء يوم 15 يونيوحزيران وفي فيديو على موقع يوتيوب قال بودفيخين برينديسن وجوديث شبيغل إنهما ""في مشكلة كبيرة"" وحثا السلطات الهولندية للاتخاذ اجراء لضمان اطلاق سراحهما. واختطفت شبيجل وشبيغل، وهما صحفيان يعملان في شركة تأمين في العاصمة اليمنية. وقال وزير الخارجية الهولندي إن حكومة بلاده تولي القضية ""الاهتمام التام""، ولم يعط المزيد من التفاصيل. واضاف ""تحدثنا الى السفير الهولندي في صنعاء وابلغناه بالظروف لإخراجنا من هنا وحتى الآن لم يحدث شيء"". وقال ""تحدثت الى السفير في صنعاء وأبلغته بالظروف التي دفعتنا لإخراجنا"". واضاف ""انهم"
874,"اطلق على العمليات العسكرية في الأنبار اسم ""لبيك يا عراق"". وقالت مصادر مقربة من الحشد الشعبي في العراق إن قيادته قررت تغيير اسم العمليات التي تقوم بها ضد تنظيم الدولة الإسلامية في محافظتي صلاح الدين والأنبار لتصبح ""لبيكة يا عراق"" بدلا من ""لبيلك يا حسين"". ونقلت وسائل اعلام محلية عن المتحدث باسم مكتب رئيس الوزراء العراقي سعد الحديثي قوله ""إن القيادة العامة للقوات المسلحة قررت اطلاق تسمية (لبيك) على عمليات تحرير الأنبار التي انطلقت أمس"" الثلاثاء. وكانت وزارة الدفاع الأميركية قد انتقدت مسمى العملية مشيرة إلى أنه قد يحمل إشارة طائفية في الأنبار. وكان الزعيم الشيعي مقتدى الصدر أيضا من المنتقدين لهذه التسمية، وقال زعيم التيار الصدري والذي تشارك ميليشياته المعروفة ب ""سرايا السلام"" في بيان له إن التسمية تحمل مغزى طائفي"
875,يكتسب ذلك النحل القاتل سمعة مفادها أنه نحل ضخم ومسلح بالسم القاتل، لكن الحقيقة هي أن النحل القاتل في الواقع أصغر حجما من نحل العسل العادي، وأن السم الذي يحمله أقل قوة وتأثيرا أيضا. ومع أن ذلك النوع من النحل عدواني بطبعه، لكنه ليس كذلك في جزر بورتوريكو. يقرأ الناس قصة النحل القاتل كأنها إحدى قصص الخيال العلمي. في عام 1956، جلب عالم برازيلي يدعى واريك كير، نحلا إفريقيا إلى أمريكا الجنوبية بهدف الحصول على سلاسة من النحل أكثر إنتاجية للعسل. وقد هرب بعض من ذلك النحل وتكاثر مع نحل أوروبي في البرية، مما أدى إلى ظهور نوع جديد من النحل المهجن، وهو ذلك النحل الذي يطلق عليه اسم النحل الإفريقي (أفريكانايزد بيز). ثم بدأ ذلك النحل
876,الموالون لروسيا نزعوا أسلحة الشرطة وأخرجوها من المبنى. وألقى المهاجمون قنابل مولوتوف وصواريخ على الشرطة، التي ردت عليهم بقنابل الغاز، والقنابل اليدوية الصوتية. وأظهرت مقاطع فيديو بثت لاحقا على التليفزيون، المسلحين وهم ينزعون أسلحة الشرطة، ويقتادون أفرادها خارج المبنى. وتحمل أوكرانيا روسيا مسؤولية استيلاء بعض الأشخاص على عدد من المكاتب الرسمية في الشرق. وتنفي روسيا هذا الادعاء. وفي تطور آخر يتعلق بالأزمة الأوكرانية، طلبت المستشارة الألمانية، أنغيلا ميركل، من روسيا المساعدة في إطلاق سراح المراقبين الأجانب المحتجزين في شرق أوكرانيا. مواضيع قد تهمك عن أوكرانيا. وكان انفصاليون موالون لروسيا قد احتجزوا هؤلاء المراقبين العسكريين عند نقطة تفتيش الجمعة الماضية في مدينة سلوفيانسك المضطربة. واحتجز في أوكرانيا الأربعاء ملحق عسكري روسي
877,ويعتقد ان 31 شخصا قتلوا عندما لفظ البركان اعمدة من الدخان والصخور في الجو. وكان مئات من المتنزهين على الجبل عند انفجاره. وتمكن معظمهم من النزول بسلام ولكن حوصر البعض. ولم يتضح عدد الاشخاص الذين ما زالوا على الجبل. وكان الدخان ما زال ينبثق من فوهة البركان يوم الاثنين عندما استأنفت طائرات مروحية البحث عن الناجين او عن جثث من قتلوا. مواضيع قد تهمك نهاية ويشارك في العملية اكثر من 1100 من قوات الاطفاء والشرطة والجيش. ونقلت جثامين اربع ضحايا يوم الاحد ويتوقع مسؤولون نقل جثامين 27 آخرين قريبا. وعثر على بعض الجثامين في كوخ بالقرب من قمة الجبل ودفنت جثث اخرى في الرماد الذي بلغت كثافته حوالي 50 سنتيمترا، حسبما قالت وسائل الاعلام اليابانية. ووصف المتنزهون الذين تمكنوا من النزول من على
878,"صعود زعماء الاتحاد الاوروبي وآلاف المواطنين أحد جبال الالب، مع المستشار النمساوي، سيباستيان كورتس في وسطهم - هذه كانت رؤية النمسا للاحتفال ببدء رئاستها للاتحاد الاوروبي. جاء ذلك بعد بضعة أيام من رؤية مختلفة شهدت تكدس قوات أمن ومروحيات على معبر حدودي جنوبي، لإظهار تصميم النمسا رفض استقبال المهاجرين غير الشرعيين، على الحدود مع الاتحاد الاوروبي. وفي الوقت نفسه، كان كورتس، رئيس وزراء بلغاريا، ووزير الداخلية، ورئيس المجلس الأوروبي، دونالد توسك، على قمة جبل ""بلاناي""، الذي يبلغ ارتفاعه 1906 مترا عن مستوى سطح البحر، في قلب النمسا. وقد يبدو الحدثان مبالغ فيهما، بعض الشيء -لاسيما في دولة معروف بأن لديها علاقة مع الاتحاد الأوروبي، تشهد توترا وفتورا-لكنهما"
879,"تأهل فريق بوروسيا دورتموند إلى نهائي بطولة كأس ألمانيا لكرة القدم، عقب فوزه الثمين بهدفين نظيفين على ضيفه فولفسبورغ، في الدور نصف النهائي للمسابقة الثلاثاء (15 أبريل نيسان 2014) على ملعب ""سيغنال إيدونا بارك"". واتسمت المباراة بالقوة والإثارة على مدار شوطيها، إذ واصل دورتموند أداءه ونتائجه القوية في الفترة الأخيرة، في الوقت الذي قدم فيه الفولفسبورغ أداء جيدا رغم الهزيمة، وصادف لاعبوه سوء حظ بالغ بعدما أهدروا عدة فرص مؤكدة كانت كفيلة بتغيير سير المباراة في أكثر من مناسبة. وبدأ دورتموند، المنتشي بفوزه على بايرن ميونخ خلال مباريات الدوري الألماني السبت الماضي بثلاثية نظيفة، المباراة بقوة، مستغلا مؤازرة الأرض والجمهور له، ليفتتح نجمه الأرميني هنريخ مخيتاريان النتيجة في الدقيقة"
880,"يشارك مواطنو دول أجنبية أيضا في القتال في سوريا وكان يوسف سوار ومحمد أحمد، وكلاهما في الحادية والعشرين، عائدين إلى بريطانيا في رحلة قادمة من تركيا. ويعتقد أنهما كانا قد غادرا إلى سوريا في شهر مايوأيار الماضي. وتوجه السلطات لهما تهمة ""التخطيط والسفر إلى سوريا عبر تركيا بغرض المشاركة في أعمال إرهابية"". وسيمثل الرجلان أمام المحكمة في وقت لاحق. مواضيع قد تهمك في هذه المرحلة من التحقيق في قضايا الإرهاب التي تجريها الشرطة البريطانية. كما ألقي القبض على رجل ثالث في مطار غاتويك أثناء عودته من إسطنبول بتهمة ""المشاركة في معسكر تدريب إرهابي"" في سوريا، ثم أطلق سراحه بكفالة إلى حين إجراء تحقيقات إضافية. وقالت الشرطة البريطانية ان الحالتين ليستا مرتبطتين."
881,"استمر مسلسل العنف ضد نزل اللاجئين في عام 2016 بشكل يثير قلق المسؤولين، فقد شهد الربع الأول من العام الجاري، وفق تحقيقات صحافية أجرتها صحيفة ""زود دويتشه تسايتونغ"" وقناتي ""ان.دي.ار"" و ""دبليو. دي. أي. أي"" التلفزيونيتين الألمانيتين، حوالي 347 اعتداء على نزل اللاجئين، بينها 347 حالة وصفت ""بمحاولة القتل العمد"" و 4 حالات وصفت ""بالحريق المتعمد"" و 3 حالات وصفت ب ""الحريق المتعمد"". كما شهد الربع الثاني من عام 2016 أكثر من 1031 اعتداءا من هذا النوع، وفق ما جاء في تقرير للوضع العام قدمه المكتب الاتحادي لمكافحة الجريمة ""بي. كي. أي"". وجاء في التقرير ولأول مرة أن المكتب الفيدرالي يحذر من اعتداءات"
882,"قال وزير الخارجية الألماني فرانك فالتر شتاينماير السبت (22 فبراير شباط 2014) في بيان إن ""خط كل القرارات السياسية يجب أن يكون الحفاظ على سلامة أراضي أوكرانيا ووحدتها الوطنية"". وكان رئيس الوزراء البولندي دونالد تاسك حذر بدوره من وجود قوى تهدد سلامة أراضي الأوكرانية، ولكن من دون أن يحدد طبيعة هذه القوى. ودعا شتاينموير أنصار يانوكوفيتش ومعارضيه إلى التحلي ببعد النظر، وتجنب القيام ""بأعمال استفزازية قد تكون تداعياتها مميتة"". وقال ""أدعو بكل إلحاح جميع المسؤولين السياسيين إلى أن يضعوا حدا للتصعيد السياسي وان يبرهنوا عن بعد نظر"". ووصف وزير الخارجية الألمانية فرانك فالتير الوضع في أوكرانيا بأنه لا يزال ""هشا للغاية"" وذلك رغم التوصل لاتفاق بين أطراف الصراع في الجمهورية"
883,التوقعات كانت كبيرة وعالية في مستواها، وعقد الكثيرون من مختلف أنحاء العالم الأمل على عودة الولايات المتحدة في محاربتها للإرهاب إلى خط القيم الشرعية بسرعة، وإلى وضع حد لأساليب التعذيب وأماكن الاعتقال السوداء وكل الأساليب التي لجأ إليها سلفه بوش وأساءت إلى سمعة أميركا ككل. وكان أوباما يعلم تماما ما المنتظر منه فأعلن فورا نيته إغلاق معسكر غوانتانامو، لكن بعد مرور عام لا يزال المعسكر قائما، وفي المجالات الأخرى المتعلقة بمحاربة الإرهاب اصطدم صاحب القرار في البيت الأبيض وبقوة على أرض الواقع. ففي يوم عيد الميلاد بالذات كاد نيجيري له صلات على ما يبدو بتنظيم القاعدة، أن يفجر عبوة على متن طائرة مدنية، علما أن الاستخبارات الأميركية كانت تملك معلومات عنه. كم أن اليمن يتطور اليمن أكثر فأكثر ليصبح ملجأ للإرهابيين الإسلاميين الهاربين، ومن بينهم سجناء سابقين في غوانتانامو
884,"أدان رئيس هيئة الأركان الأمريكية المشتركة شحنة صواريخ روسية مضادة للسفن إلى سوريا قائلا إنها يمكن أن تزيد قوات الرئيس بشار الأسد جرأة وتستمر في خوض حرب أهلية دامية. ويأتي الكشف عن صادرات الأسلحة الروسية إلى دمشق بعد مرور أكثر من أسبوع على اتفاق الولايات المتحدة وروسيا على عقد مؤتمر في محاولة لوقف الحرب. وفي هذا السياق كتبت صحيفة زوددويتشه تسايتونغ تقول: ""إنه بالطبع كلام بلا معنى حين تزعم موسكو بأن الصواريخ المضادة للسفن التي حصلت عليها دمشق لا تستخدم إلا لأغراض دفاعية وأنها بالتالي من الناحية الإستراتيجية أسلحة بدون مفعول. المتمردون الذين وجب على الأسد الدفاع عن نفسه أمامهم لا يملكون أية سفن. وحتى حجة العقود القديمة التي تقول موسكو بأنها ملتزمة بالوفاء بها تبدو واهية... موسكو زودت إذن سوريا بصواريخ حديثة تعتبر فتاكة بالنسبة"
885,"بوتين يعتبر الانتخابات في أوكرانيا ""خطوة إيجابية"". بيد أنه استدرك أن التصويت لن يقرر شيئا ما لم تتم حماية حقوق ""كل المواطنين"" في أوكرانيا. وحض بوتين الناشطين الموالين لروسيا جنوب شرقي أوكرانيا على وقف سلسلة من الاستفتاءات على الاستقلال خطط لاجرائها في عطلة نهاية الأسبوع. وتأتي الاستفتاءات المقررة وسط تصاعد التوتر بين روسيا وكييف وحلفائها الغربيين بسبب الأزمة في أوكرانيا، التي أدت إلى انسحاب القوات الروسية من شرق أوكرانيا. وتتهم حكومات غربية روسيا بدعم الانفصاليين الموالين لها بغرض تقسيم أوكرانيا وضم أجزاء أخرى منها بعد ضم شبه جزيرة القرم. مواضيع قد تهمك نهاية وتقول موسكو إنها ستحمي المواطنين الناطقين بالروسية، وهم غالبية شرقي وجنوبي البلاد، من حكومة كييف التي تصفها بغير الديمقراطية. ورفضت كييف مطالب الموالين لروسيا بتوسيع الاستقلال الذاتي في"
886,"نعم، مصر دولة مهمة. دولة مهمة بالنسبة للتطور صوب الديمقراطية في العالم العربي. ومصر دولة مهمة أيضا لأوروبا. ومن هذا المنطلق تتجلى أهمية العلاقات والحوار السياسي معها. وسوف يزور الرئيس المصري عبد الفتاح السيسي برلين مطلع حزيرانيونيو المقبل. وماذا يفعل نوربرت لامرت، رئيس البرلمان الألماني  بونديستاغ؟ لقد ألغى علانية عدم عقد لقاء مع الضيف القادم من القاهرة. ولكن لماذا، رغم أن لامرت شخصيا أكد في حديثه مع DW على أن مصر ""دولة مهمة""؟ الجواب يكمن في أن مصر، وهي أكبر دولة عربية من حيث عدد السكان، لا يتوفر فيها نظام ديمقراطي. ويمكن للمرء هنا أن يتساءل عما إذا كانت مصر قد حظيت في يوم ما بأسس نظام ديمقراطي مستقر! لكن الواضح هو أنه في عام 2012 أنتخب الشعب"
887,"كشف النجم البرتغالي كريستيانو رونالدو عن السر وراء احتفاله بتسجيل الأهداف في شباك الخصوم. ويحتفل أحسن لاعب في العالم خمس مرات بطريقة فريدة بالتسجيل، إذ يقفز عاليا ويفتح ذراعيه ثم يقول كلمته الشهيرة ""نعم"". وقال رونالدو في تصريحات نقلتها صحيفة ""ذا صن"" البريطانية ""بدأت قول كلمة نعم عندما كنت ألعب في ريال مدريد. وعندما نفوز جميعا نقول نعم""، وأضاف: ""عندما يسجل كريستيانو هدفا في شباك ريال مدريد، وعندما نفز جميعا نقول نعم"". وتابع رونالدو: ""أتذكر فترة التحضيرات للموسم الماضي في لوس أنجلوس، عندما كنا نلعب ضد تشيلسي وسجلت هدفا في مرمى الفريق الخصم. وعندما كنا نعزز صفوفنا ونسجل أهدافا في شباكنا، كان الأمر طبيعيا بالنسبة لي"". وتابع النجم البرتغالي"
888,"اعتقلت الشرطة أفراد العصابة البلغارية، التي تعمل في مجال البغاء في منتجع بورتو بانس الراقي في إسبانيا، للاشتباه بانتمائهم إلى شبكة دولية تتاجر بالبشر. وقالت الشرطة الإسبانية إنها اكتشفت شبكة دولية ضخمة تعمل على وجه التحديد في إسبانيا وبلغاريا وبلغاريا. كما جرى اعتقال 34 شخصا، بينهم 7 في بلغاريا، و 7 في أنحاء متفرقة من أوروبا، للاشتباه في انتمائهم لشبكة تتاجر في البشر. وأوضحت الشرطة الإسبانية أن الاعتقالات تمت بعد نحو 3 سنوات من إخطار الشرطة بوجود العصابة، مشيرة إلى أن معظم الاعتقالات تمت في بلغاريا وبلغاريا، فيما جرى اعتقال 7 أشخاص في إسبانيا. وأوضحت شرطة إسبانيا أن جميع الاعتقالات تمت عقب إخطار الشرطة ب ""السيطرة الكاملة"" على المنتجع الراقي. وجلب أفراد العصابة الفتيات على العمل كبائعات هوى،"
889,"وكان الجمهوريون قد دعوا إلى إنهاء البرنامج والحد من الأموال الإضافية للرعاية الصحية للفقراء في حزمة أثارت انتقادات فورية من جانب الديمقراطيين. وفي معركة بدأت منذ إقرار قانون الرعاية الصحية الأمريكي في 2010 والذي يعد من أهم إنجازات الرئيس السابق الديمقراطي باراك أوباما في مجال السياسة الداخلية تعهد الجمهوريون ومن بينهم الرئيس دونالد ترامب منذ فترة طويلة بإلغاء واستبدال القانون. لكنهم فشلوا على مدار سنوات في التوصل إلى بديل. وقال البيت الأبيض في بيان ""يمثل اليوم خطوة مهمة صوب استعادة خيارات الرعاية الصحية والقدرة على تحمل التكاليف للشعب الأمريكي""، مضيفا أن ترامب يتطلع إلى العمل مع الكونغرس بشأن إيجاد بديل لأوباماكير. وكان الجمهوريين قد نددوا بأوباماكير وقالوا إنه تجاوز حكومي، فيما وصفه ترامب بأنه ""كارثة"". وشكا منتقدون من العقوبة التي ينص عليها القانون لمن يرفضون شراء تأمين"
890,"قضت المحكمة الدستورية العليا في مصر مساء اليوم الثلاثاء (10 تموز يوليو 2012) بوقف قرار الرئيس محمد مرسي بعودة مجلس الشعب. وعقدت المحكمة اليوم جلسة لنظر دعاوى بطلان قرار الرئيس المصري عودة مجلس الشعب للعمل بعد حله. وأمرت المحكمة بتنفيذ حكمها السابق ببطلان قانون انتخابات مجلس الشعب، الذي جرت بموجبه الانتخابات، بما يترتب على ذلك حل المجلس واعتباره غير قائم بقوة القانون. ورفضت هيئة الدفاع عن مجلس الشعب التعليق على قرار مرسي، وقالت في تصريحات لقناة ""الجزيرة مباشر"" إن الحكم ""مسيس"" ولا يستند إلى أي أساس من قواعد القانون. وقالت هيئة الدفاع في بيان لها إن قرار مرسي ""باطل"" و ""باطل ولاغي، ولا أساس له من القانون ولا منصفة، ولا علاقة له باختصاصاته. وكان مجلس الشعب قد حله"
891,"سلط مقتل ريجيني الضوء مجددا على مزاعم أوسع نطاقا حول سجل الشرطة في مصر في مجال حقوق الإنسان وقال اللواء أبو بكر عبد الكريم المتحدث باسم الداخلية إن البلاغ الذي تقدم به مدير المباحث الجنائية بقسم الأزبكية بالقاهرة ضد مدير مكتب رويترز بالعاصمة المصرية هو ""بلاغ شخصي"". وأضاف عبد الكريم في اتصال هاتفي مع بي بي سي أن الوزارة لا تزال تحتفظ بحقها القانوني في اتخاذ كافة الإجراءات القانونية ضد الوكالة. وقالت مصادر بالنيابة العامة ومصدر أمني إن البلاغ مدير مكتب الوكالة العالمية بنشر أخبار كاذبة. وقال الضابط محمد رضا في بلاغه، وفقا للمصادر، إن أحد الصحفيين في رويترز أرسل رسالة نصية له يسأله فيها عن صحة معلومات القبض على ريجيني وحجزه بالمركز ذاته، وهو ما لم يرد عليه الضابط، ثم فوجئ بالتقرير المنشور. وقال جورجي"
892,"ليست هذه المرة الأولى التي يبدو فيها أن الصراع يمتد عبر الحدود ليسبب حالة من الفوضى هنا في لبنان. لكن هذا الهجوم هو على الأرجح بدرجة كبيرة مرتبط بدعم إيران للنظام السوري للرئيس بشار الأسد. سألت نوار الساحلي العضو في جماعة حزب الله اللبنانية فور وصوله إلى موقع التفجيرين ما إذا كان هذا الهجوم ردا على ما تقوم به إيران في سوريا. رد قائلا ""إنها رسالة من حزب الله إلى حزب الله في لبنان، وهو لا يريد حلا سياسيا في سوريا، ولذا من قام بهذا التفجير هو حزب الله وليس حزب الله. لا يريد حل سياسي في سوريا ولا يريد حلا سياسي. لا نريد حلا سياسيا، ولا نريد حلا عسكريا في سوريا أو في أي مكان آخر، ولذا لا يريد حزب الله حلا سياسيا"". أعلنت جماعة سنية لبنانية تطلق على نفسها """
893,"جاء ذلك أثناء أداء الأسد اليمين الدستورية أمام أعضاء مجلس الشعب لولاية رئاسية جديدة أمدها سبع سنوات. وقال في كلمة بعد أداء القسم ""أليس ما نراه في العراق وفي لبنان وفي كل الدول التي أصابها داء الربيع المزيف من دون استثناء هو الدليل الحسي الملموس على مصداقية ما حذرنا منه مرارا وتكرارا.. وقريبا سنرى أن الدول العربية والإقليمية والغربية التي دعمت الإرهاب ستدفع هي الأخرى ثمنا غاليا"". وجرت مراسم اداء القسم في القصر الرئاسي بدمشق، وذلك بعد مرور اكثر من ثلاث سنوات على بدء الحرب التي فتكت باكثر من 170 الف سوري واجبرت الملايين على النزوح. وأضاف ""الانتخابات كانت معركتنا للدفاع عن السيادة والشرعية والقرار الوطني وكرامة الشعب"". وقال الأسد في كلمة له أمام أعضاء المجلس ""أكرر دعوتي لمن غرر بهم أن"
894,"أعلن رئيس الحزب الاشتراكي الديمقراطي مارتن شولتس تخليه عن منصب وزير الخارجية في الحكومة الائتلافية المرتقبة. وقال شولتيس اليوم الجمعة (التاسع من شباطفبراير 2018) إنه يرى أن النقاش حول شخصه سوف يؤثر على تصويت قاعدة الحزب على مصير الائتلاف مع التحالف المسيحي. وأضاف شولتز:"" لذلك أعلن تخليي عن الدخول في الحكومة وآمل في الوقت نفسه وبصورة ملحة أن ينتهي النقاش حول شغل المناصب داخل الحزب الاشتراكي ""، مشيرا إلى أنه لا ""يرغب"" في أن ""يؤثر النقاش حول منصب الخارجية على نتيجة التصويت داخل الحزب. وأضاف أنه ""لا يرغب في أن يأثر النقاش حول المنصب داخل الحزب على نتيجة تصويت داخل الحزب، ولهذا ""قرر التراجع"" عن خططه. يذكر أن الحزب الاشتراكي الديمقراطية سي"
895,"وفي أنقرة، وقع كل من وزير الخارجية التركي أحمد داود أوغلو ومفوضة الشؤون الداخلية بالاتحاد الأوروبي سيسيليا مالمستورم اتفاقا للدخول في محادثات تتعلق بالتخلي عن طلب تأشيرة الدخول من الأتراك الذين يرعبون في زيارة دول الاتحاد الأوروبي. ويرى محللون أن تلك الخطوة تمثل تحسنا في العلاقات بين الجانبين. وتعد تركيا، المتقدمة بطلب للحصول على عضوية الاتحاد الأوروبي، مقصدا رئيسيا للراغبين في الهجرة غير الشرعية إلى أوروبا من دول أفريقيا والشرق الأوسط. كانت المحادثات المتعلقة بإعادة المهاجرين غير الشرعيين إلى تركيا متعثرة لسنوات، ويعزى ذلك بشكل رئيسي إلى عدم ثقة تركيا في رغبة الاتحاد الأوروبي في تخفيف الشروط المتعلقة بدخول الأتراك إلى دول الاتحاد. مواضيع قد تهمك عن موضوع قد تهمك من خلال موقع ""[رابط]"" المتخصص في الشؤون الأوروبية، الذي يعد أحد"
896,"نفذت القوات الأمريكية ليل (الخميس 12 نوفمبر تشرين الثاني 2015) ضربة جوية في سورية استهدفت ""الجهادي جون"" الذي يشتبه في ظهوره في مقاطع فيديو نشرها تنظيم ""الدولة الإسلامية"" (داعش) لعمليات قطع رؤوس رهائن. وقال السكرتير الصحفي للبنتاجون بيتر كوك إن الهجوم، الذي تم تنفيذه في ساعة متأخرة من مساء الخميس، كان بمعقل تنظيم ""دولة الإسلامية"" في مدينة الرقة السورية . ولم يتضح على الفور ما اذا كانت الغارة الجوية قد قتلت البريطاني الجنسية محمد إموازي، المعروف أيضا باسم الجهادي جون. وقال كوك ""نحن بصدد تقييم نتائج العملية"". وظهر الجهادي في مقطع فيديو قطع رأس الصحفي الأمريكي جيمس فولي في آبأغسطس . ويعتقد أنه شارك في قطع رؤوس ضحايا آخرين. وكان يظهر دائما ملثما في مقاطع"
897,"الشرطة أخلت المنطقة بعد وقوع الحادث وأصاب الجندي، الذي كان يحرس متحف اللوفر، المهاجم بجراح خطيرة في بطنه بعدما هاجم الأخير دورية أمنية. وتقول الشرطة إن المهاجم كان يصيح بعبارة ""الله أكبر"". وأصيب أحد الجنود بجراح خفيفة في رأسه. وحاول جنود منع المسلح من الدخول إلى اللوفر بمحاولة السيطرة عليه باستخدام أسلحة غير مميتة بعدما أسرع باتجاه اللوفر. وقال متحدث باسم وزارة الداخلية الفرنسية إن المسلح كان يرتدي سترة ناسفة. وقال المتحدث باسم وزارة الخارجية الفرنسية في تغريدة على توتير إن المشتبه به مصري الجنسية وصل إلى فرنسا الشهر الماضي. ووصف الرئيس الأمريكي دونالد ترامب الهجوم بأنه ""ذو طبيعة إرهابية"". ووصف الرئيس الفرنسي إيمانويل ماكرون الهجوم بأنه هجوم إرهابي. ووصف رئيس الوزراء الفرنسي برنار كازنوف الهجوم بأنه ذو طبيعة إرهابية، موضحا أنه لم تضح"
898,"يعد التنبؤ الجوي من أكثر القضايا التي تخضع للنقاش ومن الأمور التي لا يمكن تحديدها بشكل تام. كما يعتبر التنبؤ بسقوط الأمطار أمرا مثيرا للجدل بين الخبراء. فلغاية الآن، يعتبر التنبؤ بكميات الأمطار وموقع سقوطها من الأمور الصعبة. ومن أجل إزالة الغموض عن ذلك والإجابة على الأسئلة المطروحة حول هذا الموضوع، تم البدء بمشروع البحث الدولي ""COPS"" الذي تشرف علية الأمم المتحدة ويمتد لمدة تسعة أشهر، وذلك في منطقة الغابة السوداء في ألمانيا. وشمل منطقة تنفيذ المشروع جبال فوسغ الفرنسية. ويهدف المشروع إلى تقديم معلومات دقيقة حول الغيوم المحملة بالأمطار وإضافتها على النماذج الموجودة على أجهزة الحاسوب الخاصة بالتنبؤ الجوي. وقد تم اختيار مكان البحث وتم البدء بالبحث بناء على طلب من باحثين في جامعة هوينهايم الألمانية. ويعمل"
899,"قال رئيس المجلس الأعلى لليهود في ألمانيا إن الهجمات الإرهابية التي وقعت في باريس وكوبنهاغن دفعت كثيرا من الناس لإعادة التفكير في أسلوب التعامل مع الأجانب. وقال جوزيف شوستر في تصريحات لوكالة الأنباء الألمانية (د.ب.أ) اليوم الاثنين (السادس من إبريلنيسان) إن ""قضايا معاداة الأجانب والعنصرية ومعاداة السامية صارت تحظى بالاهتمام بصورة أكبر في المجتمع بوجه عام وأيضا بين الأوساط السياسية بعد تلك الهجمات"". وأضاف شوستر من أوجه التغيير التي حدثت أن ""المجتمع صار الآن منفتحا أكثر مما كان قبل بضعة شهور تجاه اللاجئين، الذين يفرون على سبيل المثال من سوريا ويبحثون عن اللجوء هنا في ألمانيا"". ويعتقد شوستر أن الناس من أصول أجنبية ومن ثقافات أخرى ما يزالون يواجهون صعوبات في إيجاد موطئ قدم لهم في المجتمع الألماني"
900,"قال المتحدث باسم القوات المسلحة الليبية التابعة لمجلس النواب المنتخب، العقيد أحمد المسماري، إن ""داعش والأذرع الإخوانية والتنظيمات التابعة للقاعدة تحالفوا في ليبيا لنشر التطرف""، متهما قطر بنقل ""مسلحي داعش من سوريا إلى ليبيا"". وأضاف المسماري أن الدعم المالي القطري للجماعات الإرهابية مستمر في ليبيا، مضيفا أن القوات الليبية تسعى للأمان في ليبيا ونتطلع لمسار سياسي محدد في جولة المحادثات الحالية في تونس، بحسب موقع ""بوابة أفريقيا الإخبارية"" الليبي. وطالب المسماري الأمم المتحدة بعدم المساس بالمؤسسة العسكرية الليبية أو بقيادتها، وأكد على أن هناك لقاءا مرتقبا بين المشير خليفة حفتر، الذي عينه مجلس النواب المنتخب قائدا عاما ل""الجيش الوطني الليبي""، ومبعوث الأمم المتحدة إلى ليبيا غسان سلامة. يشار إلى"
901,"مجموعة بين سبورت تنفي مخالفة القوانين وتتعلق الإجراءات القضائية بتحقيق جار ضد الأمين العام السابق للاتحاد الدولي لكرة القدم، جيروم فالكه، وترتبط ببيع حقوق بث مباريات كأس العالم لشبكة ""بي إن سبورتس""، التي يشغل الخليفي منصب الرئيس التنفيذي لها. وخلال العام الماضي، قال مكتب النائب العام في سويسرا إنه يحقق مع فالكاه فيما يتعلق ب ""أفعال مختلفة من سوء الإدارة الجنائية"". وقال المكتب في بيان يوم الخميس إن التحقيق الجديد ""فتح على أساس النتائج التي خلص إليها""، مشيرا إلى أن التحقيق الجديد الذي يشمل فالكا قد فتح على أساس نتائج التحقيق السابق، الذي يشمل الخليفي فيما يتعلق بمنح حقوق البث لبعض البلدان في نهائيات كأس العالم لكرة القدم أعوام 2018 و2022 و2026 و2030. وقال المكتب ""يشتبه في أن جي"
902,"ولأنه مقارنة بأماكن أخرى هناك حريات شخصية محدودة، اتجه المعارضون في المنطقة إلى العالم الرقمي. وفي هذا الجزء من السلسلة الخاصة من بي بي سي عن ""السعوديين على شبكات التواصل الاجتماعي""، سنسرد قصص ثلاثة حسابات على تويتر، تتحدث عن سعي أصحابها من أجل حرية افتراضية في المملكة العربية السعودية. لكن ما هو تأثير هذا النوع من الحياة السرية على هؤلاء الاشخاص الذين يعيشون بهذه الطريقة. حسين يروي شكل حياة الأقليات الدينية داخل المملكة. مواضيع قد تهمك في هذه السلسلة الخاصة. يوسف ابن العشرين عاما يتحدث عن المخاطر التي يواجهها المتحولون جنسيا في المملكة. مازن فقد بصره عندما كان في السابعة من عمره، ويروي كيف غيرت الأدوات المتوفرة على الإنترنت للمكفوفين عالمه ووفرت له حرية العقيدة. تابعو وشاركونا الحوار حول هذه السلس الخاصة"
903,"شهدت البحرين تطبيق الاحكام العرفية قبل عامين لمدة محدودة وكان الاطباء قد اعتقلوا قبل نحو عامين بتهم عدة منها الاستيلاء على المستشفى الذي يعملون فيه في اطار ""انتفاضة ضد السلطة"". وكانت محكمة عسكرية قد قضت بسجنهم قبل اربعة اشهر اثر ادانتهم. وكان الاطباء ضمن 28 معتقلا من زملائهم القت الشرطة القبض عليهم تحت طائلة اداناتهم بمعاملتهم معاملة سيئة اثناء احتجازهم في مجمع السلمانية الطبي في العاصمة البحرينية المنامة. وقال الاطباء امام المحكمة انهم تعرضوا للتعذيب للادلاء باعترافات قسرية امام المحكمة العسكرية وهي الاعترافات التى ادينوا بناء عليها. مواضيع قد تهمك عن الأطباء والاطباء والطبيبات الذين تم اعتقالهم في تلك الاثناء يقبعون رهن السجن بينما لم تسمح السلطات للباقين بالعودة الى اعمالهم. وقال برايان دولي من"
904,"ترددت مزاعم أكثر من مرة تربط بين السعودية واختراق هاتف جيف بيزوس مالك شركة أمازون الأمريكية العملاقة وأشارت تقارير إلى أن رسالة من رقم هاتف يزعم أن بن سلمان كان يستخدمه كانت وراء سرقة البيانات من هاتف بيزوس. وقالت السفارة السعودية في الولايات المتحدة إن هذه المزاعم ""غير منطقية""، مطالبة بفتح تحقيق فيها. وترددت مزاعم أخرى في وقت سابق حول علاقة بين اختراق هاتف رئيس أمازون ومقتل الصحفي السعودي في صحيفة واشنطن بوست جمال خاشقجي، في قنصلية بلاده في أسطنبول. ويمتلك بيزوس موقع بيز بيزوس، وهو مؤسس شركة أمازون، وفقا لتقرير نشرته صحيفة فاينانشيال تايمز البريطانية. وفي تقرير نشرته صحيفة الغارديان البريطانية، قال بيزوس في تقرير نشرته الصحيفة البريطانية بي بي سي في هذا الشأن. وكان بيزوس"
905,يمنيون تظاهروا من قبل مطالببين بإصلاح الجيش اليمني ويطالب المتظاهرون أيضا بإعادة توزيع تلك المعسكرات والمخازن على المناطق الحدودية لحماية أراضي البلاد بدلا من تهديدها لسلامة السكان، على حد وصف المتظاهرين. ويقول مراسلنا في صنعاء إن المتظاهرين طالبوا أيضا بإخلاء الأراضي الزراعية التي سيطر عليها ما كان يعرف بقوات الحرس الجمهوري، وإعادتها الى ملاكها الأصليين. كما ردد المتظاهرون هتافات تندد بما وصفوه نهب أراضيهم وتوزيعها على ضباط الحرس الجمهوري دون دفع اي تعويضات لهم. اقرأ أيضا موضوعات ذات صلة
906,لاعتبارات تاريخية واقتصادية وحتى دينية، استطاعت السعودية أن تفرض مكانتها كأكثر دول مجلس التعاون الخليجي قوة وأكثرها قدرة على التأثير الإقليمي وحتى الدولي، لكن قوة صامتة داخل الاتحاد باتت خلال السنوات الأخيرة فاعلا إقليميا قويا بعدما كان اسمها يتردد أكثر في نجاحاتها الاقتصادية خلال عقود مضت. هي دولة الإمارات التي تعاظم نفوذها السياسي بشكل بات يطرح الكثير من الأسئلة حول إمكانية خروجها من الجلباب السعودي ، كما فعلت الإمارات قبل مدة . هي دولة خليجية ي ي   في مواجهة الرياض، ليس فقط عبر امتلاكها وجهات نظر تخالف الرياض، بل أيضا في تحركها على أرض الواقع. تقارير صحفية قطرية على سبيل المثال تلمح الى تأثر ولي العهد السعودي، محمد بن سلمان، بنظيره الإماراتي،
907,"إعتمدت التقارير على وثيقة من وكالة الأمن القومي الأمريكية سربها المتعاقد السابق مع الوكالة إدوارد سنودن. وقال وزير الخارجية الماليزي حنيفة حاج أمان إن التقارير عن التجسس قد تسبب ""ضررا كبيرا"" في العلاقات الماليزية مع الولايات المتحدة واستراليا. وأضاف أنه سلم مذكرة احتجاج لممثلي بعثتي البلدين في شأن مزاعم نشاطات تجسسية. وقد احتجت الصين وماليزيا ضد مزاعم استخدام السفارات الأسترالية لمراقبة الاتصالات الهاتفية وجمع المعلومات لحساب الولايات المتحدة الأمريكية. وقال الوزير الماليزي إن ""مثل هذه النشاطات لايمكن ان تحدث بين الأصدقاء"". وأضاف أن ""هذه النشاطات قد تسبب ضررا كبيرا في العلاقات الثنائية بين أستراليا والولايات المتحدة واستراليا"". وقال أمان إن ""هذه التقارير قد تسبب أضرارا كبيرة في العلاقات بين استراليا والولايات المتحدة"". وأوضح أمان أن نظيرته الأستراليه جولي بيشوب ردت بالقول إنه"
908,"تتكدس قائمة المهام التي يتعين القيام بها، وتستمر رسائل البريد الإلكتروني في التدفق، وبينما أنت عاكف على القيام بعمل ما، تجد نفسك تفكر في المهمة التالية. هذه صورة حقيقية عن الإجهاد الذي يصيب أغلبنا في العمل. غونتر هوداش، وهو مدرب متخصص في علاج التوتر الناجم عن كثرة المشاغل، له العديد من النصائح المفيدة في هذا المجال، وذلك للتخلص من الإجهاد في العمل، وذلك للتغلب على هذا الأمر. ويقول: ""الكثير من أشخاص يتعرضون للإجهاد الدائم في العمل وهو ما يمكن أن يؤدي إلى زيادة العبء عليهم واستنفاد طاقتهم"". ويوضح هوداشي، الذي يرأس رابطة العلاج الإدراكي للتوتر الناجم عن الإجهاد، أن ""عناصر التحفيز أصبحت اليوم طاغية وأكثر من أي وقت مضى""، ويرى أن بعض الإجهاد يكون من"
909,واصل الناخبون المصريون الثلاثاء (27 مايو أيار 2014) الإدلاء بأصواتهم في اليوم الثاني والأخير للانتخابات الرئاسية، التي يتوقع أن يفوز بها وزير الدفاع السابق عبد الفتاح السيسي. واصطف الناخبون في طوابير أمام لجنة اقتراع بحي شبرا في القاهرة للإدلاء بأصواتهم صباح الثلاثاء. وينظر مؤيدو السيسي له باعتباره الرجل القادر على إنهاء الاضطرابات التي تشهدها البلاد منذ سنوات ووضع حد للأزمة الاقتصادية. ومن المتوقع أن تصدر النتائج الأولية بعد ساعات من إغلاق لجان الاقتراع في الساعة التاسعة من مساء اليوم. ويواجه السيسي منافسا واحدا فقط هو اليساري حمدين صباحي. وعلى الرغم من دعوة السيسي ووسائل الإعلام الموالية له الناس للمشاركة في الانتخابات، بدا أن الإقبال أمس الاثنين كان أقل منه في الانتخابات السابقة. وقال الناخب أنور منصور إن السيسي هو الرجل المناسب لإقرار الأمن في البلاد. ويحق لأكثر من 53 مليون
910,"وأضاف المرصد أن الاشتباكات استمرت في عدة مناطق من بينها حلب وريف دمشق ودرعا. وقال مدير المرصد رامي عبد الرحمن ان ""الجيش يحاول من اسابيع التقدم باتجاه حلب من الشرق تحضيرا لشن هجوم. يجري حاليا ارسال جنود من قوات النخبة الى هناك"". واضاف ان ""استخدام الجيش لصواريخ ارض-ارض ضد حلب يندرج في اطار محاولة التقدم هذه"". وقال مصدر عسكري سوري رفض كشف هويته ان تعزيزات هي في طريقها الى مطار حلب الدولي حيث تدور معارك بين الجنود النظاميين والمقاتلين المعارضين ""الذين يستخدمون عبوات ناسفة على الطرق في محاولة لمنع تقدم القوات"". مواضيع قد تهمك نهاية وقال المرصد ان المعارضة المسلحة سيطرت تماما على موقع الكبر في محافظة دير الزور بعد ايام عدة من المواجهات العنيفة مع المقاتلين المعارضين. واوضح المرصد السوري ان ""مقاتلين معارضين"
911,"تزامن افتتاح معرض لايبزغ الدولي للكتاب مع تسليم جائزة التفاهم الأوروبي، التي منحت للأديب المجري غيروغ دالوس عن كتابه ""رفع الستار. نهاية الديكتاتوريات في أوروبا الشرقية"". وعن أهمية هذه الجائزة التي جاءت لتتوج مسيرة أدبية لأديب ولد في عائلة يهودية ونشأ تحت نظام شيوعي منعه من الكتابة واضطره إلى نشر أعماله في الغرب، يقول غيورغ دالوس: ""أعتقد أنه من المهم أن يسمع صوت مؤرخ، ليس بالمعنى العلمي للكلمة وإنما صوت كاتب يهتم بالتاريخ."" الأكيد أن منح جائزة المعرض للتفاهم الأوروبي لن تشكل الحدث الرئيسي الوحيد في معرض هؤا العام الذي يستقطب الزوار واهتمام الإعلاميين في ألمانيا وخارجها، فعلى مدى أربعة أيام متتالية، من 18 إلى 21 من الشهر الجاري، يفتح معرض لايزغ أبوابه لهواة الأدب"
912,"وقال مسؤولون إن الغارة وقعت في ولاية وزيرستان الشمالية، حيث يقوم الجيش الباكستاني بعملية عسكرية تهدف إلى القضاء على معاقل المسلحين هناك. ونقلت وكالة الأنباء الفرنسية عن مسؤول أمني في بلدة ميران شاه، أهم مدن شمالي وزيرستان، قوله: ""إن طائرة أمريكية بلا طيار أطلقت صاروخين مستهدفة أحد معاقل المتشددين في منطقة زوي سايدغاي، وخلفت 13 قتلا على الأقل"". وأضاف المسؤول أن تقارير أفادت بتحرك المتشددين إلى زوي، وهي مدينة مهمة أخرى في المنطقة، بعد بدء عملية الجيش. وقال مسؤول أمني آخر إن 20 شخصا على الأقل قتلوا في الغارة الجوية، 12 منهم من الأوزبك. وأضاف أن الهجوم وقع أثناء انعقاد اجتماع للمتشددين في معقلهم. مواضيع قد تهمك نهاية مواضيعك."
913,"نادرا ما يتحدث بوتين إلى جمهور عريض من المواطنين مباشرة جاء تصريح بوتين خلال مشاركته للرد على مداخلات هاتفية مع الجمهور خلال لقاء تلفزيوني بشأن المشكلات الاقتصادية التي تواجه روسيا. وقال بوتين إنه تحدث إلى رجال الأعمال وقال إنه لا يتوقع رفعا قريبا للعقوبات الأوروبية الأمريكية المفروضة على البلاد بسبب موقف روسيا في أوكرانيا. وأضاف :""نحتاج إلى أن نستغل الموقف لتحقيق مستويات جديدة للتنمية"". وقالت مراسلة بي بي سي في موسكو سارة رينسفورد إن التصريحات تكشف فرط القلق الروسي، لاسيما بعد تراجع الدخل الفعلي للروس هذا العام للمرة الأولى منذ أن تولى بوتين السلطة. مواضيع قد تهمك نهاية وطرح نحو مليوني شخص أسئلتهم، وكان الاقتصاد الروسي المتعثر هو الشاغل الأكبر. ""علامات مشجعة"" وقال بوتين إن الاقتصاد الروسي سيستغرق نحو عامين حتى يستعيد قوته أو على الأقل لحين"
914,"نفت قطر اليوم الأحد (27 يوليو تموز) الاتهامات التي وجهت لها بخصوص إدارة حملة سرية للنيل من المرشحين الآخرين لاستضافة كأس العالم لكرة القدم عام 2022. وفازت قطر قبل ثماني سنوات بحق استضافة مونديال 2022 من خلال تصويت الاتحاد الدولي لكرة القدم (فيفا) ولكن صحيفة ""صنداي تايمز"" البريطانية ادعت أن الفريق المسئول عن ملف قطر استخدم فريقا أمريكيا للعلاقات العامة ووكلاء سابقين بوكالة الاستخبارات المركزية الأمريكية لتشويه المنافسين سرا، وخاصة الولايات المتحدة الأمريكية وأستراليا. وتتعارض هذه الفرضية مع لوائح الاتحاد الدولي للعبة القدم الذي حقق في كواليس فوز قطر باستضافة كأس العالم، ولكن في 2014 تم تبرئة ساحة قطر من ارتكاب أي مخالفة. وشددت اللجنة العليا للمشاريع والإرث رفضها لكل ""الادعاءات التي نشرتها صحيفة صنداي تايمز""، مضيفة في بيان: ""لقد خضعنا للتحقيق"
915,"""تضييق الخناق على إيران"" في صحيفة ""البناء"" اللبنانية، كتب حسن حردان مقالا بعنوان ""بومبيو والمحاولة اليائسة لاحتواء انتصار سوريا"" يقول فيه إن الهدف من وراء زيارة بومبيو للمنطقة هو ""تجنيد حلفاء أمريكا والحكومات التابعة لها، في سياق هذه الخطة لاحتواء انتصارسوريا وحلفائها في محور المقاومة"". ويضيف حردان ""لا شك في أن هذه الخطة الأمريكية احتواء انتصار سوريا تهدف من وراء ذلك إلى محاولة منع تعزز بيئة المقاومة واستنهاض المشروع العروبي التحرري في عموم الوطن العربي"". وتقول ""الأخبار"" اللبنانية عن زيارته إلى العراق: ""جدد مايك بومبيو محاولات بلاده لانتزاع موافقة عراقية على التزام عقوبات إيران، وهو ما لقي رفضا مرة أخرى. وفي ما يتصل بقرار الانسحاب من"
916,"حقق علماء ألمان اختراقا في علاج الزهايمر، حيث نجحوا في تطوير مادة فعالة تثبط من عملية موت الخلايا العصبية في الدماغ. وصرحت مجموعة البحث التي يترأسها البروفيسور هانس اولرش ديموت في مدينة هاله (شمال شرق ألمانيا) أن هناك ""أدلة مقنعة جدا"" بأن النتائج الجديدة يمكنها المساعدة في الوقاية من المرض أو الشفاء منه. غير أن العلماء حذروا من أنه لا زال من المبكر عقد آمال كبيرة على نتائج الأبحاث، حيث قال البروفيسور ديموت إن تطوير عقار طبي يمكن أن يساعد في شفاء البشر من مرض الزهايمر، إلا أنه بالرغم من أن التجارب خرجت بنتائج ايجابية للغاية على الحيوانات، فليس من المعروف حتى الآن إذا ما كانت ستساعد في الشفاء من المرض، حيث يجب انتظار نتيجتها بعد إجرائها على البشر، وهي التجارب"
917,"أعلنت إيران والولايات المتحدة بأنه قد لن يكون ممكنا التوصل لاتفاق نهائي بشأن البرنامج النووي. ونقل عن نائب وزير الخارجية الإيراني عباس عراقجي كبير ممثلي إيران في المحادثات النووية قوله إنه تم التوصل لهذا الاتفاق بعد يومين من المحادثات. لكن مراسلين يقولون إن الجانبين لا يزالان بعيدين عن التوصل إلى تسوية نهائية. وتتهم دول غربية إيران بالسعي إلى تطوير أسلحة نووية، وهو ما تنفيه طهران، وتؤكد أن برنامجها النووي مخصص للأغراض السلمية فقط. اتفاق مؤقت وقال عراقجي لوكالة أنباء ""ايرنا"" الرسمية إن ""الأطراف المشاركة (في المحادثات) وافقت على جدول عمل وإطار، والجولة المقبلة من المحادثات ستكون في النصف الثاني من مارسآذار في فيينا"". وأضاف عراقجي أن ""الجولة التالية من المحادثات بين إيران والقوى الكبرى الست ستكون في"
918,في لقاء مثير أقيم أمام نحو 74 ألف مشجع في الملعب الأولمبي في برلين حقق فريق فيردر بريمن فوزا مستحقا على باير ليفركوزن بهدف يتيم أحرزه لاعب خط الوسط مسعود أوزيل. وبذلك يكون الألماني من أصل تركي نجم المباراة بلا منازع بلإحرازه هدف الفوز الذي ضمن لفريقه إضافة إلى اللقب جائزة مالية مقدارها مليونين ونصف المليون يورو. وفرض بريمن سيطرته على معظم مجريات المباراة من البداية. ولولا تألق حارس مرمى باير ليفركوزن رينيه آدلر مرات عديدة لانتهى الشوط الأول بتقدم مطمئن لبريمن، لكن آدلر كان لجميع محاولات بريمن بالمرصاد في الشوط الأول الذي انتهى بالتعادل السلبي. ولم تشهد ال 90 دقيقة الأولى أي خطورة حقيقية لليفركوزن على مرمى بريمن. وبعد الاستراحة واصل بريمن أفضليته مكثفا الضغط
919,استهدف انفجاران خط النهاية لماراثون بوسطن يمر السباق الذي يعد من أصعب سباقات الماراثون بسبب مرتفعات نيوتن بثماني مدن وبلدات في ولاية ماساتشوستس حيث يبدأ في هوبكينتون وينتهي في كوبلي سكوير بجانب المكتبة العامة في بوسطن. يذكر أن ماراثون بوسطن هو الماراثون الوحيد في الولايات المتحدة الذي تتطلب المشاركة فيه تحقيق أزمنة تأهيلية وشروط محددة تنص بشكل عام على أن أي عداء يجب أن يكمل سباق ماراثون تأهيليا خلال العام ونصف العام التي تسبق ماراثون بوسطن. اجتذب مارثون بوسطن هذا العام سبعة وعشرين ألف عداء جائوا للمشاركة في تكريم ستة وعشرين شخصا قتلوا في حادث إطلاق نار بمدرسة في نيوتاون بولاية كونتيكت عن طريق علامة خاصة في نهاية الميل السادس والعشرين. يذكر ان أصغر فائز بماراثون بوسطن هو تيم فورد الذي كان عمره ثمانية عشر
920,"لا يزال الغموض يكتنف مستقبل مهاجم فريق بروسيا دورتموند روبرت ليفاندوفسكي بعدما أعلن يروغن كلوب أن فريقه لم يتلقى لحد الآن أي عرض رسمي من قبل فريق بايرن ميونيخ. وكان احد وكلاء المهاجم الدولي وهو تشيزاري كوشارسكي أعلن أمس الاثنين بأن ليفاندوفسكي سيترك دورتموند للانضمام إلى بايرن ميونيخ في الأيام القليلة المقبلة، وذلك بعد أن كشف ممثل آخر للاعب في وقت سابق بأن المهاجم وافق على الانتقال إلى احد الأندية. وأكد كلوب بأن عملية انتقال ليفاندوفسكي إلى الفريق البافاري لم تحصل بعد وقال في هذا الصدد ""لم نتلق حتى الآن أي طلب رسمي من بايرن ميونيخ، وبالتالي أتوقع استمرار ليفاندوفسكي باللعب في صفوف دورتموند الموسم المقبل"". وأضاف ""سنعمل على جعل كل الشائعات المتعلقة بمستقبله تتوقف في الأيام المقبلة"". وتابع ""لن اغضب منه بغض النظر عما سيحصل. أنا"
921,وأوضح متحدث باسم المفوضية التابعة لمنظمة الأمم المتحدة أن الأسبوع الماضي وحده شهد نزوح 65 ألفا، وذلك في أكبر حركة نزوح بالعراق منذ بلغ العنف الطائفي ذروته في الفترة بين عامي 2006 و2008. وكان مسلحون من العرب السنة - بينهم مرتبطون بتنظيم القاعدة - سيطروا على مدينتي الفلوجة والرمادي الرئيسيتين بمحافظة الأنبار. وجاء هذا بعدما فضت قوات الأمن مخيمات اعتصام لمحتجين من العربالسنة يوم 30 ديسمبر كانون الأول. ففي مطلع يناير كانون الثاني، قام مسلحون متحالفون مع تنظيم الدولة الإسلامية في العراق والشام (داعش) مع مسلحون من العشائر بالسيطرة على الفلوجة، وذلك بعدما نشبت اشتباكات جراء فض الاعتصامات. مواضيع قد تهمك نهاية ومنذ فترة طويلة، يشكو العرب السنة في العراق من أنها تتعرض للتهميش من قبل
922,"قتل 15 مدنيا اليوم الإثنين (الثاني من كانون الأول ديسمبر 2019) في قصف جوي شنته قوات النظام في مدينة معرة النعمان في محافظة إدلب في شمال غرب سوريا، وفق حصيلة جديدة للمرصد السوري لحقوق الإنسان. وأفاد المرصد أن قوات النظام ""استهدفت بضربات جوية سوقا شعبيا  في ريف إدلب الجنوبي ما أدى إلى مقتل 15 مدنيا وإصابة 15 آخرين بجروح، وفق المرصد الذي أفاد في تغريدة على موقع تويتر أن القصف استهدف سوقا  شعبيا في مدينة المعرة النعمان بريف إدلب الجنوبي. وأسفر القصف عن مقتل 13 مدنيا، وفق الحصيلة الجديدة للمرصد الذي أفاد سابقا عن مقتل عشرة مدنيين مرجحا ارتفاع عدد القتلى لوجود جرحى في حالات خطرة. وأصيب جراء القصف 18 مدنيا بجروح، بحسب المرصد"
923,"قال منظمون ""حفل روك أم رينغ"" على صفحتهم على فيسبوك اليوم (الثالث من حزيرانيونيو2017): ""بعد تفتيش دقيق لمنطقة الحفل بأكملها"" لم يجر تفتيش المكان على أنه خطير وسمحت الشرطة بمواصلة الحفل. من جانبها، رفضت السلطات في ولاية هيسن الألمانية الإدلاء بتصريحات عن الأشخاص الثلاثة المنحدرين منها والذين تم توقيفهم على خلفية قطع فعاليات مهرجان ""روك آم رينغ "" الموسيقي في ولاية ""راينلاند بفالتس"" المجاورة مساء أمس الجمعة على خلفية وجود تهديد إرهابي. وأشار متحدث باسم وزارة الداخلية في ""هسن اليوم السبت إلى أن الشرطة والادعاء العام في راينلاند بغرب راينهار بفافتس هما الجهتان المختصتان بالواقعة. وكان قد تم إلقاء القبض بصورة مؤقتة على الأشخاص الثلاثة، وحسب"
924,أظهر استطلاع للرأي نشر الثلاثاء (التاسع من يوليو تموز 2013) أن الفساد ازداد سوءا في معظم الدول العربية منذ انتفاضات الربيع العربي عام 2011 رغم أن الغضب على فساد المسؤولين كان سببا رئيسيا في تفجيرها. وجاءت نتائج الاستطلاع الذي أجراه مركز الشفافية الدولية، وهو مركز عالمي غير حكومي يرصد مشكلة الرشوة في شتى أنحاء العالم، ليعصف بآمال معلقة على الفساد في عدد كبير من الدول العربية. وقال المسح الذي أجرته منظمة الشفافية الدولية في الشرق الأوسط وشمال إفريقيا إن الفساد زاد خلال العامين الماضيين في عدد من الدول التي شهدت ثورات الربيع العربي. وكان الاستثناء الوحيد في مصر حيث قال 64 في المئة من المشاركين في استطلاع الرأي إن مستوى الفساد زاد في العامين الماضيين بينما قال 46 في المئة فقط إن مستوى الرشوة زاد خلال
925,"ظهرت المجموعة للعلن في العام الماضي وكانت الجماعة قد نشرت بيانا على الانترنت قالت فيها إنها قتلت الرهائن الذين اختطفتهم. وكان الرهائن، وهم بريطانيون ويونانيون وايطاليون ولبنانيون، قد اختطفوا في ولاية باوشي النيجيرية الشمالية. ويعتقد ان جماعة ""أنصار المسلمين في بلاد السودان"" التي ظهرت للعلن على الانترنت هي فرع من جماعة بوكو حرام الاسلامية المتشددة. واشتمل البيان الذي نشرته الجماعة على صور تظهر رجلا مسلحا وعند قدميه جثة، ولكن لم يتسن التحقق من صحة الصور. مواضيع قد تهمك في هذا القسم من ""الانترنت. "" وقد نشرت المجموعة بيانا على شبكة الانترنت قالت فيه إنها قتلت رهائن في غارة شنها مسلحون على موقع عمل تابع لشركة تدعى (ستراكو). وقد أسفرت الغارة عن مقتل حارس واحد. وقالت"
926,"عبر كلاوس ألوفس مدير نادي فولفسبورغ عن غضبه من فريق بايرن ميونيخ ومن مدربه جوزيب غوارديولا بعد خسارة بايرن ميونيخ السبت الماضي في المرحلة 33 (قبل الأخيرة) من الدوري الألماني أمام فريق فرايبورغ، المهدد بالهبوط للدرجة الثانية. وقال ألوف سولفس في تصريحات تلفزيونية: ""بايرن كان قدوة فيما يخص الاحترافية، لكن هذه الاحترافية لم تكن موجودة في الأسابيع الأخيرة. أنا مصدوم جدا من كيفية إهداء النقاط مؤخرا"". وأشار الوفس إلى أنه يعلم أن هناك أندية أخرى في البوندسليغا غاضبة من ذلك بشدة. وأضاف: ""هناك أندية أخرى كثيرة في الدوري الألماني غاضبة جدا من ذلك، لكنها لا تجمع بين الغضب والضرر غضب الأندية يأتي من شعورها بأن لاعبي بايرن لم يستمروا في التمسك"
927,"تزايد نشاط المراكز الثقافية الإيرانية في السودان بعد وصول الرئيس البشير للحكم. ونقلت وكالة فرانس برس عن المصدر - الذي طلب عدم ذكر اسمه - قوله ""استدعت السلطات مساء الاثنين القائم بالأعمال الإيراني في الخرطوم، وأبلغته بقرار إغلاق المراكز الثقافية الثقافية الإيرانية الثلاثة، وبأنها تمهل الدبلوماسيين العاملين بها 72 ساعة لمغادرة البلاد"". وكان أول مركز ثقافي إيراني افتتح في السودان عام 1988، في عهد حكومة الصادق المهدي المنتخبة، قبل الانقلاب الذي قاده حسن البشير. ومع وصول حكومة البشير التي يدعمها الإسلاميون للحكم في عام 1989 تزايد نشاط مراكز وأعدادها. وأضاف المصدر أن ""الحكومة السودانية عللت قرارها بتزايد نشاط هذه المراكز في التبشير بالمذهب الشيعي على الساحل الغربي للبحر الأحمر. وقال مراسلو وكالة ""فرانس برس"" في الخرطوم إن ""ال"
928,"تعاطى الكازاخستاني ألكسندر فينوكوروف المرشح الوحيد للفوز بسياق فرنسا الدولي للدرجات (تور دي فرانس) والفائز بمرحلتين من السباق هذا العام منشطات عن طريق الدم. أما الإيطالي كريستيان موريني، الذي كان فاز من قبل بسباق إيطاليا للدرجات، فقد تعاطى هو الآخر مادة تستيسرون المنشطة. الأمر الذي دفع بفريقه إلى تحمل النتائج كاملة والخروج من السباق، كما أن فريق ""رابوبنك"" كان قد تعاطى منشطا عن طريق الفم، كما أنه كان يعرف أنه كان قد غاب لأكثر من مرة عن اختبارات تعاطي المنشطات، كما كان يعرف أيضا أنه غاب عن اختبارات المنشطات، حيث أنه كان من المفروض ألا يسمح للرياضي الدنماركي أن يدخل السباق من أصله،"
929,إذا عثر أحدنا على عنكبوت في بيته فإنه غالبا ما يسارع إلى التخلص منه، خاصة إذا كان أحد سكان البيت يخاف من العكب. أما في مركز الأبحاث التابع لكلية الطب في جامعة هانوفر الألمانية فالأمر مختلف: العناكب هنا مرحب بها ويوجد غرف مخصصة لهذا النوع من العنكبوت الذي يعيش عادة في أمريكا الجنوبية ويطلق عليه اسم نيفيلا أو عنكبوت الحرير الذهبي. ويصل طول أنثى هذا العنكبوت إلى 4 سنتيمترات، أي ما يساوي صحن فنجان. وقد أحضر الباحثون حوالي 40 عنكبوتا، بنت بيوتها وشباكها الكبيرة فوق رؤوس الباحثين. سبع غدد في مؤخرة العنكبوت لإنتاج الخيوط في كلية الطب بجامعة هانوفر يوجد مختبر الدكتورة كريستينا ألميلينغ، المتخصصة في جراحة اليد والتجميل. على بعد خطوات من المصعد يوجد مكتبها الذي
930,"رسم لوجه جورج فلويد في برلين في ألمانيا ""لست عنصريا ولكن..."" في الوقت الذي أجمع فيه مغردون على شجب الممارسات العنصرية، رفض قطاع منهم اللغة المستخدمة لتناول القضية في الدول العربية. إذ أشاروا إلى جمل وعبارات تتردد على أصحاب البشرة السمراء، مثل: ""ما ذنبهم إن خلقوا سودا""، و""أسود ولكن أخلاقه حسنة""، والتي يرى مغردون أنها ""تروج لفكرة ارتباط البياض بالخير والسواد بالشر"". وتقول صانعة المحتوى مها جعفر، إن هذه العبارات ""تعكس كمية العنصرية الموجودة على أرض الواقع""، وبأن خطورتها تكمن عند تحويل الكلمات إلى أفعال، مشيرة إلى الأذى النفسي والاجتماعي الذي قد تتسبب به العنصرية لداكني البشرة. مواضيع قد تهمك نهاية وتقول مريم، في مقطع فيديو حصد آلاف"
931,تشير بعض البقايا العظمية البشرية إلى تمتع عدد من الأفراد بصحة جيدة وأتي الاكتشاف خلال أعمال حفائر أثرية تجريها في منطقة جبل السلسلة بمحافظة أسوان جنوبي مصر. وأشارت وزارة الدولة لشؤون الآثار المصرية إلى أن المقابر المكتشفة تحتوي على رفات حيوانية، وبقايا هياكل عظمية بشرية لأفراد من عائلة واحدة على الأرجح، مع اختلاف العمر والجنس. ويفيد الاكتشاف في تعميق الدراسة حول مدى التقدم الطبي والرعاية الصحية الذي توصلت إليه مصر القديمة في ذلك الوقت، وكذا الكشف عن معلومات جديدة بشأن المنطقة المكتشف فيها المقابر وأهميتها التاريخية. وتتكون المقابر من غرفة أو غرفتين، اكتشف بداخلها أيضا أجزاء من توابيت حجرية وفخارية، وأخرى من الكارتوناج، لحفظ المومياوات، فضلا عن وجود بعض الحلي والتمائم القديمة.
932,"كي مون دعا إلى حوار سلمي يشمل كل الأطياف السياسية. وأفاد بيان من مكتب بان كي مون بأن الأمين العام أوضح في اتصال هاتفي مع وزير الخارجية المصري محمد كامل عمرو أنه ""لا يوجد مجال للانتقام أو للإقصاء لأي حزب كبير أو طائفة في مصر"". وقال البيان إن كي مون ""أكد دعمه لطموحات الشعب المصري، ودعا إلى حوار سلمى يشمل كل الأطراف في الطيف السياسي المصري للتوصل إلى طريق للمضي قدما"". وأدت إطاحة الجيش بالرئيس السابق محمد مرسي المنتمي لجماعة الإخوان المسلمين بعد خروج ملايين المصريين إلى الشوارع للاحتجاج على سياساته إلى حالة استقطاب وانقسامات في مصر لم تشهدها في تاريخها الحديث. وأمرت النيابة العامة في مصر الأربعاء بالقاء القبض على المرشد العام للاخوان المسلمين محمد بديع وقياديين اسلاميين اخرين بتهمة التحريض على العنف يوم الاثنين"
933,حسب المتخصصين في مرض تساقط الشعر، فإن أسبابه ترتبط بالجينات وأيضا بالوراثة. فعند الذكور هناك علاقة بين الشعر وبين هرمون التستوستيرون. وكلما تراجعت نسبة ذلك الهرمون في جسم الرجل، كلما تراجعت نسبة الشعر الجديد على رأسه لتعويض الشعر المتساقط. وبالنسبة للنساء فيؤكد الخبراء عدم وجود تأثير كبير لهرمون التستويتيرون، لأن أجسادهن في الأصل لا تفرز إلا كميات قليلة منه، حسب الموقع الألماني netdoktor.de. وعند النساء يربط المتخصصون بين تساقط الشعر وبين وجود اضطراب على مستوى جهاز المناعة. وعندما تضعف مناعة المرأة أو الرجل يبدأ الشعر في التساقط، كما يمكن أن يتطور ذلك إلى أمراض جلدية على الرأس أو البهاق. كما أن البعض الآخر يفقد شعره لأسباب نفسية، كالاكتئاب الحاد
934,"وصلت مركبة الفضاء الروسية ""سويوز"" إلى محطة الفضاء الدولية، حيث نجحت في نقل طاقم جديد مكون من ثلاثة أفراد، بحسب ما ذكرته وكالة إنترفاكس الروسية للأنباء صباح اليوم الخميس (26 أيلول سبتمبر 2013). وذكرت إدارة الطيران والفضاء الأمريكية (ناسا) أن المركبة التحمت بالمحطة بعد رحلة استغرقت ست ساعات. وهذه هي المرة الثالثة التي تستخدم فيها سويوز طريقا جديدا ومختصرا إلى المحطة، حيث كانت تلك الرحلة تستغرق يومين في السابق. وانطلقت الكبسولة التي كانت تقل القائد الروسي أوليج كوتوف ومهندسي الطيران مايك هوبكنز وسيرجي ريازانسكي من قاعدة بايكونور في كازاخستان. ومن المقرر أن يمضي الرجال الثلاثة خمسة أشهر ونصف الشهر في الفضاء، لينضموا إلى الروسي فيودور يورتشيخين والأمريكية كارين نيبرج"
935,وربما بدا واضحا أن بكاء ماي قد ساهم في رفع أسهمها شعبيا. بيد أن هذه التداعيات الإيجابية لإظهار المشاعر على الملأ قد تثير استغراب البعض، بحكم آرائهم الشخصية عن البكاء. وخلصت دراسة أجراها فريق من علماء النفس من جامعة كوينزلاند بقيادة ليه شارمان، إلى أن آراء الشخص عن البكاء تؤثر على مدى استعداده للبكاء وعلى حالة الشخص النفسية بعد البكاء. وكتبت شارمان أن آراء الأشخاص عن البكاء قد تؤثر على عدد المرات التي يستسلم فيها للبكاء، وعلى مدى استعداد الشخص للبكاء. وقد يكون هذا التأثير إيجابيا، إذ إن آراء الشخص وتوقعاته عن البكاء والسياق الاجتماعي، وكذلك تجاربه الخاصة السابقة، قد تؤثر أيضا على عدد مرات التي يستسلم للبكاء بعد البكاء، ومدى جدوى البكاء، وما إن كان يساعده في التعامل مع
936,"عبر هيغل عن قلقه ازاء الاجواء السياسية السائدة في مصر قبيل اجراء الاستفتاء على الدستور وقال الادميرال جون كيربي الناطق باسم وزارة الدفاع في واشنطن في تصريح إن هيغل عبر للسيسي عن مواساة الولايات المتحدة لضحايا سلسلة التفجيرات التي وقعت بمصر مؤخرا، وعن استعداد الولايات المتحدة للمساعدة في التحقيق في هذه التفجيرات. وكانت قنبلة قد انفجرت خارج مبنى تابع للجيش المصري شمال القاهرة يوم الاحد في حادث وصفه الجيش بأنه هجوم ارهابي. وقال الناطق الامريكي إن وزير الدفاع الامريكي تحدث مع السيسي عن ""الدور الذي تلعبه المشاركة السياسية في مصر، بما في ذلك تنفيذ قانون التظاهر الذي يحد من الحريات. "" واضاف ""كما عبر الوزير هيغل للسيسي خلال مكالمته مع السيسي في القاهرة عن قلق الولايات المتحدة ازاء الوضع السياسي السائد في مصر عشية اجراء"
937,"آمال بتحقيق تقدم في الملف النووي الإيراني وقال الطرفان إنهما اتفقا على عقد جولة جديدة من المحادثات في 11 من نوفمبرتشرين الثاني المقبل في طهران. ووصفت الوكالة الدولية وإيران الاجتماع الثاني عشر من نوعه والثاني مع فريق الدبلوماسيين الجديد الذي عينه الرئيس الإيراني حسن روحاني بأنه ""جيد ومثمر"". في بيان أصدره الطرفان بعد نهاية الاجتماع قالا إن ""وفدي الوكالة الدولية للطاقة الذرية والجمهورية الإيرانية عقدا اجتماعان مثمران جدا يومي الإثنين والثلاثاء"". وقال تيرو فارغورانتا نائب المدير العام للوكالة الدولية المسؤول عن عمليات التفتيش النووي للصحفيين بعد انتهاء المحادثات في فيينا ""عقدنا اجتماعا بناء جدا بشأن قضايا سابقة وحاضرة"". مواضيع قد تهمك نهاية سياسة جديدة وكان نائب وزير الخارجية الإيراني قد تعهد بأن بلاده ستقدم منظورا جديدا لحل الأزمة الدولية بخصوص برنامجها النووي بما"
938,مدرب الجزائر رابح سعدان وتتصدر سلوفينيا المجموعة برصيد 4 نقاط مقابل نقطتين لكل من الولايات المتحدة وانجلترا، فيما تحتل الجزائر المركز الاخير برصيد نقطة واحدة. ويجد المنتخب الجزائري نفسه مطالبا بالفوز في هذه المباراة شريطة عدم فوز انجلترا، لكن فارق الاهداف سيلعب دورا كبيرا ايضا في حال فوز انجلترا على سلوفينيا، لان رصيد الجزائر وسلوفينيا سيكون اربع نقاط لكل منهما، وسيحدد فارق الاهداف المتأهل. وكي تتاهل الجزائر للمرة الاولى في تاريخها، عليها ايجاد حل للعقم الهجومي الذي عانت منه في مباراتيها السابقتين امام سلوفينيا وانجلتر. ولم يسجل المنتخب الجزائري سوى هدف واحد في مبارياته السبع الاخيرة وكان في مرمى الامارات وديا مطلع الشهر الحالي ومن ركلة جزاء. ولا تضم صفوف المنتخب الجزائري قلب هجوم هداف، واللاعب الوحيد المؤهل للقيام بهذا
939,رجال شرطة فلسطينيون يساعدون سيدتين عند معبر رفح وقالت وزارة الداخلية في ادارة حماس في القطاع إن ثلاثمئة من سكان القطاع قد اجتازوا الحدود الى مصر فعلا يوم السبت، وانه من المتوقع ان يصل عدد الفلسطينيين الذين سيجتازونها في الايام الثلاثة زهاء ثمانية آلاف. يذكر ان سكان قطاع غزة البالغ عددهم اكثر من مليون ونصف المليون نسمة يعتمدون الى درجة كبيرة في تأمين ما يحتاجونه من الضروريات على شبكة من الانفاق التي تمر تحت الحدود منذ شددت الحكومتان المصرية والاسرائيلية الحصار على القطاع في اعقاب سيطرة حركة حماس على مقاليد الامور فيه في شهر يونيوحزيران 2007. وتستخدم معظم هذه الانفاق لادخال المواد الضرورية كالاغذية واللوازم المنزلية والماشية الى غزة، ولكن الاسرائيليين يتهمون حماس باستخدامها لتهريب الاسلحة والاموال. وتقوم
940,"اعطت الارجنتين جنوب افريقيا لائحة باسماء 800 من المشاغبين واوقفت الشرطة الجنوب افريقية الرجال العشرة التي قالت انهم من مسببي اعمال العنف والشغب، وانهم تابعون لما يعرف بعصابة ""بارا برافا""، بعد نزولهم في مطار جوهانسبرغ بعدما وجدت اسماءهم على لائحة سوداء. وقالت السلطات ان ذلك دليل على نجاعة اجراءاتها الامنية وثمرة لمجهوداتها عشية اول نهائيات لكأس العالم تنظم في القارة الافريقية. وكان الرجال قد حاولوا دخول البلاد برفقة 80 مشجعا آخرين بعد وصولهم على متن رحلة قادمة من انغولا الاحد، ورحلوا الاثنين. وقالت الشرطة في بيان ان ""معلومات استخباراتية افادت بكون المجموعة ارتكبت اعمال شغب وعنف واستفزوا مشجعي فرق منافسة، كما ان لهم سوابق اجرامية في بلدهم"
941,"سميث يدعو الاتحاد الأسترالي لكرة القدم لتحسين أسلوب معاملة اللاعبين بعد تعرضهم لصدمات في الرأس. وقال سميث، الذي كان لاعبا خلال حقبتي الثمانينيات والتسعينيات من القرن الماضي، إنه تعرض لإصابة في الرأس خلال مباراة أثرت عليه بحيث لم يعد قادرا على العمل. وعانى سميث من مشاكل عقلية حادة بعد الإصابة، ما دفعه لمطالبة شركة التأمين بالتعويض المناسب. ويرى الخبراء أن حجم التعويض الكبير يعتبر علامة تاريخية فارقة في مجال إصابات الرياضيين في البلاد. وقالت شركة التأمين إنها وجدت أن سميث، البالغ من العمر 51 عاما، يستحق التعويض بناء على ما خلصت إليه بعد دراسة حالته التي اعتبرتها ""إعاقة كاملة ودائمة"". مواضيع قد تهمك نهاية أكدت دراسة أجريت عام 2018 على 25 لاعبا سابقا في الدوري الاسترالي لكرة القدم أن الكثيرين منهم تعرضوا لإعاقات حادة"
942,"عقدت اللجنة الدولية للتغير المناخي التابعة للأمم المتحدة الأسبوع الماضي اجتماعا في مدينة إنتشون بكوريا الجنوبية لوضع اللمسات الأخيرة على التقرير الذي أعد بناء على طلب الحكومات في 2015 عندما تم الاتفاق على معاهدة دولية لمعالجة التغير المناخي. ويعد هذا التقرير الذي نشر اليوم (الاثنين الثامن من أكتوبر تشرين الأول 2018) المرشد العلمي الرئيسي لصانعي السياسة في الحكومات بشأن كيفية تنفيذ اتفاقية باريس لعام 2015. وتهدف اتفاقية باريس إلى خفض درجة الحرارة بمقدار درجتين مئويتين بحلول عام 2030 من خلال خفض انبعاثات ثاني أكسيد الكربون بنسبة 45 في المئة بحلول عام 2050 من مستويات ما قبل العالم الصناعي. وتهدف الاتفاقية إلى جعل ارتفاع متوسط درجة الحرارة العالمية ""أقل بكثير"" من درجتين مائويتين فوق مستويات ماقبل العالم الصناعي، بينما تسعى إلى تشديد الهدف إلى 1.5"
943,"ذكرت صحيفة ""بيلد آم زونتاغ"" الألمانية استنادا إلى تقرير داخلي لوزارة الداخلية الألمانية أنه من المخطط أن يتلقى أطفال نساء ""داعش"" الألمانيات رعاية من أفراد لعائلتهم ومؤسسات اجتماعية عقب عودتهم إلى ألمانيا. وبحسب البيانات، تقيم على الأقل 270 امرأة تحمل جواز سفر ألماني وأطفالهن في مناطق قتال بسوريا أو العراق. وجاء في تقرير الصحيفة أن نحو نصف هؤلاء الأطفال ولدوا في مناطق حروب في سوريا أو العراق، بحسب معلومات استخباراتية. وكان رئيس هيئة حماية الدستور (الاستخبارات الداخلية) هانز-غيورغ ماسن حذر في كانون الأول ديسمبر الماضي من الخطر الذي يشكله أطفال ونساء ينتمون إلى أوساط الإسلاميين المتطرفين، خاصة من العائدين من مناطق قتال سابقة لتنظيم ""داعش"". وقال ماسن إنه لم تبدأ بعد موجة عودة كبيرة"
944,"اتهم الرئيس السوري بشار الأسد بعض الدول بتقديم مزيد من السلاح والدعم إلى المجموعات المعارضة للنظام، وذلك في إشارة إلى تركيا. يأتي ذلك في وقت حصدت فيه الغارات الجوية، التي يعتقد أن الطائرات الروسية نفذتها اليوم الأحد (29 تشرين الثانينوفمبر 2015) أرواح 18 مدنيا على الأقل في شمال غرب سوريا. ونقلت وكالة الأنباء السورية الرسمية ""سانا"" عن الأسد قوله خلال لقائه المستشار الأعلى للزعيم الإيراني خامنئي في دمشق إن ما وصفها ب ""الانجازات المهمة التي يحققها الجيش العربي السوري في مكافحة الإرهاب وبدعم من الأصدقاء وفي مقدمتهم إيران وروسيا قد دفعت بعض الدول المعادية لسوريا والتي تدعي محاربة الإرهاب إلى مزيد من التصعيد وزيادة تمويل وتسليح العصابات الإرهابية""، حسب وصف الرئيس السوري. واتهم الجيش السوري في بيان يوم أمس السبت الحكومة التركية بزيادة ""دعمها للإرهابيين وإمدادهم بالأسلحة"
945,"دعا المتحدث باسم شؤون الدفاع بالكتلة البرلمانية للاتحاد المسيحي الديمقراطي، الذي تنتمي إليه المستشارة الألمانية أنغيلا ميركل، إلى مواصلة مشاركة سلاح الجو الألماني في التحالف الدولي الذي يحارب تنظيم ""الدولة الإسلامية"" (داعش) في سوريا والعراق. وقال هنينغ أوته لصحيفة ""بيلد أم زونتاغ"" الألمانية الأسبوعية في عددها الصادر الأحد (14 يوليو تموز 2019): ""يتعين على ألمانيا مواصلة مشاركتها عسكريا في سوريا""، مؤكدا أن المشاركة الألمانية مهمة ومجدية. وتابع أوته: ""سيسيء الحزب الاشتراكي الديمقراطي لألمانيا إذا استمر في إعاقة التمديد""، وأكد أن أي إنهاء للمهمة سيكون ""إهمالا وغير موثوق فيه وغير مسؤول ولذلك سيكون خاطئا"". يذكر أن ساسة الاتحاد المسيحي الديمقراطي دعوا أكثر من مرة لتمديد المهمة، إلا أن هناك"
946,"أعلن الجيش التركي اليوم الثلاثاء (السادس من فبراير شباط 2018)، مقتل جندي في هجوم استهدف نقطة مراقبة في محافظة إدلب شمالي سوريا. يأتي هذا بعد يوم واحد من إعلان رئاسة هيئة الأركان العامة للجيش التركي أنها بدأت إقامة نقطة مراقبة رابعة في منطقة خفض التصعيد في إدلب. وأوضحت الهيئة في بيان أن إنشاء مركز المراقبة الرابع يجري في منطقة الشيخ عيسى في إدلب، بموجب اتفاق ""أستانة آستانة"" الذي وقعته تركيا وروسيا وإيران وتركيا في يونيو حزيران الماضي. وأوضح البيان أن الجيش التركي بدأ إقامة نقطة المراقبة الرابعة في منطقة ""خفض التصعيد"" في إدلب شمال سوريا. وبموجب اتفاق ""آستانة""، من المنتظر أن يشكل الجيش التركي 12 نقطة مراقبة تدريجيا تمتد من شمالي إدلب إلى جنوبها. ومن المنتظر أن تنتشر قوات روسية منضوية في"
947,"كشف تقرير لمنظمة الأمم المتحدة للأغذية والزراعة (الفاو) وبرنامج الغذاء العالمي عن أن ما يزيد على مليار إنسان يعانون من سوء التغذية، وهو أعلى رقم للجوعى خلال أربعة عقود من الزمان. ويزيد هذا الرقم بنحو 100 مليون شخص مقارنة بالعام الماضي، أي ما يعادل سدس سكان العالم. ويعيش معظم الذين يعانون من نقص التغذية في الدول النامية، ومنهم 642 مليون في منطقة آسيا والمحيط الهادي، و265 مليونا في منطقة جنوب الصحراء بأفريقيا، و 3 ملايين في أمريكا اللاتينية ودول الكاريبي و42 مليونا في الشرق الأدنى وشمال أفريقيا. وذكر التقرير أن حوالي 15 مليون شخص يعانون من الجوع في الدول المتقدمة. وأشار إلى أنه ""حتى قبل الأزمات الاقتصادية والمالية كان عدد الذين يعيشون من الجوع يتزايد بشكل متباطئ وإن كان مطردا بالنسبة لل"
948,"أعلن وزير الخارجية الفرنسي اليوم الأحد (6 سبتمبر أيلول 2020) أن المجلس الأوروبي المقرر عقده في نهاية أيلولسبتمبر، سيخصص في المقام الأول للمسألة التركية والتوتر في شرق البحر المتوسط، وبخاصة درس فرض عقوبات على أنقرة. وقال جان-إيف لودريان لإذاعة ""فرانس أنتر""، ""خلال المجلس الأوروبي نهاية الشهر الجاري، سيكون الملف المطروح، ملف تركيا"". وأوضح ""لقد أعددنا هذا الملف التركي منذ عدة أيام مع وزراء الخارجية في برلين لتعداد أدوات الرد التي يمكن أن نستخدمها حيال تركيا"". وتشهد علاقات عدة دول في الاتحاد الأوروبي وفي مقدمتها فرنسا مع تركيا توترا شديدا وخاصة حول القضية الليبية ومسألة الهجرة فضلا عن احتياطيات الأمن والغاز في شرق المتوسط، حيث تتهم أنقرة باتباع سياسة توسعية. وأوضح ""نقول لتركيا: من الآن"
949,"يقول نشطاء إن حظر تبرع المثليين بالدم يعد تمييزا ضد المثليين من الرجال ويعزز الصور النمطية السلبية. ووضع هذا الحظر حيز التنفيذ منذ انتشار فيروس نقص المناعة البشريةالإيدز في منتصف الثمانينيات من القرن الماضي. وأصدرت الإدارة بيانا قالت فيه إن الحظر لن يرفع عن الرجال الذين مارسوا الجنس مع رجال آخرين خلال ال 12 شهرا السابقة. وبهذه الخطوة ستنضم الولايات المتحدة إلى دول أخرى مثل بريطانيا واستراليا وإسبانيا، رفعت الحظر عن مثلي الجنس خلال السنوات الأخيرة. وستضع الإدارة مبادئ توجيهية جديدة في أوائل 2015، على أن يتبع ذلك فترة من التشاور. وقالت الجمعية الطبية الأمريكية في بيان: ""لا يزال الحظر ساريا منذ عام 1977، على الرغم من أنه لم يعد مطلوبا من الناحية العلمية منع أي شخص من التبرع بالدم مدى الحياة بسبب إصابته بفيروس نقص"
950,قال الجيش النيجيري في بيان صدر في وقت متأخر مساء الجمعة إنه أنقذ 234 من النساء والأطفال من معسكرات تابعة للجماعة بوكو حرام الإسلامية المتشددة. وأوضح أن عملية الإنقاذ تمت أول أمس الخميس (30 أبريلنيسان 2015) في منطقة غابات سامبيسا فورست، ليضافوا بذلك إلى حوالي 500 امرأة وطفل تم تحريرهم من قبضة الجماعة المتطرفة خلال الأيام الأخيرة، 300 منهن تم تحريرهن في المنطقة ذاتها يوم الثلاثاء الماضي. ويستبعد المسؤولون أن تكون الفتيات وعددهن مائتي فتاة ممن كن قد اختطفن من مدرستهن في قرية شيبوك في نيسانأبريل 2014، من بين المحررات، في عملية أثارت غضبا واستياء عالمي. و.بع.ج.م (أ.ف.ب، د.ب.أ)
951,"إيران نشرت صورا لإطلاق صاروخ ""قادر"" طويل المدى خلال تدريبات عسكرية وقال وزير الخارجية جان-مارك ايرو إن العقوبات ستفرض ""إذا لزم الأمر""، وذلك عقب محادثات أجريت في باريس مع نظيره الأمريكي ونظرائه الأوروبيين. ووجهت انتقادات حادة لإيران في وقت سابق من الشهر الحالي حينما أطلقت صواريخ باليستية عديدة في إطار تدريبات عسكرية. وفرضت الولايات المتحدة في ينايركانون الثاني الماضي عقوبات على شركات وأفراد إيرانيين ردا على جولة سابقة من تجارب إطلاق صاروخية. وجاءت هذه الخطوة بعد يوم واحد من رفع العقوبات الدولية على إيران بسبب برنامجها النووي كجزء من اتفاق يهدف إلى منعها من تطوير أسلحة نووية. مواضيع قد تهمك نهاية كيري يقول إن التجارب الصاروخية الأخيرة لإيران تمثل انتهاكا لقرارات الأمم المتحدة ووصف وزير الخارجية الأمريكي جون كيري التجارب الصاروخية الإيرانية بأنها تمثل خرقا لقرارات الأمم"
952,"قال وزير الآثار المصري اليوم الخميس (17 مارس آذار) إن مصر اكتشفت أدلة أخرى على أن غرفة سرية - يعتقد البعض أنها موقع الدفن الذي لم يعرف بعد للملكة نفرتيتي-ربما تكون موجودة وراء قبر الملك توت عنخ آمون. وهناك اهتمام عالمي كبير بنفرتيتي التي توفيت في القرن الرابع عشر قبل الميلاد. ويعتقد أنها زوجة أبي توت عنخت آمون. ومن شأن التأكد من موقع مثواها الأخير أن يكون أبرز كشف مصري أثري في هذا القرن. وقال الوزير ممدوح الدماطي في مؤتمر صحفي إن تحليل المسح الراداري للموقع في نوفمبر تشرين الثاني الماضي قد كشف عن وجود مساحتين فارغتين خلف جدارين في غرفة الملك توت. وأوضح قائلا ""في الجدار الشمالي من حجرة الدفن.. بالضبط في المنتصف هنا يمكنكم"
953,أكبر لحظات الخسوف كانت في الساعة 08:45 بالتوقيت الصيفي البريطاني. وبدأ القمر في تغيير لونه من البرتقالي إلى لون الدم الأحمر أو البني في خسوف كامل للقمر. وبدأ الخسوف الكامل لمدة ثلاث ساعات من الساعة 05:58 بتوقيت غرينتش، حيث يتحرك القمر إلى ظل الأرض. وبدءا من الساعة 07:06 بتوقيت غرينتش حدث خسوف جزئي للقمر لأكثر من 75 دقيقة وغلفه وهج أحمر. ويفترض رؤية الخسوف الأول لعام 2014 في معظم أنحاء أمريكا الشمالية وأمريكا اللاتينية ومنطقة الكاريبي. ويمكن للمراقبين في شمال غرب أفريقيا أن يتمكنوا من رؤية خسوف القمر، لكنهم لن يتمكنوا من رؤيته إلا بعد أفول القمر. ويتوقع أن يحدث الخسوف الجزئي للقمر في 29 أبريلنيسان و 29 أبريل نيسان. وستحدث ثلاث ظواهر
954,"""لو جونغ هي جزء من حياتي، فهي تجعلني أكثر هدوءا وسعادة وتفاؤلا وتزيدني طاقة وحيوية"" هذا ما تشعر به يوليا بيكر بعد انتهائها من ممارسة لو جونغ. فيوليا (45 عاما) تعاني من إرهاق شديد في عملها، إذ تنظم الكثير من الحفلات الموسيقية والمهرجانات إلى جانب علمها في المجال الصحافي، ما دفعها لممارسة رياضة لو جونغ ""Lu Jong"" من أجل تحقيق التوازن بين الروح والجسد، ما يساعدها في التغلب على التوتر ويشعرها بالراحة. وهذا ما تؤكده يوليا في حديثها مع DWعربية، إذ تقول ""أمارس هذه الرياضة يوميا وخاصة تمارين العناصر الخمسة والتي تستغرق 15 دقيقة"" في إشارة من مدربتها. وتقول يوليا إنها تمارس هذه الرياضة منذ سنوات"
955,لم يعلن بعد عن رقم المبيعات الرسمي الخاص بآي فون إكس، فبينما تحدثت عدة تقارير من مواقع تقنية عن مبيعات كبيرة خلال الأيام الأولى لطرح هذا الهاتف، عادت التقارير ذاتها لتشير إلى خفض آبل لعدد ما طرحته من نسخ هذا الهاتف في الأسواق، وقد نشر تقرير لCNN أن الرقم لا يتعدى وفق توقعات مؤسسة JL Warren Capital حوالي 25 مليون جهاز. وعلى العموم، تبقى كل هواتف آي فون التي اشتهرت مؤخرا، كنسخة 8 و 8 بلوس ثم نسخة إكس، بعيدة عن الوصول إلى رقم قياسي يتربع عليه أحد أشهر الهواتف المحمولة في التاريخ، صدر قبل بداية عهد الهواتف الذكية: إنه هاتف نوكيا 1100 الذي بيعت منه وفق إحصائيات نشرتها عدة مواقع مهتمة بالتكنولوجيا، منها القسم التقني لجريدة التلغراف، قرابة 250
956,"تشهد أفغانستان إرتفاعا في وتيرة العنف مع استعداد قوات حلف الأطلسي (ناتو) للانسحاب من البلاد في عام 2014 ونقلت وكالة فرانس برس عن عطاالله خوقياني، المتحدث باسم ولاية ورداك الواقعة جنوب كابول، قوله إن ستة مهاجمين مسلحين بالرشاشات والأحزمة الناسفة هاجموا بناية مديرية الأمن في مدينة ميدان شار عاصمة مقاطعة ورداك. وأضاف أن ""خمسة من المهاجمين وأربعة من رجال الاستخبارات قتلوا في المواجهات التي اعقبت الهجوم، كما جرح 30 مدنيا"". وأوضح أن أحد المهاجمين قتل عندما صدم السيارة المفخخة التي كان يقودها في بوابة مبنى الاستخبارات، فاتحا الطريق للمهاجمين الخمسة الباقين لاقتحام البناية. وتواصل القتال نحو ساعة، وانتهى بمقتل جميع المهاجمين. مواضيع قد تهمك نهاية هذا الأسبوع: تفجير سيارة مفخخة قرب مبنى الاستخبارات في ميدان شار،"
957,"المركبة كاسيني بدأت رحلتها عام 1997 ووصلت إلى زحل بعد مرور سبع سنوات وهذا التقدير هو أكثر دقة من التقديرات السابقة، وسيكون مفيدا في الدراسات المستقبلية للنظام الشمسي وما وراءه. واستخدم التلسكوب إشارات من مركبة كاسيني الفضائية التي تدور حول زحل منذ عام 2004. وأجرت عشر هوائيات تمتد من هاواي إلى جزر فيرجن هذه القياسات الدقيقة بالرغم من أن كوكب زحل يبعد تقريبا بنحو مليار ميل عن الأرض. ويعرف هذا التلسكوب العملاق الذي يتألف من عشر أجزاء اختصارا ب""في إل بي ايه"" (VLBA). ويمكنه أيضا التقاط صور عالية الوضوح، كما يمكنه التقاط صور فائقة الوضوح. وأعلن عن النتائج خلال اجتماع للجمعية الفلكية الأمريكية في سياتل. وقال الدكتور دايتون جونز الخبير في مختبر الدفع النفاث في ""ناسا"
958,"قال رئيس المفوضية الأوروبية جان كلود يونكر قبيل المؤتمر الذي تستضيفه بروكسل اليوم الجمعة (الجمعة 23 فبراير شباط 2018) ""نريد مساعدة المنطقة على أن تصبح أكثر أمنا وقوة، ولكي توفر فرصا لمستقبل سكانها وخاصة الشباب"". وتابع يونكر: ""إننا معا نحتاج إلى ضمان أن يسير الأمن والتنمية جنبا إلى جنب"". من جهتها، ذكرت مسؤولة السياسة الخارجية بالاتحاد الاوروبي فيديريكا موجيريني أنه من المقرر أن يضاعف الاتحاد مساهماته في قوة مجموعة دول الساحل ""جي5.""، متعهدة بمبلغ إضافي قيمته 50 مليون يورو. لكنها شددت على أن الدعم التنموي مهم مثل الامن. وأضافت موجيريني: ""ليست هناك أي شروط حقيقية للامن بدون تنمية اجتماعية واقتصادية وفرص عمل للشباب وللنساء في المنطقة"". ومنطقة الساحل عبارة عن مساحة شاسعة تضربها النزاعات وتمتد على"
959,"أكد الاتحاد الألماني لكرة القدم اليوم الخميس (5 كانون الأول ديسمبر 2013) أنه سيتخذ قراره بشأن الاستعانة بتكنولوجيا خط المرمى في مباريات الدوري الألماني البوندسليغا في آذار مارس المقبل. وقال رينارد راوبول رئيس رابطة الدوري الألماني للعبة القدم عقب انتهاء الجمعية العمومية للاتحاد في فرانكفورت ""حتى ذلك الحين سنعطي المعلومات اللازمة للأندية لاتخاذ القرار الذي تراه"". ووفقا لأندريس ريتيغ نائب رئيس المكتب التنفيذي للاتحاد الألماني فإن الاتحاد سيتخذ قراره في آذار  مارس من خلال الجمعية العمومية التي ستعقد في فرانكفورت. وقال راوبول: ""سنتخذ القرار في هذا الشأن في آذار مارس المقبل"". وفقا لما ذكره الاتحاد الألماني. ووفقالرهريج ريتيغ رئيس المكتب التنفيذى للاتحاد الألمانى لكرة القدم فإن الاتحاد الألماني سيعلن قراره في هذا الصدد في آذار المقبل."
960,مقر المقهى أصبح موقعا لتذكر الضحايا. وكان الرهينة الآخر، توري جونسون، مدير المقهى، قتل برصاصة في الرأس أطلقها المسلح مان هارون مونس. وقد دفع قتله الشرطة إلى دهم مقهى ليندت شيكولاته، وقتل مونس، الذي كان في حوزته خمسة شظايا من رصاصات الشرطة، أو رصاصات أخرى، ارتدت من سطح صلب إلى جسم الضحية. وكان مونس قد قتل بالرصاص، أو شظايا أخرى من رصاص الشرطة. وقد أدى ذلك إلى إغلاق جزء كبير من وسط المدينة، أو إغلاق جزء من وسطها، أو إلى إغلاق شارع مارتن في حي الأعمال في سيدني في 15 ديسمبركانون الأول. وقد قتل مونس في الحال، أو في شظايا الرصاصة التي أطلقتها الشرطة،
961,مثل سيب بلاتر رئيس الاتحاد الدولي لكرة القدم الموقوف أمام لجنة القيم التابعة للفيفا اليوم الخميس (17 ديسمبركانون الأول 2015) للنظر في إمكانية رفع الإيقاف عنه. ويمر الفيفا بأسوأ أزمة فساد في تاريخه الذي يزيد عن مئة عام، حيث يخضع 41 مسؤولا من بينهم رؤساء لاتحادات وطنية وكيانات أخرى لتحقيقات جنائية في الولايات المتحدة وسويسرا ودول أخرى. ويخضع بلاتر، الذي من المنتظر أن يترك منصبه في 26 فبرايرشباط المقبل، عند إجراء الانتخابات لتحقيق جنائي في سويسرا. ووصل إلى مقر الفيفا في زوريخ اليوم برفقة أحد محاميه السويسري لورنز ارني. ويتعين على بلاتر ايضا شرح عقد بيع حقوق تلفزيونية اعتبر غير منصف لفيفا منحه للترينيدادي جاك وارنر لمونديالي 2010 و2014. وتعرض بلاتر للإيقاف
962,"استخدم الباحثان جهازا مزيفا لأشعة الرنين المغناطيسي، لاختبار جذبه القراصنة أو لا وأشارا إلى أن نحو 68 ألف جهاز طبي، من مجموعة واسعة من الهيئات الصحية الأمريكية، لم يسمياها، قد تعرضت للاختراق بالفعل. وعرض الباحثان، سكوت إيرفن ومارك كولاو، اللذان يعملان في مجال أمن الحواسيب، نتائج دراستهما في مؤتمر ديربيكون لمكافحة القرصنة. وقال إيرفن إنهما اكتشفا ""آلاف حالات القصور والهجمات المباشرة، التي تعرضت لها الأجهزة الطبية في الولايات المتحدة، خلال العام الماضي. وكشف الباحثان عن أنهما صنعا أجهزة طبية مزيفة، جذبت آلاف القراصنة. وقالا، أمام رواد المؤتمر، إن الوسائط المرتبطة بالأجهزة الطبية تكون متاحة عبر محرك البحث شودان. مواضيع قد تهمك"
963,"دعت مجلس الأمن الدولي إلى عقد جلسة طارئة اليوم الأربعاء(13 سبتمبر أيلول) لمناقشة تطورات أزمة مسلمي الروهينغا في ميانمار. وقال المتحدث باسم وزارة الخارجية المصرية أحمد أبو زيد في بيان وصل وكالة الأنباء الألمانية (د.ب.أ) إن كلا من السويد وبريطانيا شاركتا مصر في طلب عقد الجلسة، بالإضافة إلي تأييد وفدي كازاخستان والسنغال، باعتبارهما من أعضاء مجلس الأمن المنتمين لمنظمة التعاون الإسلامي. وأضاف أبو زيد أن "" مصر أيدت طلب عقد جلسة مجلس الأمن الطارئة اليوم الأربعاء ( 13 سبتمبر أيلول ) لمناقشة تطورات الأزمة في ولاية راخين في ميانمار "" . وأكد أبو زيد أنه خلال لقاء وفد مصر مع الأمين العام للأمم المتحدة أنطونيو جوتيريش، ""أبرزت مصر ضرورة انعقاد المجلس بشكل عاجل من أجل العمل على وقف نزيف الدماء والحد من"
964,كانت طائرة مماثلة قد ارتطمت بمبنى سكني في ابريل 2012 وقال ناطق باسم قاعدة اوشيانا البحرية في فرجينيا إن الحادث وقع في الساعة السابعة والنصف من مساء الاربعاء بتوقيت غرينتش (الثانية والنصف بعد الظهر بالتوقيت المحلي) على مسافة 70 كيلومترا من القاعدة. ولم يتضح بعد سبب الحادث. وكانت طائرة مماثلة تعود لنفس القاعدة (توي ي . ي. ي) ارتطم في العشرين من ابريل  نيسان 2012 بعمارة سكنية في حادث اسفر عن اضرار مادية جسيمة وتسع اصابات.
965,"اقتنص البريطاني لويس هاميلتون سائق مرسيدس صدارة الترتيب العام لفئة السائقين بعد فوزه بلقب سباق ""جائزة إيطاليا الكبرى"" اليوم الأحد (الثالث من أيلولسبتمبر 2017) ضمن بطولة العالم لسباقات سيارات فورمولا-1. وكان هاميلتون حطم الرقم القياسي لعدد مرات الفوز بمركز الانطلاق الأول في تاريخ فورمولت-1، بعد فوزه بالتجربة الرسمية للسباق الإيطالي محققا فوزه رقم 69 بعدما كان متساويا مع الأسطورة الألماني مايكل شوماخر في الرقم القياسي برصيد 68 انتصارا لكل منهما. وتفوق هاميلتون على الفنلندي فالتيري بوتاس زميله في مرسيدس والذي حل في المركز الثاني فيما جاء الألماني سيباستيان فيتيل سائق فيراري في المركز الثالث بعدما كان يقبع في المركز الثامن خلال السباق. وحقق هاميلتون فوزه السادس هذا الموسم والحدث له خلال مسيرته في سباقات الجائزة الكبرى."
966,"قادة شمال وجنوب السوجان يتبادلون الاتهامات بحشد قوات على الحدود ويتبادل زعماء شمال وجنوب السودان الاتهامات بتسل قوات على جانبي الحدود مع اقتراب موعد الاستفتاء الذي من المرجح أن يصوت فيه الجنوب لصالح الانفصال عن الشمال. وقال المتحدث باسم الجيش الشعبي فيليب أجوير ""هاجمت طائرات الهليكوبتر التابعة للقوات المسلحة السودانية موقع القوات المسلحة السودانية على الحدود مما أسفر عن اصابة أربعة جنود واثنين من المدنيين."" واضاف ""القوات المسلحة السودانية تحاول جر السودان إلى الحرب من جديد وتعطيل الاستفتاء أو منعه"" لكن جيش الجنوب لن يرد عسكريا. من جانبه نفى الجيش السوداني مهاجمة الجنوب ونفى المتحدث باسم القوات السودانية الصوارمي خالد إن ما تردد غير صحيح بالمرة وان القوات السودانية لم تهاجم أحدا قرب الحدود. وقد ذكر متحدث باسم الأمم المتحدة أنه لا توجد معلومات في الوقت الحالي"
967,نحو 100 في المئة من الطاقة المستخدمة في أيسلندا تأتي من مصادر متجددة وسرقت أجهزة الكمبيوتر تلك خلال أربع مداهمات لمراكز بيانات في أنحاء متفرقة من أيسلندا. وتعد أيسلندا بلدا مشهورا بمراكز البيانات فيه، حيث أن 100 في المائة من الطاقة المولدة هناك تنتج عن مصادر متجددة. وقد احتجز اثنان من المشتبه بهم، وأطلق سراح تسعة آخرين بكفالة. ولكن السلطات لم تسترجع بعد أجهزة الكمبيوتر المسروقة التي كانت تستخدم كخوادم في عمليات إصدار العملات المشفرة. وقالت وكالة أسوشيتد برس إن الشرطة تتواصل الآن مع شركات توفير خدمة الإنترنت، وفنيي الكهرباء والقائمين على وحدات التخزين، لتطلب منه جميعا التبليغ عن أي ارتفاع مفاجئ في استخدام الطاقة، أو أي علامة أخرى تشير إلى إعادة توصيل الخوادم بالانترنت مرة أخرى. وتشير تقديرات إلى أن قيمة أجهزة الكمبيوتر
968,"متطوعون في ""الحشد الشعبي"" في جرف الصخر كما قتل عدد من المدنيين وأصيب 7 في انفجار سيارة مفخخة في ساحة الواثق في منطقة الكرادة وسط المدينة، حسب مصادر امنية وطبية. ولم تدع اي جهة مسؤوليتها عن الهجومين. لكن الهجوم الأول يشبه الى حد كبير الهجمات التي ينفذها تنظيم ""الدولة الاسلامية."" وكانت القوات العراقية المدعومة من جانب المتطوعين قد استردت المنطقة من ايدي مسلحي ""الدولة الإسلامية"" يوم امس. ونقلت وكالة رويترز للانباء عن مصادر امنية عراقية قولها إن الانتحاري كان يقود آلية عسكرية من نوع هامر محملة بالمتفجرات، وانه فجرها عند نقطة تفتيش للجيش والمتطوعين خارج بلدة جرف الصخر السنية التي تبعد بمسافة 50 كيلومترا الى الجنوب من بغداد. مواضيع قد تهمك نهاية يذكر ان جرف الصخر تقع على الطريق الذي يسلك"
969,"صدق من قال ""في الحركة بركة""، فقد تعتقد بأنك تتمتع بصحة جيدة لابتعادك عن التدخين واتباعك حمية غذائية صحية، أو لأنك تمارس التمارين الرياضية يوميا، غير أن جهودك هذه قد تذهب في مهب الريح إذا كنت من الأشخاص الذين يجلسون لفترات طويلة. فقد أظهرت دراسة جديدة تحذيرات هائلة من مخاطر كثرة الجلوس، ربما لم تكن من ضمن الحسابات سابقا. فحسب هذه الدراسة، التي نشرت في موقع صحيفة (Annals of Internal Medicine) الأميركي، فإن الجلوس لفترات طويلة يتسبب في أمراض ومشاكل صحية عديدة، إذ أن طبيعة جسم غير مهيئة لكثرة الجلوس، لذلك أصبح يطلق على الجلوس لفترة طويلة ""التدخين الجديد""، وذلك لما يحمله من أخطار قد تطال أعضاء الجسم كافة وبشكل خاص القلب والأوعية الدموية. قام"
970,تعتزم السلطات الألمانية إجلاء نحو 21 ألف شخص من منازلهم، اليوم السبت (2 أيلولسبتمبر)، في مدينة كوبلنتس لإبطال مفعول قنبلة من مخلفات الحرب العالمية الثانية، في الوقت الذي يستعد فيه عشرات الآلاف من المواطنين في مدينة فرانكفورت للإجلاء غدا الأحد لنفس السبب. ومن المقرر تنفيذ عملية إخلاء المنازل في المدينة في حوالي الساعة الثالثة عصرا بالتوقيت المحلي، على مساحة نحو كيلومتر. وعقب السيطرة على المنطقة المحظورة سيجرى نزع فتيل القنبلة، التي تزن نحو 500 كيلوغرام، يوم الاثنين الماضي، في الساعة الثالثة ظهرا. ويوجد في المنطقة المحظورة محطتا قطار ومستشفى وداران للمسنين وسجل اتحادي ومدارس ودور حضانة وسجن المدينة، الذي تم نقل نزلائه، وعددهم نحو 160 نزيلا، إلى سجن آخر. وتم العثور على القنبلة الأمريكية، التي يزن 500 كيلوغرام
971,الناشطون يعلقون املهم على القيادة الجديدة وتلقى الرئيس الصيني الجديد، شي جين بينغ، رسالة أخرى من ناشطين صينيين، في موضوع شياو بو، الحائز على جائزة نوبل للسلام، والذي أدين بتهمة التحريض على التمرد. وتأتي هذه الخطوة بالتوازي مع استعداد الكاتب الصيني مو يان لاستلام جائزة نوبل. وكان ليو كسياوبو قد أعتقل في سنة 2010، بسبب دعوته إلى تغيير النظام في البلاد، رغم اعتراض الحكومة الصينية الشديد على ذلك. وقد أعتقل عام 2009 لمساعدته في تحرير بيان يدعو إلى التغيير السياسي. وحكم عليه بالسجن لمدة 11 سنة، بتهمة التحريض، في حين كان زوجته ليو شيا، في الإقامة الجبرية. وقد وقع الرسالة، بعد أربع سنوات من سجن ليو كساياوبو، حائزون على نوبل، من بينهم زعيم التبت،
972,تأهل الفريق المغربي للدور التالي لملاقاة فريق مونتيري المكسيكي يوم السبت المقبل على ملعب أجادير. وتأهل الفريق المغربي للمباراة التالية أمام أوكلاند سيتي يوم الأحد المقبل على استاد أجادير في ظروف صعبة بعد اقالة مدربه محمد فاخر الشهر الماضي بسبب تواضع نتائج الفريق في الدوري المحلي. وكان على مدرب الفريق الجديد التونسي فوزي البنزرتي أن يهيئ لاعبي الفريق نفسيا وخططيا للبطولة بأسرع وقت، وهو ما بدا واضحا في أداء الفريق. حماس جماهيري أضفت جماهير الرجاء المغربي روحا حماسية غير عادية على أجواء المباراة بترديدها الأغاني والأهازيج منذ الدقيقة الأولى للمباراة وحتى صافرة النهاية. وضغط فريق الرجاء البيضاوي منذ الدقائق الأولى للمباراة وسط تشجيع متواصل من قبل جماهيره التي بلغ عددها خمسة وثلاثون ألف مشجع. وأضاع عادل كروجي الفرصة الأولى للرجاء بعد سبع
973,"نقلت وكالة الأنباء اليمنية الرسمية السبت (22 فبراير شباط 2014) عن ممثل صندوق النقد الدولي في اليمن غازي شبيكات قوله ""الحكومة اليمنية تستهدف عجزا أكبر في موازنة العام الجديد مقارنة بموازنة 2013 وإيجاد تمويل لهذا العجز سيشكل تحديا حقيقيا للحكومة."" وأشار إلى محدودية المبالغ التي يمكن توفيرها من الجهاز المصرفي اليمني وقال إن استمرار التوسع في الاستدانة عبر بيع أذون الخزانة والسندات لتغطية عجز الموازنة من شأنه أن يؤثر سلبا على عملية الإقراض الذي يمكن أن توفره البنوك للقطاع الخاص المستثمر. وأضاف أن الاستمرار في خفض النفقات الرأسمالية لا يتناسب مع متطلبات المرحلة التي ينبغي فيها تحقيق معدلات نمو أعلى للمساهمة في تخفيض نسب الفقر والبطالة. وقال شبيكة ""استمر الاقتصاد اليمني بالتعافي من أزمة عام 2011 حيث نما عام 2013 بنسبة 4.5 بالمئة وهي نسبة أقل"
974,في منطقة مشجرة وهادئة تقع في ضاحية مدينة بون الجنوبية يسمع المرء طول الوقت تقريبا زقزقة العصافير مع مرور سيارات فيها من وقت إلى آخر. في وسط هذه الضاحية يرتفع بناء بني في أعوام السبعينات من القرن الماضي يلفه سور عال مجهز ببوابات أمنية وبكاميرات. هذا المبنى، الذي سيعمل فيه ابتداء من اليوم عشرة موظفين تابعين لمركز الدفاع الجديد، سيتواجد في المبنى عشرة موظفون يعملون لصالح المكتب الاتحادي لحماية الدستور ومكتب الحماية من الكوارث ومكتب حماية الدستور ومكتب حماية من الكوارث. المركز الجديد، الذي سيتواجد فيه عشرة موظف تابعين للمركز الجديد، سيعملون في مركز الدفاع الجديد التابع للمكتب الاتحادي الألماني لتقنية الأمن والمعلومات BSI، ويعتبر المركز نواة الاستراتيجية الأمنية لجهاز التوجيه والدفاع، الذي عرضته الحكومة الألمانية في شهر
975,"لفترة طويلة كان سرا معلنا أن منطقة ""خفض التصعيد"" في الجنوب السوري ستكون العنوان التالي لتصعيد العمليات العسكرية لقوات النظام السوري بعد طي صفحة الغوطة ومحيط دمشق. الرهان لم يكن حول ""متى"" و""هل"" ستبدأ المعركة؟ وإنما حول من سيشارك في المعركة، وحول الأثمنة المدفوعة لبدئها وحسمها، وأيضا حول أمدها وتأثيرها على المشهد السياسي والعسكري في سوريا. ضمن برنامج مسائية، الذي تقدمه DW عربية، أكد المحلل السياسي طوني أبي نجم على دور تفاهمات دولية حصلت قبل انطلاق المعركة. ومن أهم محطاتها، حسب أبي نجم، زيارة رئيس الوزراء الإسرائيلي بنيامين نتنياهو إلى موسكو، و""انسحاب القوات الإيرانية والميليشيات التابعة لها من حزب الله وغيره"" مسافة 30 إلى 40 كيلومترا بعيدا عن الحدود"
976,"أوقفت القوى الأمنية اللبنانية أكبر شبكة للاتجار بالنساء لأهداف جنسية يتم الكشف عنها خلال خمس سنوات وأنقذت 75 فتاة غالبيتهن من السوريات، وفق ما قال مصدر أمني لفرانس برس الجمعة (الأول من نيسان أبريل 2016). وقال المصدر الأمني ""هذه أكبر شبكة اتجار بالنساء يتم كشفها في لبنان منذ اندلاع النزاع في سوريا"" في آذار مارس 2011. وجاء في بيان لقوى الأمن الداخلي اللبناني أنها تمكنت ""خلال عملية أمنية نوعية، من كشف هوية مجموعة أشخاص يؤلفون أخطر عصابة للاتجار بالأشخاص في لبنان وتوقيفهم في محلة جونيه"". وأشار البيان إلى أنه تم ""تحرير 75 فتاة معظمهن من الجنسية السورية، تعرضن للضرب والتعذيب النفسي والجسدي وأجبرن على ممارسة الفحشاء تحت تأثير التهديد بنشر صور"
977,الخلايا التائية (المعروفة ب T cells)، هي خلايا تلعب دورا أساسيا في ضمان مناعة الجسم لمقاومة مسببات الأمراض التي قد تصيبه. لكن دراسة حديثة كشفت على أن هذه الخلايا، وهي تقوم بدورها الأصلي، قد تسرع إصابتنا بالشيخوخة. وتوصلت الدراسة المذكورة التي تم إجراءها على عينة من فئران التجارب، إلى أن عملية منع الالتهاب أو تعزيز إمدادات الجسم بمركبات الأيض، والتي تقوم بها هذه الدول، ترتبط بدرجة حدة بعض أعراض الشيخوخة، وفقا لموقع ScienceMag للعلوم. ووصف أخصائي المناعة بجامعة RMIT الأسترالية، كايلي كواين، ما توصلت له الدراسة بأنه ”مذهل“ حيث تربط النتائج بشكل مباشر بين الإصابة بالالتهاب وعملية تخزين وحرق
978,أعلن كارل هاينتس شروتر وزير داخلية ولاية براندنبورغ شرقي ألمانيا اليوم الأحد (الثالث من ديسمبر كانون الأول 2017) أن التحذير من وجود قنبلة في سوق الكريسماس في مدينة بوتسدام كان بغرض ابتزاز شركة البريد السريع (دي إتش إل DHL). وذلك وفقا للشواهد الأولية التي جمعها المحققون. بدوره قال هانز- يورغن موركه، رئيس شرطة مدينة بتسدام أن القنبلة الوهمية التي تم العثور عليها في سوق للكريسماس في المدينة، كان معها رسالة ابتزاز. وأوضح موركك أن الرسالة كانت مشفرة في شكل رمز الاستجابة السريعة (كيو آر كود)، وأمكن فك تشفيرها بشكل واضح. واستبعدت شرطة بوتس دام الألمانية احتمال أن يكون سوق عيد الميلاد بالمدينة هدفا لهجوم تم التخطيط له باستخدام الطرد المريب
979,"تتقاسم القوات الحكومية والقوات الكردية السيطرة على مدينة القامشلي واندلعت الاشتباكات منذ يومين وأسفرت عن مقتل 27 شخصا من الجانبين. وذكرت مصادر موالية للحكومة إن تدخل الجيش السوري جاء ""بعد استمرار المجموعات الكردية في الهجوم على قوات الأمن الداخلي الحكومية وسيطرتهم على سجن القامشلي المركزي (علايا) واستهدافه بقذائف الهاون والدبابات"". وأشارت المصادر إلى أن ""اتفاقا لوقف إطلاق النار لم يدم طويلا، نتيجة الاستفزازات المتبادلة بين الطرفين"". وبحسب مراسلنا في دمشق عساف عبود، شهدت القامشلي حركة نزوح للسكان باتجاه المناطق المجاورة. مواضيع قد تهمك نهاية وتتقاسم المجموعات الكردية والقوات الحكومية والموالية لها السيطرة على القامشلي التابعة لمحافظة الحسكة، إذ تسيطر القوات الحكومية على جزء من المدينة ومطارها المدني إضافة إلى سجنها المركزي والمباني الرسمية التابعة للحكومة فيها منذ بدء الصراع في"
980,"يلقي الرئيس الامريكي جورج بوش اليوم الاربعاء(19 مارسآذار) كلمة سيقر فيها بأن تكلفة حرب العراق كانت عالية لكنه سيؤكد أن زيادة القوات الامريكية هناك فتحت الباب أمام ""نصر استراتيجي كبير"" على المتشددين الاسلاميين. وتوضح مقتطفات من الكلمة أذيعت أمس أن بوش متفائل في تقييمه للحملة التي قادتها الولايات المتحدة بالعراق حيث وصفها بأنها تمخضت عن ""نجاحات لا يمكن انكارها"". في الوقت نفسه ينتظر أن يحذر بوش من انسحاب متسرع للقوات الأمريكية. وسيشيد بوش بشكل خاص بزيادة تعاون السنة العراقيين في التصدي لتنظيم القاعدة واصفا إياه بأنه ""أول انتفاضة عربية واسعة النطاق ضد أسامة بن لادن وأيديولوجيته المروعة وشبكته الارهابية."" معروف أن عدد من زعماء العشائر السنية قد توحدوا بدعم أمريكي ضد"
981,"قال باحثون إن النساء الحوامل ممن يتعاطين مسكن باراسيتامول كمسكن للألم بصفة منتظمة ولفترات طويلة يعرضن للخطر مستويات هرمون التستوستيرون لدى أولادهم ما يسبب لهم مشاكل تناسلية محتملة في مراحل لاحقة من حياتهم. وفي الدراسة التي أوردتها دورية ساينس، والتي استعانت بفئران التجارب توصل العلماء إلى أن العلاج بالباراسيتا مول لمدة أسبوع أدى إلى هبوط حاد في إنتاج هرمون الذكورة تستوستيرون. وقال رود ميتشل الباحث الإكلينيكي بجامعة ادنبره والذي أشرف على البحث ""ننصح بأن تراعي الحوامل الإرشادات الحالية بأن يجري تعاطي مسكنات الألم بأقل جرعة فعالة ولأقصر فترة ممكنة"". ويشيع استخدام مركب الباراسيتامول على نطاق واسع لتخفيف الألم وخفض درجة الحرارة كما يستخدم بصفة عادية في جميع مراحل الحمل. ع."
982,توج اللاعب البلجيكي كيفين دي بروين (23 عاما) نجم فولفسبورغ أداءه غير العادي هذا الموسم بكسر رقم قياسي. فنجم خط الوسط وصانع الألعاب الماهر ساعد زملاءه من خلال تمريراته الحاسمة (بالإنجليزية Assist) في تسجيل 21 هدفا في مباريات الدوري الألماني هذا الموسم. وكان الرقم المسجل حتى الآن هو 20 تمريرة أثمرت عشرين هدفا ويتقاسمه لاعب من فولف هو ميسيموفيتش، مع نجم بايرن ميونيخ الكبير فرانك ريبيري. ومرر ميسيموسوفيتش تمريراته العشرين الحاسمة في موسم 20082009 الذي فاز فيه فولفولف بالدوري الألماني. أما فرانك ريبري فجاءت تمريراته العشرون في موسم 20112012 حينما استعاد بايرن ميونيخ لقب الدوري الألماني من براثن دورتموند، الذي احتفظ به موسمين
983,"قال مكتب الدولة لمعلومات الانترنت قوله إن الشركات التي لن تنجح في اجتياز الفحص سيوقف نشاطها ونقلت وكالة أنباء الصين الجديدة (شينخوا) عن المكتب قوله إن الشركة التي لن ينجح في اجتياز اجتياز الفحص لن يسمح لها بتوفير منتجاتها وخدماتها في الصين. فيما ستحظر المنتجات التي لن تتطابق مع الشروط الأمنية. ويهدف الفحص، حسب بيان من المكتب، إلى تفادي استغلال الشركات لمنتجاتها في عمليات السيطرة على أنظمة العملاء أو تعطيلها أو إغلاقها أو جمع معلوماتهم وتخزينها أواستخدامها. وقال جيانغ جون، متحدث باسم المكتب، ""منذ وقت طويل تجمع حكومات وشركات بعض الدول معلومات حساسة على نطاق واسع، إذ تستغل احتكارها للسوق وقدرتها التكنولوجية، وذلك لا يقوض مصالح العملاء وحسب، بل يهدد أيضا الأمن الإلكتروني لدى الدول الأخرى"". وأضاف جيانغ أن"
984,"وكان أوباما يرد على أسئلة عن كيفية تطبيق اتفاق توصل إليه دبلوماسيون أمريكيون وروس. وقال أوباما في بيان إن اتفاق الإطار خطوة مهمة وملموسة نحو وضع الأسلحة الكيمياوية السورية تحت رقابة دولية كي يتسنى في نهاية الأمر تدميرها. وتم التوصل إلى الاتفاق بعد محادثات بين وزير الخارجيه الأمريكي جون كيري ونظيره الروسي سيرجي لافروف في جنيف. وقال ""لقد حققنا تقدما مهما لكن لا يزال هناك كثير من العمل الذي يتعين انجازه"". وأضاف أوباما في بيانه أن الاتفاق ""ليس أكثر من مجرد بداية لطريق دبلوماسي ضيق ومعتم يقود فيه الرئيس الأمريكي باراك أوباما حكومة الرئيس الروسي فلاديمير بوتين في مجلس الأمن الدولي"". وقال أوباما ""لا يزال هناك الكثير من الوقت الذي يتعين القيام به لكن لا تزال هناك بعض المسائل التي يتعين انجازها. مواضيع قد تهمك في"
985,"للكذب صور عديدة يمارسها معظمنا في الحياة اليومية، سواء من خلال كلمات مجاملة لزملاء العمل أو إخفاء الشعور بالمرض والألم عن المقربين عند سؤالهم عن أحوالنا أو حتى في بعض الكلمات الرقيقة لشريك الحياة. ثمة العديد من المؤشرات التي تكشف عن الكذب في الحياة، وفقا لموقع ""غولوف"" الألماني، فالكاذب عادة ما يتحدث بصوت مرتفع بعض الشيء، كما أنه مستعد دوما لتغيير موضوع الحديث. ويقول خبراء تحليل لغة الجسد إن الشخص الذي يكذب عادة ما يلمس فمه أو رقبته أو يحك أنفه بشكل متكرر. ويمكنك معرفة ما إذا كان أحد الأشخاص الذين تعرفهم، يكذب عليك، إذا لاحظت أنه يتكلم بشكل أكثر من المعتاد ويدخل بشكل متعمد في تفاصيل غير جوهرية، بالإضافة لاستخدامه بعض النكات أو التعبيرات الساخرة كطريقة لإبعاد الانتباه"
986,أكد نادي بوروسيا دورتموند لكرة القدم اليوم الجمعة (السادس من مايو أيار 2016) غياب لاعب خط الوسط إلكاي غوندوغان عن المنتخب الألماني في بطولة أمم أوروبا (يورو 2016) التي ستقام بفرنسا بسبب إصابته في الركبة. وذكر دورتموند أن غوندوغان (25 عاما) تعرض لإصابة في مفصل الركبة خلال التدريبات وأنه سيغيب عن الفريق في آخر مباراتين بالدوري وبالمباراة النهائية للكأس أمام بايرن ميونيخ ولن يشارك في بطولة كأس أمم أوروبا. وتقام البطولة في الفترة بين العاشر من يونيو حزيران والعاشر من يوليو تموز 2016، ويعتبر المنتخب الألماني من أبرز الفرق المرشحة للفوز بها. وتعد إصابة غوندوغان بمثابة ضربة مؤلمة ليوآخيم لوف مدرب منتخب ألمانيا ونكسة أخرى للاعب، الذي غاب عن مونديال لبرازيل 2014 بسبب إصابة في الظهر أبعدته عن الملاعب لمدة 14
987,"نقلت وكالة أنباء الشرق الأوسط عن مصدر بوزارة الداخلية المصرية، وصفته بأنه رفيع المستوى، قوله بأن تسعة عناصر ""إرهابية"" قتلوا اليوم الأحد (10 من سبتمبر أيلول 2017)، وأصيب خمسة من رجال الشرطة في تبادل لإطلاق النار أثناء مداهمة أمنية بمنطقة العجوزة بالجيزة. وحسي ذات المصدر فإن ""معلومات مؤكدة توافرت لقطاع الأمن الوطني مفادها اختباء مجموعة من العناصر الإرهابية داخل شقتين بشارع السكة البيضاء بمنطقة أرض اللواء بالعجوزة (محافظة الجيزة) تمهيدا للتخطيط لتنفيذ عدد من العمليات الإرهابية"". وأضاف ""لدى اقتراب القوات من إحدى الشقتين بادرت العناصر الإرهابية بإطلاق النار على القوات مما اضطرها إلى مبادلتهم إطلاق النار"". ونقلت الوكالة عن المصدر قوله إن أحد المسلحين فجر عبوة ناسفة كانت بحوزته قبل إطلاق النار على قوات. وأضاف المسؤول أن قوات الأمن عثرت"
988,"وجاء في البيان الختامي لاجتماع وزراء خارجية 11 دولة عربية وغربية أنه "" تم الاتفاق على أن يتم ""إرسال أسلحة للمعارضة السورية إلى سوريا على الفور"". ودان البيان ""تدخل ميليشيات حزب الله ومقاتلين من إيران والعراق"" مطالبا بضرورة "" أن يغادر هؤلاء المقاتلون سوريا. وقال البيان الختامي لوزراء خارجية الدول ال 11 في ختام اجتماع ""أصدقاء سوريا"" إنه ""تم الاتفاق على إرسال أسلحة إلى المعارضة السورية على الفور. وكان وزراء الخارجية العرب قد أكدوا في بيانهم الختامي أن ""القوة ضرورية لإقرار العدل وأن ارسال اسلحة للمعارضة السورية هو السبيل الوحيد لانهاء الحرب الأهلية في البلاد"". وكانت القوات الحكومية السورية تمكنت من السيطرة على بلدة القصير الاستراتيجية الواقعة على الحدود مع لبنان بدعم من عناصر من حزب الله اللبناني بعد معارك عنيفة ضد مسلحي المعارضة. ولم يتطرق بيان الوزراء"
989,"وزيرة الخارجية الباكستانية:هذه مسألة عفى عليها الزمن وقالت الوزيرة للمراسلين خلال زيارتها الرسمية للعاصمة الأفغانية كابول ""يمكننا إهمال هذا التقرير باعتباره تسريبا استراتيجيا. ... فهذه مسألة قديمة عفاء عليها الزمن"". وكانت باكستان قد نفت مرارا وجود أي صلات لها مع مسلحي طالبان في أفغانستان. وصرح متحدث باسم وزارة الدفاع الأمريكية البنتاغون بأن ""التقرير يكشف للمرة الأولى عن وجود علاقات بين أجهزة الاستخبارات الباكستانية وطالبان في أفغانستان "" . وأضاف المتحدث أن ""هذا التقرير يكشف عن وجود صلات بين أجهزة استخبارات باكستان وطالبان"" مشيرا إلى أن هذا التقرير ""يكشف عن علاقات بين عناصر استخبارات باكستانية وشبكات مسلحة متشددة"" مضيفا أن البنتاغون لم يطلع على التقرير حتى الآن. نسخة وكانت بي بي سي قد حصلت على نسخة من تقرير سري لحلف شمال الأطلسي،"
990,تحتاج الأسنان إلى عناية دائمة، لكن كثيرين يهملون الاعتناء بأسنانهم في الحياة اليومية أو يهملون مواعيد تنظيف الأسنان لدى الطبيب المتخصص. إلا أن الأطباء يحذرون من هذا الأمر، مؤكدين أن تبعات هذا الإهمال لا تنعكس فقط على المظهر الخارجي، بل تشكل خطرا كبيرا على حياة الإنسان، إذ أثبتت دراسات حديثة بأن هناك علاقة بين التهاب اللثة واحتمال التعرض لنوبات قلبية أو جلطات. ويؤكد باحثون في عدة دول أن آلاف المصابين بأمراض القلب أشخاص لم يعتنوا بأسنانه كما يجب. وقام الباحثون أيضا بمتابعة النظم الغذائية لهؤلاء المصابين بمشاكل في القلب، فوجدوا أن بعضهم يمارس الرياضة بانتظام ويتناول أكلا صحيا، لكن لديه تلف في الأسنان، وهو ما يرجح أن يكون تلف الأسنان هو السبب المباشر في التعرض لأمراض القلب. ويوضح
991,"كان من المفترض أن يقضي وزراء خارجية دول الاتحاد الأوروبي في شهر آب أغسطس عطلتهم الصيفية السنوية كما جرت العادة في السنوات السابقة. بيد أن الوضع المصري فرض نفسه بقوة في صيف هذا العام على الأجندة الأوروبية قبل العربية. ومن المؤكد أن النواب الأوروبيين أدركوا أنهم سيعودون قريبا إلى مكاتبهم فور انعقاد اللقاء الاستثنائي بين باروزو، رئيس المفوضية الأوروبية، وهيرمان فان رومبوي، رئيس المجلس الأوروبي، على خلفية الأحداث الدامية التي شهدتها مصر، إثر فض الجيش لاعتصامات مؤيدي تحالف الشرعية بقيادة جماعة الإخوان المسلمين للمطالبة بإعادة الرئيس المعزول محمد مرسي إلى منصبه. وفي بيان رسمي مشترك لباروزو ورومبوي، أكد الجانبان على أن الاتحاد الأوروبي سيعيد ""مراجعة علاقاته بمصر في الأيام القادمة"". اجتماع استثنائي وفي اجتماع اسثنائي عقد الأربعاء (21"
992,"وقال المحامي الفرنسي فرونسوا زيمراي إنه كان يتعين على المدعين اليابانيين إثبات إدانة موكله لا أن يثبت غصن، وهو المتهم، براءته من التهم المنسوبة إليه. وحسب المحامي، فإن السلطات اليابانية ""فشلت في ترتيب محاكمة عادلة لموكله تحترم حقوق الإنسان العالمية"". وقال ""كان يتعين أن يثبت الادعاء العام الياباني براءة موكله من التهم الموجهة إليه، وكان يتعين عليه أن يثبت براءته، وكان يجب أن يثبت المدعي العام الياباني البراءة، وكان ينبغي أن يثبت الإدعاء العام براءة موكله، كما كان يتعين عليه إثبات براءته، كما كانت السلطات اليابانية قد داهمت في طوكيو الأربعاء مكتب جونيتشيرو هيروناكا، محامي غصن في اليابان، وصادرت جهاز كومبيوتر، وفق وسائل إعلام يابانية. مواضيع قد تهمك نهاية وعبر هيرو"
993,"نتنياهو: ""اي اطلاق نار من غزة سيقابل برد فوري وحازم"" ومن بين القتلى عوض ابو نصير القيادي البارز في الحركة. ويقول مراسلنا ان الحركة توعدت بالانتقام لمقتل ابو نصير الذي تعرض لاكثر من محاولة قتل في السابق. وقال الاسرائيليون في وقت سابق ان عدة قذائف فلسطينية سقطت في اراضيهم دون ان تحدث اضرارا. وقال مصدر طبي في غزة ان ثلاثة من القتلى كانوا اعضاء في حركة الجهاد الاسلامية التي تسيطر على قطاع غزة. وقال المصدر الطبي في غزة إن ثلاثة من بين القتلى هم ثلاثة من مقاتلي حركة الجهاد الاسلامي. على صعيد آخر، قال رئيس الحكومة الاسرائيلية بنيامين نتنياهو في اجتماع حكومته الاسبوعي إن عشرين صاروخا وقذيفة هاون سقطت في الاراضي الاسرائيلية من غزة في الاسبوع الماضي. واضاف: ""إني اعتبر ذلك امرا خطيرا"
994,وجاء هذا الانفجار بالتزامن مع زيارة وزير الدفاع الأمريكي الجديد تشاك هاغل إلى أفغانتسان. وبحسب وكالة اسوشيتدتد برس، كان ناغل يعقد اجتماعا داخل منشآت تابعة لقوات التحالف في كابول، وأكد مسؤولون في وزارة الدفاع الأمريكية إنه بحالة جيدة ولم يصب بأي أذى.
995,"عقب خروج فريق باريس سان جيرمان على يد المدرب زيدان وكتيبته من دور الستة عشر لنسخة بطولة دوري أبطال أوروبا يوم الثلاثاء الماضي (السادس من مارس آذار 2018)، كتب أحد مستخدمي مواقع التواصل الاجتماعي الألمان من مشجعي الريال، على موقع توتير ساخرا: ""الآن عليكم أن تدفعوا مليارا آخرا""، في إشارة إلى المليار الأول الذي استثمرته هيئة قطر للاستثمارات الرياضية في نادي العاصمة الفرنسية، لتحقيق الهدف الأول، ألا وهو إحراز لقب المسابقة القارية الأهم (تشامبيونسليغ) للمرة الأولى في تاريخ هذا النادي. وقد تسير الأمور فعلا في هذا الاتجاه، إذ من المنتظر أن تشهد نهاية الموسم الجاري زوبعة من التغييرات على جميع المستويات، بدء بالمدرب الإسباني أوناي إيمري الذي كان تمديد عقده مرتبطا فقط بشكل مباشر"
996,السلطات الفرنسية أكدت في يونيو حزيران صحة صور الفيديو التي ظهرت فيها إزابيل وقال مكتب الرئيس إن إيزابيل بريم أفرج عنها الخميس ليلا، وستعود إلى فرنسا قريبا، دون تقديم تفاصيل أخرى. وكانت بريم، البالغة من العمر 30 عاما، تعمل مستشارة في مشروع من تمويل البنك الدولي، واختطفت وهي مسافرة إلى العاصمة صنعاء. وقد أفرج عن مترجمتها، شيرين ومكاوي، التي اختطفت معها في مارس آذار. ولا تزال بريم محتجزة في اليمن منذ سنوات، ولا تزال محتجزة لدى السلطات اليمنية، التي تتهمها بارتكاب جرائم حرب، منذ بدأت الحملة، التي تقودها السعودية، ضد المتمردين الحوثيين، الذين يسيطرون على العاصمة صنعاء، في مارس آذار، ولا يزال عدد من الأجانب محتجزين في اليمن
997,"ينوي ماين-نيكولاس الطعن على قرار منعه من المشاركة في أي نشاط كروي لسبعة أعوام. وقالت المنظمة الكروية إنه تم وقف ماين، وهو الرئيس السابق لاتحاد كرة القدم في تشيلي، بناء على قرار من لجنة الأخلاقيات بها. وسيدلي الفيفا بالمزيد من التفاصيل عندما ""يدخل القرار حيز التنفيذ"". وينوي ماين مايناس الطعن في قرار إيقافه، مستنكرا الإعلان عن القرار قبل انتهاء إجراءات الطعن. وكان ماين -نيكولا (54 عاما) من بين خمسة مسؤولين بارزين أعلن الفيفا العام الماضي أنهم محل تحقيق. وقال الفيفا في بيان له: ""لا يوجد أي شك في نزاهة عملية الفحص التقيم التي قام بها ماين–نيكولاسي، وفقا لرسائل بالبريد الإليكتروني تبادلها مع"
998,"منذ عدة سنوات، يواصل نجم برشلونة ليونيل ميسي نثر سحره الكروي على المستطيل الأخضر، فقد ساهمت موهبة ""البرغوث"" وأهدافه الغزيرة في اعتلاء ""البلوغرانا"" منصات التتويج المحلية والقارية في أكثر من مرة. وغالبا ما تعجز دفاعات أعتى الفرق المنافسة عن الصمود أمام مهارات ميسي، التي توصف بالخيالية. ويبدو أن إبداع النجم الأرجنتيني وتلاعبه بالخصوم قد أصاب أيضا بعض من رفاقه السابقين، الذين لعبوا معه لسنوات طويلة. وفي هذا الشأن، ذكر موقع جريدة ""ديلي ميل"" البريطانية أن الدولي الإسباني سيسك فابريغاس استعاد شريط ذكرياته مع صديقه المقرب ليونيل ميسي، موضحا أن فابريجاس وميسي لعبا سويا في أكاديمية برشلونة ""لا ماسيا"""
999,"مظاهرة اليوم الأربعاء هي الأكبر منذ مايو  أيار 2011، بحسب الشرطة اليونانية ووقعت الاشتباكات حين نظم أكثر من 50 ألفا مسيرة الى مقر البرلمان وهم يهتفون ""لن نخضع للترويكا"" في إشارة لاتفاق اليونان مع الاتحاد الأوروبي وصندوق النقد الدولي على جولة جديدة من خفض الإنفاق. كما ردد المتظاهرون ""الاتحاد الاوروبي والبنك الدولي.. أخرجا"". ومع انتهاء المسيرة ألقى عشرات من الشبان كانوا يرتدون ملابس سوداء الحجارة والقنابل الحارقة والزجاجات على قوات مكافحة الشغب التي ردت بالقنابل المسيلة للدموع. ولاحق رجال الشرطة المحتجين في ميدان سينتاغما أمام البرلمان وسط تحليق لطائرات هليكوبتر. ودعت للاضراب أكبر نقابتين في اليونان تمثلان نصف القوى العاملة البالغ قوامها أربعة ملايين عامل. ويعتبر الإضراب أول اختبار لمدى قدرة رئيس الوزراء انتونيس ساماراس على التمسك"
