idx,prediction
0,المتحدث باسم فرقة الإطفاء يقول أن الحريق في كاتدرائية نوتردام تحت السيطرة بشكل كامل، رغم وجود بعض البؤر التي لا تزال مشتعلة. تم تجنب الأسوأ، والرئيس الفرنسي يعد بإعادة بناء الكاتدرائية. رجل أعمال فرنسي يتعهد بتقديم مئة مليون يورو لإعادة بناء الكاتدرائية. والتحقيقات لا تزال جارية لمعرفة سبب الحريق.
1,تجرى انتخابات المجلس المحلي لمحافظتي الأنبار ونينوى في شمال وغرب العراق، حيث يختار أكثر من ثمانية ملايين ناخب 69 عضوًا في مجالس المحافظتين من بين 1185 مرشحًا ينتمون إلى 44 كيانًا وائتلافًا حزبيًا. وكانت المحافظتين قد استثنيتا من الانتخابات التي جرت في أبريل الماضي بسبب الظروف الأمنية. وفي مدينة الموصل، مركز محافظة نينوى، قتل شرطيان وموظف في مفوضية الانتخابات في انفجار عبوات ناسفة، بينما جرح أربعة موظفين آخرين في حادثين منفصلين. وفي غرب الموصل، أصيب مدني بجروح في انفجار عبوة ناسفة وجرح جنديان في سقوط قذيفة هاون بالقرب من مركز اقتراع في حي التنك. ويأتي هذا رغم الإجراءات الأمنية المشددة التي ترافق العملية الانتخابية. حتى الآن، قتل تسعة مرشحين في المحافظ
2,"أكد الائتلاف الوطني السوري المعارض على أن أي حل سياسي للصراع في سوريا يجب أن يبدأ برحيل الرئيس بشار الأسد، وهو ما يعد رفضا غير مباشر لدعوة روسيا والولايات المتحدة لحوار بين الطرفين يضع حدا للصراع استنادا إلى اتفاق جنيف. رحب الائتلاف بالجهد الدولي الذي يهدف إلى حل سياسي يحقق تطلعات الشعب السوري في دولة ديمقراطية، شريطة أن يبدأ برحيل الأسد ونظامه.

من جهة أخرى، أعلن رئيس الوزراء البريطاني ديفيد كاميرون أنه سيتوجه إلى سوتشي في روسيا للقاء الرئيس الروسي فلاديمير بوتين لبحث ملف سوريا. أكد كاميرون على الحاجة الملحة لبدء التفاوض لفرض انتقال سياسي ينهي النزاع في سوريا.

وفي سياق متصل، أطلقت بريطانيا مسعا جديدا لرفع حظر الأسلحة الأوروبي عن المقاتلين السوريين، بهدف دعم المعارضة المعتدلة وضمان قدرة الاتحاد الأوروبي على التعامل بمرونة في حالة حدوث هجوم كيماوي."
3,"في مباراة مثيرة، فرض التعادل نفسه على لقاء هانوفر وضيوفه باير ليفركوزن بنتيجة 4/4، وذلك في المرحلة السابعة عشر من الدوري الألماني لكرة القدم. ورغم التعادل، رفع ليفركوزن رصيده إلى 28 نقطة في المركز الرابع، في حين تقدم هانوفر إلى المركز الحادي عشر برصيد 23 نقطة.

وفي مباراة أخرى، سقط لايبزيغ، وصيف الدوري، أمام ضيفه هرتا برلين بنتيجة 2-3. وقد سجل دافي سيلكه، لاعب لايبزيغ السابق الذي انتقل إلى برلين هذا الموسم، هدفين لهرتا برلين في الدقيقتين 5 و51، كما سجل سالومون كالو، العاجي في الدقيقة 31. في المقابل، تم طرد جوردان توروناريغا من فريق هرتا برلين في الدقيقة السابعة."
4,مدرب ريال مدريد كارلو أنشيلوتي يقول إن النادي يتفاوض مع توتنهام لضم اللاعب جاريث بيل، ولكن بيل ليس حالياً لاعباً في النادي. يتوقع أنشيلوتي أن يتم التوصل إلى حل في القريب العاجل. بيل، الذي يبلغ من العمر 24 عامًا، هو اللاعب الذي يرغب ريال مدريد في ضمه، وهو مستعد لدفع مبلغ قياسي يقدر بـ85 مليون جنيه استرليني (129 مليون دولار). ومع ذلك، يبدو أن رئيس توتنهام، دانيال ليفي، يرفض بيع بيل، وهو يطالب بمبلغ أكبر. هناك تقارير تشير إلى أن توتنهام قد يبيع بيل بمبلغ يتجاوز 120 مليون يورو. إذا تم بيع بيل بنجاح، فقد يصبح اللاعب الأغلى في التاريخ، تجاوزاً للرقم القياسي السابق الذي دفعه ريال إلى مانشستر يونايتد مقابل ضم كريستيانو رونالدو في عام 2009.
5,"انفجرت غواصة آلية تُدعى نيريوس، أثناء استكشافها لخندق في أعماق البحار شمال شرق نيوزيلندا، مما أدى إلى مقتل مشغليها، وفقًا لتقرير من موقع ""ذا ستاف"". انفجرت الغواصة نتيجة للضغط، وكانت تعمل على عمق 10 كيلومترات. وقد أعرب المخرج السينمائي والمستكشف تحت الماء جيمس كاميرون عن حزنه لفقد الغواصة، واصفاً إياها بأنها خسارة مأساوية للعلم. وقد تبرعت الغواصة ""ديب سي تشالنجر"" التي استخدمها كاميرون لأول مرة في الغوص إلى قاع ماريانا، إلى مؤسسة وودز هول لأوقيانوسيك التي تشرف على حملة كيرماديك الاستكشافية."
6,أصيب أكثر من عشرة أشخاص في هجوم انتحاري في وادي سوات، بما في ذلك اثنان من أشقاء المسؤول، وعضو في حزب عوامي الوطني، شمشير علي، الذي كان يحتفل بعيد الفطر. كان شمشير قد تعرض سابقاً لهجوم مسلح على منزله، وهو حدث متكرر في المنطقة الحدودية مع أفغانستان حيث تتعرض باكستان لضغوط أمريكية للقضاء على المسلحين. رئيس الوزراء البريطاني، جوردن براون، يطالب باكستان بمزيد من الجهود للقضاء على القاعدة وزعيمها، أسامة بن لادن، مع التأكيد على أهمية تحقيق الاستقرار والأمن في أفغانستان.
7,أنيس منصور، كاتب وصحفي مصري مرموق، توفي في 21 أكتوبر، عن عمر يناهز 87 عامًا. وُلد في قرية في دلتا النيل وتوفي في القاهرة. درس في كلية الآداب بجامعة القاهرة وتخرج في قسم الفلسفة. عمل لفترة كأستاذ في الفلسفة في جامعتي عين شمس والقاهرة. بعد تقاعده من العمل الصحفي، كرس نفسه للكتابة. كتب منصور العديد من الكتب والمقالات في مجالات مختلفة، بما في ذلك أدب الرحلات والفلسفة. كما كان يكتب في صحف مثل الأهرام والشرق الأوسط. حصل على العديد من الجوائز، بما في ذلك الدكتوراه الفخرية من جامعة المنصورة وجائزة الفارس الذهبي من التلفزيون المصري.
8,أفادت مصادر مغربية بأن الاشتباكات التي وقعت كانت مجرد مناوشات، بينما أكدت جبهة البوليساريو أن مسلحيها قصفوا منطقة الكركرات الحدودية، التي تشرف عليها قوات الأمم المتحدة، بالصواريخ. وقد أثار هذا الحادث التوتر بين الطرفين، مما أدى إلى إلغاء اتفاق وقف إطلاق النار الذي كان ساريا منذ عام 1991. وقد تبادلا إطلاق النار منذ بداية الخلاف الأخير.
9,"تعرضت فرنسا لهجوم إرهابي في الشهر الماضي أدى إلى مقتل 130 شخصا في باريس. تم اعتقال رجلين، أحدهما من أصل مغربي والآخر من توغو، في 19 ديسمبر، ويجري التحقيق معهما. وقد تم احتجازهما بسبب اتصالاتهما مع مشتبه به يعتقد أنه حاليا في سوريا. بالإضافة إلى ذلك، تم منع 3,414 شخص من دخول فرنسا منذ إعلان حالة الطوارئ بعد هجمات باريس."
10,الرئيس اليمني السابق علي عبد الله صالح يدعو التحالف بقيادة السعودية إلى وقف الهجمات ورفع الحصار عن اليمن، وهو ما يعد خطوة نحو إنهاء الحرب المستمرة منذ ثلاثة أعوام. صالح، الذي كان حليفاً للحوثيين، يقول إنه مستعد للتعامل بإيجابية مع دول الجوار بناءً على حكم الجوار، ويدعو إلى وقف متبادل لإطلاق النار مع الحوثيين تمهيداً للحوار. وفي الوقت نفسه، قال سكان محليون إن اشتباكات عنيفة تدور بين أنصار صالح والحوثيين في شوارع العاصمة صنعاء، مما يسلط الضوء على الصدع المتزايد بين الطرفين والذي قد يؤثر على مسار الحرب في اليمن.
11,"تظاهر رجلان بدور علاء الدين والمرويين في عملية احتيال، حيث استخدما الخدعة لاستحضار الأرواح من مصباح، على غرار ما حدث في إحدى روايات ""ألف ليلة وليلة""، بحسب وسائل الإعلام المحلية. طلبا في البداية مبلغ 15 مليون روبية مقابل المصباح، ثم قبلا 3310000 روبية كدفعة أولى. المرأة التي يشتبه في مشاركتها في عملية الاحتيال ما زالت مطلوبة. تقدم الطبيب الذي التقى الرجلين لعلاج امرأة، والتي فهم أنها والدتهما، بشكوى لدى الشرطة المحلية، قائلا إنه تعرض للخداع أيضا. يُشتبه في خداع الرجلين للعائلات الأخرى بطرق مماثلة."
12,"يهدف منتدى التعاون الاقتصادي لدول آسيا والمحيط الهادئ (APEC) إلى حماية المناخ في عصر التغير المناخي، مع التركيز على ""كثافة الطاقة"" للحد من استخدام الطاقة في إنتاج السلع والخدمات. ومع ذلك، لم يتم تحديد أهداف واضحة للحد من انبعاثات الغازات الدفيئة، على الرغم من الاتفاق على أن كلا من الدول الغنية والفقيرة يجب أن تخفض انبعاثاتها. يعتقد الصحفي المتخصص في شؤون المناخ فريد بيريس أن اتفاقية الأمم المتحدة يمكن أن توفر حلاً للأزمة المناخية. كما يعلق على أهمية الأهداف الطموحة التي يضعها الاتحاد الأوروبي ويعتبر جولة المستشارة الألمانية أنجيلا ميركل في آسيا خطوة في الاتجاه الصحيح. وفي الوقت نفسه، يدرس المجلس العلمي للتغيرات المناخية العالمية (WBGU)، الذي يقدم المشورة للحكومة الألمانية، تأثير التغير المناخي على الاستقرار السياسي والاجتماعي، متوقعًا"
13,أعلنت وزارة الخارجية الأمريكية إعادة فتح 18 من أصل 19 سفارة مغلقة في الشرق الأوسط وأفريقيا، بدءًا من يوم الأحد 11 أغسطس، بسبب تهديدات إرهابية. ومن بين السفارات التي أعيد فتحها تلك الموجودة في اليمن، حيث ستظل السفارة مغلقة بسبب مخاوف مستمرة بشأن الهجمات الإرهابية، وفقاً لمتحدثة باسم الخارجية الأمريكية. وبالمثل، ستظل القنصلية الأمريكية في لاهور، باكستان، مغلقة بسبب تهديدات مستقلة موثوقة. وقد أغلقت الولايات المتحدة جميع سفاراتها الـ19 في الشرق الأوسط في 2 أغسطس بعد تلقي معلومات استخباراتية حول تهديدات إرهابية. وقد حث الرئيس أوباما المواطنين الأمريكيين على تجنب السفر إلى باكستان، حيث لا يزال خطر الإرهاب قائمًا.
14,"يواصل فيروس كورونا انتشاره حول العالم، مع زيادة أعداد الإصابات المؤكدة إلى أكثر من 420,000 إصابة، ومئات الوفيات يومياً، خاصة في أوروبا، التي أصبحت بؤرة الوباء، حسب منظمة الصحة العالمية.

أمام هذا الوضع الخطير، يحاول الناس اتباع عدة طرق لحماية أنفسهم من الفيروس. يعتقد الكثيرون أن شراء كميات كبيرة من الطعام سيزيد من قوة جهاز المناعة ويحميهم من الفيروس. ولكن، وفقاً لأورسولا زيمرمان، أخصائية التغذية في مدينة فولدا الألمانية، فإن النظام الغذائي السيء يمكن أن يضر بالجسم ويتسبب في مرض الإنسان.

توصي زيمرمان بتناول الأطعمة الغنية بالزنك، فيتامين سي، والحديد للحفاظ على نظام مناعي جيد. وتشمل هذه الأطعمة السبانخ، التوت، البقوليات، البنجر، البطاطس"
15,أعلنت شركة جنرال موتورز عن عزمها سحب أكثر من 2.6 مليون سيارة بسبب مشكلات مختلفة في التصنيع. ستكلف هذه الخطوة الشركة حوالي 200 مليون دولار. السيارات المسحوبة تشمل شيفروليه ماليبو، ماليبو ماكس، بونتياك جي6، وساترن أوراس في الولايات المتحدة. تشمل العيوب المحتملة تعطل المصابيح المتصلة بالكوابح، تشغيل المصابيح الخلفية دون استخدام الكوابح، ومشكلات في المصابيح الأمامية. حتى الآن، كانت الشركة تسحب السيارات بسبب التركيز على السلامة.
16,"إيموان كينشاسا، لاجئة في النمسا، تتحدث عن تجربتها مع العنصرية، بعد أن حذف فيسبوك مشاركاتها بسبب استخدام الألفاظ المسيئة. كانت كينشاسا تتلقى الإهانات وتنادي بكلمة ""زنجية"" من قبل مجموعة من الشباب تتراوح أعمارهم بين 16 و 17 عامًا. كما كانت تتعرض للإهانة والنظرات الغريبة عندما كانت ترتدي فستان ""درندل"" التقليدي في النمسا. وقالت كينشاسا لبي بي سي إن العنصرية موجودة في كل مكان، سواء في النمسا أو بافاريا، حيث نشأت. وقالت إن السياسة الحالية تؤثر على المجتمع وتسبب في تصاعد العنصرية. ومع ذلك، تلقت كينشاسا رسائل دعم من النمساويين الذين يشعرون بالخجل من سلوك مواطنيهم. وقالت إنها ستواصل الكتابة عن تجارب الضحايا الآخرين للعنصرية، بهدف إظهار أن"
17,يتوقع رئيس اتحاد أرباب العمل الألماني، إنغو كرامر، أن تعتمد ألمانيا على هجرة العمال الأجانب المهرة إليها خلال السنوات القادمة، وخاصة العمال المتخصصين. يرجع كرامر ذلك إلى النقص المتوقع في العمالة المهرة، والذي يشكل التحدي الأكبر للاقتصاد الألماني. يتوقع كرامر أن يتراجع عدد الأفراد في سن العمل في ثلاثينيات القرن الحالي بمقدار ستة ملايين فرد بسبب التغيرات الديموغرافية. يشدد كرامر على أهمية جذب العمال المهرة من الخارج للحفاظ على الأداء الاقتصادي، مشيراً إلى أن توفير الرعاية في المستشفيات وصيانة المنازل سيتطلب استقدام الأطباء والممرضين والمهندسين وغيرهم من العمال المهرة. القانون الجديد لجذب العمالة الأجنبية الماهرة سيدخل حيز التنفيذ في ألمانيا في مطلع آذار/مارس، والذي يهدف إلى جذب العمالة المهرة من خارج الاتحاد الأوروبي. وقد وقعت الحكومة الألمانية مع اتحادات اقتصادية ونقابات
18,السلطات البلجيكية تعتقل أربعة أشخاص بعد مداهمة منازل في بروكسل أمس الأربعاء، بما في ذلك منزل الشخص الذي حاول تنفيذ هجوم الثلاثاء في محطة القطار. القاضي ينظر اليوم الخميس في أمر تمديد احتجازهم. عثرت السلطات على أدلة تشير إلى أن منفذ الهجوم كان متعاطفاً مع تنظيم الدولة الإسلامية (داعش)، وعلى مواد يمكن استخدامها في صنع عبوات ناسفة في منزله. وكان الرجل، الذي يدعى أسامة ز.، يسعى لتفجير حقيبة مليئة بالمسامير وقوارير الغاز، لكنه قتل على يد جندي قبل أن يتمكن من تنفيذ الهجوم.
19,"تتواصل العمليات العسكرية في العراق ضد تنظيم الدولة الإسلامية، حيث حققت قوات الجيش وقوات الحشد الشعبي بعض التقدم في عملية صلاح الدين. ومع ذلك، نفى المتحدث باسم وزارة الدفاع العراقية وقوع هجوم انتحاري على تلك القطعات، وتحدث عن تعرض عدد من أبراج مقر اللواء 17 في الشرطة الاتحادية في منطقة الثرثار لإطلاق نار وهجوم انتحاري بمركبات مفخخة من قبل مسلحي التنظيم. وقد تمكنت القوات الأمنية من التصدي للمهاجمين وإحباط الهجوم دون وقوع أي خسائر في صفوف القوات الأمنية والحشد.

وفي سياق متصل، قصف طيران التحالف الدولي وبالتنسيق مع وكالة التحقيقات والاستخبارات الاتحادية مخازن للأسلحة ودوريات وأرتال ومواقع لتنظيم الدولة الإسلامية قرب الموصل، مما أدى إلى تدميرها ومقتل العشرات من مسلحي التنظيم.

وعلى صعيد آخر، نفذت قوات التحالف بقيادة الولايات المتحدة 12 ضربة"
20,قاد اللاعب الجزائري رامي بن سبعيني فريقه بوروسيا مونشنغلادباخ إلى انتصار مثير على بايرن ميونيخ 2-1 في مباراة بوندسليغا في السابع من ديسمبر/كانون الأول. حافظ مونشنغلادباخ على موقعه في الصدارة وعزز آماله في إنهاء هيمنة بايرن. افتتح اللاعب البديل إيفان بيريسيتش التسجيل لبايرن في الدقيقة 49، قبل أن يتعادل رامي بن سبعيني لمونشنغلادباخ في الدقيقة 60، وأضاف نفسه هدف الفوز من ركلة جزاء في الدقيقة 90. في مباريات أخرى، فاز رازن بال شبورت لايبزيغ على هوفنهايم 3-1، وفاز بوروسيا دورتموند على فورتونا دوسلدورف 5-0، وفاز فرايبورغ على فولفسبورغ 1-0، وفاز أوغسبورغ على ماينز 2
21,قتل مسلحون مجهولون 20 جنديا عراقياً كانوا مكلفين بحماية أنابيب النفط التي تنقل النفط الخام العراقي إلى الأسواق الدولية وحماية طريق سريع في المنطقة، وذلك بعد اختطافهم من قاعدة صغيرة في عين الجحش خارج مدينة الموصل. كما اختطف عدد غير معروف من الجنود الآخرين، حيث تم العثور على جثثهم بعد ساعة من اختطافهم. ويأتي هذا الهجوم في ظل تصاعد العنف وبلوغه مستويات غير مسبوقة منذ عام 2008، حيث سقط العام الماضي أكبر عدد من القتلى منذ بدء انحسار العنف الطائفي في عام 2007 حسب الأمم المتحدة. وفي هجوم منفصل، قتل ثلاثة أشخاص من أسرة واحدة ينتمون إلى تنظيمات الصحوة المناوئة للقاعدة، وجرح ثلاثة نساء عندما هاجم مسلحون منزلهم في اليوسفية. وفي نفس الجانب من العاصمة، قتل مدنيان وجرح ستة آخرون في انفجار عبوة ناسفة في سوق
22,"تواجه نيجيريا انتخابات متنافسة لأول مرة منذ استقلالها في عام 1960، حيث أرجأت مفوضية الانتخابات التصويت بسبب مشاكل تقنية في أجهزة قراءة البطاقات الانتخابية. قتل أكثر من 20 شخصا في هجمات مسلحة، ويواجه الرئيس الحالي، غودلاك جوناثان، منافسة قوية من المرشح محمد بوهاري. يجب على الناخبين إثبات هويتهم من خلال أجهزة لقراءة البصمات، حيث كان جوناثان وثلاثة محافظين من حزبه الحاكم من بين الذين لم تتمكن الأجهزة من قراءة بياناتهم الإلكترونية. تم التحقق من هوياتهم والإدلاء بأصواتهم يدويا. حزب الشعب الديمقراطي، الذي يتزعمه جوناثان، يعتبر الخلل التقني ""مصدراً كبيراً للحرج"" و""إثباتاً"" لموقفهم الرافض للانتخابات. تأثرت نحو 300 لجنة من أصل 150,000 لجنة بالخلل. هذه هي الجولة الثانية التي يتنافس فيها"
23,"يعقد معرض هانوفر هذا العام وسط تفاؤل من قبل الشركات الصناعية، حيث يتوقع مشاركة 400 شركة في المعرض، وهو ما يمثل زيادة بنسبة 50% عن العام الماضي. يأتي هذا التفاؤل في ظل الأزمة الاقتصادية الجديدة التي تهدد الاتحاد الأوروبي، والتي يتوقع أن يتم تجنبها بدعم اليورو.

يتميز المعرض بتنوع النقاشات التي تدور حول الطاقة المتجددة، حيث يناقش رواد الصناعة مستقبل الطاقة النووية، وكذلك ابتكارات في تقنيات إنتاج وتوزيع الطاقة المتجددة.

يركز المعرض على موضوع زيادة كفاءة إنتاج الطاقة وترشيد استهلاكها في الإنتاج الصناعي، حيث يبحث الصناعيون عن نماذج لزيادة مردودية الإنتاج السبل الكفيلة برفع الكفاءة داخلياً.

تقدم الشركات المشاركة في المعرض ابتكارات تقنية جديدة لاستغلال الطاقة المتجددة وزيادة كفاءة الطاقة، مع مراعاة التغيرات المناخية.

يتوقع"
24,"اتهم رئيس الوزراء اليوناني ألكسيس تسيبراس الدائنين الدوليين بمحاولة إذلال اليونان، في حين قال جان كلود يونكر، رئيس المفوضية الأوروبية، إن الحكومة اليونانية لم تكن صادقة تمامًا بشأن اقتراحاتها لسداد الديون. من جهته، أكد وزير المالية اليوناني يانيس فاروفاكيس أن مقترحات الاتحاد الأوروبي تضمنت زيادة في ضريبة القيمة المضافة. وقال تسيبراس إن الاتحاد الأوروبي والدائنين الدوليين يريدون اقتطاع رواتب التقاعد وزيادة الضرائب، وهو ما يعتبره ""ليس فقط لإذلال الحكومة اليونانية، بل لإذلال الشعب اليوناني بأكمله""."
25,تم التصويت يوم الخميس 17 أكتوبر 2019، على أن تصبح فنزويلا العضو الخامس عشر في مجلس حقوق الإنسان التابع للأمم المتحدة، رغم الانتقادات من الجماعات الحقوقية. تم التصويت في اقتراع سري في الجمعية العامة في نيويورك، حيث تتألف الهيئة من 193 عضوًا. تستمر فترة العضوية لمدة ثلاث سنوات، تبدأ في 1 يناير 2020. فنزويلا، التي يقودها الرئيس نيكولاس مادورو، مثيرة للجدل بسبب اتهامات بانتهاكات حقوق الإنسان، بما في ذلك التعذيب والقتل خارج نطاق القضاء والترويع للحفاظ على السلطة. وقد أدانت الولايات المتحدة، إلى جانب العديد من الدول الأخرى، الحكومة الفنزويلية، مما أدى إلى انتقاد فنزويلا للحصول على مقعد في المجلس، والذي يُنظر إليه على أنه محاولة لحماية نفسها من جهود الأمم المتحدة للتحقيق.
26,"تبدأ اليوم في الرياض، عاصمة السعودية، قمة مجلس التعاون الخليجي في دورتها الأربعين، وسط توقعات بنتائج إيجابية بعد الجهود المبذولة لإنهاء الخلاف مع قطر. وقد تم تغيير مكان انعقاد القمة من الإمارات إلى الرياض في الأسابيع الأخيرة. وقد أعلنت قطر أن رئيس الوزراء, وليس الأمير, سيرأس الوفد القطري, مما يشير إلى تحسن محتمل في العلاقات الخليجية. وكانت القمة الخليجية العام الماضي أيضا في الرياض ولم يحضرها الأمير القطري. وكان من المتوقع أن يحضر الأمير قمة هذا العام كإشارة إلى تحسن العلاقات. ومع ذلك, أعلنت قطر أن رئيس الوزراء سيرأس وفد البلاد بدلاً من الأمير. وقد أدت المقاطعة التي فرضتها السعودية, والبحرين, والإمارات, ومصر على قطر في عام 2017 إلى تشتت العديد من الأسر وارتفاع تكلفة الأعمال التجارية بسبب الحظر الاقتصادي. وقد ظهرت مؤخرا بوادر على حدوث ان"
27,أكد رئيس الوزراء الماليزي نجيب عبد الرزاق أن الرحلة MH370 التابعة للخطوط الجوية الماليزية أنهت رحلتها في جنوب المحيط الهندي، وذلك بعد اكتشاف موقع جديد في غرب المحيط الهندي. وقال إن موقع الهبوط الأخير كان بعيداً عن أي موقع هبوط محتمل، وإنه تم العثور على قطع عائمة قد تكون من الطائرة. ولم يتم رؤية الطائرة منذ اختفائها، لكن تم العثور على قطع من الحطام في المياه قبالة ساحل أستراليا.
28,أظهرت النتائج الرسمية لانتخابات برلمان ولاية بافاريا الألمانية أن الحزب المسيحي الاجتماعي البافاري، الشقيق الأصغر لحزب المستشارة أنغيلا ميركل المسيحي الديمقراطي على المستوى الاتحادي، خسر 10٪ من الأصوات، مما يعد أسوأ نتيجة له منذ عام 1950. كما حصل الحزب الاشتراكي الديمقراطي- العضو الثالث في ائتلاف ميركل على حوالي نصف ما حصل عليه في انتخابات عام 2013. من ناحية أخرى، برز حزب الخضر كثاني أكبر حزب في الولاية الجنوبية بعد حصوله على 17٪ من الأصوات، بينما حصل حزب البديل من أجل ألمانيا اليميني الشعبوي على 10٪ من الأصوات، مما يعني دخوله البرلمان الإقليمي للمرة الأولى. كما حصل حزب الناخبون الأحرار على 11٪ من الأصوات، بينما حصل الحزب الديمقراطي الحر على 5٪ من الأصوات ليدخل البرلمان مرة أخرى. وبعد هذه النتائج، دعت أنغ
29,في زيارته الأولى خارج البلاد كرئيس للمجلس العسكري الانتقالي، زار الفريق أول عبد الفتاح البرهان العاصمة المصرية القاهرة للقاء الرئيس المصري عبد الفتاح السيسي. تأتي هذه الزيارة قبل أيام من إضراب عام دعا إليه قادة حركة الاحتجاج في السودان الثلاثاء والأربعاء للمطالبة بتسليم السلطة للمدنيين، وهي تأتي أيضا في ظل تفاقم الأزمة السياسية في السودان وعدم التوصل إلى اتفاق مع قوى إعلان الحرية والتغيير التي تتصدر الاحتجاجات الشعبية التي أطاحت بالرئيس عمر البشير. لم تتوفر تفاصيل عن الاجتماع بين الزعيمين، لكن جماعات المعارضة والاحتجاج السودانية ستراقب الاجتماع عن كثب.
30,أعلنت السلطات المغربية يوم الجمعة، 18 ديسمبر، أن الناشطة الصحراوية أمينتو حيدر وصلت إلى مطار مدينة العيون، كبرى مدن الصحراء الغربية، قادمة من جزيرة لانثاروتي الإسبانية، بعد أن كانت مضربة عن الطعام لمدة شهر احتجاجاً على منعها من العودة إلى وطنها. وقد استقبلها عائلتها بعد وصولها إلى المطار. وقد تدهورت صحة حيدر بشكل كبير خلال فترة الإضراب عن الطعام، مما استدعى نقلها إلى قسم العناية المكثفة في المستشفى. وقد تمكنت من الخروج من المستشفى بعد تعرضها لغثيان وإعياء شديدين. وقد وافقت السلطات المغربية على عودة حيدر بعد تدخل الرئيس الفرنسي نيكولا ساركوزي، الذي طلب من السلطات المغربية السماح لها بالعودة إلى المغرب وأعطائها جواز سفرها. كما أعربت وزيرة الخارجية الأمريكية هيلاري كلينتون عن ارتياحها لقرار السلطات المغربية.
31,"الحكومة الألمانية والأردن لم تتوصلا بعد إلى اتفاق حول تمركز قوات ألمانية في الأردن، وفقاً لتقرير من مجلة دير شبيغل الألمانية. العدد 250 من المجلة، الصادر يوم السبت 25 أغسطس/ آب، يشير إلى أن القوات الألمانية، والتي يبلغ عددها حوالي 250 جندياً، تحتاج إلى حصانة من الملاحقة الجنائية في الأردن. ومع ذلك، لا يزال التفاوض قائماً حول الاتفاق.

من ناحية أخرى، من المتوقع أن تنقل ألمانيا طائرات الاستطلاع من طراز تورنادو من قاعدة إنجرليك التركية إلى قاعدة الأزرق الأردنية في أكتوبر/ تشرين الأول المقبل.

من الجدير بالذكر أن الأردن لديها محاكم إسلامية بجانب القضاء المدني، لكن محاكم الشريعة تقتصر على مجالات محددة، مثل قانون الأسرة.

الجيش الألماني يشارك في مهمة مكافحة تنظيم الدولة الإسلامية، المعروف"
32,انتقدت إدارة بايدن من قبل واشنطن بوست لعدم معاقبة ولي العهد السعودي بشكل كافٍ على مقتل الصحفي جمال خاشقجي. وقد أعلن بايدن أنه سيصدر بياناً يوم الاثنين حول الإجراءات التي ستتخذها الولايات المتحدة تجاه السعودية. ولم يقدم تفاصيل عن البيان. وأكد النظام السعودي نكرانه لعلاقة ولي العهد بمقتل خاشقجي، رافضاً ما ورد في التقرير الأمريكي. وقامت الولايات المتحدة بإجراءات عقابية ضد بعض السعوديين الذين يعتقد أنهم شاركوا في مقتل خاشقجي، بالإضافة إلى آخرين. من ناحية أخرى، حضر ولي العهد السعودي سباقاً للسيارات في السعودية، وهو يخضع للتدقيق منذ مقتل خاشقجي. وقالت رئيسة مجلس النواب الأمريكي إنه يجب إعادة تقييم العلاقة مع السعودية وضبطها في ضوء نتائج التقرير.
33,"يهدف المشروع إلى بناء مباني من خشب البامبو أو الخيزران، مع التركيز على الاستخدام الاجتماعي. يهدف المشروع أيضاً إلى إعادة تشجير الغابات المطيرة عن طريق زراعة أشجار البامبو، التي تتمتع بقدرة فريدة على امتصاص كميات كبيرة من ثاني أكسيد الكربون. سيتم تنفيذ المشروع على مساحة 50 ألف هكتار من غابات البامبو، حيث تنمو أشجار البامبو بمعدل 35 متراً في ستة أشهر. هذه الأشجار تمتص أكثر من ثاني أكسيد الكربون الذي تمتصه الغابات العادية بـ 40 مرة، مما يجعلها مثالية لإعادة تشجير الغابات المطيرة. علاوة على ذلك، يتم استخدام أشجار البامبو في بناء المدارس والمرافق الاجتماعية، مثل مدرسة ""مدرسة للحياة"" الألمانية الكولومبية، مما يساهم بشكل إيجابي في المجالات الاجتماعية والبيئية."
34,"تُعرف الماول تاشن بأنها طبق ألماني تقليدي، وقد اختلفت الأساطير حول أصولها. يعتقد البعض أنها تعود إلى رهبان دير في مولبرون، شمال بادن-فورتنبورغ، حيث يُطلق عليها اسم ""سد الحنك""، وهو طبق يُعتبر مشبعًا.

تتضمن الوصفة الأصلية للعجين، والتي تُستخدم لصنع المعكرونة، بالإضافة إلى الخبز الناشف، الحليب، البيض، واللحم المفروم. يتم خلط اللحم المفروم مع البصل، والكرات، والبقدونس، وتُبل بالملح، والبهار، وجوزة الطيب. يُملأ العجين بحشوة اللحم ويُغلق بإحكام لمنع تسرب الحشوة.

تُطهى الماول تاشن في مرق اللحم لمدة"
35,"تشرح النص أهمية تنظيم المسابقات التي تحفز الأداء الأفضل، وكيف يمكن للنجاح أن يجلب الشهرة والشرف للفائز. يتم استخدام هذا من قبل ممثلي ستة عشر مدينة أوروبية في عام 2006 للتنافس على لقب ""عاصمة أوروبا البيئية"" في مدينة تالين. وقد فازت ستوكهولم باللقب في عام 2010، وستحتفظ هامبورغ باللقب في عام 2011. يعيش غالبية سكان العالم في المدن، حيث تشكل المدن 80% من السكان في الاتحاد الأوروبي. تتحمل المدن مسؤولية أربعة أخماس من انبعاثات الغازات الدفيئة يوميا، مما يجعلها مسؤولة عن تخفيض هذه الانبعاثات الضارة للمناخ. ومع ذلك، فإن ما يجب القيام به لجعل المدن صديقة للبيئة وأكثر ملاءمة للحياة اليومية لا يزال يتعين توضيحه. قامت المفوضية الأوروبية بتطوير عشرة معايير لمنح لقب ""المدينة البيئية"". يجب أن تتمتع المدينة الفائزة بمستوى بي"
36,القتال حول قاعدة المسطومة في إدلب هو جزء من صراع أكبر للسيطرة على المحافظة. القاعدة، التي تعتبر موقعا عسكريا قويا، تحت سيطرة الجماعات المسلحة بما في ذلك جبهة النصرة وأحرار الشام. الجيش السوري يحقق تقدما ويخلف خسائر فادحة في صفوف المسلحين، وفقا لمصدر عسكري. هناك اشتباكات حول قرية فليون المجاورة، وهي طريق رئيسية تؤدي إلى جنوب إدلب. القاعدة تقع أيضا بالقرب من جسر الشغور، التي سيطر عليها المتمردون السنة في أبريل، مما يقربهم من المناطق التي يعيش فيها الأقلية العلوية. في تدمر، قصف تنظيم الدولة الإسلامية (داعش) أحياء سكنية، مما أسفر عن مقتل خمسة مدنيين على الأقل بينهم طفلان. كما اشتبكوا مع القوات الحكومية بالقرب من آثار المدينة القديمة.
37,"منحت جائزة نوبل في الطب للبريطاني روبرت ادواردز، مخترع تقنية التلقيح الاصطناعي، كما أعلنت لجنة نوبل يوم الاثنين 4 تشرين الأول/أكتوبر في ستوكهولم. وقد ساهم ادواردز في معالجة مشكلة العقم التي تصيب نسبة كبيرة من الأزواج حول العالم، حيث ساهمت جهوده في تطوير هذه التقنية في ولادة حوالي أربعة ملايين طفل حول العالم منذ ابتكار تقنية طفل الأنبوب في 25 تموز/يوليو 1978. وقد أسس ادواردز عيادة ""بورن هول"" في كامبردج، التي أصبحت أول مركز للتلقيح الاصطناعي في العالم."
38,"تشير دراسة حديثة إلى أن النشاط البدني مثل ممارسة التمارين الرياضية أو الأعمال المنزلية قد يطيل عمر الإنسان ويحد من الأمراض، بغض النظر عن الثروة أو الخلفية الاجتماعية، وفقا للباحثين في كندا.

وتبعت الدراسة 130 ألف شخص في 17 دولة، بعضها غني والآخر فقير. وقال الباحثون، بقيادة سكوت لير، إن المشي لمدة 30 دقيقة على الأقل يوميا على أغلب الأيام له فوائد صحية كبيرة.

وأظهرت الدراسة أنه لا يوجد حد للنشاط البدني يتجاوزه النشاط البدني يصبح ضارا.

وتسبب أمراض القلب والأوعية الدموية في أكبر نسبة وفاة في العالم، وفقا لمنظمة الصحة العالمية، وهي مسؤولة عن وفاة 9.48 مليون شخص حول العالم في عام 2016.

وقال لير إن النشاط البدني يمكن أن يساعد في الوقاية من هذه الأمراض."
39,"يهتم الخبراء الطبيون بإيجاد دواء أو سر يساعد في تأخير الشيخوخة أو تقليل علاماتها. وقد توصلوا إلى ""خلطة سحرية"" قد تساعد في ذلك، وفقًا لدراسة حديثة. توصلت هذه الدراسة إلى أن تناول الزنك مع القهوة والشوكولاتة والشاي يمكن أن يحمي من ""الإجهاد التأكسدي""، الذي يعد جزءًا من أسباب الشيخوخة، وفقًا لمجلة نايتشر كيميستري. وهذا ما أكدته أيضًا صحيفة ميتل دويتشه. قالت المشرفة على الدراسة إن من المحتمل إضافة الزنك إلى القهوة والشاي والشوكولاتة في المستقبل."
40,"استهدف هجوم نفذه مسلحو حزب العمال الكردستاني الانفصالي وحدة عسكرية تركية في ولاية فان جنوب شرقي البلاد، مما اسفر عن مقتل 4 عسكريين. وقال الجيش التركي إن الوحدة استهدفت بعبوة كانت مخبأة على حافة الطريق. عقب ذلك، اطلق مسلحو الحزب عدة صواريخ على الدورية, مما اسفر عن مقتل العسكريين الاربعة."
41,بدأت محاكمة أربعة لاجئين ألمان بتهمة الاعتداء على المارة بشكل عشوائي في نهاية كانون الأول/ ديسمبر الماضي في مدينة أمبرغ بولاية بافاريا في جنوبي ألمانيا، حيث أصيب 15 شخصاً منهم. ويتهم الادعاء العام الألمان الأربعة، الذين تتراوح أعمارهم بين 17 و19 عاماً، بالاعتداء عشوائياً على 21 فرداً. ومن المنتظر أن يتم النطق بالحكم في تموز/ يوليو القادم.
42,"وجدت الممثلة الراحلة جوان دي بوفوار دي هافيلاند، المعروفة باسم فونتين، ميتة في منزلها بكاليفورنيا. لعبت دور البطولة في العديد من الأفلام، بما في ذلك ""ريبكا""، الذي كان أول أعمال المخرج ألفريد هيتشكوك في هوليوود. كما لعبت في أفلام أخرى مثل ""جين إير"" و""خطاب من امرأة مجهولة"". تزوجت أربع مرات، وانتهى كل زواج بالطلاق. وُلدت في اليابان لأبوين بريطانيين وانتقلت إلى الولايات المتحدة مع شقيقتها للعمل في مجال السينما."
43,"وافق مجلس الولايات الألماني، البوندسرات، يوم الجمعة 11 يوليو/تموز على اتفاقية تبادل المعلومات الحساسة بين ألمانيا والولايات المتحدة، والتي تتعلق بالأشخاص المشتبه في صلتهم بالإرهاب. أوصى البوندسرات الحكومة الفيدرالية بإجراء المزيد من المفاوضات مع الولايات المتحدة حول هذا الموضوع.

وقد وافق البوندستاغ الألماني، البرلمان، على الاتفاقية التي تم التوصل إليها بين البلدين في مارس/آذار من العام الماضي، والتي تسمح للولايات المتحدة بالحصول على معلومات واسعة النطاق عن الأشخاص المشتبه في صلتهم بالإرهاب أو الجرائم الخطيرة. تشمل هذه المعلومات البيانات الشخصية، بصمات الأصابع، بيانات الحمض النووي، والتحري عن الحالة الصحية والحياة الجنسية لهؤلاء الأشخاص، بالإضافة إلى النشاط داخل الجماعات المختلفة.

تلتزم الدولتان بتبادل المعلومات على أساس من ""المصداقية الكاملة وطبقا للقواعد القانونية المعمول بها"
44,أوقفت قوات الجيش المقدوني مئات المهاجرين القادمين من اليونان بعد عبورهم الحدود عبر طريق فرعي، واقتادتهم إلى مركز شرطة في جيفجيليا، حسب وكالة فرانس برس. وقد نجح المهاجرون في اجتياز الحدود والوصول إلى قرية موان المقدونية بعد اجتيازهم الحقول وعبور نهر. وقد طوقت قوات الجيش المهاجرين وتعمل على إعادتهم إلى اليونان، واستجوبت صحفيين وناشطين كانوا برفقتهم. وكان مئات المهاجرين من مخيم إيدوميني اليوناني قد حاولوا عبور الحدود، لكن الشرطة اليونانية كانت تنتظرهم على الجانب الآخر. هذه هي المرة الأولى التي يحصل فيها اقتحام كهذا منذ إغلاق معبر إيدوميني منذ الاثنين الماضي.
45,قال رئيس مؤتمر الأساقفة الألمان الكاردينال راينهارد ماركس إنه يأمل أن يتحد المسيحيون والمسلمون في رفض العنف باسم الله، وذلك في ظل الاعتداءات ضد المسيحيين الأقباط. ودعا ماركس إلى التمييز بين الإرهاب والإسلام، مشددا على أهمية زيارة البابا للقاهرة كإشارة قوية. وحث أسقف الأقباط الأرثوذكس الأنبا داميان في رسالة عيد الفصح على عدم الرد على الاعتداءات الإرهابية بالكراهية، ودعا إلى الصلاة من أجل المسيحيين المهددين في مصر، وأعرب عن شكره للتضامن والمساعدة بعد اعتداءات 9 أبريل. وفي الأردن، أطلق الشباب المسلمون حملة لحماية الكنائس المسيحية، حيث سيقومون بدوريات حراسة أمام الكنائس، بهدف الحفاظ على وحدة البلاد ومنح الجميع الحق في ممارسة شعائرهم الدينية بدون خوف أو تحفظ.
46,أعلن أولي هونيس، رئيس نادي بايرن ميونيخ الألماني، استقالته من منصبه بعد إدانته بالتهرب من دفع الضرائب. وقد قرر عدم استئناف الحكم الصادر بحقه والسجن لمدة ثلاث سنوات ونصف. وأوضح هونيس أنه يتحمل مسؤولية التهرب من الضرائب، وأنه قرر الاستقالة لتجنب أي ضرر قد يلحق بالنادي. وشكر هونيس أنصاره وأصدقائه، مؤكدا أنه سيظل وفيا للنادي.
47,"طالبت القيادة المركزية الأمريكية الجيش الألماني بمواصلة مهمته في مكافحة تنظيم ""داعش""، حسب ما ورد في خطاب من الجنرال الأمريكي كينيث ماكينزي إلى المفتش العام للجيش الألماني. وأكد الجنرال الأمريكي على أهمية الاستطلاع التكتيكي والتزود بالوقود من الجو في الحرب ضد التنظيم، وأشار إلى أن هذه القدرات ستكون حاسمة في القضاء على ""داعش"" إذا استمر الضغط عليه. كما أكد على الحاجة إلى استمرار القدرات العسكرية للشركاء في التحالف من أجل نجاح العمليات ضد المتطرفين. وفي تطور آخر، بدأ وزير الخارجية الألماني هايكو ماس جولة في الشرق الأوسط تستغرق أربعة أيام، زار خلالها الأردن وتفقد القوات الألمانية في قاعدة الأزرق الجوية. وقد أثار هذا التطور الحديث عن انتهاء مدة بقاء القوات الألمانية في المنطقة في تشرين الأول/أكتوبر من عدمه، وطلبت الولايات المتحدة من الحكومة الألمانية دعمها في إنشاء"
48,"أعلنت شركة كوكاكولا، عملاقة المشروبات، أنها أطلقت مشروبًا جديدًا يحتوي على الكحول في اليابان، في خطوة غير مسبوقة في تاريخ الشركة الذي يمتد لـ 125 عامًا. يُطلق على المشروب اسم ""تشو هي"" ويتكون من خليط مقطر يشبه الفودكا، ماء غازي ومواد مكسبة للطعم. أكد رئيس منتجات الشركة في اليابان، جورج غاردونيو، أن المشروب الجديد ليس مقصودًا ليكون منتجًا كحوليًا عالميًا، مشيرًا إلى أن الثقافة اليابانية لها خصوصيات متفردة، ولذا سيظل الكثير من المنتجات التي تنتج في اليابان محدودة الاستهلاك المحلي. أكد غاردونيو أيضًا أن السوق اليابانية تعد من أكثر الأسواق تنافسية بالنسبة لكوكاكولا، حيث"
49,"تظهر التحقيقات في قضية جيمي سافيل، المذيع التلفزيوني الراحل، أن عدد الضحايا الذين تعرضوا لانتهاكاته قد تجاوز الأرقام السابقة، حيث يعتقد الآن أنه اعتدى على ما يصل إلى 300 شخص على مدار أكثر من أربعة عقود. وقد تحدثت الشرطة مع 130 ضحية حتى الآن وسجلت 114 اتهاما. من بين أبرز الاتهامات الموجهة ضده اتهام حفيدة شقيقه، كارولين روبنسون، له بالاعتداء عليها عندما كانت في الثانية عشرة من عمرها. وقد وصف المحققون تحقيقات الشرطة بأنها لحظة ""بالغة الأهمية"" في قضية الاعتداء الجنسي على الأطفال. كما أشادوا بدور وسائل الإعلام في الكشف عن أفعال سافيل. ومع ذلك، أعرب زعيم مجلس العموم، أندرو لانسلي، عن رغبته في أن تسير تحقيقات الشرطة والمراجعات المستقلة من بي بي سي والخدمة الصحية الوطنية في مسارها الصحيح. وت"
50,"عقدت الجمعية السنوية المشتركة بين صندوق النقد الدولي والبنك الدولي في العاصمة اليابانية طوكيو، حيث ناقشت رئيسة صندوق النقد الدولي كريستين لاغارد الحاجة لليونان للحصول على مهلة إضافية لمدة سنتين لتنفيذ برنامج خفض العجز في الموازنة. ومع ذلك، عارضت ألمانيا، أكبر شريك لليونان في خطة الإنقاذ المالي، هذه الفكرة. وقد سجل صندوق النقد الدولي ""دلالات جيدة"" تتيح له منح اليونان هذه المهلة، لكنه لا ينوي المشاركة في خطة مساعدة ثالثة لليونان. ويبدو أن بعض الدول داخل المؤسسة في واشنطن تنظر بسلبية إلى حجم المساعدة التي قدمها الصندوق لمنطقة اليورو والطريقة التي تعمل بها ""الترويكا"". والاتحاد الأوروبي لا يبدو أفضل استعدادا في هذا الشأن، حيث أعلن القادة الأوروبيون أنهم على استعداد لمنح اليونان المزيد من الوقت، لكنهم غير مستعدين ""على الأرجح"" لمنحها المال"
51,في عام 2014، بعد انسحاب القوات الأجنبية، أصبحت القوات الأفغانية مسؤولة عن الأمن، مما أدى إلى زيادة كبيرة في عدد الضحايا. وصل عدد القتلى إلى 3699 والجرحى إلى 6849، مما يجعل هذا العام الأكثر دموية منذ عام 2009. وللمرة الأولى، تجاوز عدد ضحايا المعارك بين طالبان والحكومة عدد ضحايا القنابل التي توضع في الشوارع. وكان القتال بين طالبان والقوات الحكومية مسؤولا عن ثلث الضحايا، بينما كانت القنابل التي توضع في الشوارع مسؤولة عن 28 في المئة من الضحايا. وفي ديسمبر/ كانون الأول، سجلت الأمم المتحدة أكثر من 500 وفاة بين المدنيين، حيث كانت طالبان تشن هجمات بينما كانت القوات الأجنبية تنسحب من البلاد. وقد تضاعف عدد الضحايا من قوات الجيش الأفغاني والشرطة، التي سجلت أعلى معدل لها، حيث بلغت 5000 وفاة في عام 2014. منذ عام 2009، سجلت الأمم
52,في محاكمته بتهمة الفساد، أنكر بو شيلاي التهم الموجهة إليه، مصراً على أنه لم يأخذ أي رشى. وقد سخر من شهادات الشهود ورفض شهادة زوجته، جو كايفاي، مصراً على أنها أجبرت على الإدلاء بشهاداتها بسبب حالتها العقلية غير المستقرة. وتتعلق التهم الموجهة إليه بمقتل رجل أعمال بريطاني، وتعتبر هذه المحاكمة من أكثر المحاكمات حساسية في السياسة الصينية منذ عقود.
53,أعرب سفراء الدول الدائمة العضوية في مجلس الأمن عن قلقهم بشأن تجدد القتال في دارفور، وذلك بعد حادثة اختطاف موظف مدني في قوة حفظ السلام المشتركة بين الاتحاد الأفريقي والأمم المتحدة. وقد زاروا مخيم أبو شوك للاجئين في دارفور واستمعوا إلى شكاوى النازحين بخصوص نقص الغذاء والأمن والعمل. وقد أعربوا عن قلقهم بشأن تدهور الوضع الإنساني في دارفور، حيث تم طرد 13 منظمة إنسانية من قبل الحكومة السودانية في مارس 2009، مما ترك فجوات هائلة في الخدمات الطبية الأساسية في مخيمات دارفور.
54,أعلنت وزارة الخارجية الأمريكية عن مكافأة تصل إلى 5 ملايين دولار لكل من يقدم معلومات تؤدي إلى اعتقال عزيز حقاني، خليل الرحمن حقاني، يحيى حقاني، وعبد الرؤوف ذاكر، الذين يشكلون شبكة حقاني، وهي شبكة مرتبطة بتنظيم القاعدة وحركة طالبان الأفغانية، وتتعاون مع منظمات إرهابية أخرى في المنطقة. وقد تم رفع مكافأة البحث عن قائد هذه الشبكة، سراج الدين حقاني، إلى 10 ملايين دولار. وتعتبر شبكة حقاني واحدة من أخطر المجموعات المسلحة التي تستهدف قوات التحالف الغربي والقوات الأفغانية في أفغانستان.
55,أدى تفجير انتحاري بحزام ناسف في الضاحية الجنوبية لبيروت، معقل حزب الله، إلى مقتل أربعة أشخاص وإصابة 20 آخرين، بحسب مصدر أمني. وقع الانفجار في الشارع العريض بحارة حريك، وهو حي تجاري مزدحم. وقد تم نقل اثنين من الجرحى إلى المستشفى، وشاهد شهود عيان سيارات الإطفاء والدفاع المدني تعمل على إخماد الحرائق الناتجة عن الانفجار. وقد حثت السلطات المواطنين على مغادرة المنطقة لتسهيل عمل فرق الإنقاذ. وقد تبنت جبهة النصرة في لبنان، المرتبطة بتنظيم القاعدة، العملية، وقالت إنها رد على قصف بلدة عرسال اللبنانية الأسبوع الماضي، الذي أدى إلى مقتل ثمانية أشخاص، متهمة حزب الله بالوقوف خلف القصف.
56,"انتقدت الجهات الصحية في الولايات المتحدة بشدة الرئيس دونالد ترامب بسبب سلوكه خلال وجوده في موكب سيارات أمام المستشفى الذي يعالج فيه من فيروس كورونا، حيث لم يكن برفقته سوى عدد قليل من الأفراد الذين أُخبروا لاحقًا بضرورة عزل أنفسهم. من جهة أخرى، اعترضت رابطة مراسلي البيت الأبيض على عدم إبلاغ الصحفيين مسبقًا عن الموكب، لكن البيت الأبيض قال إن الفريق الطبي قد وافق على الإجراءات المتخذة.

من جهة أخرى، أعلن الأطباء الذين يعالجون الرئيس ترامب عن وجود رسائل متضاربة بشأن حالته الصحية، وذلك قبل ساعات من ظهوره بشكل مفاجئ في موكب سيارات أمام المستشفى. وكان الرئيس الأمريكي قد أعلن يوم الجمعة الماضي عن إصابته بفيروس كورونا، وهذا هو أول ظهور علني له منذ نقله للمستشفى في ذلك اليوم."
57,أفاد خبراء في أمن المعلومات بأن قراصنة الإنترنت يستغلون ثغرة أمنية في متصفح مايكروسوفت إكسبلورر، خاصة في اليابان وتايوان. وقد أعلنت مايكروسوفت عن خطة لتحديثات أمنية تهدف إلى معالجة هذه الثغرة. وأكد مسؤول في مايكروسوفت أن حزمة التحديثات الجديدة ستكون بمثابة تحديث تراكمي لمعالجة هذه الثغرة. ومن المتوقع أن يتم إطلاق هذه التحديثات يوم 8 أكتوبر/تشرين الأول، وينصح الخبراء المستخدمين بتنزيل هذه التحديثات بمجرد إطلاقها.
58,"قال الجيش الإسرائيلي إنه قصف موقعا لمدفعية الجيش السوري بعد سقوط قذيفة على الجانب الذي يخضع للسيطرة الإسرائيلية من هضبة الجولان, مما أدى إلى إصابة جنديين بجروح طفيفة. وأوضح الجيش في بيان أنه ""ردا على ذلك، أطلق الجنود قذائف من الدبابات باتجاه مصدر النيران، مؤكدين تحقيق إصابات مباشرة"". وأضاف البيان أن إسرائيل حذرت الجيش السوري من أنها سترد ""بشدة"" في حال إطلاق المزيد من النيران على المنطقة التي تخضع للسيطرة الإسرائيلية من هضبة الجولان."
59,"النص يتناول موضوع وكيل اللاعبين الإيطالي الشهير مينو رايولا، الذي يعتبر من أبرز الشخصيات في عالم كرة القدم. يتمحور النص حول نفوذ رايولا وقدرته على التأثير في الأندية الرياضية، حيث يتمكن في كثير من الأحيان من تغيير شروط العقود بمصلحة وكيله.

في حالة حارس المرمى الشاب جيانلويجي دوناروما، الذي كان على وشك تمديد عقده مع ميلان، تدخل رايولا وقلب الطاولة على الإدارة، مما أدى إلى تعثر المفاوضات وإعلان الحارس عن رغبته في مغادرة الفريق. انتقد رايولا المدير الرياضي في ميلان، ميرابيلي، أمام وسائل الإعلام، قائلاً إن دوناروما شعر بغياب الثقة من الفريق.

رايولا يتقاضى أجراً على كل تمديد لعقود اللاعبين الذين يشرف عليهم، لكنه يحقق أرباحاً أكبر من صفقات الانتقال"
60,أعلنت المفوضية العليا للاجئين التابعة للأمم المتحدة أن أكثر من مليون مهاجر ولاجئ دخلوا اليونان منذ بداية عام 2015، وذلك بحسب بيان صدر يوم الأربعاء 16 مارس/آذار. يأتي معظم هؤلاء المهاجرين من سوريا والعراق وأفغانستان، وقد وصل أكثر من 143 ألف شخص إلى اليونان قادمين من تركيا منذ بداية العام الجاري. كما ارتفعت نسبة النساء والأطفال بين المهاجرين الذين يصلون إلى اليونان حاليا، حيث يشكلون 60 بالمائة من الواصلين، مقارنة بنسبة 30 بالمائة في عام 2015. وقد أدت الحرب في سوريا إلى مقتل أكثر من 270 ألف شخص منذ اندلاعها قبل خمس سنوات، وأجبرت 4.8 مليون شخص على مغادرة البلاد، في حين أن 6.6 مليون شخص يعتبرون نازحين داخل البلاد.
61,"قال وزير المالية السعودي محمد الجدعان إن تسويات قضايا الفساد، التي تجري حالياً، ستُستخدم لتمويل الأوامر الملكية لدعم المواطنين، مشيراً إلى أن عام 2018 سيكون عاماً ""إيجابياً"" خاصة على صعيد الاقتصاد غير النفطي في السعودية. وفي مقابلة مع قناة العربية، أكد الجدعان أن صندوق النقد الدولي رفع توقعاته للنمو الاقتصادي في السعودية، وأن تكلفة الأوامر الملكية لدعم المواطنين تقدر بنحو 50 مليار ريال، وستمول من خلال الوفر في الميزانية ومن خلال ما تم تحصيله من حملات مكافحة الفساد. وشدد الجدعان على أن المملكة تهدف من خلال إصلاحاتها إلى خلق بيئة تنافسية عالية للمستثمرين."
62,أفاد ناشطون بمقتل شخصين على الأقل جراء سقوط قذيفة هاون بالقرب من معسكر للمحتجين في العاصمة اليمنية صنعاء. وأكد ناشط أن أحد القتيلين طفل، مضيفا أن القصف أسفر عن إصابة أربعة آخرين. وفي تطور آخر، ذكرت تقارير أن قذائف سقطت في شارع كبير تتمركز فيه قوات الفرقة الأولى مدرع بقيادة اللواء علي محسن الأحمر، الذي يدعم المحتجين المناهضين لنظام الرئيس علي عبد الله صالح. وفي جنوب اليمن، تعرضت تعز لقصف مدفعي واشتباكات عنيفة الليلة الماضية، وهي الأعنف منذ تعرض المدينة للقصف طوال الأربعة أشهر الماضية. وفقا لتقارير، استهدفت قوات الجيش الموالية للنظام ساحة الحرية ومنطقة المسبح وحي الروضة وشارع الستين ووادي القاضي بقذائف الهاون، مما أثار حالة من الرعب في أوساط السكان أدت إلى نزوح مئات الأسر. وفي صنعاء، سقط صاروخ مورتر في سوق
63,"قامت شركة ""جنرال موتورز""، وهي أكبر شركة لتصنيع السيارات في الولايات المتحدة، بدمج تطبيق جديد يُدعى ""جي إم ماركت بليس"" في سياراتها من طرازات كاديلاك وشيفورليه وبويك وجي.إم.سي. يتيح هذا التطبيق الجديد للسائقين إجراء عمليات شراء عبر الإنترنت، بما في ذلك الطعام والوقود وحجوزات الفنادق، من خلال شاشة تعمل باللمس في لوحة عدادات السيارة دون الحاجة لمغادرة السيارة. كما يتضمن التطبيق قسم ""تسوق"" يتيح الحصول على خدمات الجيل الرابع للهاتف المحمول والحصول على تخفيضات على السيارات والكماليات. سيتم إضافة هذه الخاصية إلى طرازات 2017 و2018، وسوف تتدرج لتشمل طرازات أخرى. لا يتطلب التطبيق خطة بيانات منفصلة، لذا لن يحتاج المستخدمون الذين يشتركون في خدمة الهاتف المحمول من الجيل"
64,"يتجمع حوالي 74,000 عضو من حزب كاديما الحاكم في إسرائيل يوم الأربعاء للتصويت لاختيار زعيم جديد. المرشحين الرئيسيين هما وزيرة الخارجية تسيبي ليفني ووزير النقل شاؤول موفاز، اللذين يأملان في الفوز بنسبة أكثر من 40% لتجنب جولة إعادة. من المتوقع أن يتم الإعلان عن النتائج الأولية حوالي منتصف الليل، مع إعلان النتائج النهائية في وقت مبكر من صباح اليوم. ستستدعي وسائل الإعلام الإلكترونية الإسرائيلية استطلاعات الرأي لدى خروج الناخبين من مراكز الاقتراع بمجرد انتهاء التصويت.

يطرح موفاز نفسه كزعيم قوي لضمان أمن إسرائيل، مشيرًا إلى أنه لن يتردد في اتخاذ قرارات صعبة. ومع ذلك، يتهمه الكثيرون بأن أفكاره ما زالت متجذرة في سياسة حزبه السابق، الليكود.

من ناحية أخرى، تعد ليفني، التي"
65,تتعامل مصر مع فيروس كورونا بدون أي توتر، حيث أعلنت أنه لا توجد إصابات جديدة في الوقت الحالي وأنها أعلنت حالة الاستعداد القصوى في جميع أقسام الحجر الصحي بمنافذ الدخول وجميع المستشفيات المخصصة لمواجهة الطوارئ. وقد تم نفي الشائعات السابقة التي تحدثت عن اكتشاف سبع حالات إصابة بالفيروس، وتم تأكيد أن مصر خالية من أي إصابات بالفيروس. وفي الوقت نفسه، أعلنت فرنسا أن حالتين من بين الحالات التي ثبت إصابتها بالفيروس قد عادتا من رحلة إلى مصر، وأنهما في حالة صحية خطيرة.
66,"دعا الأمين العام للأمم المتحدة أنطونيو غوتيريش إلى تضامن دولي أكبر مع أهالي الموصل الذين عانوا تحت حكم ""داعش"" والمعارك الأخيرة. خلال زيارته لمخيم حسن شام، أعرب غوتيريش عن قلقه بشأن الموارد غير الكافية لدعم النازحين وعدم وجود التضامن الدولي المطلوب. كما أشار إلى أن سكان الموصل يعانون بشكل كبير ويحتاجون إلى دعم أكبر من المجتمع الدولي. وأعرب غوتيريش عن أسفه لأن برنامج الأمم المتحدة يتم تمويله بنسبة ثمانية في المائة فقط، وهو ما يدل على محدودية الموارد. وأكد على ضرورة تحقيق المصالحة بعد استعادة المدينة، مشيراً إلى أن هذا سيكون له دور مهم في تحقيق الاستقرار. القوات العراقية بدأت منذ أشهر معركة استعادة الموصل، وقد أدت إلى نزوح أكثر من 200 ألف شخص، والعديد منهم لا يزالون في خطر عالقين وسط المعارك."
67,في مباراة ودية على ملعب آل مكتوم في دبي، فاز المنتخب الألماني لكرة القدم على مضيفه الإماراتي بسبعة أهداف مقابل هدفين. بدأ اللاعب هايكو فيسترمان التسجيل للألمان في الدقيقة 29 بعد تلقي الكرة من فليب لام من بايرن ميونيخ. وفي الدقيقة 35، أنهى ماريو غوميس، المهاجم الجديد لبايرن ميونيخ، فترة طويلة من عدم التسجيل بهدفه الثاني مع المنتخب الألماني، بعد تلقيه تمريرة رائعة من باستيان شفاينشتايغر. بعد ذلك، سيطر الألمان على المباراة، مع توفر فرص جيدة لأصحاب الأرض الإماراتيين. في الوقت بدل الضائع من الشوط الأول، سجل غوميس مرة أخرى، مما جعل النتيجة 4-0 للألمان. في الشوط الثاني، سجل إسماعيل سالم، لاعب وسط هامبورغ، بالخطأ في مرماه، مما قلص الفارق إلى 5
68,"أعلنت حديقة حيوان لايبزيغ في ألمانيا أن اللبؤة ""كيغالي"" قد أكلت صغيريها. تم ملاحظة هذا السلوك الغريب خلال أول تجربة أمومة لها. كانت الأم وولديها في حالة جيدة، لكن الخبراء لم يتمكنوا من تأكيد الأسباب وراء هذا الفعل. انتشرت الأخبار عبر مواقع التواصل الاجتماعي، مما أثار العديد من النظريات حول الأسباب المحتملة وراء هذا السلوك."
69,تدرس دراسة جديدة الأسباب التي أدت إلى انقراض سبعة أنواع من القطط الكبيرة، بما في ذلك النمور التي كانت تمتلك أسنانا مثل السيوف، خلال العصر الجليدي الأخير. يخلص الباحثون إلى أن قلة الطعام كانت عاملاً رئيسياً في انقراض هذه الأنواع، وأن هذا الاتجاه لا يزال مستمراً حتى اليوم. يمكن أن يؤدي تراجع الفرائس إلى مزيد من الضغط على هذه الحيوانات، خاصة بسبب فقدان المواطن الطبيعية. يحذر الباحثون من أن هذا الاتجاه قد يهدد العديد من أنواع القطط البرية الكبيرة المعاصرة. إذا كان من المفترض أن تشهد الحيوانات المفترسة التي تواجه الخطر اليوم مصير الانقراض، فإن ذلك قد يؤدي إلى نتائج مشابهة لما حدث في العصر الجليدي. يؤكد الباحثون على أهمية حماية هذه الحيوانات ومواطنها الطبيعية لمنع انقراضها.
70,مانويل فينتسهايمر، وهو مهاجم في الثامنة عشرة من عمره، تم اختياره من قبل المدرب يوب هاينكس للعب في مباراة الليلة في دوري أبطال أوروبا ضد سيلتيك غلاسغو. فينتسهايمر هو واحد من المواهب الشابة الواعدة في فريق تحت 19 عامًا في بايرن ميونيخ، حيث سجل 12 هدفًا في سبع مباريات. كما لعب مع الفريق الثاني في دوري المناطق وسجل أربعة أهداف في خمس مباريات. تم اختياره للسفر مع الفريق إلى اسكتلندا بواسطة هاينكس وهو يتطلع إلى اللعب ضد سيلتيك. لعب فينتسهايمر ضد سيلتيك في دوري الناشئين الأوروبي قبل أسبوعين وسجل هدفين. لديه عقد مع بايرن حتى نهاية يونيو.
71,تواجه شريفة، وهي سيدة تبلغ من العمر أكثر من ثلاثين عامًا، تحديات الحياة اليومية في جمع قوتها. كل يوم، تبحر شريفة في قاربها الصغير لجمع الأسماك وبيعها في ميناء محلي، وهو مهنة تسيطر عليها الرجال. على الرغم من هذه التحديات، لم تستسلم شريفة أبداً لحريتها في البحر، التي تعتبرها ابناً من أبنائها. يأتي هذا التقرير في إطار موسم 100 امرأة الذي تقدمه بي بي سي، والذي يتناول قضايا خاصة بالمرأة.
72,تلعب شركات صناعة المواد الكيميائية دوراً حاسماً في تطوير السيارات الكهربائية، حيث توفر المعرفة والخبرة اللازمة لإنتاج بطاريات السيارات الكهربائية، والتي تتطلب خليطاً محدداً من المواد الكيميائية الخاصة. يتم تحديد أداء البطارية ومتانتها وقدرتها على تخزين الطاقة بواسطة قطبيها وعوازلها ومحاليلها الكهربائية. خمس معايير رئيسية تحدد الأداء العام لبطاريات السيارات الكهربائية وهي: الجودة، الأمان، التكلفة، توفر مصدر الطاقة، ومدة الصلاحية. يتطلب إنتاج هذه البطاريات معرفة واسعة بعلوم الكيمياء وطرق تصميم أقطاب البطارية الكهربائية وعوازلها الداخلية والخارجية. توجد وصفات تقنية محددة لإنتاج بطاريات مناسبة لتشغيل السيارات الكهربائية ذات الأداء الجيد. الشركات تعمل على تطوير مواد جديدة لتحسين أداء البطاريات، مثل السيراميك المرن المقاوم للحرارة المستخدم لعوازل هيكل البطارية، والمواد المقواة بألياف الكربون لتخفيف
73,"توقعات غير مبشرة لجورجيا وأوكرانيا بشأن عضويتهما في الناتو

على الرغم من الآمال الكبيرة التي تحيط بانضمام جورجيا وأوكرانيا إلى حلف شمال الأطلسي (الناتو) ودعم الولايات المتحدة لهما، يبدو أن التوقعات غير مبشرة للبلدين، وفقاً للمراقبين.

في اجتماع وزراء خارجية الناتو في بروكسل، من المتوقع أن يتم عرض مسار سريع للانضمام إلى الناتو. ومع ذلك، أبلغ وزير الخارجية الألماني فرانك فالتر شتاينماير البرلمان بأن الحلف لا ينبغي أن يتجاوز الاتفاق الذي تم التوصل إليه في نيسان/ أبريل بشأن انضمام الدولتين.

هذا الاتفاق يتطلب قرارا بالإجماع من قبل جميع أعضاء الناتو، مما يجعل من غير المرجح أن يفوز أي من البلدين ""خطة العمل نحو العضوية"" يوم الثلاثاء.

علاوة على ذلك، أعلنت"
74,"اندلعت اشتباكات برية في عدة مناطق رغم دعوة الأمم المتحدة للأطراف المعنية باحترام وقف إطلاق النار للسماح بمرور المساعدات الإنسانية. وفي تطور آخر، تعرضت طائرة تابعة للتحالف لإطلاق نار من قبل المتمردين الذين هاجموا مطار عدن بالصواريخ. كما وردت تقارير عن وقوع حادث ""نيران صديقة""، حيث قصفت طائرات قوات التحالف قوات موالية لهادي في لحج، مما أسفر عن مقتل 12 شخصا. ورغم وقف إطلاق النار الذي أعلنته قوات التحالف لمدة خمسة أيام، فقد وقعت اشتباكات في عدة مناطق. ومن المتوقع أن يدخل وقف إطلاق النار حيز التنفيذ منتصف الليل."
75,"قال أحمد، وهو مصدر مطلع، لبي بي سي أن مواقع إخبارية معينة قد تم حجبها في مصر، وفقاً لتقارير أولية. ومع ذلك، لم يتم تأكيد هذه التقارير رسمياً من قبل المجلس الأعلى لتنظيم الإعلام في مصر. وقد تم هذا الحجب بسبب نشر أخبار ""غير دقيقة"" حول المظاهرات. بالإضافة إلى ذلك، أكدت شبكة ""نت بلوكس"" أنه تم تعطيل الوصول إلى مواقع إخبارية معينة، بما في ذلك موقع هيئة الإذاعة البريطانية (بي بي سي) وقناة الحرة الأمريكية، بالتزامن مع الاحتجاجات في مصر. ولم يسبق أن تم حجب موقع بي بي سي أو الحرة داخل مصر من قبل. وقد حثت الهيئة العامة للاستعلامات وسائل الإعلام الدولية على عدم الاعتماد على مواقع التواصل الاجتماعي كمصادر للأخبار، ولم تتدخل في عمل المراسلين الأجانب."
76,"النص يناقش الاجتماع الذي تم بين المستشار الألماني هيلموت كول ورئيسة الوزراء البريطانية مارغريت ثاتشر في بون عام 1982. خلال الاجتماع، أشار كول إلى الأتراك، الذين كانوا يشكلون جزءًا كبيرًا من المهاجرين في ألمانيا في ذلك الوقت، بأنهم ""لم يندمجوا جيدًا"" في المجتمع الألماني. وقد أعرب عن رغبته في تقليل عددهم إلى النصف في غضون أربع سنوات. 

وقد أشار النص إلى أن كول كان يرى أن الأتراك يأتون من ثقافة مختلفة وأنهم لا يندمجون بسهولة في المجتمع الألماني. وقد كشف النقاب عن محضر الاجتماع، الذي كان مصنفاً ""سريًا""، بعد مرور 30 عامًا على الفترة المقررة للحفاظ على سريته. ولم يصدر عن مكتب كول أي تعليق بشأن التقرير الذي نشرته مجلة"
77,تعرضت القاعدة العسكرية الواقعة على بحيرة تشاد لهجوم من قبل بوكو حرام، مما أدى إلى فرار القوات النيجيرية ولجوء العديد من القتلى للمدينة. هذا الهجوم هو الأحدث في سلسلة من الهجمات التي قامت بها بوكو حرام، ويأتي بعد يوم من اختطاف الجماعة لـ40 شابًا وفتى. القاعدة، التي أنشئت لمكافحة الجماعات المتشددة وعمليات تهريب الأسلحة، هي آخر مدينة تسيطر عليها الحكومة في شمال بورنو.
78,اجتمع ولي العهد السعودي وزير الدفاع الأمير محمد بن سلمان اليوم مع رئيس هيئة الأركان العامة اليمني اللواء الركن محمد علي المقدشي لمناقشة الجهود المبذولة لتحرير عدن من سيطرة الحوثيين وأنصار الرئيس المخلوع علي عبد الله صالح. في الوقت نفسه، تحاول حكومة الرئيس اليمني المعترف به دوليا عبد ربه منصور هادي، التي تتخذ من الرياض مقراً لها، تأسيس وجود لها في عدن، جنوبي البلاد، حيث فرت العديد من المسؤولين بعد تراجع الحوثيين. ومع ذلك، أكد مسؤول محلي أن أيا من وزراء حكومة هادي لم يصل بعد إلى عدن، وأن المطار لا يزال تحت سيطرة القوات الموالية لهادي. على الرغم من ذلك، وصل عدد من كبار المسؤولين في الحكومة إلى عدن على متن طائرة هليكوبتر لإجراء الاستعدادات لعودة الحكومة بعد ثلاثة أشهر من انتقالها إلى الرياض. جاء هذا التطور بعد سلسلة من
79,"وصف أحد كبار مستشاري ولي العهد السعودي، الأمير محمد بن سلمان، اللقاء الذي تم بين الرئيس الأمريكي دونالد ترامب والأمير محمد بأنه ""ناجح للغاية"" و ""نقطة تحول تاريخية في العلاقات بين البلدين""، مشيراً إلى أنه أعاد الأمور إلى مسارها الصحيح. يشير الاجتماع إلى توافق في الآراء بشأن العديد من القضايا بين ترامب والأمير محمد، وهو اختلاف واضح عن علاقة الرياض مع إدارة الرئيس السابق باراك أوباما، وخاصة بعد الاتفاق النووي الإيراني في عام 2015. رأى الأمير محمد أن إدارة أوباما كانت غير مريحة، وشعر أن تحالف الرياض مع واشنطن كان أقل أهمية من التفاوض على الاتفاق النووي مع إيران. يرى محللو الخليج أن ترامب كرئيس قوي سيعزز دور واشنطن كشريكة استراتيجية ويساعد في احتواء خصومة الرياض مع إيران في منطقة حيوية لأمن الولايات المتحدة ومصالحها في مجال الطاقة."
80,أبرم الرئيس ترامب صفقة مع شركة بوينغ لبناء طائرتين جديدتين من نوع Air Force One، تم تعديلهما من طائرات بوينغ 747-8 العملاقة، بتكلفة تقدر بـ 3.9 مليار دولار. من المتوقع أن تحل هذه الطائرات محل الطائرة الحالية التي كانت في الخدمة خلال رئاسة جورج دبليو بوش. يتميز الطائرات الجديدة بالسرعة، حيث تبلغ سرعة طائرة Air Force One الحالية 84 ماخ، بينما تبلغ سرعة الطائرة المقترحة 855 ماخ. ومن المتوقع أن يتجاوز مدى هذه الطائرات مدى الطائرة الحالية بحوالي ألف ميل بحري، وتصل إلى 7730 ميل بحري. الطائرة معقدة، حيث توفر للرئيس وطاقمه من الوزراء والمستشارين الحماية في حالة حدوث حرب نووية. كانت أول طائرة رئاسية من هذا النوع في عهد الرئيس روزفلت في عام 1940. وبعد أحداث 11 سبتمبر، تم
81,"تشير دراسة أجرتها كلية لندن الجامعية ومستشفى الجامعة إلى أن ركلات الجنين في الرحم قد تساعد في تشكيل ""خريطة جسدية""، مما يتيح له استكشاف محيطه. يقوم الباحثون بقياس موجات الدماغ التي تثيرها حركات الجنين أثناء نوم حركة العين السريعة، وهي مرحلة من مراحل النوم تتميز بحركة العين السريعة. تؤدي ركلات الجنين إلى إطلاق موجات دماغية في النصف المقابل من الدماغ، مشابهة لتلك التي لدى الأطفال حديثي الولادة. كما تشير الدراسة إلى أن ركلات الجنين في الثلث الأخير من الحمل تساعد في نمو مناطق الدماغ التي تعالج المدخلات الحسية. قد تكون نتائج الدراسة لها آثار على توفير بيئة حسية مثالية للأطفال المبتسرين، حيث تسمح لهم بالشعور بوجود سطح مشابه لما كانوا يشعرون به في الرحم. تم قياس موجات الدماغ باستخدام تخطيط أمواج الدماغ وتسجيلها بشكل مستمر أثناء النوم."
82,"تم إجراء اختبار لنظام الدفاع الصاروخي ""حيتس-3"" في إسرائيل بمشاركة مسؤولين من وكالة الدفاع الصاروخي الأمريكية. ويعد ""حيتس-3"" نظاما دفاعيا متطورا مصمم لاعتراض الصواريخ بعيدة المدى، وخاصة تلك التي قد تأتي من إيران. وهو يوفر فرصا إضافية لإسرائيل في اعتراض الصواريخ القادمة من إيران أو أي مكان آخر، حيث يعمل خارج الغلاف الجوي للأرض."
83,تشير دراسة حديثة إلى أن انخفاض درجة حرارة الجو قد يزيد من خطر الإصابة بالنوبات القلبية. توصلت الدراسة، التي نشرت في دورية جمعية القلب الأمريكية، إلى أن التعرض المتزايد للنوبات القلبية مرتبط بدرجات الحرارة المنخفضة، والضغط الجوي، وسرعة الرياح، وفترات سطوع الشمس الأقل. كان الجانب الفريد في الدراسة هو أنها تتبعت جميع النوبات القلبية التي حدثت في بلد كامل لمدة 16 عامًا بالإضافة إلى بيانات الطقس في يوم النوبة القلبية. وجد الباحثون أن النوبات القلبية أكثر احتمالية للحدوث في الأيام التي تقل فيها الحرارة عن درجة التجمد. انخفضت احتمالية الإصابة بالنوبات القلبية عندما ارتفعت درجات الحرارة عن ثلاث أو أربع درجات مئوية. تشير الدكتورة نيشا جالاني إلى أن برودة الطقس قد تزيد من ضيق الشرايين والأوردة، مما يؤدي إلى انسداد يصل إلى 70
84,"تناولت الصحف البريطانية العديد من الموضوعات المتعلقة بالانفجار الضخم في مرفأ بيروت، حيث تناولته في عدة تقارير وتقارير فرعية، بالإضافة إلى ذلك، تم تناول الوضع السياسي في لبنان والإخفاقات السابقة في التعامل مع المواد المتفجرة.

في صحيفة الغارديان، تقرير لمارتن شولوف بعنوان ""غضب في بيروت بعد تفويت تحذيرات بشأن 'قنبلة عائمة'"". ويقول الكاتب إن الانفجار في مرفأ بيروت، الذي خلف الكثير من الدمار، كان متوقعًا وكان محل تحذيرات متكررة. ومع استمرار اشتعال العاصمة، بدأ الربط بين الانفجار وشحنة ضخمة من نترات الأمونيوم، وصف ذات مرة بأنها ""قنبلة عائمة""، وموجودة في الميناء منذ عام 2014. ويقول الكاتب إنه منذ ستة أشهر حذر مسؤولون يتفقدون الشحنة إنه إذا لم"
85,بدأت العديد من الأسر في مدينة حوث، الواقعة في محافظة عمران، في النزوح بعد سيطرة الحوثيين عليها. يقدر عدد سكان حوث بحوالي مائتي ألف شخص. وقد قتل 85 شخصاً على الأقل في معارك بين الحوثيين وميليشيات قبيلة حاشد. ويتجه النازحون إلى العاصمة صنعاء والمدن القريبة من حوث. وتحاصر قبيلة حاشد الآلاف من المسلحين الحوثيين في محيط حوث استعداداً لشن هجوم مضاد. وقد أوفد الرئيس عبد ربه منصور هادي محافظ العاصمة عبد القادر هلال إلى منطقة الصراع للتوسط. وطالب بعض القوى السياسية الرئيس هادي بسرعة التدخل لوقف القتال ونشر قوات الجيش في مناطق الصراع وفرض سيطرة الدولة على كل أرجاء البلاد.
86,تقوم فيسبوك بالاستحواذ على شركات التكنولوجيا لتوسيع قاعدة بياناتها وتحقيق أهداف إعلانية أكبر. وقد استحوذت مؤخرا على شركة بروتو جيو الفنلندية، التي طورت تطبيق موفز الذي يستخدم أجهزة الهاتف المحمول لتتبع النشاط الرياضي وحرق السعرات الحرارية. ومن المتوقع أن يساعد هذا الاستحواذ فيسبوك على الدخول إلى سوق التكنولوجيا الصحية. وتشمل عمليات الاستحواذ الأخرى واتس آب وأوكيولاس. ولم يتم الكشف عن حجم صفقة بروتو جيو، التي لديها أقل من عشرة موظفين، ولكن يعتقد أنها صفقة صغيرة مقارنة بالاستحواذات الأخرى لفيسبوك. وقالت بروتو جيو إن مستخدمي تطبيق موفز سيستمرون في استخدامه بشكل مستقل عن فيسبوك. من ناحية أخرى، قالت فيسبوك إن التطبيق يمكن أن يساعد الملايين في فهم أنشطتهم الرياضية اليومية بشكل أفضل.
87,يرغب واين روني، لاعب مانشستر يونايتد، في تحقيق إنجاز جديد بالوصول إلى الدور نصف النهائي لكأس العالم لأول مرة. تعافى روني من إصابته الأخيرة وأصبح جاهزًا للمشاركة في بطولة البرازيل. أكد روني أنه في أفضل حالاته وأنه لن يكون له عذر إذا لم يحقق الأداء المطلوب. كان روني قد شارك في كأس العالم 2006 و2010 رغم الإصابات، لكنه تم طرده في الدور ربع النهائي في كلا البطولتين. قرر روني اصطحاب مدرب للياقة البدنية في عطلته بعد الإصابة الأخيرة لتحضير نفسه بشكل فوري للانضمام إلى معسكر المنتخب الإنجليزي. يتمركز المنتخب الإنجليزي في البرتغال استعداداً لكأس العالم، وأكد روني أنه واثق في قدرة منتخب بلاده على تخطي دور المجموعات، حيث يلعب في المجموعة الرابعة مع إيطاليا وأوروغواي وكوستاريكا.
88,"أقرت شركة أودي الألمانية لصناعة السيارات، وهي شركة تابعة لمجموعة فولكسفاغن، مساء الاثنين (23 نوفمبر/تشرين الثاني 2015) أن المحركات التي تصنعها تحتوي على برمجيات غير قانونية في الولايات المتحدة. وقالت الشركة أنها أبلغت الجهات الرقابية الأمريكية أن سياراتها الديزل سعة 3 لتر تحتوي على ثلاثة برامج لم تكشف عنها في وقت الموافقة التنظيمية. أحد هذه البرامج يمكن اعتباره ""جهاز احتيال"" لكشف النسب الدقيقة لانبعاثات المحرك بموجب القانون الأمريكي. فولكسفاغن كانت تصر في السابق أن الفضيحة تقتصر على محركات الديزل سعة 2 لتر، وتنفي أن المحركات الأكبر التي تصنعها الشركة الشقيقة أودي مشتبه بها أيضا. البرنامج يؤثر على طرازات أودي وفولكسفاغن وبورش التي يعود تاريخ تصنيعها إلى عام 2009 أو على ما يقرب من 85 ألف سيارة في الولايات المتحدة."
89,يواجه اللاجئون في غزة ظروفًا صعبة بسبب الطقس البارد ونقص الاحتياجات الأساسية في مراكز الإيواء. وقد أعلنت الأونروا حالة الطوارئ، وطالب الدفاع المدني السكان بإخلاء منازلهم في بعض المناطق بسبب تسرب المياه. وقد نشر طبيب وناشط إنساني يدعى باسل أبو وردة صورًا تظهر الأطفال يحاولون الذهاب إلى المدرسة في الشوارع المغمورة بالمياه. وغرد مستخدمون آخرون صورا تظهر آثار الحرب الأخيرة على البنية التحتية للمدينة وعدد المواطنين الذين دمرت منازلهم.
90,"القوات العراقية تشن عملية عسكرية واسعة في الأنبار، غرب العراق، لمطاردة المسلحين، بعد مقتل ضباط كبار في الجيش في عملية اقتحام لمعسكر لتنظيم القاعدة. رئيس الوزراء نوري المالكي يعتبر هذه الأحداث بمثابة إعلان حرب من قبل المجاميع المسلحة. وفي الأنبار، يواجه الجيش ""جيوب مقاومة ضعيفة""، حسب مصدر أمني."
91,"تتضمن القصة العديد من القصص الغريبة لأسباب الانفصال العاطفي، حيث قرر البعض الانفصال لأسباب غير تقليدية. 

أحد الأمثلة على ذلك هو قرار سيدة بالانفصال عن حبيبها لأنه ""لم يتشاجر معها كثيرا"". في هذه الحالة، رأت السيدة أن عدم تشاجر حبيبها معها دليل على أنه لا يوليها الاهتمام الكافي في العلاقة.

من ناحية أخرى، قرر شاب آخر قطع علاقته بحبيبته لأنها تركت تدفع ثمن مشروبه الأول أثناء العشاء، رغم أنه قام بدفع الباقي. هذا السبب يعتبر غير تقليدي أيضا، حيث يمكن اعتباره نوعا من الظلم المالي.

كما تتضمن القصة أيضا قصة امرأة انفصلت عن حبيبها بسبب عدم وصول أي رسائل نصية لهاتفها، وهو سبب غير تقليدي آخر.

وفي قصة أخرى، قرر شاب قطع علاقته بحبيب"
92,توقع مدرب بايرن ميونيخ، الذي فاز بلقب دوري أبطال أوروبا يوم السبت 25 مايو / أيار، أن ينضم مهاجم بوروسيا دورتموند روبرت ليفاندوفسكي إلى النادي البافاري، بعد أن أصر مستشاره على مغادرته في يونيو / حزيران 2014. وكان غوتسه قد انتقل إلى بايرن ميونيخ مقابل حوالي 40 مليون يورو. وقال المدرب يوب هاينكيس، الذي سيترك منصبه في نهاية الموسم للاسباني جوسيب غوارديولا، إن الفريق بالتأكيد سيحصل على مهاجمين من طراز عال. وكان ليفاندوفسكي قد سجل أربعة أهداف في مرمى ريال مدريد في ذهاب نصف نهائي دوري أبطال أوروبا، لكنه فشل في تسجيل أي هدف في المباراة النهائية التي خسرها فريقه. وهو الآن الثاني في قائمة هدافي دوري أبطال أوروبا لهذا الموسم، حيث يتصدرها البرتغالي كريستيانو رونالدو من ريال مدريد ب
93,تم اكتشاف سلالة فيروس كورونا الجديدة، B.1.617، في الهند العام الماضي ومنذ ذلك الحين انتشرت في أكثر من 30 دولة. وفقًا لمنظمة الصحة العالمية، تتضمن هذه السلالة خصائص مثل سهولة الانتقال، وزيادة شدة المرض، وانخفاض فعالية الأجسام المضادة والعلاج واللقاحات ضده. في الهند، أدت السلالة الجديدة إلى زيادة في عدد الوفيات، مما أدى إلى اكتظاظ المستشفيات والمحرقات. كما أدت الزيادة في عدد الحالات إلى نقص في الأكسجين في بعض المناطق. على الرغم من القيود المحلية، لا يزال رئيس الوزراء الهندي يسمح بإقامة التجمعات العامة، مما يثير الانتقادات. كما أدى النقص في اللقاحات إلى تأخير عملية التطعيم، مع تلقي فقط 2.5% من السكان الجرعة الثانية حتى الآن. على الرغم من ذلك، تظل اللقاحات فعالة ضد السلالة الهندية، ولكن هناك أدلة
94,"دعا رئيس وكالة المخابرات الداخلية الألمانية إلى تطبيق ""إجراءات منظمة"" على آلاف اللاجئين الذين يدخلون البلاد، مشيراً إلى أن المتطرفين قد يستغلون الفوضى المرتبطة بأزمة الهجرة. أثارت هجمات باريس الأخيرة الجدل في ألمانيا حول موقف المستشارة أنغيلا ميركل تجاه اللاجئين، والحاجة إلى مراجعة أفضل لمن يدخلون البلاد. وتواجه أوروبا أسوأ أزمة لاجئين منذ الحرب العالمية الثانية، حيث من المتوقع أن تستوعب ألمانيا حوالي مليون لاجئ هذا العام. على الرغم من أن الشرطة تقوم حالياً بمراجعة جوازات السفر عند المعابر الحدودية وفي المناطق الحدودية، يعتقد أن الآلاف من اللاجئين يدخلون ألمانيا دون أي مراجعة. أعرب رئيس وكالة المخابرات الداخلية الألمانية عن قلقه من أن المتطرفين الإسلاميين الموجودين بالفعل في ألمانيا قد يحاولون تجنيد المهاجرين الشباب، مشيراً إلى أن الإسلاميين يتصلون بشكل محدد باللاجئين في مراكز الاستقبال، وأنه يعرف أكثر من 100"
95,"المعلم الناجح، مثل فيرونيكا دوكي، يمكن أن يؤثر بشكل كبير في تطور الطلاب الأكاديمي. في حالة دوكي، اكتشفت طريقة مبتكرة لجعل الطلاب الصغار يفهمون مادة الأحياء المعقدة، وهي بارتداء بذلة تشبه بدلة الغوص تحمل صوراً للأعضاء الداخلية. هذه الطريقة، التي استخدمتها في مدرسة بمدينة Valladolid الإسبانية، ساعدت الطلاب على فهم المادة بشكل أفضل، كما أفادت صحيفة ""ديلي مير"" البريطانية."
96,ستؤدي حكومة التوافق الفلسطينية، التي تضم 17 وزيرا، اليمين الدستورية اليوم الاثنين، برئاسة رئيس الوزراء الحالي رامي الحمد الله. وقد أعرب كيري عن قلقه إزاء دور حماس في الحكومة، وحث الحكومة على رفض العنف، والاعتراف بإسرائيل، واحترام الاتفاقات السابقة. وحث نتنياهو المجتمع الدولي على عدم الاعتراف بالحكومة الفلسطينية المرتقبة.
97,"يسيطر المسلحون على الفلوجة وأجزاء من الرمادي في محافظة الأنبار، حيث أعلن تنظيم مرتبط بتنظيم القاعدة، الدولة الإسلامية في العراق وبلاد الشام، عن سيطرته على الفلوجة بمساعدة مسلحين محليين في الأول من الشهر الحالي. وقد دعا رئيس الوزراء العراقي، نوري المالكي، زعماء العشائر إلى إجبار تنظيم داعش على الانسحاب حقنا للدماء ومنعا لمزيد من الدمار في الفلوجة. وأكد المالكي على ضرورة حل القضية في أقرب وقت ممكن، محذرا من أن وجود هذا التنظيم في الفلوجة يشكل خطرا على أهالي المدينة. وفي تطور جديد،وزع التنظيم منشورات في المدينة أعلن فيها تشكيل ""لجنة للأمر بالمعروف والنهي عن المنكر""، مما يثير القلق حول عودة المحاكم الإسلامية. وقد عبرت الأمم المتحدة عن قلقها من نزوح العديد من سكان الفلوجة منها، حيث يخشون هجوم الجيش على المدينة. وقد عززت مجموعات مسلحة أخرى مواقعها في"
98,"أدان الرئيس التركي رجب طيب أردوغان بشدة عزل قطر واصفاً إياه بأنه ""لا إنساني ومخالف للتعاليم الإسلامية""، وقال إن الأساليب المستخدمة مع قطر غير مقبولة. وقد جاء هذا التصريح خلال كلمة أردوغان أمام البرلمان التركي. وقد قررت السعودية والإمارات والبحرين ومصر قطع العلاقات مع قطر الأسبوع الماضي، متهمة إياها بدعم الإسلاميين المتشددين وإيران، وهو ما تنفيه قطر. وطالب أردوغان السعودية بحل الأزمة. وأعرب أردوغان أيضاً عن نيته إجراء مكالمة هاتفية مع الرئيس الفرنسي إيمانويل ماكرون وأمير قطر الشيخ تميم بن حمد آل ثاني اليوم الثلاثاء لمناقشة الأزمة. ومن جهة أخرى، أعلن المغرب إرسال طائرات محملة بمواد غذائية إلى قطر، مؤكداً أن القرار يتماشى مع تعاليم الإسلام وما يستلزمه من تضامن بين الشعوب الإسلامية، ولكنه ليس له علاقة بالجوانب السياسية للأزمة بين قطر والدول العربية الخليجية الأخرى."
99,"قام فريق من الباحثين من المركز الألماني لأمراض الأعصاب التآكلية في توبنغن بإجراء أبحاث حول الإصابات الناجمة عن فيروس كورونا، والتي أظهرت أن الفيروس لا يصيب الجهاز التنفسي فحسب، بل يمكن أن يصيب أعضاء أخرى في الجسم. وتشمل هذه الأمراض الأمراض التي تصيب بنية أو وظيفة الخلايا العصبية، بما في ذلك موتها أو تصلب أجزاء منها.

يهدف البحث، الذي نشر في مجلة ""Cell Reports""، إلى فهم كيفية انتشار الفيروس في الجسم. وقال العالم الألماني فيكاس بانزال لصحيفة بيلد إن الأبحاث أظهرت أنه إذا اخترق فيروس كورونا الحواجز الدفاعية للدماغ، فقد يحد من دفاع الجسم ويؤدي إلى التهاب في الدماغ. كما يمكن أن يتسبب في تلف الرئتين والأوعية الدموية. بالإضافة إلى ذلك، يمكن للفيروس أن يقيد إنتاج الحيوانات المنوية، مما يؤدي إلى"
100,تم تحرير أربعة عمال إغاثة من مخيم داداب في كينيا، كانوا قد اختطفوا في وقت سابق من قبل حركة الشباب، وفقًا لتقارير رويترز. العمال الأربعة، وهم كندي ونرويجي وباكستاني وفلبيني، يعملون لصالح مجلس اللاجئين النرويجي. وقد قتل سائق كيني خلال عملية الاختطاف. هذه ليست الحادثة الأولى من نوعها في داداب، حيث تم اختطاف عمال إغاثة آخرين في السابق، وهو ما أدى إلى تدخل الجيش الكيني لمحاربة حركة الشباب في الصومال.
101,"مجلس النواب الليبي، الذي يقوده رئيس الوزراء عبد الله الثني، أقر تعليق المشاركة في الحوار الذي تشرف عليه الأمم المتحدة، كما أعلن النائب عيسى العريبي لوكالة رويترز. هذا القرار يأتي بعد أن أشار مبعوث الأمم المتحدة إلى ليبيا، برناردينو ليون، أمام مجلس الأمن إلى أن المخرج الوحيد للأزمة الليبية هو ""حل سياسي"". الحوار الذي تشرف عليه الأمم المتحدة كان يهدف إلى التوصل إلى اتفاق بين أطراف النزاع في ليبيا، ولكن الأزمة الليبية لا تزال معقدة وغير محلولة بالكامل. حكومة الثني ومجلس النواب المنتخب اضطرا إلى الانتقال إلى مدينة طبرق الشرقية بعد سيطرة مجموعات مسلحة على العاصمة طرابلس."
102,بعد هجوم جبهة النصرة على مواقع فرقة 30 المدعومة من الغرب، وقعت غارات جوية ضد جبهة النصرة، وفقا للمرصد السوري لحقوق الإنسان. أسفر الهجوم عن خطف بعض أعضاء فرقة 30، بما في ذلك قائدهم، من قبل جبهة النصرة. ردت فرقة 30 بقتل خمسة من أفرادها. بدأت هذه الحادثة بعد برنامج تدريب قادته الولايات المتحدة في مايو، وفقا لمصادر المعارضة.
103,يتم حالياً مناقشة فكرة إنشاء قوة عربية موحدة خلال قمة عربية قادمة في مصر، وفقاً لتصريحات السفير عبد العاطي. يتم التشاور بين القادة العرب حول تشكيل قوة انتشار سريع عربية لمواجهة التنظيمات الإرهابية التي تهدد استقرار المنطقة. يمكن بحث هذا الاقتراح وإقراره خلال القمة العربية، وقد يتم تطبيقه أولاً في منطقة الخليج أو الأردن.
104,"النص يتناول العلاقة بين السعادة والشوكولاتة، حيث يعتبر الكثيرون الشوكولاتة مصدرا للسعادة والمتعة. يتم السعي وراء هذا الشعور من خلال تناول الشوكولاتة، وهو ما يدعم مبدأ اللذة. ومع ذلك، يصعب قياس تأثير الشوكولاتة بشكل ملموس، لكن الكثير من الناس يعتقدون أنها تحقق السعادة.

تجارب علمية أجريت في هذا السياق أظهرت أن الأشخاص الذين يفضلون الشوكولاتة كانت لديهم أعراض أقل للكآبة ونظرة أكثر تفاؤلاً للحياة بعد التجربة. كما أظهرت بعض الدراسات وجود علاقة بين الشوكولاتة وزيادة مستويات السيروتونين، وهو ناقل عصبي يلعب دوراً مهماً في تنظيم المزاج.

ومع ذلك، يشير بعض الدراسات إلى أن بعض المواد في الشوكولاتة قد تسبب القلق والإثارة والحب. كما أن الكافيين، الموجود في القهوة والشوكولاتة، يمكن أن يشعر الإنسان بالنشاط والحيوية."
105,"تتنوع الآراء حول العمليات السورية بغطاء جوي روسي، حيث يرى البعض أنها تحمل رسالة تهديد لتركيا وخططها في المنطقة. وفي مقال بعنوان ""الأغبياء لا يتعظون"" في تشرين السورية، يقول جمال ظريفة إن الانتصارات العسكرية في إدلب وتحرير ريف حماة تعتبر رسالة قوية للداخل والخارج بأن الأراضي السورية لن تبقى دون تحرير، وأن أي محتل أو غاز سيندحر. 

من جهة أخرى، يقول عمر عياصرة في السبيل الأردنية إن استعادة خان شيخون ستعطي لمحور دمشق - موسكو - طهران الزخم للمضي قدماً في حسم الأمور في إدلب. ويرى حسن مرهج في رأي اليوم اللندنية أن الضغط العسكري السوري في إدلب ""يؤسس لمشهد سياسي قد يجبر تركيا على الرضوخ والانصياع بالحديد والنار لمقررات آ"
106,إيران هددت عائلات 15 موظفا في القسم الفارسي لبي بي سي بأنهم سيواجهون الخطر في لندن إذا لم يتوقفوا عن العمل في بي بي سي. العائلات تلقت أيضا تهديدات بالفصل عن العمل والمنع من السفر إلى الخارج. مسؤولة أقسام اللغات في بي بي سي الدولية أكدت أن وزارة الاستخبارات في طهران استجوبت خلال الأيام القليلة الماضية 15 فردا من عائلات موظفي بي بي سي، وهو ما يعد تهديدا لأرواحهم. ورغم الضغوط، أكد مسؤول بي بي سي فارسي أن القسم سيبقى مصدرا بديلا ومستقلا للأخبار للشعب الإيراني. الجمهور الإيراني تضاعف تقريبا ليصل 11.8 مليون مشاهد لبي بي سي، وهو ما يعكس التقدير الإيراني لدور بي بي سي.
107,"التدخين، سواء كان إيجابيًا أو سلبيًا، يشكل خطرًا كبيرًا على الصحة، حيث يحتل التدخين السلبي المركز الثالث في قائمة أهم أسباب الوفاة التي يمكن تجنبها، بينما يحتل التدخين الإيجابي المركز الأول. عند التدخين، تتغير تركيبة الهواء في المكان، حيث يمتلئ بالجزيئات الضارة التي تبقى لفترة طويلة في المنازل ولا تتأثر بالتهوية. 

التدخين السلبي يشكل خطرًا كبيرًا على الصحة، حيث يتسبب في سرطان الرئة والأمراض الأخرى التي يعاني منها المدخنون. يعاني ""المدخن السلبي"" من كافة الأمراض التي يتعرض لها المدخن، بما في ذلك أمراض الدورة الدموية ومشاكل القلب، بالإضافة إلى زيادة مخاطر الإصابة بالجلطات. 

يتعرض المدخن السلبي لـ 15% من الدخان الذي ينفثه المدخن"
108,"قام فريق من الباحثين بدعوة لعقد ندوة دولية لمناقشة الأخطار المحتملة لأبحاث فيروس ""إتش5 إن1""، وهو فيروس انفلونزا الطيور الذي أصاب البشر في الغالب من خلال الاتصال بالدواجن الحية أو الميتة. وقد طلبت السلطات الأمريكية مؤخراً من الباحثين تنقيح التفاصيل الرئيسية في منشوراتهم القادمة. وأعرب بعض الخبراء عن مخاوفهم من أن هذه المعلومات قد تكون مفيدة للإرهابيين. وقام مجلس استشاري علمي وطني للأمن البيولوجي، يتألف من علماء وخبراء في الصحة العامة، بالتوصية بحذف التفاصيل الأساسية من المنشورات البحثية القادمة، التي قد تسبب جدلاً عالمياً. وعلى الرغم من أن المجلس لا يستطيع إيقاف نشر هذا البحث، إلا أنه يصدر توصيات للباحثين. وقال الباحثون إن المعرفة حول الأصناف الأكثر عدوى قبل تحور طبيعتها مهمة للصحة العامة، وهناك حاجة لمزيد من الأبحاث لتحديد كيفية تحول فيروسات"
109,"تجمع مئات الآلاف من المحتجين في الجزائر العاصمة يوم الجمعة 5 أبريل/ نيسان، للأسبوع السابع على التوالي، بعد استقالة الرئيس عبد العزيز بوتفليقة يوم الثلاثاء السابق. وقد أفادت التقارير بإقالة مدير المخابرات، اللواء المتقاعد عثمان طرطاق، الذي كان حليفاً مقرباً لبوتفليقة. وبثت قناة النهار التلفزيونية الخاصة خبر إقالة طرطاق، وقالت إن منصبه الذي كان يتبع الرئاسة سيعود ليصبح تحت إشراف وزارة الدفاع. وطالب المحتجون برحيل ""الباءات الثلاث"": الوزير الأول، نور الدين بدوي، ورئيس مجلس الأمة، عبد القادر بن صالح، ورئيس المجلس الدستوري، الطيب بلعيز. وطالب المحتجون بمحاكمة الوزراء المتورطين في قضايا الفساد، ورجال الأعمال المقربين من السلطة. وغاب عن الاحتجاجات في الجمعة السابعة وجود كبير للشرطة في وسط العاصمة، مع تعزيز القوى في الشوارع"
110,"أعلنت الصين أنها نجحت في استخراج الجليد القابل للاحتراق من أعماق بحر الصين الجنوبي، وهو مصدر واعد لاستخراج الغاز الطبيعي. تم التنقيب على عمق 1266 مترا وتم استخراج 16 ألف متر مكعب من الغاز خلال اختبارات بدأت في أواخر آذار/مارس. يُعرف ""هيدرات الميثان"" بأنه جليد يحتوي على غاز الميثان، ويتسبب الضغط ودرجة الحرارة المتدنية في تكوين جزيئات الماء التي تلتقط جزيئات الميثان. وعند تعرضها لمصدر نيران، تشتعل هذه القطع الثلجية، مما يجعل البعض يصفها بأنها ""الجليد القابل للاحتراق"". ويعتقد الباحثون أن العالم يحتوي على كميات أكبر من الغاز الموجود في هيدرات الميثان مقارنة بالمصادر التقليدية المعروفة. وصف وزير الموارد الطبيعية الصيني يانغ دامينغ العمليات الناجحة بالحفر والتنقيب بأنها ""نقلة كبيرة"
111,المنتج المصري يتحدث عن المسلسل الذي يعرض في رمضان، والذي يقدم شخصية موجودة في الحياة تهدف إلى تحقيق مصالح الآخرين، وهي ليست حقيقية ولا ترمز إلى شخص بعينه، بل تعبر عن نوع من البشر يعرف في كل المجتمعات. بدأ التحضير للمسلسل منذ العام الماضي، واشترك في كتابته عمرو الشامي وياسر عبد المجيد، وتولى إخراجه محمد علي، وشارك في بطولته خالد صالح وجومانا مراد ودينا وأحمد صفوت وطارق عبد العزيز. المنتج يشير إلى أن الأحداث تدور قبل الثورة على الرئيس الأسبق حسني مبارك، وتستعرض فساد الحزب الحاكم، وتسلط الضوء على بطل المسلسل كمجرم يعمل لصالح القيادات وينفذ العديد من المهام لهم، وتنتهي الأحداث بعد الثورة وقبل انتخاب الرئيس المعزول محمد مرسي. المنتج يؤكد أن المسلسل يركز على فكرة غياب القانون التي تسمح لرجل أعمال من البداية أن
112,"ذكرت صحيفة الخليج الإماراتية في 9 أكتوبر/تشرين الأول 2013 أن محاكمة لمجموعة تضم 30 إماراتيا ومصري واحد بتهمة الانتماء إلى جماعة الإخوان المسلمين ستبدأ في 5 نوفمبر/تشرين الثاني. تضم المجموعة 14 مصري, وقد تم اتهامهم بتأسيس فرع للتنظيم الدولي للإخوان المسلمين في الإمارات. وكانت السلطات الإماراتية قد أعلنت في يونيو/حزيران عن إحالة 30 إسلاميا, من بينهم 23 من الإمارات والمصريين, إلى المحكمة الاتحادية العليا بتهمة الانتماء إلى جماعة الإخوان المسلمين المحظورة. وقد أسس المتهمون، الذين تم اعتقالهم، وجمعوا تبرعات وأنشأوا أعضاء جدد في فرع التنظيم الدولي للإخوان المسلمين في مصر. وقد تلقوا تمويلاً من التنظيم الذي يسعى للاستيلاء على الحكم في الدولة. وقد حكمت المحكمة الإماراتية العليا على 69 إسلامياً مرتبطين بالإخوان المسلمين في 2 يوليو/تموز"
113,"تتوقع حملة الخروج من الاتحاد الأوروبي أن تمنح الاستفتاء البريطانيين فرصة لاستعادة السيطرة على بلدهم، بعيدا عن قوانين الاتحاد الأوروبي. من جهة أخرى، يقول مؤيدو البقاء في الاتحاد أن السوق الموحدة ستكون لصالح الاقتصاد البريطاني، وأن مستقبل رئيس الوزراء ديفيد كاميرون سيكون على المحك في حالة التصويت بالخروج. في اليوم الأول بعد الاستفتاء, سيتم البدء في التفكير في استراتيجية مغادرة بريطانيا للاتحاد الأوروبي. سيكون بوريس جونسون وميكائيل غوف في الصدارة في مفاوضات الخروج. المسار القانوني لخروج أي دولة من الاتحاد الأوروبي تحدده المادة رقم 50 من معاهدة لشبونة. في حالة مغادرة كاميرون للمنصب, سيكون على خليفته إبلاغ الاتحاد الأوروبي برغبة بريطانيا في الخروج من الاتحاد الأوروبي. بمجرد إبلاغ الاتحاد الأوروبي برغبة بريطانيا في الخروج, يدخل الطرفان رسميا في مرحلة التفاوض التي تستمر لمدة سنتين كاملتين لبحث إجراءات الخروج القانونية"
114,بعد اجتماع بين الجانبين، تم التوصل إلى اتفاق لوقف إطلاق النار في مدينة الحسكة السورية. تتضمن الخطوات المتفق عليها تبادل الأسرى وجثامين القتلى، ونقل الجرحى إلى المشافي، وإعداد قوائم بالمفقودين. ومن المتوقع تنفيذ الاتفاق بالكامل بحلول 30 من الشهر الجاري. يتضمن الاتفاق انسحاب الوحدات الكردية وقوات الدفاع الوطني الموالية للحكومة، وإسناد مهمة حماية المدينة للشرطة والأسايش. سيتم فتح الطرق في المدينة، وسيتم مناقشة أحوال الموظفين المسرحين من عملهم في الدوائر الحكومية. ورغم عدم التعليق الرسمي من دمشق، فإن القوات التركية تستمر في قصف مواقع تنظيم الدولة الإسلامية في جرابلس. كما تستهدف المدفعية التركية مواقع الوحدات الكردية في مدينة منبج. وقد دخلت كتيبة تركية و10 دبابات إلى جرابلس بعد توفير غطاء جوي من التحالف الدولي. وقد تم تشكيل مجلس عسكري في جرابلس تحت قيادة عبد
115,تركز الحملة العسكرية التي يشنها الجيش اليمني حالياً على معاقل تنظيم القاعدة، وذلك بعد تزايد هجمات التنظيم في العاصمة صنعاء. وقد منح الجيش اليمني مسلحي القاعدة مهلة يومين لمغادرة منطقة الحوطة. وقد أسفرت العمليات العسكرية عن مقتل العشرات من عناصر التنظيم، بما في ذلك بعض القادة. وتزامت هذه الحملة مع تكثيف الغارات الجوية الأمريكية بواسطة الطائرات بدون طيار، مما أثار جدلاً حول شرعية هذه الغارات. وفي الوقت نفسه، صعد المتشددون من هجماتهم على القوات الأمنية، بالإضافة إلى المؤسسات الحكومية والبعثات الديبلوماسية الأجنبية. وقد تعهد وزير الدفاع اليمني بكسر شوكة تنظيم القاعدة، مؤكداً أن النهاية الحتمية لمقاتلي القاعدة في اليمن هي الهزيمة. إلا أن الباحث سعيد الجمحي استبعد أن يتمكن الجيش اليمني من القضاء على تنظيم القاعدة بالكامل، بحكم الجذور العميقة
116,تمكنت نحو 40 أسرة من الفرار من الفلوجة، مدينة تقع على بعد 60 كيلومتراً غرب بغداد، في الساعات الـ36 الأخيرة، حسبما قالت المنسقة الإعلامية للمجلس النرويجي للاجئين بيكي بكر عبد الله. تعيش الأسر على التمر والماء من نهر الفرات قبل الفرار. كانت الفلوجة أول مدينة يسيطر عليها تنظيم الدولة الإسلامية في العراق والشام (داعش) في يناير 2014، وهي محاصرة منذ ستة أشهر. يعيش حوالي 50 ألف شخص تحت الحصار في المدينة، التي تعاني من نقص في مياه الشرب والكهرباء والوقود. كانت هناك هجمات يوم الاثنين من الجيش العراقي لاستعادة المدينة. حتى الآن، قتل 47 شخصًا، من بينهم 30 مدنيًا و17 مسلحًا، في المعارك، حسبما نقلت رويترز عن مصدر في مستشفى المدينة.
117,"أعلنت اللجنة الأمنية في إمارة منطقة عسير جنوب غرب السعودية اليوم السبت أن عمليات ملاحقة المهاجرين غير الشرعيين تتم وفق آلية مخطط لها بمتابعة مباشرة من أمير المنطقة، فيصل بن خالد بن عبدالعزيز. وقد اتهم الأمير دولة معادية لم يسمها بالوقوف وراء زيادة أعداد المتسللين.

وتواصل السعودية بناء جدار امني مزود بأنظمة رصد الكتروني عند حدودها مع اليمن. وذكرت الأنباء أن الجدار رملي ويبلغ ارتفاعه ثلاثة أمتار وهو مجهز بأنظمة رصد الكتروني على طول الحدود مع اليمن البالغة 1800 كلم. وبدأت السعودية بناء هذا الجدار في عام 2003، لكنه توقف بعد عام إثر اعتراض الحكومة اليمنية على ترسيم الحدود، حيث تم التوافق على ذلك في عام 2000.

وبنيت في البداية أجزاء من الجدار على الحدود البحرية للحد من تسلل مهاجرين غير شرعيين إلى السعودية يصلون عبر البحر الأحمر. لكن"
118,"تدين الولايات المتحدة بشدة الهجوم على سفيرها في سوريا روبرت فورد وتعتبره ""غير مبرر""، وتطلب من مجلس الشيوخ تأكيد تعيينه لمواصلة مهمته ""الشجاعة"". وقد أشادت وزيرة الخارجية الأمريكية هيلاري كلينتون بشجاعة فورد، وأدانت بشدة الحادث الذي استهدفه واعتبرته جزءاً من ""حملة تخويف"" تستهدف الدبلوماسيين والمراقبين الآخرين. وقد قال المتحدث باسم البيت الأبيض جاي كارني إن فورد يعرض سلامته الشخصية للخطر لدعمه ""التطلعات المشروعة للشعب السوري""، وأدان الهجوم عليه واصفاً إياه بأنه ""غير مبرر""."
119,"أعرب وزير الداخلية الألماني فولفغانغ شويبله عن قلقه من أن الشبكة الإرهابية التي تم الكشف عنها مؤخراً قد تمتد إلى ما وراء باكستان وتصل إلى سوريا وربما إلى دول أوروبية أخرى. وكشف شويبله أن المشتبه بهم ليسوا من باكستان فقط بل قد يكونون من سوريا أيضاً. وأشار إلى أن هناك احتمالاً لوجود أشخاص آخرين على صلة بالشبكة داخل ألمانيا، لكن السلطات الألمانية لا تملك الأدلة الكافية لمواجهتهم.

وقد التقى شويبله بنظيره الأمريكي مايكل تشيرتوف لمناقشة التعاون الأمني بين البلدين وتوسيعه لمحاربة الإرهاب. يرغب الوزير الألماني في إقامة ""منطقة أمنية عبر الأطلسي"" لتبادل المعلومات والتعاون في مكافحة الإرهاب. وقد تمحور الاجتماع حول تحسين طرق مراقبة الإرهابيين وتبادل المعلومات بين السلطات المختصة في كلا البلدين.

وقد أكد شويبله على أهمية"
120,الكمون هو بهار شائع الاستخدام في العديد من الأطباق حول العالم، وذلك بفضل فوائده الصحية المتعددة. يحتوي على كمية جيدة من الألياف الغذائية، التي تساعد في الهضم وتساعد في التخلص من السموم. يحتوي الكمون على أحماض دهنية أساسية مثل أوميغا-3 وأوميغا-6، التي يفتقر الجسم البشري إلى القدرة على إنتاجها. كما أنه غني بالبروتينات والأحماض الأمينية الأساسية، ويحتوي على مضادات الأكسدة القوية، بما في ذلك الفلافونويدات والليمونين، التي تساعد في حماية الجسم من الجذور الحرة التي تسبب الضرر لخلايا الجسم. بالإضافة إلى ذلك، يتمتع الكمون بخصائص مضادة للالتهابات، وقد أظهرت الدراسات أنه يمكن أن يحمي الكبد والكلى من الإجهاد. وأخيرا، يعتبر الكمون علاجا فعالا لانتفاخ البطن وعسر الهضم، بفضل تأثيراته المهدئة والمس
121,"وصف زعيم كوريا الشمالية كيم التجربة الصاروخية الأخيرة بأنها الخطوة الأولى من عملية عسكرية ضد ""الاحتلال"" الأمريكي في المحيط الهادئ، وهي المرة الأولى التي تعترف فيها وكالة الأنباء الرسمية بإطلاق صاروخ عمدا نحو اليابان. وقال إن هذا الإطلاق كان بمثابة ""حرب حقيقية"" و""مقدمة جادة"" لاحتواء غوام. وقد هددت كوريا الشمالية بإطلاق 4 صواريخ من طراز هواسونج-12 في منطقة قرب غوام هذا الشهر. واجتمع مجلس الأمن لمناقشة أحدث اختبار صاروخي أجرته كوريا الشمالية، حيث ندد بالخطوة وطالبها بالتوقف عن إطلاق المزيد من الصواريخ والتخلص من الأسلحة النووية. ولم يهدد المجلس بفرض عقوبات جديدة على كوريا الشمالية، لكن نظام الإنذار الياباني طلب من المواطنين اتخاذ الاحتياطات، ولم ترد تقارير عن وقوع خسائر. ووعد رئيس الوزراء الياباني شينزو آبي بحماية المواطنين، وحذر"
122,"أطلقت 85 مجموعة سورية من الناشطين السلميين حملة تدعو إلى وقف البراميل المتفجرة التي تلقيها النظام السوري وتشجيع محادثات السلام، كوسيلة لإنهاء التطرف الذي ولدته الأزمة السورية. وقد وقع على البيان عدد من المجموعات، بما في ذلك الشبكة السورية لحقوق الإنسان ومركز توثيق الانتهاكات في سوريا، بالإضافة إلى المنظمات النسائية والكردية والأشورية والإعلامية والحقوقية. وتشمل هذه المجموعات مناطق مختلفة، بما في ذلك درعا والغوطة في الجنوب، وحلب والحسكة في الشمال. وتعمل هذه المجموعات على توثيق انتهاكات حقوق الإنسان والمشاركة في صناعة السلام، وتمثل حوالي 17 ألف سوري. وقد أطلق على الحملة اسم ""كوكب سوريا"" لأن العديد من السوريين يشعرون أنهم من كوكب مختلف بسبب الصراع المستمر. وتناشد الحملة المجتمع الدولي لوقف البراميل المتفجرة ودعم محادثات السلام السورية."
123,لم تضم قائمة المنتخب الأرجنتيني المكونة من 30 لاعبًا اللاعب كارلوس تيفيز، الذي يلعب حالياً لصالح يوفنتوس بعد فترة قضاها في مانشستر سيتي. وقد لعب تيفيز بشكل جيد في الدوري الإيطالي، حيث يحتل المركز الثالث في قائمة الهدافين برصيد 19 هدفًا، قبل مرحلة من نهاية الموسم. ومع ذلك، لم يتم دعوته مرة أخرى إلى المنتخب الأرجنتيني منذ عام 2011، بعد مباراة ربع نهائي كوبا أميركا التي خسرتها الأرجنتين أمام الأوروغواي. ولم يتم ذكر الأسباب الدقيقة لاستبعاده، ولكن قد يكون ذلك بسبب أدائه في المباريات الدولية أو الخلافات الشخصية. وتضم القائمة التي أعدها المدير الفني للأرجنتين، سابيلا، عددًا من اللاعبين الموهوبين، بما في ذلك ليونيل ميسي، سيرجيو أغويرو، أنخيل دي ماريا، غونزالو هيغواين
124,في الجولة 21 من الدوري الألماني لكرة القدم، تم إهدار ثلاث ركلات جزاء، مما رفع العدد الإجمالي لإهدارها في الموسم إلى 18. من بين 53 ركلة جزاء تم منحها في البوندسليغا هذا الموسم، 35 هدفًا، مما يمثل نسبة نجاح تبلغ 66 في المائة. هذا الرقم أعلى بكثير من الموسم السابق، حيث تم إهدار 18 ركلة من بين 86 ركلة جزاء، مما أدى إلى تسجيل 68 هدفًا. كما شهدت الجولة السابعة من البوندسليغا أعلى عدد من ركلات الجزاء المهدرة في جولة واحدة في تاريخ المسابقة، مع سبع ركلات جزاء تم إهدارها، بما في ذلك خمس في يوم واحد. من بين اللاعبين الذين أهدروا ركلاتهم في تلك الجولة كان نجم دورتموند أوباميانغ. ومع ذلك، من
125,"مع اقتراب الصيف ونهاية العام الدراسي، تنظم المراكز الطبية والترفيهية فعاليات تجمع بين الآباء والأبناء. تتحدث خبيرتان من الهند والولايات المتحدة الأمريكية عن بعض النصائح، ونختار منها ستة:

1. قل ""لا"": يمكن أن يساعد الرفض بعض الأمور التي يطلبها الأطفال في حمايتهم من الأمراض القلبية والسمنة والسكري والكبد الدهني. على سبيل المثال، إذا كان الطفل يستخدم الأجهزة الإلكترونية بشكل مفرط، أو يتناول الأطعمة غير الصحية بشكل كبير، يجب أن تقول له بوضوح ""لا"".

2. المساواة: يجب أن يعتاد الأطفال على المساواة بين الذكور والإناث، لأن التفرقة بينهم قد تؤدي إلى مشاكل نفسية يعاني منها الجنسين في مراحل متقدمة من العمر. تنصح ديويكار، التي حصلت على لقب واحدة من أقوى 50 شخصية في الهند في عام 2012"
126,بعد تصويت بريطانيا لصالح الخروج من الاتحاد الأوروبي، قالت السياسية الفرنسية ناتاشا بوشارت إن على باريس طلب مراجعة اتفاق عام 2003 مع بريطانيا الذي يتطلب من الأخيرة إجراء فحوصات في كاليه لمنع المهاجرين من محاولة الوصول إلى بريطانيا. وقالت بوشارت إن فرنسا يجب أن تطلب من الرئيس فرانسوا هولاند التدخل. وقد وقعت مصادمات في فبراير/شباط عندما أزالت السلطات الفرنسية خياما في مخيم كاليه للمهاجرين.
127,"تشير البيانات إلى أن عدد المهاجرين غير الشرعيين المرحلين من الأراضي السعودية إلى اليمن خلال الستة أشهر الماضية بلغ 400,000 شخص. من بين هؤلاء، هناك 130,000 من جنسيات غير يمنية (أفارقة). بينما تقول وزارة شؤون المغتربين اليمنية أن عدد المبعدين الذين دخلوا الأراضي اليمنية هو 270,105 مبعدين.

ومع ذلك، يبدو أن العدد الفعلي أكبر بكثير، حيث أن هناك أعداد كبيرة لم تمر عبر المنافذ الرسمية خوفاً من أخذ بصماتهم، مما يحرمهم من فرصة العودة مرة أخرى بسبب انعدام فرص العمل في اليمن.

يعاني العديد من المبعدين من صعوبات معيشية شديدة بعد الترحيل، حيث يكافح الكثيرون للعثور على فرص عمل في اليمن، الذي يعاني من عدم الاستقرار السياسي، وارتفاع نسب البطالة، وتدني مستوى المعيشة."
128,"أعلنت الخطوط الجوية القطرية، الراعي الجديد لنادي بايرن ميونيخ الألماني، عن عقد لمدة خمس سنوات ابتداءً من الموسم القادم، لتحل بذلك محل شركة لوفتهانزا الألمانية كراعي للنادي. تقدر قيمة العقد بعشرة ملايين يورو سنوياً، ومن المتوقع أن يحمل لاعبو البايرن شعار الخطوط القطرية على سواعدهم. وقد أفقد هذه الصفقة شركة لوفتهانزا قدرتها على المنافسة، حيث كانت الراعي الأساسي للمنتخب الألماني لكرة القدم. وكانت القطرية حتى نهاية الموسم الماضي الراعي الأساسي لبرشلونة، قبل أن تحل شركة ""راكوتن"" اليابانية محلها. ورغم الجدل حول علاقة قطر بمنظمة حقوق الإنسان، إلا أن بايرن ميونيخ يواصل تعاونه مع الشركاء الخليجيين، بما في ذلك خلال معسكره التدريبي في الدوحة الذي يتعرض لانتقادات متكررة بسبب وضعية حقوق الإنسان هناك."
129,قال الرئيس البولندي أندريه دودا إن بولندا لديها الحق في الدفاع عن الحقيقة التاريخية، وقد وقع على قانون يجرم اتهام الأمة البولندية أو الدولة بالتواطؤ في الجرائم النازية التي ارتكبت خلال الحرب العالمية الثانية. الحكومة البولندية تقول إن القانون يهدف إلى حماية الأمة والدولة من أي مسؤولية جنائية عن الفظائع التي ارتكبت في المعسكرات. ومع ذلك، أعرب عدد من الدول، بما في ذلك إسرائيل، عن قلقهم من أن القانون قد يغطي على تورط بعض البولنديين، وقد يواجه ناجون من الهولوكوست اتهامات جنائية بسبب شهاداتهم ضد بولنديين. الرئيس البولندي دودا أكد أن القانون يحمي المصالح البولندية ويحافظ على الحقيقة التاريخية، وأن بولندا لا تتحمل أي مسؤولية لأنها لم تكن موجودة كدولة خلال الحرب العالمية الثانية.
130,"بعد فوزه في الانتخابات الأمريكية، بدأ باراك أوباما في الاستعدادات لتولي منصبه في يناير 2009. وقد أعلن عن ترشيح رام إيمانويل، النائب اليهودي في الكونغرس، ليكون رئيس طاقم البيت الأبيض. ومع ذلك، لم يتم تأكيد قبول إيمانويل للعرض.

ومن المتوقع أن يجتمع أوباما مع مسؤولين من الاستخبارات الأمريكية، للوقوف على أحدث التهديدات التي تواجه البلاد، مثل التهديد الروسي بنشر صواريخ في كالينينغراد كرد على نشر درع صاروخي أمريكي في بولندا والتشيك.

ومن المقرر أن يعقد أوباما مؤتمرا صحفيا في وقت لاحق من هذا الأسبوع، ولكن لم يتم تحديد المرشحين الجدد للمناصب المختلفة. ينوي أوباما تشكيل فريق للمرحلة الانتقالية بإدارة جون بوديستا، الذي عمل كرئيس طاقم البيت الأبيض في عهد كلينتون، وبيت روس، رئيس مكتبه في مجلس الشيوخ، وفاليري جاريت،"
131,"يوم الاثنين، 19 يونيو 2017، صدمت شاحنة صغيرة مجموعة من المارة بالقرب من مسجد في شمال لندن، مما أدى إلى مقتل شخص وإصابة ثمانية آخرين. بعد ذلك، تولت شرطة مكافحة الإرهاب التحقيق في الحادث. أكدت رئيسة الوزراء البريطانية تيريزا ماي أن الهجوم يعالج على أنه ""هجوم إرهابي محتمل""، مشيرة إلى أنها سترأس اجتماعاً طارئاً في ذلك اليوم. قالت الشرطة أن الرجل الذي قتل في الهجوم كان قد مات في مكان الحادث، بينما تم نقل ثمانية آخرين إلى المستشفى، مع إصابة بعض الأشخاص بجروح طفيفة. تم احتجاز سائق الشاحنة، الذي يبلغ من العمر 48 عامًا، من قبل المارة وأوقفت الشرطة فيما بعد."
132,"قتل اثنان من عناصر الحرس الثوري الإيراني في العراق خلال عملية ضد تنظيم ""الدولة الإسلامية""، المعروف أيضاً بـ ""داعش""، في تكريت بشمال العراق، بحسب وكالة الأنباء الإيرانية الرسمية. وقد تم دفنهما في إيران. بدأت القوات الحكومية العراقية، التي تتلقى الدعم من الفصائل الشيعية المدعومة من إيران وفيلق القدس التابع للحرس الثوري الإيراني، الذي يقوده الجنرال قاسم سليماني، وهي تحاول استعادة مسقط رأس صدام حسين من أيدي تنظيم ""الدولة الإسلامية"" منذ الثاني من مارس. وقد نفت طهران على الدوام وجود قواتها في العراق، لكنها اعترفت بإرسال أسلحة ومستشارين عسكريين. ولم تشارك إيران رسمياً في التحالف الدولي المناهض لـ ""داعش"". ولم تؤكد وزارة الدفاع الأمريكية أي مسؤولية لها عن مقتل العنصرين الإيرانيين."
133,"الرئيس الأمريكي السابق باراك أوباما، الذي استخدم حساب @POTUS على تويتر منذ مايو 2015، غرد العديد من التغريدات التي أصبحت شائعة. فيما يلي أهم تغريداته:

1. 18 مايو 2015: أول تغريدة له، ترحب بتويتر، بعد 6 سنوات في منصب الرئاسة. لقد تم إعادة مشاركة هذه التغريدة أكثر من 284,000 مرة.
2. 26 يونيو 2015: يرحب بقرار السماح بزواج المثليين في أمريكا. لقد تم إعادة مشاركة هذه التغريدة أكثر من 424,000 مرة.
3. 16 سبتمبر 2015: يوجه هذه التغريدة إلى أحمد محمد، صبي بعمر 14 عاماً تم اعتقاله بسبب صنعه ساعة إلكترونية. لقد تم إعادة مشاركة هذه التغريدة أكثر من 406,000 مرة.
4. 18 نوفمبر 2015: يرحب بالل"
134,"في تطور جديد في الانتخابات الرئاسية الأمريكية، هاجمت هيلاري كلينتون، المرشحة الديمقراطية، دونالد ترامب، المرشح الجمهوري، واصفة أنصاره بأنهم ""مغفلون"". جاء ذلك في حفل لجمع التبرعات لحملتها في نيويورك، حيث قالت: ""إذا شئنا التعميم، يمكننا وضع نصف أنصار ترامب في سلة البائسين."" 

لكن ترامب رد بتغريدة على تويتر واصفا ما قالته كلينتون بأنه ""سيكلفها الكثير"" في الانتخابات.

من جانبه، قال المرشح الجمهوري لمنصب نائب الرئيس، مايك بينس, إن أنصار ترامب هم ""أمريكيون ويستحقون الاحترام"".

وفي الوقت نفسه، قال رئيس اللجنة الوطنية للحزب الجمهوري، راينس بريبس، إن كانت كشفت عن ""ازدرائها التام للناس العاديين""، مشيرا إلى أن ملايين الأمريكيين يؤ"
135,"قال رئيس المجلس الأوروبي، هيرمان فان رومبوي، إن الاتحاد الأوروبي لا يسعى إلى توسيع نفوذه في أوكرانيا، وهو ما يتناقض مع طموحات الرئيس الروسي فلاديمير بوتين. وأكد رومبوي أن هدف الاتحاد الأوروبي يختلف تماما عن بوتين، وأنه لا يوجد خيار بين الشرق والغرب. وأشار رومبوي إلى أن الاتحاد الأوروبي يرغب في أن تكون الدول مثل أوكرانيا على علاقة جيدة مع روسيا، لكنه أكد على أن هذه الدول يجب أن تعزز علاقاتها مع الاتحاد الأوروبي.

من جهة أخرى، دعا الاتحاد الأوروبي الرئيس الروسي فلاديمير بوتين إلى احترام ""تعهده"" الاستمرار في نقل الغاز إلى أوروبا، في ظل تهديد موسكو بقطع الإمدادات عن أوكرانيا في الثالث من يونيو/حزيران. كتب رئيس المفوضية الأوروبية، خوسيه مانويل باروزو، رسالة إلى بوتين دعا فيها إلى استمرار إمدادات الغاز طالما"
136,دعا قادة الدول الإسلامية إلى حوار جاد بين الحكومة والمعارضة في سوريا لنقل سلمي للسلطة، وذلك في ختام قمة منظمة التعاون الإسلامي التي عقدت في القاهرة يومي 7 و8 فبراير. أيدت القمة مبادرة مصر وتركيا وإيران والسعودية لرعاية مفاوضات لإنهاء الحرب الأهلية التي أدت إلى مقتل أكثر من 60 ألف سوري. كما أعلنت الدول الإسلامية المشاركة عن تأييدها لنشر قوة عسكرية دولية في مالي بقيادة إفريقية وإجراء انتخابات في البلاد. ومع ذلك، لم تشر القمة إلى التدخل العسكري الفرنسي في مالي الذي يهدف إلى طرد المقاتلين الإسلاميين. خلال القمة، تم تعيين السعودي إياد مدني أمينا عاما جديدا للمنظمة خلفا لأكمل الدين إحسان أوغلو التركي.
137,انخفض الجنيه الاسترليني مقابل الدولار الأمريكي واليورو بعد الإعلان عن الركود الاقتصادي البريطاني، حيث أظهرت الأرقام الأولية أن قطاع الإنشاءات قد شهد انخفاضا حادا، وهو ما ساهم في حدوث الركود. الاقتصاد البريطاني في حالة ركود منذ ستة أشهر متتالية، حيث انكمش بنسبة 0.3% في الربع الأخير من العام الماضي. الأرقام الصادرة عن مكتب الإحصاءات الوطني البريطاني، الذي يعتبر تقديرا أوليا، ستخضع لمراجعتين إضافيتين خلال الأشهر القادمة. الناتج الإجمالي للصناعات الإنتاجية قد انخفض بنسبة 0.4%، بينما انكمش نشاط قطاع الإنشاءات بنسبة 3%، في حين زاد قطاع الخدمات بنسبة 0.1%. وقد شكك البعض في دقة الأرقام الخاصة بقطاع الإنشاءات، ولكن جو جرايس، المستشار الاقتصادي الرئيسي في المكتب، أكد أن البيانات تم جمعها بعناية وتعتمد على مسح لـ
138,قالت منظمة العفو الدولية إن الهجوم الذي شنته جماعة بوكو حرام على باغا ودورون باغا في نيجيريا في يناير / كانون الثاني تسبب في تدمير أو تضرر نحو 3700 مبنى، بما في ذلك العديد من المدارس والعيادات والمنازل. وشكك الحكومة النيجيرية في البداية في تقارير تحدثت عن مقتل 2000 شخص، وأشارت إلى مقتل 150 شخصا فقط. وقال شهود عيان لمنظمة العفو الدولية إن المتشددين قتلوا الأشخاص بلا تمييز، بينما قالت امرأة إنها احتجزت أربعة أيام من قبل بوكو حرام، وأضافت أن الجماعة أخذت حوالي 300 امرأة، وتركت كبار السن والأمهات والأطفال.
139,تعرضت والدتي لحادث دهس أقعدها في المستشفى لمدة سنتين، وبعد معاناتها، قررت إنشاء ماراثون في لبنان، مما أدى إلى تصنيف لبنان عالميًا في سباقات الماراثون.
140,كشف خبير أسلحة ألماني، فابيان هينتس، في مقابلة مع موقع شبيغل الإلكتروني، أن الهجمات التي استهدفت موقعين لإنتاج النفط لشركة آرامكو السعودية الأسبوع الماضي، على الأرجح، تمت باستخدام أسلحة إيرانية الصنع وبدرجة عالية من الثقة. بعد تحليل الصور والأدلة التي قدمتها السعودية بعد الهجمات، وكذلك تحليل أقوال وصور الحوثيين الذين أعلنوا مسؤوليتهم عن الهجمات، توصل هينتس إلى استنتاج أن الأسلحة المستخدمة (الصواريخ والطائرات المسيرة) هي على الأرجح من إنتاج الصناعة الإيرانية وليست حوثية الإنتاج، كما يدعي الحوثيون في بياناتهم. كما لاحظ هينتس أن الصور التي عرضها الحوثيون من مواقع الهجوم في السعودية هي صور قديمة وجدت على الإنترنت وتم طباعتها بشكل سيء للغاية، على أنها صور حديثة تم التقاطها بعد الهجوم. وأخيرا، كشف هينتس أن الصور التي قيل إن الطائرات
141,تعتبر تركيا وحدات حماية الشعب الكردية في سوريا منظمة إرهابية، وهو أمر يعود إلى التقدم السريع الذي حققته الوحدات بدعم أمريكي وسيطرتها على مناطق بالقرب من الحدود التركية. هذا أغضب انقره، مما دفعها إلى قصف مواقع الوحدات داخل سوريا. أكد الرئيس التركي رجب طيب أردوغان أنه لن يسمح بإنشاء كيان كردي في شمال سوريا، مشيراً إلى أن هذا قد يؤدي إلى ظهور قنديل جديد (مكان معزز لمسلحي حزب العمال الكردستاني) على الحدود الجنوبية لتركيا. أكد أردوغان أن قواعد الاشتباك التركية قد تكون محدودة في الرد على هجوم مسلح يستهدف البلاد، ولكنها قد تتوسع لتشمل أي تهديد في المستقبل. كما أشار إلى أنه لا يفهم رفض الولايات المتحدة وصف وحدات حماية الشعب وحزب الاتحاد الديمقراطي (الوحدة السياسية لوحدات حماية الشعب) بالإرهاب، وأن تجاهل العلاقات مع حزب العمال الكردستاني
142,"النص يتناول تأثير الناخبين الكبار في السن على السياسة في ألمانيا. يشير النص إلى أن الناخبين الكبار في السن يمثلون غالبية الذين يحق لهم التصويت، وهذا يعطيهم تفوقاً في صناديق الاقتراع. في الانتخابات الأخيرة، كان أكثر من نصف الناخبين من كبار السن، وهو ما يشير إلى تحول ديموغرافي لصالح المسنين. هذا التحول أدى إلى أن يكون الناخبون الكبار في السن هم الفاعلين الأساسيين في الانتخابات، وليس الناخبين الشباب.

النص يشير أيضاً إلى أن الناخبين الكبار في السن هم من يصوتون في الانتخابات بناءً على إيمانهم بالمستقبل، وليس بناءً على الحاضر. هذا يتعارض مع الاعتقاد السائد بأن الناخبين الكبار في السن يصوتون بناءً على مصالحهم الحالية.

وأخيراً، يشير النص إلى أن الشباب لديهم نسبة مشاركة أقل في الانتخابات مقارنة"
143,"قامت الشرطة الألمانية بمداهمة منزل شقيقين سوريين على صلة بتنظيم ""الدولة الإسلامية"" في فرانكفورت، وذلك للاشتباه بتخطيطهما لارتكاب ""عمل تخريبي عنيف""، حسب ما قال المدعون. وقد تم ضبط مسدس صوت وأجهزة تخزين إلكترونية وهواتف محمولة و14 ألف يورو (16 ألف دولار)، لكن لم يتم القبض على الشقيقين، اللذين يبلغ عمرهما 21 و30 عاما. وقد دخل الشقيق الأكبر ألمانيا في فبراير/ شباط 2015 بجواز سفر مزور حصل عليه من تنظيم ""الدولة الإسلامية""، وقد عوقب على ذلك بفرض غرامة عليه. وقد روج الشقيق الأصغر للتنظيم على وسائل التواصل الاجتماعي، ونشر صورة لنفسه وهو يشهر مسدسا في السيارة الفارهة التي كانت تخص شقيقه."
144,بعد التفجير الإرهابي في منيل الروضة الذي أودى بحياة 20 شخصاً على الأقل، قامت قوات الأمن المصرية بقتل أعضاء في حركة حسم، التي تعتبرها الحكومة تابعة لتنظيم الإخوان المسلمين وتصنفها كجماعة إرهابية. في عملية منفصلة، تم قتل أعضاء آخرين في مناوشة بالأسلحة، مما أدى إلى مقتل 15 شخصاً. تم التعرف على المشتبه به الرئيسي في تفجير معهد الأورام وهو عضو في حركة حسم وكان هارباً من أمر اعتقال منذ عام 2018. تم تأكيد هويته من خلال مطابقة الحمض النووي لأشلاء من موقع الانفجار مع الحمض النووي الخاص بأسرة المشتبه به.
145,"تسعى دول الخليج العربية والأردن إلى أن يضع مجلس الأمن التابع للأمم المتحدة نجل الرئيس اليمني السابق علي عبد الله صالح وزعيم الحوثيين على القائمة السوداء, وفرض حظر أسلحة على الحوثيين. وقد صاغت هذه الدول مشروع قرار الأمم المتحدة, الذي يشير إلى المسلحين الحوثيين والجنود الموالين لصالح. وكان مجلس الأمن قد وضع الرئيس اليمني السابق صالح واثنين من كبار قادة الحوثيين على القائمة السوداء في نوفمبر. ويقاتل جنود يمنيون موالون للرئيس السابق إلى جانب الحوثيين, وتشن السعودية مع تحالف يضم بشكل أساسي أربعة من حلفائها في الخليج ضربات جوية على الحوثيين منذ نحو أسبوعين. وتفاوضت دول الخليج العربية والأردن مع القوى التي تمتلك حق النقض (الفيتو) في مجلس الأمن -الولايات المتحدة وروسيا وفرنسا وبريطانيا والصين- لأكثر من أسبوع قبل توزيع نص مشروع القرار على جميع أعضاء المجلس البالغ عددهم"
146,"تشير دراسة حديثة نشرت في دورية ""ساينس ريبورتس"" إلى أن الأطفال الذين يستخدمون الأجهزة التي تعمل باللمس بشكل متكرر ينامون لفترات أقل بمقدار 15 دقيقة في اليوم. ومع ذلك، تتطور مهاراتهم الحركية بشكل أسرع من الأطفال الذين لا يستخدمون هذه الأجهزة. أجريت الدراسة في كلية بيركبيك التابعة لجامعة لندن واستهدفت 715 من الآباء الذين لديهم أطفال تقل أعمارهم عن ثلاث سنوات. أظهرت الدراسة أن غالبية الأطفال (75%) يستخدمون الأجهزة التي تعمل باللمس بشكل يومي، و(51%) من الأطفال الذين تتراوح أعمارهم بين 6-11 شهرا يستخدمونها بشكل غير يومي، و(92%) من الأطفال الذين تتراوح أعمارهم بين 25-36 شهرا يستخدمونها بشكل غير يومي أيضا. الأطفال الذين يستخدمون هذه الأجهزة بشكل عام ينامون لفترات أقل ليلاً وأكثر خلال النهار. في"
147,رد النجم الأرجنتيني ليونيل ميسي على تصريح لإريك أبيدال، المدير الرياضي لفريق برشلونة، انتقد فيه أداء بعض اللاعبين تحت قيادة المدرب السابق إرنستو فالفيردي. ميسي، الذي نادرا ما ينتقد علنا، أكد على المسؤولية المشتركة في القرارات، ودعا إلى ذكر أسماء اللاعبين الذين كانت لديهم مشاكل. كما أشار إلى أن اللاعبين يتحملون المسؤولية عندما لا يؤدون بشكل جيد، وأن المدراء أيضا يتحملون مسؤولياتهم. وأوضح أبيدال أسباب إقالة فالفيردي، قائلا إن بعض اللاعبين لم يكونوا راضين ولم يكونوا يعملون بما فيه الكفاية، وأن هناك مشكلة في التواصل الداخلي. كما كشف أن النادي يعمل على تمديد عقد ميسي.
148,"قرر البرلمان الألماني تمديد مهمة طائرات الاستطلاع الألمانية ""تورنادو"" العاملة في سوريا حتى مارس 2020، مع إنهاء عملها في نهاية الفترة المحددة في الأردن. يشارك الجيش الألماني في القتال ضد تنظيم الدولة الإسلامية في سوريا والعراق بأغلبية ضئيلة، حيث صوت 343 عضوًا لصالحه بينما عارضه 274 عضوًا. وافق البرلمان أيضًا على تمديد مهمة الجنود الألمان الذين يدربون القوات العراقية لمدة عام آخر. على الرغم من تردد بعض السياسيين من الحزب الاشتراكي الديمقراطي في البداية، إلا أن الائتلاف الحاكم اتفق على تمديد المهمة لستة أشهر فقط."
149,أكد كاميرون أن أوزبورن لن يغادر منصبه كوزير للخزانة (المالية) وسيستمر في أداء دوره في الانتخابات المقبلة، وذلك بعد تداول تقارير عن عدم ارتياح بعض أعضاء حزب المحافظين من توليه مهام التخطيط للانتخابات وفي الوقت نفسه استمراره في منصبه. وقد أثارت سياسات التقشف التي أقرها أوزبورن انتقادات واسعة، بما في ذلك من حزب العمال الذي نفذ إضرابات للضغط ضد خفض الإنفاق على الخدمات الأساسية.
150,"كشف وزير الخارجية الفلسطيني رياض المالكي يوم السبت 18 نوفمبر/تشرين الثاني، أن الولايات المتحدة الأمريكية لم تجدد وثائق عمل مكتب منظمة التحرير الفلسطينية في واشنطن، وهو أمر لم يحدث منذ الثمانينات. وأكد المالكي أن السلطة الفلسطينية تلقت رسالة من الخارجية الأمريكية تفيد بأن وزير الخارجية الأمريكي لم يجد أسباباً كافية للإبقاء على المكتب مفتوحا. وحذر من أن إغلاق المكتب قد يكون له عواقب خطيرة، وأنه قد يؤدي إلى تجميد العلاقات مع الولايات المتحدة. من جهته، قال مسؤول في وزارة الخارجية الأمريكية إن القرار مرتبط بـ""تصريحات معينة أدلى بها قادة فلسطينيون"" بشأن المحكمة الجنائية الدولية. وقد يكون خطاب الرئيس الفلسطيني محمود عباس أمام الجمعية العامة للأمم المتحدة، الذي تحدث فيه عن إمكانية رفع مسألة الاستيطان الإسرائيلي إلى المحكمة الجنائية الدولية، هو السبب وراء القرار الأمريكي."
151,"أعرب الأمين العام للأمم المتحدة أنطونيو غوتيريش عن دعمه لإجراء تحقيق ذي مصداقية ومعاقبة المسؤولين عن جريمة قتل الصحفي السعودي جمال خاشقجي. وأكد غوتيريش أن معلوماته حول القضية تأتي أساساً من وسائل الإعلام، مشيراً إلى أهمية معاقبة المذنبين. وقد قتل خاشقجي، الذي كان يكتب في صحيفة واشنطن بوست، في القنصلية السعودية في اسطنبول في أكتوبر/تشرين الأول. وتعتقد تركيا أن الجريمة تمت بأمر من ""أعلى المستويات في الحكومة السعودية""، لكن الرياض تنفي ذلك. وقد أعلنت تركيا عن مناقشتها إمكانية إجراء تحقيق دولي في القضية، وطلبت تسليم المطلوبين السعوديين المتورطين، لكن الرياض رفضت."
152,"طالب المؤتمر الوطني العام الليبي (البرلمان) الحكومة الأمريكية بتسليم المواطن الليبي المختطف، نزيه الرقيعي، المعروف بأبو أنس الليبي، فورا، كما طالب السلطات الأمريكية بالسماح للسلطات الليبية باللقاء به والتواصل معه وتكوين فريق للدفاع عنه. واستنكر المؤتمر عملية الاختطاف التي تعرض لها الليبي، مشيرا إلى أنه ""تابع بقلق بالغ حادثة اختطاف أبو أنس"". وفي الوقت نفسه، أكد رئيس الوزراء الليبي، علي زيدان، أن العلاقات مع الولايات المتحدة لن تتأثر باعتقال الليبي، لكنه أشار إلى أن الليبيين يجب أن يحاكموا في بلادهم. وقد استدعت ليبيا السفيرة الأمريكية لتقديم توضيحات حول اعتقال الليبي. وكانت القوات الأمريكية الخاصة قد اعتقلت الليبي في عملية نفذتها في طرابلس يوم السبت الماضي، وهو مشتبه في انتمائه إلى القاعدة."
153,قتل 22 جندياً تركياً على الأقل وأصيب عدة آخرين بجروح في غارات جوية في محافظة إدلب السورية، وفقاً للسلطات التركية. وقد تم نسب الهجمات إلى النظام السوري. وقد عقد الرئيس التركي رجب طيب أردوغان اجتماعاً أمنياً استثنائياً بشأن الوضع في شمال شرق سوريا، وسط تقارير عن خسائر تركية كبيرة. كما قرر أردوغان عدم منع اللاجئين السوريين من الوصول إلى أوروبا، سواء براً أو بحراً، مع توقع تدفق اللاجئين من إدلب.
154,أعرب خليل الحية، عضو المكتب السياسي لحركة حماس، عن استنكاره للتنازلات التي كشف عنها في الوثائق، والتي وصفها بأنها مسلسل تنازلي وصل إلى التفريط في المسجد الأقصى والأرض والمقدسات الفلسطينية. وفي كلمة له أمام أنصار حماس، أكد الحية أن كل ما فعلته السلطة لا يمثل الحركة أو الفلسطينيين، ولن يعترفوا به في أي يوم من الأيام. وقد رفع المتظاهرون، الذين تجمعوا في أحد شوارع غزة، شعارات تدعو لحل السلطة ومعاقبة قادتها، وذلك رداً على التنازلات التي قدموها للجانب الإسرائيلي.
155,"توقعت منظمة الصحة العالمية أن يتجاوز عدد حالات الإصابة بإيبولا حاجز التسعة آلاف هذا الأسبوع، حيث يستمر الفيروس في الانتشار بوتيرة أسرع من الجهود المبذولة لاحتوائه. وقد توفي بالفعل حوالي 4447 شخصا بسبب المرض، معظمهم في غرب أفريقيا، وفقا لمنظمة الصحة العالمية. وفي مجلس الأمن الدولي، حذر أنتوني بانبري من أن العالم ""يواجه وضعا غير مسبوق على الإطلاق لا توجد لدينا خطة لمواجهته"" إذا لم يتم وقف انتشار الفيروس. ودعا إلى توفير المزيد من التمويل لتأسيس مراكز للعلاج والمزيد من الموظفين الطبيين للعمل فيها. وفي الولايات المتحدة، أثيرت المزيد من التساؤلات حول الممرضة التي أصيبت بالفيروس في تكساس، حيث أثار البعض مخاوف بشأن نقص الإجراءات الوقائية والإرشادات الكافية."
156,"تقوم المستشارة الألمانية أنغيلا ميركل ووزير ماليتها فولفغانغ شويبله بتقديم عرض لمجلس النواب الذي من المتوقع أن يعطي موافقته على الخطة. على الرغم من المعارضة المتزايدة داخل معسكرهما المحافظ، إلا أنهما واثقان من نجاح المفاوضات. ومع ذلك، فإن مسألة خفض ديون اليونان، التي تصل إلى 180٪ من الناتج المحلي الإجمالي، هي مسألة حساسة بالنسبة لألمانيا. وقد أشار صندوق النقد الدولي إلى أن الدين اليوناني ""لا يمكن تحمله"" ودعا إلى تخفيفه من خلال إعادة الهيكلة أو الشطب الكامل. وقد أعرب شويبله عن معارضته لشطب الدين، مشددًا على أنه لا يتوافق مع العضوية في الاتحاد النقدي. وقد أكد وزير الخزانة الأمريكي جاكوب ليو على أهمية حل قضية القدرة على تحمل عبء الدين خلال المفاوضات المقبلة. وقد أقر البنك المركزي"
157,أفادت وسائل الإعلام التركية في التاسع من يناير/كانون الثاني 2013 أن الحكومة التركية وزعيم حزب العمال الكردستاني (PKK)، عبد الله أوجلان، اتفقا على وقف القتال المستمر منذ عام 1984. وفقاً لتقارير غير مؤكدة من مصادر لم يتم الكشف عنها، يتضمن الاتفاق مراحل متعددة، حيث يعلق حزب العمال الكردستاني (PKK) الهجمات على تركيا، ويقوم الحكومة التركية بإصلاحات لزيادة حقوق الأقلية الكردية. يتضمن الاتفاق أن يغادر مقاتلو حزب العمال الكردستاني الأراضي التركية إلى العراق، بعد تعليق عملياتهم العسكرية، وإذا تقدمت المفاوضات بشكل كافٍ، سيتم إعلان وقف رسمي للقتال. كما سيتم إطلاق سراح النشطاء الأكراد تدريجياً الذين يشتبه في تواطؤهم مع حزب العمال الكردستاني. ومع ذلك، لم يتم تأكيد هذه المعلومات من قبل الحكومة التركية.
158,دمشق والأمم المتحدة تتوصلان إلى اتفاق يسمح للمدنيين المحاصرين في أحياء حمص القديمة بمغادرة المدينة والحصول على المساعدات الإنسانية. الاتفاق، الذي تم التوصل إليه بواسطة محافظ حمص وممثل الأمم المتحدة، ينص على توفير الترتيبات اللازمة للمدنيين الذين يرغبون في الرحيل، وتوفير المساعدات الإنسانية لأولئك الذين يغادرون. الأمم المتحدة ترحب بالاتفاق وتؤكد استعدادها لتقديم المساعدات، لكنها لم تحصل بعد على موافقة الحكومة السورية والمعارضة للتحرك بناءً على الاتفاق. مقاتلو المعارضة يسيطرون على غالبية أجزاء سجن حلب المركزي، حيث تمكنوا من الإفراج عن مئات الأسرى.
159,"إيران تصر على أن برنامجها النووي سلمي، وتقدمت بـ ""خطط محددة"" خلال محادثات مع الدول الكبرى في كازاخستان. الدول الكبرى، بما في ذلك الولايات المتحدة، لديها مخاوف بشأن استخدام البرنامج لأغراض عسكرية. سعيد جليلي، كبير المفاوضين الإيرانيين، دافع عن البرنامج، مؤكدا على حق إيران في تخصيب اليورانيوم. المحادثات بين إيران ومجموعة 5+1 مستمرة ومن المتوقع استئنافها غداً السبت."
160,"أعرب وزير المالية الألماني, ولفغانغ شويبله، في واشنطن عن قلقه إزاء الأزمة المالية الأمريكية, قائلا إن المسؤولين الأمريكيين لا يحتاجون إلى مساعدة خارجية بل يحتاجون فقط إلى القوة للتوصل إلى اتفاق بين الديمقراطيين والجمهوريين. وأكد شويبله أن الولايات المتحدة لن تتخلف عن سداد ديونها, مضيفا أن تقدير العواقب المترتبة على ذلك صعب. وفي الوقت نفسه, أعلن الرئيس أوباما عن استعداده للتوقيع على زيادة قصيرة الأجل وغير مشروطة لسقف الديون الأمريكية. ومع ذلك, شدد على أن هذه الزيادة لا يجب أن تكون مصحوبة بأي شروط."
161,"أثار مشروع قانون زواج المثليين في فرنسا الكثير من الجدل، حيث رفضت المحكمة الدستورية طعنا من اليمين. هذا مهد الطريق للرئيس هولاند للتوقيع على القانون، ومن المتوقع أن يتم أول زواج مثلي في فرنسا بعد عشرة أيام من التوقيع. على الرغم من ذلك، قال وزير العلاقات البرلمانية إنه يتوقع إجراء أول مراسم خاصة بزواج المثليين ""قبل الأول من يوليو"". أعرب عشرات المحتجين عن رفضهم لقرار المحكمة، ولكن رئيس حزب الاتحاد من أجل حركة شعبية أكد احترامه له. الآن أصبحت فرنسا الدولة الرابعة عشرة على مستوى العالم التي تشرع زواج المثليين، بعد نيوزيلاندا التي أقرت زواج المثليين الشهر الماضي."
162,"وفقاً لدراسة حديثة أجرتها صحيفة ""ديلي ميل"" البريطانية، يكذب الرجال حوالي ضعف النساء. وعلى الرغم من ذلك، يعترف واحد من بين كل عشرة رجال بكفاءته في الكذب. تكشف الدراسة أن الرجال يكذبون مرة كل أربعة أيام، بينما تكذب النساء مرة كل ثمانية أيام. تعتمد الدراسة على إصدار لعبة ""هايدن أجيندا"" على بلاي ستيشن 4، والتي تتطلب من اللاعبين اكتشاف الكذابين.

تؤكد الدراسة أن الرجال والنساء يلجأون إلى الكذب لتجنب المشاعر السلبية من الشخص الآخر. يؤدي هذا الهدف إلى دفع الشخص إلى الكذب لتجنب الشعور بوخز الضمير فيما بعد.

توضح الدراسة أن 82% من النساء يشعرن بوخز الضمير بعد الكذب، بينما يعترف 70% من الرجال بشعورهم بتأنيب الضمير."
163,صوت البرلمان اليمني يوم الأحد 15 ديسمبر 2013 على قانون يحظر استخدام الطائرات بدون طيار لشن هجمات في البلاد، وذلك بعد هجوم بالطائرة بدون طيار الخميس الماضي أدى إلى مقتل العديد من المدنيين. أكدت وكالة الأنباء الرسمية سبأ أن النواب صوتوا بالإجماع لمنع ما تقوم به الطائرات بدون طيار في الأجواء اليمنية، مشددين على أهمية حماية المواطنين الأبرياء والحفاظ على السيادة الوطنية. تعرضت البلاد مؤخراً لهجمات بالطائرات بدون طيار، بما في ذلك الهجوم الذي وقع يوم الخميس وأسفر عن مقتل 17 شخصاً، معظمهم من المدنيين. الولايات المتحدة هي الدولة الوحيدة في المنطقة التي تمتلك طائرات بدون طيار، وقد استخدمتها بشكل مكثف هذا العام لدعم جهود الحكومة اليمنية ضد القاعدة، مما أدى إلى مقتل العشرات من المتمردين.
164,معاناة المصريين هذا العام خلال شهر رمضان بسبب موجة الحر الشديدة وارتفاع معدلات الرطوبة. شهر رمضان هذا العام يعتبر الأصعب على الكثيرين بسبب موجة الحر الشديدة التي وصلت في بعض الأيام إلى 46 درجة. يوم الصوم هذا العام أطول من السنة الماضية بسبب ارتفاع درجات الحرارة. تناول الأدوية التي تمنع العطش في السحور بدافع الإعانة على الصوم. الالتزام بالنصائح الطبية التي تقول بعدم الصوم من قبل كبار السن والمرضى. ارتفاع أسعار المواد الغذائية بصورة كبيرة هذا العام، مما أثر على عادات المصريين في رمضان. تغيير في العادات الرمضانية بسبب الغلاء، مثل تقليل شراء التمر بسبب ارتفاعه هذا العام.
165,أعلن حزب الله اللبناني أنه سيطر على حرف وادي الهوا في جرود عرسال، وذلك بالتعاون مع الجيش السوري. وقد تمكن الحزب من تحقيق هذا الإنجاز من خلال السيطرة على ثلاث تلال في المنطقة الجبلية شرقي عرسال. يأتي هذا الإنجاز بعد هجوم تعرض له الحزب في أغسطس الماضي من قبل مسلحين ينتمون إلى جماعة النصرة القريبة من القاعدة وتنظيم الدولة الإسلامية. ويتقدم مقاتلو الحزب الآن باتجاه جبل الزرزور الاستراتيجي جنوب وادي الخيل. يذكر أن حزب الله وقف إلى جانب الرئيس السوري بشار الأسد في الصراع السوري، ويشارك مقاتلوه في العمليات العسكرية التي يقوم بها النظام السوري في منطقة مرتفعات القلمون. وقد خسر النظام السوري مساحات واسعة من الأراضي في شرقي وشمال غربي سوريا لصالح جماعات المعارضة السورية المسلحة في الشهرين الماضيين.
166,"قام نادي برشلونة الإسباني بمحاولة أولى لتوقيع المهاجم البرازيلي رودريغو غوز من فريق سانتوس، الذي يُشَبّه بنيمار نجم باريس سان جيرمان الحالي. خلال بطولة كأس ""ليبيرتادوس"" 2018، أصبح رودريغو أصغر هداف في تاريخ البطولة بعمر 17 عاماً و8 أشهر. وقد أعلن اللاعب أنه تغيب عن المدرسة ""لسبب جيد"".

وفقاً لمصادر من النادي الكتالوني، أرسل برشلونة ممثلاً إلى البرازيل لإجراء مفاوضات مع ممثلين عن اللاعب، الذي يُعتبر من أفضل اللاعبين الشباب في البرازيل. يحاول برشلونة إتمام الصفقة بأسرع وقت ممكن قبل أن يتدخل أندية أوروبية أخرى.

كان رودريغو قد لعب لفريق سانتوس البرازيلي، وتم تمديد عقده في الأشهر الأخيرة حتى نهاية عام 2022، مع شرط جزائي بقيمة 50"
167,المتحدث باسم رئاسة بوروندي يعلن عن اعتقال الميجر جنرال غوديفرويد نيومباري، الذي قاد محاولة انقلاب على الرئيس بيير نكورونزيزا. نيومباري وغيره من الضباط الذين شاركوا في محاولة الانقلاب سيتم تقديمهم للعدالة. الرئيس نكورونزيزا، الذي كان خارج البلاد وقت حدوث الانقلاب، عاد الآن إلى بوجمبورا. شاهد من رويترز يصف رؤية جثة رجل في أحد شوارع بوجمبورا، يدعي أنها نتيجة إطلاق الشرطة النار عليه. الجيش البوروندي يعلن عن مقتل 12 جنديا ممن أيدوا محاولة الانقلاب، وإصابة 35 آخرين، بينما استسلم 40 آخرون. المفوضية العليا للاجئين التابعة للأمم المتحدة تقدر أن أكثر من 105 الاف شخص فروا إلى الدول المجاورة منذ بداية الاضطرابات في بوروندي.
168,في الثاني من مارس 2011، أقيمت مباراة نصف نهائي كأس ألمانيا بين فريقي بايرن ميونيخ وشالكه. أقيمت المباراة أمام أكثر من 69 ألف متفرج وكانت ذات أهمية خاصة لأن الفائز فيها سيحرز أول لقب هذا الموسم. بدأ بايرن المباراة بضغط خفيف على دفاع شالكه، لكن محاولاتهم لم تترجم إلى أهداف بسبب التكتل الدفاعي لشالكه ويقظة حارسهم مانويل نوير. ومع ذلك، تمكن شالكه من تسجيل هدف في الدقيقة 27 بواسطة بينيديكت هوفيدس الذي تابع رأسية من جيفرسون فارفان. حاول ميونيخ تعديل النتيجة، لكن محاولاتهم تحطمت أمام دفاع شالكه الجيد واعتماده على الهجمات المرتدة السريعة. انتهى الشوط الأول بتقدم شالكه بهدف دون مقابل. على الرغم من التغييرات التي أجراها مدرب ميونيخ لويس فان غال، لم يتمكن هجومهم من هز
169,"توفي الفنان المصري الراحل صالح الصالح بعد صراع مع المرض، ومن المقرر تشييع جنازته فجر الجمعة من مسجد عمرو بن العاص بالقاهرة. كان الفنان الراحل قد خضع لجراحة قلب في مركز مجدي يعقوب في القاهرة، حيث أمضى أكثر من ثلاثة أسابيع داخل العناية المركزة. وكان الفنان الراحل قد بدأ يعاني من آلام في القلب خلال تصوير مسلسل في يوليو/تموز الماضي، لكنه قرر تأجيل العملية حتى يتمكن من إنهائها. ومن أبرز أعماله السينمائية ""هي فوضى"" و""عمارة يعقوبيان"" و""فبراير الأسود"" و""تيتو"" و""أحلام حقيقية"". وكان الجزء الأول من فيلم ""الجزيرة"" قد حقق نجاحا كبيرا، ومن المتوقع أن يعرض الجزء الثاني منه الأسبوع المقبل."
170,"أفاد المكتب الاتحادي الألماني للإحصاء يوم الثلاثاء، 7 مايو، بأن عدد المهاجرين إلى ألمانيا زاد بنسبة 13 في المائة مقارنة بالعام 2011. ينحدر 765,000 من هؤلاء المهاجرين من دول أوروبية، وبشكل رئيسي من جنوب وشرق أوروبا. كان أكبر عدد من المهاجرين من بولندا (176,000)، ثم رومانيا (116,000)، وبلغاريا (59,000). كما ارتفع عدد المهاجرين من الدول الواقعة جنوب الاتحاد الأوروبي، التي تأثرت بشدة بالأزمة المالية وأزمة الديون، مثل إسبانيا واليونان والبرتغال وإيطاليا، بنسبة 40 في المائة أو أكثر مقارنة بالعام السابق. وقد لاحظ المكتب الاتحادي للإحصاء أن ""ارتفاع معدلات الهجرة من الدول الأوروبية التي تعاني من الأزمة المالية وأزمة الديون شديدة بشكل خاص"". ورغم العقبات مثل اللغة، تظل ألمانيا وجهة مفضلة بسبب اقتصادها القوي، وقوة الشركات الصغيرة والمتوسطة"
171,في الحادث الأخير، يتهم الجيش قوات الانفصاليين بقصف قافلة، لكن لم تتضح بعد تفاصيل الحادث. أوكرانيا تلقي اللوم على الانفصاليين الموالين لروسيا، لكن الانفصاليين ينفون تورطهم، مدعين أن الجيش الأوكراني كان يقصف الطريق بالطائرات وصواريخ غراد. القصف أدى إلى مقتل العديد من الأشخاص، بما في ذلك النساء والأطفال. مدينة لوهانسك ما زالت في أيدي الانفصاليين، والقوات الأوكرانية تقف على مشارف المدينة. روسيا أعلنت عن اتفاق لتوصيل المساعدات الإنسانية إلى شرق أوكرانيا، لكن لم يتم التوصل إلى اتفاق بشأن وقف إطلاق النار.
172,منظمة العفو الدولية توثق أربع حالات قتل لفلسطينيين دون مبرر، والجيش الإسرائيلي يقتل أكثر من 30 فلسطينياً منذ بداية أكتوبر، بما في ذلك عمليات طعن أو كما زعمت السلطات الإسرائيلية. وفقاً للمنظمة، هناك أدلة متزايدة على أن قوات الاحتلال استخدمت القوة المميتة ضد أي شخص يرونه يشكل تهديداً، حتى دون التأكد من ذلك. الشاب سعد محمد يوسف الأطرش قتل في المدينة القديمة بالخليل الاثنين الماضي، حيث أكدت شهود عيان أنه لم يعرض حياة أحد للخطر عندما قتل. تدعو المنظمة سلطات الاحتلال الإسرائيلي إلى إجراء تحقيقات محايدة ومستقلة في مثل هذه الأحداث.
173,"تفجيرات ماراثون بوسطن، التي وقعت خلال بث مباشر على كاميرات التلفزيون، كانت عملاً إرهابياً مدمراً. استهدف منفذو الهجوم سباق ماراثون بوسطن، الذي يعد الأقدم والأعرق في العالم، ويشارك فيه أكثر من 26 ألف عداء كل عام، بما في ذلك 250 عداء من ألمانيا. يقام السباق بالتزامن مع احتفال يوم ""باتريوت داي""، الذي يحيي ذكرى المعارك الأولى من الحرب الثورية الأمريكية. يعتبر السباق من أصعب سباقات الماراثون في العالم، وقد تمكن من دخول موسوعة غينيس للأرقام القياسية في عام 1996 بمشاركة أكثر من 38 ألف عداء. كانت الألمانية ""بوبي"" أول امرأة تشارك في ماراثون بوسطن عام 1966، لكن لم يسمح رسمياً للنساء بالمشاركة حتى عام 1972. بعد الهجمات الأخيرة، كتبت الألمانية ""أوتا بيبيغ""، أول امرأة"
174,"تقترح خطة إدارة ترامب الاقتصادية للسلام في الشرق الأوسط، المعروفة باسم ""السلام من أجل الازدهار""، صندوق استثمار بقيمة 50 مليار دولار لدعم اقتصاديات الفلسطينيين والدول العربية المجاورة، بالإضافة إلى إنشاء ممر يربط بين الضفة الغربية وقطاع غزة. ستُنفذ الخطة، التي سيكشف عنها خلال مؤتمر دولي في البحرين هذا الأسبوع، على مدى عشر سنوات، مع تخصيص أكثر من نصف الـ 50 مليار دولار في الأراضي الفلسطينية المتعثرة اقتصاديا. ستُقسم الأموال المتبقية بين مصر ولبنان والأردن، مع بعض الاستثمارات المقترحة في شبه جزيرة سيناء المصرية التي قد تفيد الفلسطينيين الذين يعيشون في قطاع غزة المجاور. تخطط إدارة ترامب لأن يغطي الآخرون، وبشكل أساسي دول الخليج الغنية، ومستثمرو القطاع الخاص معظم الميزانية. يرفض الفلسطينيون، الذين يقاطعون مؤتمر البحرين, المقترحات، مع التأكيد على أن """
175,"توجد في العديد من الدول، بما في ذلك ألمانيا، حالات حيث تتخلى الأمهات، وخاصة الشابات، عن أطفالهن بعد الولادة مباشرة. في بعض الحالات، يتم التخلص من الأطفال في أماكن مهجورة، مما يؤدي في كثير من الأحيان إلى وفاتهم. لتجنب مثل هذه الكوارث، تم إنشاء ""نوافذ الأطفال"" في هامبورغ، ألمانيا، منذ عقد من الزمن. الآن، هناك 80 من هذه النوافذ في ألمانيا. يمكن لأي أم أن تأتي إلى واحدة من هذه النوافذ، وتضع طفلها في مهد داخل صندوق معد خصيصا، وتتركه دون أن يُطلب منها الكشف عن هويتها. بمجرد أن يستقر الطفل في المهد، تدق أجراس الإنذار لتنبيه الموظفين الذين يسارعون إلى نجدته. يُطلق على هذا الصندوق في ألمانيا عدة أسماء، بما في"
176,تم الحكم على رجل ألماني من أصل روسي بالسجن مع وقف التنفيذ لمدة عام وتسعة أشهر بتهمة الاعتداء الجنسي على فتاة تبلغ من العمر 13 عامًا وإنتاج مواد إباحية للأطفال، وذلك بعد أن اختفت الفتاة ليزا في برلين في يناير 2016، مما أدى إلى حملة بحث واسعة النطاق. كانت الفتاة قد أبلغت عن تعرضها للاغتصاب من قبل ثلاثة رجال، ولكن تبين لاحقًا أن الحادث كان من صنع الفتاة نفسها. الجاني، الذي كان يعرف الفتاة، أقر بأربع تهم تتعلق بالاعتداء الجنسي على قاصر وإنتاج مواد إباحية للأطفال، وتم تعليق الحكم لأربع سنوات مع وقف التنفيذ، مع غرامة مالية. تم النظر في مرونة الحكم بسبب تعاون الجاني وخلو سجله الجنائي. ومع ذلك، يعتبر القانون الألماني ممارسة الجنس مع الأطفال الذين تقل أعمارهم عن 14 عامًا بالتراضي غير
177,"أصدرت محكمة في فرجينيا حكماً ضد شركة جونسون آند جونسون، حيث منحت امرأة تبلغ من العمر 62 عامًا 5.4 ملايين دولار كتعويض بعد أن أصيبت بسرطان المبيض مرة أخرى، وهو المرض الذي شخصت بالإصابة به لأول مرة في عام 2012. كانت لوي سليمب تستخدم عدة منتجات لجونسون، بما في ذلك ""بيبي باودر"" و""شاور آند شاور""، لمدة أربعة عقود قبل تشخيصها. وكان المدعي العام يجادل بأن الشركة لم تحذر العملاء بشكل كافٍ من مخاطر السرطان المرتبطة بمنتجاتها القائمة على معدن التالك. على الرغم من أن خبراء الطب يقولون إنه لم يثبت حتى الآن وجود علاقة بين سرطان المبيض ومستحضر جونسون، إلا أن الشركة خسرت العديد من القضايا المماثلة، على الرغم من أنها فازت بأول قضية"
178,انفجرت أربع عبوات ناسفة في محطات المترو في القاهرة خلال ساعات الذروة في الصباح، مما أدى إلى إصابة سبعة أشخاص. تم العثور على عبوة ناسفة واحدة في محطة شبرا الخيمة شمالي القاهرة، حيث أصيب أربعة أشخاص، أحدهم في حالة خطيرة. وانفجرت عبوة أخرى في محطة غمرة بوسط القاهرة، مما أدى إلى إصابة شخص واحد. كما انفجرت عبوة ناسفة في محطة كوبري القبة، مما أدى إلى إصابة شخص آخر. قامت قوات الأمن وخبراء المفرقعات بتمشيط جميع محطات المترو في العاصمة المصرية بحثاً عن قنابل محتملة. عادت حركة المترو إلى طبيعتها بعد إيقافها لمدة 45 دقيقة لتمشيط المحطات.
179,"تم الإفراج عن أحمد أحمد، رئيس الاتحاد الأفريقي لكرة القدم (كاف)، دون توجيه اتهامات، وذلك بعد استجوابه من قبل الشرطة الفرنسية الخميس بشأن تهم فساد، حسب النيابة العامة في مرسيليا الفرنسية. القضية تتعلق بإلغاء عقد من جانب واحد مع شركة معدات رياضية، وتحديدًا الاتفاق المبرم في ديسمبر 2017 مع شركة ""بوما"" لتوفير تجهيزات وملابس رياضية لـ 580 متطوعًا في بطولة كأس الأمم الأفريقية للمحليين (شان) 2018 التي استضافها المغرب. وقد قام الاتحاد الأفريقي لكرة القدم (كاف) بإلغاء هذا العقد وإبرام آخر مع شركة ""تاكتيكال ستيل"" بقيمة مالية أكبر. وينفي أحمد هذه التهم. وكان في فرنسا لحضور اجتماع طارئ للجنة التنفيذية للاتحاد القاري وكونغرس الاتحاد الدولي لإعادة انتخاب جاني إنفانتينو رئيسًا"
180,قامت شرطة مكافحة الإرهاب التركية بتفتيش مكتب هيئة الإغاثة الإنسانية في اسطنبول، وذلك بناءً على أمر من المدعي العام، حيث يتم توزيع الإمدادات على اللاجئين السوريين. الشرطة قامت بمصادرة أجهزة الكمبيوتر في المكتب، رغم اعتراض محامي الهيئة. هذا يأتي بعد أن تم توقيف شاحنة تابعة للهيئة في مدينة أضنة، والتي كانت تحمل أسلحة للمعارضة السورية بحسب الادعاء العام، بينما أكدت الحكومة أنها كانت تحمل مساعدات إغاثة لتركمان سورية. الهيئة نفت علاقتها بالشاحنة، مؤكدة أن هناك محاولات للزج بها في قضية الفساد. ومن المنتظر أن يعقد مسؤولو ومحامي الهيئة مؤتمرا صحفيا الثلاثاء لتوضيح موقفهم.
181,"أعلنت رئيسة الوزراء البريطانية تيريزا ماي عن سلسلة من العقوبات ضد روسيا، بما في ذلك طرد 23 دبلوماسياً، وتجميد العلاقات الثنائية، وذلك رداً على مسؤولية موسكو عن تسميم الجاسوس الروسي السابق سيرغي سكريبال وابنته يوليا على الأراضي البريطانية. وقالت ماي إن ""الدولة الروسية"" استخدمت ""قوة غير مشروعة"" ضد بريطانيا. كما أكدت أن العائلة الملكية لن تشارك في كأس العالم لكرة القدم هذا الصيف في روسيا. وقد انتهت المهلة التي حددتها لندن لموسكو لتقديم تفسيراتها لتسميم سكريبال في 4 مارس/آذار دون أن تقدم روسيا أي تفسيرات مقنعة."
182,"أفاد موقع صحيفة ""الشروق"" التونسية يوم الجمعة الثالث من نوفمبر/ تشرين الثاني 2017 أن قاضي التحقيق بالمحكمة العسكرية الدائمة في تونس أصدر بطاقة إيداع بالسجن في حق وزير الداخلية الأسبق، وسفير تونس الحالي في المغرب، ناجم الغرسلي، ضمن تحقيقات في موضوع التآمر على أمن الدولة الداخلي. ويجري التحقيق مع رجل الأعمال شفيق جراية الذي تم توقيفه منذ مايو/ أيار الماضي وهو يخضع للإقامة الجبرية، بالإضافة إلى اثنين من كبار المسؤولين في وزارة الداخلية، وهما مدير سابق لوحدة مكافحة الإرهاب ومدير عام سابق للمصالح المختصة في وزارة الداخلية. وفي سياق متصل، أجلت محكمة تونسية يوم الثلاثاء الماضي، النظر في قضية الهجوم الإرهابي على متحف باردو إلى التاسع من يناير/ كانون الثاني المقبل، بطلب من محاميي المتضررين، وتمثل في القضية 25 متهما، من بينهم أربعة"
183,"هاشمي رفسنجاني، الذي شغل منصب رئيس إيران من 1989 إلى 1997، كان من بين العديد من المرشحين الذين تم منعهم من الترشح للانتخابات الرئاسية الأخيرة في إيران، رغم أن 686 مرشحاً قد تقدموا بطلبات ترشح. كان رفسنجاني يعتبر مرشحاً محتملاً لكسب أصوات الإصلاحيين، الذين يخضع زعماؤهم للإقامة الجبرية، وفقاً للنص.

من بين المرشحين الذين تم السماح لهم بالترشح، كان سعيد جليلي، الذي يشغل منصب مسؤول ملف المفاوضات بشأن الملف النووي الإيراني، ووزير الخارجية السابق، علي أكبر ولايتي.

مجلس صيانة الدستور، الذي يتألف من 12 عضواً ومرتبط بمرشد الثورة الإيرانية، آية الله علي خامنائي، هو الجهة التي سمحت بترشح هؤلاء المرشحين."
184,"أعرب رئيس نادي بايرن ميونيخ، أولي هونيس، عن أمنيته في أن تتوقف الحروب حتى يتمكن الجميع من العيش بسلام، وهو ما يتجلى في حزنه على الصراعات المستمرة. يتم تضخيم هذا الشعور خلال موسم عيد الميلاد، حيث يفكر كثيراً في تداعيات الحروب. في الوقت نفسه، يفكر في الدمار والمعاناة التي تسببها الحرب، خاصة في حلب، وكذلك في اللاجئين الذين لا يعرفون ما يخبئه لهم المستقبل. في عيد الميلاد السابق، دعا هونيس ثلاثين لاجئًا، تتراوح أعمارهم بين 14 و17 عامًا، إلى حفل أقامه في ملعب غولف ""باد فيزه"". كان هذا الحفل جزءًا من جهوده لدعم المجتمع والمساهمة في التغيير الإيجابي. بعد قضاء 21 شهرًا في السجن بسبب التهرب الضريبي، عاد هونيس إلى رئاسة النادي"
185,أعلن بتريوس أن الولايات المتحدة ستزيد من مساعداتها الأمنية لليمن، من 70 مليون دولار في العام الماضي إلى أكثر من ضعف هذا المبلغ هذا العام. يأتي هذا رداً على المخاوف الأمريكية بشأن أنشطة القاعدة في اليمن، التي يعتقد أنها كانت وراء محاولة تفجير طائرة أمريكية الأسبوع الماضي. تعمل الولايات المتحدة على توسيع تعاونها العسكري والاستخباراتي مع اليمن للقضاء على القاعدة في البلاد. وقد زاد برنامج مكافحة الإرهاب الأمريكي في اليمن من 4.6 مليون دولار في العام المالي 2006 إلى 67 مليون دولار في العام المالي 2009. وقد ساعدت هذه البرامج في تنفيذ غارات جوية ضد مخابئ يشتبه أنها تؤوي عناصر القاعدة في اليمن، كما ساعدت في إحباط هجوم انتحاري على صنعاء.
186,"يتوجه الرئيس الأمريكي جورج بوش إلى الشرق الأوسط في جولة تبدأ بإسرائيل يوم الأربعاء 14 مايو/آيار، حيث سيحضر احتفالات الذكرى الستين لقيام الدولة العبرية. وفي تصريحات أدلى بها قبل الجولة، أكد بوش أنه لا يحمل مطالب بل يشجع الطرفين الإسرائيلي والفلسطيني على التقدم. إلا أن العديد من المراقبين يرون أن الوضع السياسي في المنطقة مأساوي وأن Bush قد يكون متأخرا في جهوده لإحلال السلام.

وفيما يخص المسار اللبناني، يرى مدير برامج الشرق الأوسط في مؤسسة هاينريش بول الألمانية، هايكو فيمين، أنه لا يوجد حل سحري أو مشترك في الأفق، حيث أن المواقف السياسية داخل لبنان متباينة ومتصلبة. ويخشى البعض من أن لبنان قد يسقط في تجاذب مصالح القوى الخارجية.

وعلى صعيد آخر، أعرب الرئيس الأمريكي جورج بوش عن"
187,وزير الداخلية الإيطالي ماتيو سالفيني يهدد بإعادة 180 مهاجرا عالقين قبالة جزيرة لامبيدوزا إلى ليبيا في حال لم توافق أوروبا على استقبالهم. السلطات الأوروبية تعتبر ليبيا غير آمنة، وهو الشرط الذي وضعه القانون البحري الدولي. سالفيني، الذي يشغل أيضا منصب نائب رئيس الوزراء في حزب الرابطة اليميني المتطرف، يطالب أوروبا بتقديم مساعدة ملموسة تبدأ بـ 180 مهاجرا عالقين على متن سفينة تابعة لخفر السواحل الإيطاليين منذ ثلاثة أيام، ولكنهم منعوا من الرسو في لامبيدوزا وطلب من الحكومة في مالطا استقبالهم. مالطا، التي سمحت لإنزال 141 مهاجرا الأربعاء، ردت بأن المهاجرين يرفضون أي مساعدة ويرغبون في الوصول إلى لامبيدوزا. سالفيني يعتبر سلوك مالطا مرفوضا وقد يتعرض لعقوبات.
188,تعرض مسجد يقع بالقرب من قصر أمير كانو، محمد السنوسي، لثلاث تفجيرات خلال صلاة الجمعة، مما أدى إلى مقتل وإصابة العديد من الأشخاص. وكان أمير كانو غير موجود في الموقع في ذلك الوقت، حيث كان يزور السعودية. وقد دعا السكان سابقاً إلى الدفاع عن أنفسهم ضد مثل هذه الهجمات بدلاً من انتظار الجيش. وكانت هناك تقارير عن مقتل وإصابة ما يقرب من 64 شخصًا، لكن لم يتم تأكيد هذه الأرقام من مصدر مستقل. ويعتقد أن بوكوحرام، التي كانت تستهدف كانو بشكل متكرر منذ بدء تمردها في شمال نيجيريا في عام 2009، هي المسؤولة عن الهجوم.
189,"بعد بث برنامج ""شباب توك"" حلقة حول وضع النساء في السودان، اجتاحت موجة من الرسائل السلبية، ودعوات المقاطعة، والتهديدات بالعنف الجو الإلكتروني. لم تستهدف هذه الهجمات اللفظية فقط مقدم البرنامج، جعفر عبد الكريم، بل أيضا شريك البرنامج، قناة السودانية 24. بدأت الحادثة عندما انتقد وئام شوقي، البالغة من العمر 28 عامًا، ""القمع والإهانة التي تتعرض لها النساء في السودان"" خلال البرنامج. وقالت شوقي أن الرجال في الشارع يعاملونها كسلعة بدلاً من أن تعامل كإنسان، وأن لديها الحق في اختيار ما ترتدي، مضيفة أن اللباس الذي ترتديه هو جزء من إنسانيتها وهو خاضع لحريتها في الاختيار، وليس خاضعًا لمجتمع السودان بكل عاداته وتقاليده المريضة."
190,"تعرض رئيس هيئة الأمر بالمعروف والنهي عن المنكر في السعودية لانتقادات حادة على مواقع التواصل الاجتماعي بعد تصريحات وصف فيها تويتر بأنه ""سبورة من لا سبورة له"". جاء هذا التعليق في سياق مناقشة حول دور الهيئة في تعزيز الأمن الفكري. وقد رد محمد الحضيف، ناشط سعودي على تويتر، على تصريح الرئيس منتقداً القيود التي يفرضها النظام على الكتابة والتعبير. كما أشار ياسر الزعاترة إلى أن تويتر، رغم ما فيه من ""غث وسمين""، ليس دليلاً لأحد وأنه مجرد وسيلة تواصل. وقد أطلق المستخدمون على تويتر هاشتاغ ""#استخدام_تويتر_يخسر_الدنيا_والاخرة"" للتعبير عن استيائهم من تصريحات رئيس الهيئة.

وقد أظهرت دراسة حديثة أن السعودية تأتي في مقدمة الدول العربية من حيث عدد مستخدمي"
191,قالت إيرينا بوكوفا، مديرة منظمة الأمم المتحدة للتربية والعلم والثقافة (اليونسكو)، إن تنظيم الدولة الإسلامية (داعش) يحاول تجريد الناس من تراثهم في محاولة لاستعبادهم، معتبرة أن تدمير الآثار، بما في ذلك تمثال أسد أثينا، يعكس وحشية وجهل الجماعات المتطرفة. وقد نشر التنظيم صورا لعناصره وهم يحطمون تحفا نهبت من مدينة تدمر الأثرية في سوريا.
192,"في اليوم الثالث من توليه منصب الأمين العام لحلف شمال الأطلسي (الناتو)، قام أندرس فوج راسموسين بزيارة أفغانستان يوم الأربعاء 5 أغسطس. راسموسين، الذي تولى منصبه السبت السابق، سيلتقي الرئيس الأفغاني حامد كرزاي، الجنرال ستانلي ماكريستال قائد قوات الناتو في أفغانستان، والمبعوث الخاص للأمم المتحدة لأفغانستان كاي إيدي. كما سيلتقي المرشحين الآخرين الذين يتنافسون مع كرزاي في انتخابات الرئاسة في 20 أغسطس. تأتي هذه الزيارة في وقت تسجل فيه أعمال العنف مستويات قياسية منذ سقوط نظام طالبان في نهاية 2001. أعلن راسموسين أنه ليس هناك ""من خيار"" في الوقت الراهن سوى ""بذل جهود عسكرية ومدنية أكبر"" في أفغانستان لمواجهة ارتفاع وتيرة أعمال العنف. وأوضح أنه يعتقد أن الشرط المسبق هو أن تتمكن الحكومة من"
193,يحاول الجيش الكوري الجنوبي اعتقال جندي هارب، كان قد أطلق النار على رفاقه وهرب من نقطة حراسة بالقرب من الحدود مع كوريا الشمالية. وتقول التقارير إن الجندية - واسمه ايم - قد هرب إلى بلدة جوسيونغ، حيث حوصر من قبل الجيش. وقد أصيب جندي واحد على الأقل في الحادث، الذي لم تتضح أسبابه بعد. وقد نشر الجيش آلاف الجنود لحراسة الحدود وحماية التجمعات السكانية حتى يتم القبض على المجند الهارب. وكان ايم، الذي كان يؤدي الخدمة العسكرية الإلزامية، قد واجه صعوبات في التأقلم مع الحياة العسكرية وكان من المقرر أن ينهي خدمته بعد ثلاثة أشهر فقط.
194,في الدوري الألماني لكرة القدم (بوندسليغا)، فاز شتوتغارت على مضيفه بروسيا دورتموند 5-1. سجل شتوتغارت ثلاثة أهداف في غضون عشر دقائق، بما في ذلك هدفين من وامانغيتوكا. دورتموند، الذي فشل في الفوز في ثلاث مباريات متتالية، في المركز الخامس برصيد 19 نقطة، متقدما بنقطتين على شتوتغارت الذي يحتل المركز السابع برصيد 17 نقطة. من جهة أخرى، تعادل بايرن ميونيخ 1-1 مع مضيفه أونيون برلين، ما يزال في الصدارة بفارق الأهداف عن لايبزيغ. أونيون، الذي تلقى 17 هدفا في 11 مباراة هذا الموسم، كان الطرف الأفضل لكنه فشل في التسجيل.
195,"عاد ألبوم الموسيقى التصويرية لفيلم ""Frozen"" لتصدر قائمة مجلة بيلبورد الأسبوعية، وهو الأمر الذي لم يحدث منذ خمسة عشر عاماً. وقد بيع من الألبوم الذي يتضمن أغنية ""Let It Go""، التي رشحت لجائزة الأوسكار، 89 ألف نسخة إضافية في الأسبوع الماضي. منذ إصداره في نوفمبر، وصلت مبيعات الألبوم إلى 1.1 مليون نسخة، وهو ما جعله يتصدر قائمة بيلبورد لخمسة أسابيع غير متتالية. الألبوم الذي يحمل اسم الفيلم لا يزال يحظى بشعبية كبيرة، حيث تقترب مبيعات تذاكر دور السينما العالمية من مليار دولار. الألبوم الذي تصدر القائمة الأسبوع الماضي كان ""The Outsiders"" للمغني إريك تشيرش، بمبيعات بلغت 74 ألف نسخة. هذا الأسبوع، شهدت القائمة دخول اثنين من الفرق الجديدة ضمن المراكز العشرة الأولى، وهما فرقة كول"
196,"أثار منح الكاتبة والمحامية الإسرائيلية فليسيا لانغر وسام الاستحقاق الألماني من الدرجة الأولى، انتقادات واسعة في إسرائيل وألمانيا. انتقد نائب رئيس المجلس المركزي لليهود في ألمانيا، ديتر غراومان، هذا القرار، مشيراً إلى أن ألمانيا تكرمت لأول مرة بالهجمات اللفظية على الدولة اليهودية. كما طالب الكاتب الألماني اليهودي رالف جيوردانو بسحب الجائزة من لانغر، مشيرًا إلى أن موقفها كان أحادي الجانب ومضادًا لإسرائيل.

تظهر هذه الانتقادات تبايناً في تقييم موقف ألمانيا من الصراع في الشرق الأوسط. بينما يرى المنتقدون أن تكريم لانغر يضفي شرعية على انتقادها المبالغ فيه لإسرائيل، تنتقد لانغر من جهتها الموقف الرسمي الألماني في الصراع الدائر في الشرق الأوسط، والذي تراه معاكسًا تمامً"
197,"صحيفة الأنباء الكويتية بثت مقطع فيديو يظهر خادمة إثيوبية تتلقى المساعدة من مسعفين ورجل إطفاء للنزول عبر سلم. قبل ذلك، كانت تصرخ ""امسكيني، امسكيني""، قبل أن تنزلق يدها وتسقط على سقف مبنى مجاور. الخادمة تم نقلها للمستشفى لتلقي العلاج من كسر في الذراع وإصابات أخرى. الجمعية الكويتية لحقوق الإنسان قالت إن ربة المنزل كان من واجبها إنقاذ الخادمة، مشيرة إلى أن القانون الكويتي ينص على عقوبة تصل إلى السجن ثلاثة أشهر لأي شخص يمتنع عمدا عن إنقاذ شخص آخر في خطر. والمحامية فوزية الصباح أعلنت أنها سترفع قضية ضد ربة المنزل التي تعمل لديها الخادمة الإثيوبية."
198,تقوم شركة Google بإغلاق خدمة الأخبار في إسبانيا بسبب قانون جديد يفرض على المواقع الإلكترونية دفع رسوم ترخيص مقابل استخدام محتوى الصحف الإسبانية. وقد احتجت Google على هذا الإجراء، حيث أنها لا تتقاضى أموالاً مقابل تقديم خدماتها للبحث على الإنترنت. وقالت Google أنها ستوقف الخدمة في 16 ديسمبر قبل موعد تنفيذ القانون في يناير من العام المقبل. ويسمح القانون الجديد للناشرين الإسبان بالحصول على رسوم من Google مقابل استخدام محتواهم. وقال رئيس خدمة Google للأخبار إن القانون لا يمكن تطبيقه على المدى الطويل، حيث أن الغالبية العظمى من الناشرين يختارون تضمين مقالاتهم في خدمة Google للأخبار لأنها تساعد في تحقيق عائدات من الإعلانات. ولم يحدد القانون الإسباني مقدار ما يمكن أن تدفعه Google للناشرين.
199,"تسيبي ليفني، وزيرة الخارجية الإسرائيلية السابقة، أعلنت في مؤتمر صحفي يوم 18 فبراير 2019، اعتزالها الحياة السياسية، معتبرة أن الديموقراطية الإسرائيلية تتعرض لهجوم وأن السلام أصبح ""كلمة قذرة""، في إشارة إلى حكم اليمين بزعامة رئيس الوزراء بنيامين نتنياهو. ورغم تعثر مسيرتها السياسية مؤخراً وفشل عملية السلام في الشرق الأوسط، إلا أنها تعتقد أن ""نهجها"" هو الذي سيفوز في النهاية. ومن المتوقع ألا يفوز حزب ""الحركة"" الذي تتزعمه والمنتمي لتيار الوسط بأي مقاعد في البرلمان في الانتخابات التشريعية القادمة في إسرائيل."
200,"في حادثة مأساوية وقعت في الولايات المتحدة الأمريكية في السادس من سبتمبر 2018، دخلت الشرطية آمبر غاير عن طريق الخطأ شقة جارها، الذي يدعى بوثام، بدلاً من شقتها. وفي محاولة منها للهروب، أطلقت غاير النار على بوثام، الذي كان 26 عامًا، مما أدى إلى مقتله. بعد دقائق من إعلان إدانة غاير بالسجن لمدة 10 سنوات بتهمة القتل غير العمد، أظهر أخ بوثام، براندت جان، مثالاً رائعاً للرحمة والمغفرة.

في قاعة المحكمة، خاطب جان غاير قائلاً: ""أحبك كما يحب أي شخص آخر... أريد لك الأفضل. شخصياً، لا أريدك أن تذهبي إلى السجن. أريد لك الأفضل لأنني أعرف أن هذا ما يريده ب"
201,أدى رئيس الوزراء الليبي عبد الله الثني وحكومته اليمين، بعد أن وافق المشرعون على تشكيلة الحكومة الجديدة. ومع ذلك، سيواجه الثني تحديات في حكم البلاد التي يوجد فيها برلمان منافس في طرابلس. وقد منحت حكومة الثني ثقة مجلس النواب بـ 110 أصوات من أصل 112 عضوًا كانوا حاضرين في جلسة التصويت، وتتألف من 12 وزيرًا، بما في ذلك محمد الدايري الذي تم اختياره وزيراً للخارجية وعمر السنكي الذي تم اختياره وزيراً للداخلية. ولم تشمل القائمة وزيراً للدفاع. وقد حث عقيلة صالح عيسى، رئيس مجلس النواب الليبي، المجتمع الدولي على اتخاذ موقف بشأن الأزمة في ليبيا، مشيراً إلى أن البلاد انزلقت إلى الفوضى بسبب عدم اتخاذ المجتمع الدولي إجراءات لمساعدة الحكومة في إنشاء جيش قوي والضغط
202,"تم توقيف ثلاثة رجال في جنوب مانشستر على علاقة بالاعتداء الذي وقع في المدينة مساء الاثنين، وذلك بحسب الشرطة البريطانية. وقد تم توقيف رجل آخر يوم الثلاثاء. وكانت وزيرة الداخلية البريطانية أمبر رود قد أكدت أن المشتبه به في تنفيذ هجوم مانشستر، سلمان عبيدي، كان تحت رقابة الأجهزة الأمنية. وقالت رود إن الهجوم كان ""أكثر تطورا من بعض الهجمات التي شهدناها في السابق، ويبدو من المرجح أن المهاجم لم يتحرك بمفرده"". وأضافت أن الحكومة قررت نشر آلاف الجنود من الجيش البريطاني في الشوارع لمواجهة التهديدات الإرهابية المتوقعة، وقد تم رفع حالة التأهب إلى ""خطير"". ومن جهته، قال وزير الداخلية الفرنسي جيرار كولومب إن عبيدي ربما كان قد سافر إلى سوريا. وقال كولومب إن المحققين البريطانيين أبلغوا السلطات الفرنسية بأن عبيدي ربما كان قد سافر إلى"
203,"يتحدث النص عن الجدل القائم حول إزالة تماثيل كريستوفر كولومبوس، المستكشف الإيطالي الذي يُعتبره البعض مؤسس العالم الجديد عبر رحلاته البحرية في القرن الخامس عشر. وقد أثارت هذه القضية جدلاً عبر مواقع التواصل الاجتماعي، حيث تساءل المغردون عن تأثير إزالة هذه النصب الرمزية على العنصرية.

كما يشير النص إلى أن هذا الجدل ليس محصوراً في الولايات المتحدة فقط، بل يمتد ليشمل عدة دول أخرى مثل العراق وسوريا والعالم العربي، حيث تم تحطيم وتدنيس تماثيل لشخصيات تاريخية مثيرة للجدل، مثل صدام حسين وحافظ الأسد.

ويطرح النص سؤالاً حول ما إذا كانت إزالة هذه التماثيل تمثل ""تجاهلاً"" لتاريخ هو جزء من حاضرنا، أو أنها ""تكريم"" لفعل العبودية نفسه، واحتفاء ""بمرتكبي"
204,تم توجيه أمر للصحفي التركي عادل يغيت بمغادرة البلاد، وهو ما يعتقد أنه مرتبط بكتاباته النقدية عن حكومة الرئيس أردوغان. وقد تم طرده من مكتب المستشارة الألمانية، حيث كان يحضر مؤتمرا صحفيا للمستشارة أنغيلا ميركل بدون قناع. وقد أعرب المتحدث باسم ميركل عن قلقه بشأن الحادث، مشيرًا إلى أنه لا يتم السماح بأي تظاهرات سياسية أو شعارات في المؤتمرات الصحفية للمستشارية.
205,"تستمر سلسلة هاري بوتر في جذب القراء، حيث ساهمت الطبعات الخاصة من الكتب الأولى في زيادة إيرادات دار بلومزبري للنشر بنسبة 15 في المئة. وقد حققت الدار نجاحاً إضافياً من خلال إعادة تصميم الأغلفة لتشمل صوراً من مدرسة هوجوارتس، مما أدى إلى زيادة الإيرادات بمقدار الثلث في النصف الأول من العام. وقد ارتفعت إيرادات كتب هاري بوتر بنسبة 40 في المئة خلال هذه الفترة. كما أن لدى بلومزبري قائمة قوية للنصف الثاني من العام، بما في ذلك طبعة جديدة من ""هاري بوتر وسجين أزكابان"" وأخرى من ""Fantastic Beasts and Where to Find Them"" وكتابين مرافقين لمعرض هاري بوتر في المكتبة البريطانية."
206,اعتذرت شركة دوف عن إعلان مثير للجدل يظهر امرأة ذات بشرة سوداء تصبح بيضاء بعد استخدام أحد منتجاتها. صور الإعلان ثلاث نساء من أعراق مختلفة، مما أدى إلى اتهامات بالعنصرية. ومع ذلك، ادعى بعض المستخدمين أن الشركة كانت تقصد أن الصابون متعدد الاستخدامات ويمكن استخدامه من قبل جميع الأعراق. هذه ليست المرة الأولى التي تواجه فيها الشركة انتقادات بسبب إعلاناتها؛ فقد تعرضت لحملة سابقة في عام 2011 بسبب استخدامها صورة تظهر ثلاث نساء من درجات بشرة مختلفة، حيث كانت المرأة الأكثر بياضا هي النتيجة النهائية لاستخدام منتجها.
207,"في الصين، حتى يوم الأربعاء الماضي، كانت هناك 28 حالة إصابة بفيروس الإنفلونزا من نوع ""إتش7إن9"" و9 وفيات، وفقاً للأمم المتحدة. وتم علاج فتاة، من بين سبعة أشخاص، في مستشفى بالعاصمة، حيث تعاني من أعراض مثل الحمى واحتقان الحلق والصداع. وتعمل أسرة الطفلة في تربية الدواجن، وحالتها مستقرة. ورغم عزل شخصين كانا على اتصال مباشر بالطفلة، إلا أنهما حتى الآن لا يعانيان من أعراض الإصابة. وكان المركز الوطني لمراقبة الأمراض في الصين قد أكد أن الفتاة المريضة في بكين تحمل فيروس ""إتش7إن9""، الذي تم الإبلاغ عنه لأول مرة في فبراير/شباط الماضي في شرق الصين. وتقول منظمة الصحة العالمية إنه لا يوجد دليل على انتقال الفيروس بين البشر، وأن معظم الحالات كانت نتيجة اتصال بالد"
208,"يعتزم أعضاء يهود في حزب البديل من أجل ألمانيا (AFD) المعارض في ألمانيا تأسيس رابطة على مستوى البلاد في أكتوبر 2018. أكد ديميتري شولتس، عضو مؤسس في الرابطة، أن حزب AFD هو الحزب الوحيد في ألمانيا الذي ناقش قضية كراهية المسلمين لليهود دون التقليل منها. كما أعرب شولتس عن قلقه بشأن الهجرة الجماعية للشباب المسلمين المنحدرين من خلفيات ثقافية، حيث يمكن أن يضر ذلك بالحياة اليهودية في ألمانيا بسبب تنشئتهم الاجتماعية المعادية للسامية. من المقرر أن تنعقد الجمعية التأسيسية للرابطة في السابع من أكتوبر في أوفنباخ، ولاية هيسن، غرب ألمانيا. لم يتم تحديد اسم الرابطة بعد، حيث يحمل الاسم المبدئي ""JAFD"". لا يوجد تعارض بين كونه يهودياً وعضوًا في حزب AFD،"
209,ستشهد مباراة هيرتا برلين أمام فيردر بريمن في الدوري الألماني لكرة القدم يوم الأحد القادم أول امرأة تتولى تحكيم مباراة في منافسات دوري الدرجة الأولى للرجال، وهي الحكمة الألمانية بيبيانا شتاينهاوس البالغة من العمر 38 عاما. في خطوة تشكل علامة فارقة في المساواة بين الجنسين في كرة القدم الألمانية.
210,"صادق خان، عضو في حزب العمال البريطاني، أدى اليمين الدستورية كأول عمدة مسلم للندن يوم السبت، السابع من مايو. تعهد خان بأن يمثل ""كل الجماعات"" وأن يسعى لكي يستفيد ""جميع سكان لندن"" من الفرص التي تقدمها المدينة. بعد الاحتفال، قال خان إنه ""فخور"" ومتواضع للغاية بشأن انتخابه. يعتبر هذا الفوز انتصارا على ""الخوف""، حيث كانت الحملة التي شنها المحافظون ضده قد جاءت بنتائج عكسية. درس خان القانون وأصبح محامي حقوق الإنسان قبل أن يتم انتخابه عضوا في البرلمان في عام 2005. فاز على منافسه الرئيسي، المحافظ زاك غولدسميث، الذي حصل على 57 في المئة من الأصوات. خان، الذي هو من أصل باكستاني، يخلف بوريس جونسون، الذي شغل منصب عمدة لندن لمدة ثماني سنوات وكان مؤيدا"
211,"في مؤتمر صحفي عقده يوم الأحد 9 ديسمبر/كانون الأول 2018, أكد وزير الخارجية السعودي عادل الجبير أن بلاده لا تسلم مواطنيها, وأنها تتوقع من تركيا تقديم أدلة بطريقة قانونية على الاتهامات الموجهة لها في قضية مقتل الصحفي جمال خاشقجي. وقال الجبير إن ""المعلومات التي تلقيناها من تركيا هي معلومات سبق أن سربت إلى الصحف"", مضيفا أن بلاده طلبت من تركيا تقديم أدلة يمكن استخدامها في المحكمة لكن هذا الطلب لم يصلهم بعد. وأكد الجبير أن السعودية لا تغير وقائع أو روايتها, وأن أي تغيير في المواقف يعتمد على تغير في المعلومات. وكان الرئيس التركي رجب طيب أردوغان قد دعا الرياض مرارا إلى تسليم المشتبه بهم في قضية قتل خاشقجي إلى تركيا لمحاكمتهم في اسطنبول، وهو ما ترفضه الرياض. وفي الأسبوع الماضي, أصدر القضاء التركي مذكرتي توقيف بحق النائب"
212,تتنوع ردود الفعل في الصحف الألمانية على التدخل العسكري الغربي المحتمل في سوريا، حيث تتناول كل صحيفة الموضوع من زاويتها الخاصة. بعض الصحف تحذر من التدخل العسكري بسبب عدم وجود استراتيجية واضحة والأهداف التي يجب تحديدها، بينما تطالب صحف أخرى بالتدخل لوقف حمام الدم في سوريا. الصحف الألمانية تعبر عن تشككها في قدرة الضربة العسكرية على صناعة مستقبل أفضل لسوريا. وفي الوقت نفسه، تناقش بعض الصحف موقف الحكومة الألمانية من الحرب المحتملة ضد سوريا، حيث تعارض الأغلبية في ألمانيا التدخل العسكري بسبب التجارب السيئة السابقة.
213,اقتحم مسلح ضريح زعيم الثورة الإسلامية السابق في إيران، آية الله روح الله الخميني، يوم الأربعاء، السابع من يونيو/حزيران 2017، وفتح النار على الحاضرين. وبحسب وكالة تسنيم الإيرانية، فقد أصيب عدد من الأشخاص جراء الهجوم. وفي تطور آخر، ذكرت وسائل إعلام أن ثلاثة مسلحين هاجموا مرقد الخميني، أحدهم كان يحمل حزاما ناسفا فجره بعد اشتباكات مع رجال الأمن. وبحسب تقارير مختلفة، فقد وقع الهجوم داخل الضريح وفي مجلس الشورى الإيراني الذي يقع على مسافة قريبة.
214,"أعلن نائب الرئيس الأمريكي، مايك بنس، يوم الأربعاء، 6 يناير/كانون الثاني 2021، أنه لا يمتلك ""السلطة الأحادية"" لرفض الأصوات المتراكمة من المجمع الانتخابي، وذلك في رد على محاولات الرئيس دونالد ترامب لإلغاء نتائج انتخابات نوفمبر/تشرين الثاني 2020. أكد بنس أن قسمه لدعم الدستور والدفاع عنه يمنعه من المطالبة بسلطة فردية لتحديد الأصوات التي يجب احتسابها والتي لا يجب احتسابها. يأتي هذا الإعلان بينما يجتمع الكونغرس لفرز وتأكيد الأصوات الانتخابية من كل ولاية أمريكية، وهو إجراء عادي في عملية تأكيد المرشح الفائز في الانتخابات الرئاسية. يتعرض بنس، الذي يلعب دوراً شرفياً في الغالب ويتضمن قراءة نتائج التصويت، لضغوط من ترامب لرفض أصوات عدة ولايات فاز فيها الرئيس الديمقراطي المنتخب، جو بايدن. وقد نشر رسالة تحتوي على حججه قبل بدء جلسة الكونغرس"
215,"قام نشطاء من مجموعة ""حراك من أجل فلسطين"" بالاحتجاج على سطح مبنى مصنع إسرائيلي، مطالبين بإيقاف إنتاج الطائرات بدون طيار التي تستخدم في النزاع الإسرائيلي-الفلسطيني الأخير في غزة. وقد نظم الاحتجاج بسبب القصف الإسرائيلي على غزة، وقد انتشرت الشرطة في الموقع لتسهيل الاحتجاج السلمي. وقد رش المحتجون دهانا أحمر على جانب من البناية. وقال أحد النشطاء الأربعة على سطح البناية إن المعنويات عالية وإن الدعم على إنستغرام وفي الموقع مدهش."
216,قال روحاني إنه مستعد للتعاون ضد تنظيم الدولة الإسلامية مقابل تنازلات في البرنامج النووي الإيراني. وأكد أن الضربات الجوية التي شنتها الولايات المتحدة وحلفائها في سوريا غير قانونية لأنها لم تحصل على موافقة الحكومة السورية. ولكنه أشار إلى أن إيران قد تشارك في الحرب ضد تنظيم الدولة الإسلامية بعد التوصل إلى اتفاق نهائي حول البرنامج النووي الإيراني. وأوضح روحاني أن هناك مهلة حتى 24 نوفمبر للتوصل إلى اتفاق نهائي حول البرنامج النووي الإيراني، والذي بدوره سيؤدي إلى رفع العقوبات عن إيران. ومن المتوقع أن يجتمع كاميرون مع روحاني في نيويورك يوم الخميس، وهو أول اجتماع على هذا المستوى الرفيع منذ الثورة الإيرانية في 1979. وقد بدأت الولايات المتحدة ودول أخرى بشن هجمات على تنظيم الدولة الإسلامية في سوريا الثلاثاء.
217,"قتل حوالي 150 شخصًا في تفجيرات انتحارية استهدفت مدينتي طرطوس وجبلة في سوريا، وفقًا للمرصد السوري لحقوق الإنسان. ومع ذلك، تؤكد وسائل الإعلام الحكومية أن حصيلة القتلى تقدر بـ78 شخصًا. هذه هي المرة الأولى التي يحدث فيها تفجير انتحاري في هذه المدن. أفادت وكالة مرتبطة بتنظيم الدولة الإسلامية أن التنظيم نفذ التفجيرات، التي استهدفت ""تجمعات للعلويين""، الطائفة التي ينتمي إليها الرئيس السوري بشار الأسد. انفجرت قنابل وقنابل انتحاري في مناطق سكنية في جبلة، على بعد 6 كيلومترات من قاعدة حميميم الروسية، بينما انفجرت قنبلة في مدخل محطة الحافلات في طرطوس. فجر انتحاري نفسه أيضًا في قسم الطوارئ في مستشفى جبلة. وقع التفجير الرابع بالقرب من مقر شركة الكهرباء في جبلة. وفي طرطوس،"
218,في مباراة مثيرة في بطولة كأس الأمم الأفريقية، واجه المنتخب التونسي منتخب غانا في دور الـ16. سجل طه ياسين الخنيسي هدف المنتخب التونسي في الدقيقة 73، بينما تعادل رامي البدوي للمنتخب الغاني في الدقيقة 91. ورغم فرصة ركلة جزاء واضحة للمنتخب التونسي في الدقيقة 70، لم يحتسب الحكم الهدف. وقد أدى هذا إلى اللجوء إلى ركلات الترجيح، التي فاز بها المنتخب التونسي بخمس ركلات مقابل أربع. وبهذا الفوز، يواجه المنتخب التونسي منتخب مدغشقر في الدور ربع النهائي. وقد أقيمت المباراة على ملعب السلام في القاهرة يوم الخميس 11 يوليو/تموز.
219,"أثارت مزاعم استخراج كنز في المغرب سخرية وتهكما على مواقع التواصل الاجتماعي، حيث تجمع الآلاف لمشاهدة شاب يدعي قدرته على استخراج كنز سينتشل الجميع من الفقر. تأتي هذه الواقعة بعد أيام من انتشار فيديو لأضواء وصفها البعض بأنها ""ملائكة"" في سماء مدينة مكناس المغربية. وقد أعاد الجدل حول تقرير لجنة الحريات الفردية والمساواة في تونس ملف الحريات الشخصية في البلاد إلى الواجهة. وفي اليمن, لا يزال المغردون يهتمون بمعركة الحديدة والتحركات العسكرية فيها."
220,فازت زوزيبيني تونزي من جنوب أفريقيا بلقب ملكة جمال الكون لعام 2019، وذلك خلال مسابقة أقيمت في أتلانتا، الولايات المتحدة الأمريكية. وقد تفوقت زوزيبيني على 90 امرأة أخرى من جميع أنحاء العالم. وكان السؤال النهائي الذي طرح عليها يتعلق بالقيادة، وقالت إن النساء بحاجة إلى تعليم لتولي أدوار القيادة. وكانت زوزيبيني قد فازت بمسابقة ملكة جمال جنوب أفريقيا في أغسطس/آب الماضي. ومن المتوقع أن تحصل على إقامة لمدة عام في نيويورك وراتب يقدر بحوالي 100 ألف دولار.
221,"بعد أشهر من القتال العنيف في مدينة تعز، توصل أطراف النزاع برعاية الأمم المتحدة في جنيف إلى اتفاق. هذا الاتفاق جاء بعد تحذيرات من تدهور الأوضاع الإنسانية في المدينة بسبب شح كافة المجالات. وقد جاء الاتفاق بعد يوم من إتمام عملية تبادل للأسرى شملت المئات من المعتقلين.

يأتي الاتفاق في سياق حملة عسكرية تقودها السعودية ضد الحوثيين وأنصارهم منذ مارس/ آذار الماضي، والتي تهدف إلى إعادة حكومة الرئيس عبد ربه منصور هادي إلى اليمن. وقد تمكنت قوات التحالف والقوات الموالية لحكومة هادي من استعادة السيطرة على ميناء عدن الجنوبي ومدينة مأرب، لكنها لم تتمكن من طرد الحوثيين من مدينة تعز.

الأوضاع الإنسانية في اليمن تدهورت بشكل خطير، حيث يحتاج أربعة أخماس السكان إلى معونات. ورغم استعادة بعض المناطق، لا يزال الحوثيون يسيطرون على مدينة تعز، وهو ما"
222,"تعرضت طواقم طبية للإنقاذ في عملية تحرير الرهائن في المقهى الذي احتجز فيه أكثر من 15 شخصا في وسط سيدني. وقد أصيب أربعة أشخاص وقتل اثنان حتى الآن. وقد دخل الجيش والشرطة المقهى بعد فرار عدد من الرهائن. وكان اللاجئ الإيراني الذي يدعى مان هارون مونيس هو الذي احتجز الرهائن. وقد وصف بأنه شخص انعزالي, ويعتقد أنه تصرف من تلقاء نفسه. وقد أغلقت السلطات الأسترالية وسط سيدني حيث وقع الحادث."
223,البروفيسور ديتريش يله من جامعة بافلو في نيويورك يقول إن الانشغال بكتابة الرسائل النصية أثناء المشي يمكن أن يؤدي إلى إصابات خطيرة. في الواقع، الإصابات الناجمة عن الانشغال بكتابة الرسائل النصية تفوق تلك الناجمة عن حوادث السيارات بمقدار ميل واحد. هذا الضرر النفسي يحدث بشكل متكرر، كما يقول البروفيسور، لأن الناس الآن يعتمدون بشكل كبير على الهواتف الذكية ووسائل التواصل الاجتماعي. الإصابات التي تحدث بسبب الرسائل النصية تاريخياً كانت تصيب الأطفال والمخمورين والمسنين، لكن الإصابات المرتبطة بالهواتف الخلوية زادت بشكل كبير خلال العقد الماضي. البروفيسور ديتريش يله يحذر من أن عدم رؤية الطريق أثناء الانشغال بكتابة الرسائل النصية يمكن أن يؤدي إلى حوادث خطيرة.
224,"تقرير لمجلة ""دير شبيغل"" الألمانية يكشف أن شركات أوروبية تمنح تنظيم ""داعش"" إمكانية استخدام خوادمها على الإنترنت لنشر دعايته، وهو ما وصفه التقرير بأنه ""عار على أوروبا"". التقرير يوضح أن هذه الشركات بإمكانها معرفة استخدام التنظيم لخوادمها وقطعها إذا رغبوا في ذلك، وأن من يحتاج إلى الوصول إلى الإنترنت في سوريا والعراق يمكنه الحصول على منظومات الحصول على الإنترنت عبر الأقمار الاصطناعية في محافظة هاتاي التركية على الحدود مع سوريا، والتي تكلف نحو 500 دولار في سوريا، بالإضافة إلى أجور الدخول على الشبكة. التقرير يشير إلى أن هذه المنظومات تسهل على سكان المناطق التي دمرت بنيتها التحتية الدخول إلى الإنترنت، ولكنها تعد جانباً حيوياً هاماً للتنظيمات الإرهابية لنشر الدعاية وتبادل المعلومات المتعلقة بالتخطيط للهجمات الإرهابية."
225,"ألغى إضراب مراقبي حركة الطيران في فرنسا اليوم الثلاثاء 11 يونيو/حزيران 1800 رحلة من أصل 7650 رحلة في جميع المطارات الفرنسية، مما دفع باريس وبرلين إلى دعوة بروكسل لتأجيل مشروع السماء المفتوحة الذي عرض على البرلمان الأوروبي اليوم. كما طلبت إدارة الطيران المدني من الشركات تخفيض برامج رحلاتها إلى النصف من الثلاثاء إلى الخميس في مطاري باريس والمطارات الرئيسية في البلاد. وأعلنت نقابة مراقبي حركة الطيران الإضراب من الثلاثاء إلى الخميس احتجاجا على ""النتائج المباشرة للقيود الأوروبية على السياسة الوطنية"" في هذا القطاع. ورغم ذلك، اعتبرت النقابة الوضع مشجعا بعد نداء من وزير النقل الفرنسي فريديريك كوفيلييه ونظيره الألماني لتأجيل مشروع التحرير الجوي، وقررت إلغاء الإضراب يوم الخميس. ولكن الإضراب سيستمر يوم الأربعاء مع انضمام منظمات أخرى إلى التحرك بالتنسيق مع نقابات 11"
226,"الرئيس الأوكراني بترو بوروشينكو يتوعد الانفصاليين الموالين لروسيا بـ ""رد ملائم"" على إسقاطهم طائرة عسكرية أوكرانية، مما أدى إلى مقتل 49 شخصا. أعلن بوروشينكو يوم غد الأحد يوم حداد وطني، وأكد أن ""المتورطين في عمل إرهابي بهذه الفداحة سيعاقبون"". وكانت وزارة الدفاع الأوكرانية أعلنت اليوم السبت 14 يونيو/حزيران أن متمردين موالين لروسيا أسقطوا طائرة نقل عسكرية في لوغانسك شرق أوكرانيا، مما أدى إلى مقتل 49 عسكريا كانوا على متنها."
227,توفي متظاهر في السودان بعد اشتباكات مع الشرطة في شرق الخرطوم، وفقاً لشاهد عيان. أغلق السكان المحليون الطريق الرئيسي ورشقوا الشرطة بالحجارة، مما أدى إلى وقوع إصابات. الاحتجاجات تأتي بسبب مشروع استثماري خليجي على أراضي السكان، في حين يسعى السودان للحصول على مصادر دخل بديلة بعد خسارة كبيرة في الإيرادات النفطية من جنوب السودان.
228,"في مقابلة مع جون سمبسون، كبير مراسلي بي بي سي الدوليين، ذبيح الله مجاهد، المتحدث باسم طالبان، يدعي أن الحركة موجودة ""في كل مكان"" في الريف الأفغاني، مما يثير القلق بين القوات الغربية التي تخشى مغادرة قواعدها. كما ينفي مجاهد أي علاقة للحركة بأي من المرشحين في الانتخابات الرئاسية القادمة، والتي وصفها بأنها ""مزيفة"". ومع ذلك، يعترف سمبسون بالصعوبة في تصور عودة طالبان إلى السلطة بالنظر إلى الوضع الحالي، ولكنه يشير إلى أن انتخاب رئيس ضعيف وفاسد قد يعزز موقف الحركة. ومن المتوقع أن تنسحب معظم القوات الغربية من أفغانستان في وقت لاحق من هذا العام، بعد تسليم المسؤوليات الأمنية إلى القوات الأفغانية. وقد حذر قائد الجيش البريطاني، الجنرال بيتر وول، من إمكانية استعادة طالبان السيطرة على المناطق التي ستنسحب"
229,"يصف النص الأجواء المشحونة التي سبقت الانتخابات في لبنان، حيث كان هناك قلق من أن يفوز حزب الله المدعوم من إيران وسوريا، مما يثير مخاوف من إعلان لبنان جمهورية إسلامية. ومع ذلك، يشير النص إلى أن نظام الانتخابات في لبنان، الذي يقسم المقاعد بالتساوي بين المسيحيين والمسلمين، قد منع حدوث تغيير كبير في نتائج الانتخابات. حتى لو كان الشريك المسيحي لميشيل عون قد حقق مكاسب أكبر، فإنها لم تكن كافية لتشكيل أغلبية مع حزب الله.

يشير النص أيضا إلى أن حزب الله، على الرغم من قوته، لا يشكل تهديدا حقيقيا لتحويل لبنان إلى إيران أخرى، حيث أن عون تتعاون مع حزب الله لتحقيق مصالحها السياسية، وليس لتحويل لبنان إلى إيران أخرى.

يشير النص إلى أن أي توجه ديني متطرف لا يناسب لبنان، الذي يتألف"
230,عادت بطلات العالم الألماني للسيدات في كرة القدم إلى فرانكفورت بعد 26 ساعة من الفوز على البرازيل في المباراة النهائية، حيث استغرقتهن رحلة بالطائرة لمدة 11 ساعة من شانغهاي إلى فرانكفورت. وقد تم استقبالهن بحفاوة في مطار فرانكفورت الدولي، حيث احتفى بهن الآلاف من المشجعين في ساحة روميربريغ. وقد تلقى الفريق التهاني من شخصيات بارزة، بما في ذلك مدرب المنتخب الألماني للرجال، الذي أشاد بالأداء القوي للفريق النسائي. وقد دخل الفريق الألماني التاريخ بنجاحه في الدفاع عن لقبه، حيث لم يسبق لأي فريق للسيدات أن نجح في ذلك من قبل. كما أن الفريق الألماني حافظ على شباكه نظيفة في جميع المباريات، وهو رقم قياسي. وقد تميزت المباراة النهائية ضد البرازيل بالإثارة منذ البداية، حيث انتهى الشوط الأول بالتعادل. ولكن قائدة الفريق
231,يزور الرئيس الأمريكي باراك أوباما السعودية الأسبوع المقبل لحضور قمة مع قادة دول مجلس التعاون الخليجي. تهدف الزيارة إلى تحسين العلاقات بين الولايات المتحدة والسعودية، التي توترت خلال فترة ولاية أوباما. ورغم أن هذه هي الزيارة الرابعة لأوباما إلى السعودية، إلا أن الزعيمين لا يزالان يختلفان بشأن الملف النووي الإيراني وثورات الربيع العربي. في غضون ذلك، أجرى ولي ولي العهد السعودي الأمير محمد بن سلمان محادثات مع وزير الخارجية الأمريكي جون كيري حول تعزيز الأمن والاستقرار في المنطقة. تشمل القمة المرتقبة في الرياض التعاون في مكافحة الإرهاب، ونقل قدرات الدفاع الحيوية إلى الشركاء في مجلس التعاون الخليجي، وتعزيز الدفاع الصاروخي الخليجي.
232,"أعلن نادي شالكه الألماني لكرة القدم أن مدربه الإيطالي روبرتو دي ماتيو استقال من منصبه بعد مراجعة حصيلة الموسم مع المدير الرياضي هورست هيلدت. وقال دي ماتيو: ""على الرغم من أن المحادثات مع هورست هيلدت كانت بناءة، إلا أنه بدا واضحاً لي أن النادي لديه أولويات أخرى، ولهذا السبب قررت الاستقالة من منصبي"". وكان شالكه يحتل المركز السادس في الدوري الألماني، وسيخوض الدور التمهيدي من الدوري الأوروبي ""يوروبا ليغ"" الموسم المقبل بدلاً من مشاركته في دوري أبطال أوروبا. وقد تولى دي ماتيو تدريب شالكه في السابع من أكتوبر/ تشرين الأول الماضي خلفاً لينتس كيلر."
233,"قضت محكمة جزائية في مدينة الخبر شرقي السعودية بالسجن ثماني سنوات و500 جلدة لسعودي ولبنانية بعد إدانتهما بـ""تهريب فتاة سعودية إلى بيروت وتنصيرها"". وأوضح محامي أسرة الفتاة، حمود الخالدي، أن الحكم تضمن سجن المتهم الأول 6 سنوات وجلده 300 جلدة، فيما سجن المتهم الثاني عامين وجلده 200 جلدة. وقد أعرب محامي المتهمين عن اعتراضهما على الحكم واعتزمهما تقديم مذكرة استئنافية. وقد بدأت المحكمة في نظر القضية في حزيران/يونيو الماضي، والتي تعد الأولى من نوعها على مستوى المملكة. وكان الأب والأم للفتاة قد اتهما المواطن والمقيم اللبناني بتنصير ابنتهما وتهريبها خارج المملكة إلى بيروت لتعيش في إحدى الكنائس. والفتاة مقيمة حاليا في عهدة منظمة حقوقية في"
234,"اللاجئون السوريون الذين فروا من بلدهم وصلوا إلى معسكر في قبرص بعد أن واجه قاربهم صعوبات قبالة سواحل الجزيرة. أكد وزير المالية البريطاني، فيليب أوزبورن، على ضرورة أن تفعل المملكة المتحدة المزيد لمساعدة اللاجئين، ودعا إلى ""إعادة النظر بشكل أساسي"" في كيفية استخدام الميزانية البالغة مليار جنيه استرليني. ستركز بريطانيا على اللاجئين القادمين مباشرة من سوريا، ومن المتوقع أن يعلن رئيس الوزراء البريطاني، ديفيد كاميرون، عن تفاصيل خطة الحكومة في بيان لمجلس العموم يوم الاثنين. تخطط ألمانيا لاستقبال آلاف اللاجئين السوريين، مع وصول حوالي 11,000 في عطلة نهاية الأسبوع ومن المتوقع أن يصل 10,000 آخرين يوم الأحد."
235,أعرب وزير تركي عن رغبة بلاده في تعزيز التعاون مع بغداد في مجال الطاقة، وذلك رداً على القلق الذي أعرب عنه العراق بشأن خطط حكومة إقليم كردستان لتصدير النفط عبر خط أنابيب ثان إلى تركيا. وأكد الوزير أن تركيا لن تستورد أي كميات من النفط دون موافقة الحكومة العراقية الاتحادية. وقد بدأ إقليم كردستان العراق بتصدير النفط بالشاحنات إلى تركيا منذ عام 2012، وقد حذرت بغداد من أن أي اتفاق بين تركيا وحكومة الإقليم قد ينتهك الاتفاقيات المبرمة بين البلدين. ومن جهة أخرى، أعلن وزير الموارد الطبيعية في حكومة الإقليم عن نية الإقليم بناء خط أنابيب جديد إلى تركيا لزيادة إنتاجه من النفط إلى ثلاثة ملايين برميل يوميا، على أن يمر الخط الجديد بموازاة خط كركوك-جيهان الذي تديره بغداد.
236,"في عام 2016، خصصت وزارة الداخلية الألمانية 160 مليون يورو لدعم الرياضة، وهو مبلغ حصل عليه عدد من الأندية الرياضية واللجنة الأولمبية الألمانية. ومع ذلك، يعتقد البعض أن هذه الأموال ليست كافية لتثبيت ألمانيا على منصة الذهب الأولمبي، حيث يتم توزيع الأموال على الجميع دون تفضيل نادي على آخر.

على النقيض من ذلك، تتبع بريطانيا سياسة الدعم الانتقائي، حيث تدعم الرياضات التي تحقق نتائج جيدة في الألعاب الأولمبية. حتى عام 2012، كانت بريطانيا تحتل المركز الثالث من حيث عدد الميداليات في الألعاب الأولمبية، وقد خصصت 440 مليون يورو لدعم الرياضة خلال الأربع سنوات الأخيرة وحتى دورة ريو الحالية.

في الولايات المتحدة، لا تحصل اللجنة الأولمبية على أي دعم حكومي، ويجب عليها البحث عن مصادر تمويل من المستثمرين والرعاة. وبين عامي 2009 و2012، أعلنت اللجنة الأولمبية الأمريكية"
237,"قال مسؤولون من جمهورية التشيك، التي تتولى الرئاسة الدورية للاتحاد الأوروبي، إن الاتحاد هدد بتخطي روسيا وأوكرانيا فيما يتعلق بالحصول على احتياجات الكتلة الأوروبية من الغاز الطبيعي، إذا ما تواصلت المخالفات التي تشهدها إمدادات الغاز الروسي التي تمر عبر أوكرانيا إلى أوروبا. الاتحاد الأوروبي مستعد لتسريع العمل في خطي أنابيب ""نورد ستريم"" و""ساوث ستريم""، اللذين سينقلان الغاز الروسي إلى أوروبا من دون المرور عبر أوكرانيا. الاتحاد الأوروبي سيدعم أيضاً خطط بناء خط أنابيب غاز نابوكو الذي سينقل غاز بحر قزوين إلى الاتحاد الأوروبي. الاتحاد الأوروبي قال إنه من المخطط الانتهاء من هذه خطوط الأنابيب في غضون عدة سنوات. الاتحاد الأوروبي رفض أن يقول كيف سيسرع بعملية التنفيذ. تقارير ذكرت أن إمدادات الغاز الروسي إلى أربع من دول الاتحاد الأوروبي تراجعت عن"
238,طالبت الحكومة الروسية شركة غوغل بحذف مقاطع الفيديو التي يدعو فيها المعارض ألكسي نافالني إلى الاحتجاج، حيث تعتبرها الحكومة خرقًا لقانون الانتخابات الروسي. وقد منعت غوغل، بناءً على القوانين المحلية في روسيا، محتوى يدعو إلى حملة سياسية قبل الانتخابات. وقد شهدت روسيا احتجاجات ضد رفع سن التقاعد، حيث اعتقلت الشرطة أكثر من 800 متظاهر. وقد طلب من غوغل حذف مقاطع الفيديو التي يدعو فيها نافالني إلى الاحتجاج الشهر الماضي.
239,أعلن فريق من العلماء الدوليين أن الحفريات المذهلة التي تم اكتشافها في شمال شرق الصين خلال العقدين الماضيين توفر نظرة فريدة على الحياة قبل 160 مليون سنة، خلال العصر الجوراسي. تتضمن هذه الحفريات الغريبة ديناصورات ذات ريش، وزواحف طائرة، وأقدم نوعين معروفين من الحيوانات الطائرة والمائية، وحيوان السلمندر. وأكد العلماء أن هذه الحفريات النباتية والحيوانية تمثل مزيجاً بيئياً فريداً حيث تم العثور عليها في نفس المكان وكانت تحت ظروف بيئية واحدة. على الرغم من أن السجل الحفري للحياة على الأرض غير كامل، إلا أن هذه الحفريات توفر نظرة فريدة على عصر شهد العديد من التغييرات، بما في ذلك ظهور الديناصورات ذات الريش، والحيوانات الطائرة والمائية الغريبة، والأسماك، والسحالي. تم اكتشاف الحفريات في مقاطعة لياونينغ الغربية
240,"أعلن الرئيس المصري عدلي منصور تمديد حالة الطوارئ في البلاد لمدة شهرين، وذلك بسبب تطورات الأوضاع الأمنية. وكان منصور قد أعلن حالة الطوارئ لأول مرة في 14 أغسطس/آب الماضي بعد فض اعتصامي رابعة العدوية والنهضة, ومنذ ذلك الحين تم تمديدها عدة مرات. تأتي هذه التطورات في ظل حالة عدم استقرار أمني تشهدها البلاد منذ الإطاحة بالرئيس محمد مرسي في الثالث من يوليو/تموز الماضي. وقد تصاعد العنف في سيناء بشكل خاص، حيث استهدفت الجماعات المتشددة قوات الأمن في هجمات متكررة. وقد نجا وزير الداخلية المصري محمد إبراهيم من محاولة اغتيال الخميس الماضي, وأعلنت جماعة ""أنصار بيت المقدس"" الجهادية مسؤوليتها عن الهجوم. وأكد الجيش أنه قتل نحو 100 من ""العناصر الإرهابية"" في سيناء خلال شهرين, قتلوا ما لا يقل عن 58 من قوات الأمن و21 من قوات الجيش و"
241,فرضت الاتحاد المصري لكرة القدم غرامة على نادي الزمالك بقيمة 30 ألف جنيه مصري بسبب حضور مشجعين في مباراة الزمالك مع الاسماعيلي، رغم الحظر المفروض على حضور الجماهير. وقد أكد النادي أن المشجعين الذين حضروا من ليبيا، ولكنهم قد يواجهون إجراءات قانونية. ولا يُسمح إلا لأعضاء مجالس إدارة الأندية ووسائل الإعلام بحضور المباريات منذ استئناف الدوري المصري في فبراير، وذلك بعد توقف بسبب أحداث شغب في مباراة الأهلي والمصري في بورسعيد العام الماضي.
242,هيومن رايتس ووتش ومكتب المفوض السامي لحقوق الإنسان في اليمن أفادتا بأن الحوثيين أغلقوا 33 منظمة في صنعاء منذ سيطرتهم على العاصمة اليمنية في سبتمبر 2014، وصادروا أصولها ومعداتها في العديد من الحالات. معظم هذه المنظمات، وخاصة تلك الموالية لحزب الإصلاح، منعت من إعادة النشاط. هذا القرار يأتي في خضم حملة من الاعتقالات والاختفاءات القسرية للنشطاء السياسيين ورموز المعارضة والصحافيين من قبل الحوثيين. نائب المدير التنفيذي لهيومن رايتس ووتش لقسم الشرق الأوسط وشمال أفريقيا، جو ستورك، أشار إلى أن الحوثيين يستخدمون هذا النهج القمعي لتضييق مساحة الديمقراطية في المناطق التي يسيطرون عليها.
243,"اليمن يواجه أزمة سياسية وعسكرية خطيرة، حيث يتقدم الحوثيون نحو عدن بعد سيطرتهم على صنعاء وملاحقتهم للرئيس عبد ربه منصور هادي إلى عدن. الباحث السياسي اليمني محمد عبده العبسي يشرح لـ DW عربية أسباب وتوقيت هذا التحرك، مشيراً إلى أن الحوثيين، الذين يسعون للسلطة، يتحركون بناءً على أجندة سياسية وتحالف مع الرئيس السابق علي عبد الله صالح.

ويرى العبسي أن عدن تمثل الثقل السياسي لليمن بعد انتقال الرئيس هادي إليها وفتح السفارات الخليجية، وبالتالي فإن التحرك العسكري الحوثي يهدف إلى إسقاط شرعية الرئيس هادي وقطع الطريق أمام الدعوة التي وجهها وزير الخارجية اليمني لتدخل قوات درع الجزيرة.

لكن العبسي يشير أيضاً إلى أن طلب وزير الخارجية اليمني لتدخل قوات درع الجزيرة كان خطأ استراتيجياً ساهم في تسريع تقدم الحوثيين نحو عدن، رغم أن الجماعة"
244,"يتصدر ليونيل ميسي، نجم برشلونة الأرجنتيني، لعبة كرة القدم منذ سنوات، وقد ساهم بشكل كبير في فوز النادي بالعديد من البطولات المحلية والدولية. ومع ذلك، يثير التحول الأخير في سوق الانتقالات، الذي تمثل في صفقة البرازيلي نيمار، قلق بعض مسؤولي النادي. وقد صرح بانشو شرودر، المدير المالي والاستراتيجي لبرشلونة، أنه لن يتفاجأ إذا ما حاول فريق آخر ضم ميسي عبر كسر الشرط الجزائي في عقده، والذي يبلغ 700 مليون يورو. وعلى الرغم من تجديد ميسي لتعاقده مع النادي الكتالوني في نوفمبر 2017، إلا أن رحيل نيمار إلى باريس سان جيرمان في صفقة قياسية يثير الشكوك حول قدرة برشلونة على الحفاظ على ميسي. وقد أشار شرودر إلى أن ""جنون"" كرة القدم قد يؤثر على رغبة ميسي في البقاء مع النادي مدى الحياة."
245,"في الجولة السادسة والأخيرة من الدور الأول للمجموعة الثانية عشرة من الدوري الأوروبي، حقق فريق فيردر بريمن الألماني فوزاً ساحقاً على مضيفه أتليتكو بلباو الإسباني بثلاثة أهداف نظيفة. وقد تم تسجيل الأهداف الثلاثة في الشوط الأول من المباراة، حيث سجل الهدف الأول اللاعب بيتزارو في الدقيقة 13، وسجل الهدف الثاني اللاعب البرازيلي نالدو في الدقيقة 20، وسجل الهدف الثالث اللاعب روزنبيرغ في الدقيقة 36. وبعد الاستراحة، حاول الفريق الأخضر الحفاظ على تقدمه دون بذل جهود كبيرة. هذا الفوز الهام ضمن لبريمن بطاقة التأهل إلى دور الـ 32 من الدوري الأوروبي، على رأس المجموعة الثانية عشرة.

في لقاء آخر ضمن منافسات المجموعة الرابعة، حقق فريق هيرتا برلين الألماني فوزاً مفاجئاً على فريق شبورتنغ لشبونة البرتغالي"
246,"يوم الأحد، 8 ديسمبر 2013، شهدت العراق سلسلة من التفجيرات بسيارات ملغومة أدت إلى مقتل 39 شخصًا وإصابة حوالي 120 شخصًا في أنحاء البلاد. استهدف المهاجمون شوارع تجارية مزدحمة في بغداد، ومن المتوقع أن ترتفع حصيلة القتلى بسبب العدد الهائل من المصابين الذي تجاوز الـ90. أعنف هجوم وقع في حي البياع الذي تقطنه أغلبية شيعية في بغداد، حيث انفجرت قنبلة في سيارة متوقفة قرب ورش لإصلاح السيارات، مما أدى إلى مقتل سبعة وإصابة 14. هذا العنف هو الأعلى منذ خمس سنوات على الأقل. بغداد تتعرض لتفجيرات بشكل يومي تقريبا، وتقول الأمم المتحدة إن أكثر من 8,000 قتلوا منذ بداية العام. حتى الآن، لم تعلن أي جهة مسؤوليتها عن تفجيرات اليوم، ولكن تنظيم القاعدة قد شدد قبضته على مناطق في أنحاء العراق"
247,"اختتم القمر الصناعي العلمي (دون) التابع لإدارة الطيران والفضاء الأمريكية (ناسا) يوم الجمعة رحلة فضائية استمرت لمدة سبعة أعوام ونصف العام إلى كوكب القزم سيريس، وهو أكبر الأجرام في حزام الكويكبات الواقع بين كوكبي المريخ والمشترى. وضع القمر الصناعي نفسه في مدار حول سيريس بعد زيارته لكويكب (فيستا)، حيث قارن مسؤولو ناسا حجم قطره البالغ 3480 كيلومترا بحجم القمر. ينتظر العلماء بشغف وصول أول صور قريبة لسيريس، الذي يعتقد أنه من الوحدات البنائية التي تخلفت عن نشأة كواكب المجموعة الشمسية قبل 4,6 مليار عام. أظهرت الصور الأولى التي أرسلها (دون) إلى الأرض بقع غامضة على سطح سيريس، بما في ذلك بقعتان براقتان داخل حفرة. يعتقد العلماء"
248,أسامة الملولي، السباح التونسي، أصبح أول سباح يفوز بالألقاب الأولمبية والعالمية في السباحة داخل الحوض والمياه المفتوحة. حقق هذا الإنجاز بفوزه بذهبية سباق خمسة كيلومترات في بطولة العالم في برشلونة، إسبانيا، متفوقاً على السباحين الكندي إريك هيدلين والألماني توماس لورتس. الملولي، الذي كان قد فاز سابقاً بذهبية سباق 800 متر حرة في بطولة العالم في ملبورن عام 2007، جرد من تلك الميدالية بسبب سقوطه في اختبار للكشف عن المنشطات. عاد الملولي إلى المنافسات وفاز بذهبية سباق 1500 متر حرة في الألعاب الأولمبية في بكين 2008 وفي بطولة العالم في روما عام 2009. في المياه المفتوحة، فاز الملولي بسباق الماراثون (عشرة كيلومترات) في الألعاب الأولمبية في لندن العام الماضي. الملولي وصف فوزه في سباق خمسة
249,أكد رئيس الوزراء البريطاني السابق، توني بلير، أنه سيكون سعيدًا بنشر مراسلاته مع الرئيس الأمريكي آنذاك، جورج بوش، بشأن قرار غزو العراق. وقد جاءت تصريحات بلير خلال منتدى اقتصادي في دافوس، حيث قال إن نشر التقرير الذي أعده لجنة التحقيق في حرب العراق سيساعده في الدفاع عن قراره. ومع ذلك، فقد أعرب السير جون تشيلكوت، رئيس اللجنة، عن عدم وجود أي احتمالية لنشر التقرير قبل الانتخابات العامة في بريطانيا في مايو/أيار القادم. وقد أعرب العديد من النواب عن غضبهم من هذا التأجيل.
250,زلماي خليل زاد، الذي يمثل الولايات المتحدة في مفاوضات السلام مع حركة طالبان الأفغانية، أعلن أن المحادثات كانت أكثر إنتاجية من أي مفاوضات سابقة بين الطرفين. وقد أعلن أنه سيعود إلى كابول للتشاور مع الحكومة الأفغانية حول النتائج. ولم يكشف خليل زاد عن تفاصيل محددة حول التقدم المحرز في المفاوضات، لكنه أشار إلى أن هناك قضايا لا تزال تحتاج إلى حل. طالبان أيضًا أكدت على التقدم المحرز في المفاوضات، لكنها قالت إن هناك المزيد من الجولات التي يجب إنجازها بخصوص الموضوعات المعلقة. طالبان تصر على عدم بدء التفاوض مع الحكومة الأفغانية إلا بعد الاتفاق على الانسحاب الكامل للقوات الأمريكية من البلاد وتحديد موعد لذلك.
251,"أيدت محكمة النقض المصرية، وهي أعلى محكمة مدنية في البلاد، حكمًا سابقًا ضد الناشط علاء عبد الفتاح في قضية ""أحداث مجلس الشورى""، حسبما ذكرت مصادر قضائية يوم الأربعاء. أيدت المحكمة الحكم السابق بالإضافة إلى حكم بالسجن وغرامة. في هذه القضية، أصدرت محكمة جنايات جنوب القاهرة، الدائرة 28، التي تجلس في معهد أمناء الشرطة، حكمًا بسجن علاء عبد الفتاح وأحمد عبد الرحمن بالسجن المشدد خمس سنوات وخمس سنوات تحت المراقبة وغرامة 100,000 جنيه مصري. في نفس القضية، حكمت المحكمة على بقية المتهمين بالسجن ثلاث سنوات وغرامة 100,000 جنيه مصري. كما حكمت المحكمة غيابيا على أربعة متهمين بالسجن 15 عامًا بتهمة سرقة جهاز اللاسلكي من أحد الضباط المكلفين بالتأمين والتظاهر بدون تصريح وإحراز الأسلحة البيضاء وتعطيل مصالح"
252,"تعرض شاب لاعتداء وحشي في الأردن، أدى إلى بتر ساعدي يديه وفقئ عينيه، من قبل مجموعة من الأشخاص على خلفية جريمة سابقة قام بها أحد أقاربه. وقد ألقت الشرطة القبض على المعتدين، الذي يضم سجل القائد في الجرائم 172 جرمًا. وقد أثارت الجريمة غضبًا واسعًا، وطالب كثيرون بتطبيق أشد العقوبات على المتهمين. كما أثار النقاش حول ""العطوة""، وهي هدنة مؤقتة بين عائلة القاتل وعائلة الضحية، وعبر البعض عن قلقهم من ""حل المشكلات بفنجان القهوة""."
253,أعلن الاتحاد الدولي لكرة القدم (الفيفا) عن اعتماد نظام جديد لتقنية خط المرمى، وذلك بعد نجاح التجربة في بطولة العالم للأندية في اليابان العام الماضي. الهدف من هذا النظام هو مساعدة الحكام وضمان دقة القرارات المتعلقة بتحديد ما إذا كانت الكرة قد عبرت خط المرمى بالكامل أم لا. سيتم تطبيق هذا النظام في جميع الملاعب التي تستضيف المباريات الدولية بعد اجتيازه للاختبارات اللازمة. ومع ذلك، لا يزال هناك بعض الاعتراضات والمخاوف من تأثير هذه التقنية بالسلب على اللعبة. وقد كان جوزيف بلاتر، رئيس الفيفا، في البداية معارضًا للفكرة، لكنه تغير لاحقًا ليصبح من أكبر المؤيدين لها. ومن الجدير بالذكر أن الاتحاد الإنجليزي لكرة القدم كان من أشد المؤيدين لهذا النظام، وذلك بعد الخطأ الذي ارتكبه حكم مباراة إنجلترا وألمانيا في كأس العالم الماضية، والذي أدى
254,خلص تقرير من وكالة المخابرات المركزية الأمريكية (سي آي أيه) إلى أن ولي العهد السعودي الأمير محمد بن سلمان وافق على قتل الصحفي جمال خاشقجي في عام 2018. وقد قرر الرئيس الأمريكي جو بايدن، الذي ركز على حقوق الإنسان في قراراته، نشر التقرير. في إجراء ذي صلة، أعلن بايدن أن إدارته ستدرج السعودية في قائمة العقوبات بسبب تورطها في قتل خاشقجي، وذلك في إعلان سيصدر الاثنين. كما عمل مكتب مراقبة الأصول الأجنبية في وزارة الخزانة الأمريكية على إدراج أحمد حسن محمد العسيري، النائب السابق لرئيس المخابرات العامة السعودية، وقوات التدخل السريع السعودية في قائمة العقوبات بسبب دورهما في قتل خاشقجي.
255,"بعد إغلاق 21 سفارة وقنصلية أمريكية في الشرق الأوسط يوم الأحد، أعلنت واشنطن أنها ستمدد إغلاق بعض بعثاتها الدبلوماسية، ولكنها أشارت إلى أنها فعلت ذلك بدافع الحذر وليس بسبب تهديد جديد. ومن بين البعثات التي ستفتح أبوابها يوم الاثنين بعد الإغلاق تلك الموجودة في الجزائر، وأفغانستان، والعراق. 

في الوقت نفسه، يبقى تحذير بشأن السفر على مستوى العالم أصدرته وزارة الخارجية الأمريكية يوم الجمعة ساري المفعول حتى نهاية أغسطس/آب. وقالت الوزارة إن هناك احتمالية لوقوع هجوم مستوحى من تنظيم القاعدة، مشيرة إلى أن هذا الاحتمال قوي بشكل خاص في منطقة الشرق الأوسط وشمال إفريقيا. 

وقالت الوزارة أيضا إن هناك احتمالية لوقوع هجمات تستهدف أنظمة المواصلات العامة وبنى تحتية سياحية أخرى، لذا يجب على الأمريكيين توخي الحذر. 

وقد تحدث بعض أعضاء الكونجرس، بما"
256,"أصدر ""العالم"" السعودي، الشيخ عبد الله بن محمد آل مبارك، فتوى تحظر على النساء مراجعة الأطباء دون ""محرم"". وجاء هذا بعد وفاة طالبة سعودية الأسبوع الماضي عندما منعت فرقة الإسعاف من دخول سكنها دون ""محرم"". وأكد الشيخ آل مبارك أن النساء لا يجب أن يراجعن الأطباء الذكور إلا في حالة عدم وجود طبيبات، وأنه في هذه الحالة يجب أن يكون معهن ""محرم"" وأن ينظر الطبيب فقط إلى مكان الألم."
257,"تأمل إيران والولايات المتحدة في تحقيق نتائج إيجابية خلال محادثات جنيف، حيث قدمت طهران مقترحات جديدة. وقد أشاد نائب وزير الخارجية الإيراني عباس عراقجي بالردود الإيجابية التي تلقتها من الجانب الغربي، مشيراً إلى أن العرض الذي قدمته طهران قد يسهم في حل الخلاف النووي. وقد تمت عقد محادثات ثنائية مباشرة بين الجانبين على هامش هذه المحادثات. وأكد الناطق باسم مفوضة الشؤون الخارجية في الاتحاد الأوروبي كاثرين أشتون وجود ""جو من التفاؤل الحذر"" خلال المحادثات، مشيرًا إلى أن الجانبين تبادلا ""العديد من الآراء الجيدة""."
258,"تتصاعد القلق بشأن الحالة الصحية للناشطة الصحراوية أميناتو حيدر، التي بدأ إضرابها عن الطعام منذ أسبوعه الرابع، في ظل تعمق الخلاف بين الرباط ومدريد بشأن عودتها إلى الصحراء الغربية. وقد وصفت رئيسة الفيدرالية الدولية لحقوق الإنسان سهير بلحسن الوضع بأنه ""خطير""، وحثت على إيجاد حل سريع للقضية. وقد زار قاضٍ إسباني أميناتو في المطار، مكلفًا بإنقاذ حياتها، لكنه لم يصدر بعد قراره بهذا الشأن. وقد رفض المغرب مرتين السماح بعودة أميناتو إلى العيون، مما أثار استياء السلطات الإسبانية، التي قالت إنها تواصل اتصالاتها مع الحكومة المغربية لحل القضية. من جهتها، اتهمت أميناتو الحكومة الإسبانية بممارسة ضغوط عليها لإنهاء إضرابها عن الطعام، وتعهدت بمواصلة الإضراب حتى إيجاد حل لق"
259,"صبي سنغافوري في السادسة عشرة من عمره، متأثرًا بمسلح نيوزيلندا، خطط لطعن ضحايا في هجوم مشابه لهجوم برنتون تارانت الذي قُتل فيه 51 شخصًا في مسجدين في كرايست تشيرش في مارس/آذار 2019. يُحتجز الصبي بموجب قانون الأمن الداخلي في سنغافورة، وهو أول معتقل بسبب تأثره بأيديولوجية اليمين المتطرف في البلاد. اعترف المراهق، الذي يُعتقد أنه كان يخطط للهجوم بمفرده، بأنه كان يعتزم مهاجمة مسجدين، وأن مشاهدة هجوم تارانت على الهواء مباشرة منحه ""اندفاعًا"". خطط في الأصل لاستخدام بندقية، لكنه قرر استخدام ساطور بدلاً من ذلك بسبب صعوبات في شراء سلاح ناري. اعترف المراهق بأنه كان يتوقع أن يُقتل أو ي"
260,"اقترب نادي بايرن ميونخ الألماني من ضم لاعب خط الوسط الفرنسي كورنتين توليسو من نادي ليون الفرنسي، وفقاً لصحيفة ""بيلد"" الألمانية. ومن المتوقع أن يجتاز توليسو الفحص الطبي ويوقع عقداً مع النادي، الذي دفع مبلغ 40 مليون يورو، مما يجعل الصفقة قياسية للنادي. يتوقع أن يحل توليسو محل الإسباني تشافي ألونسو، الذي اعتزل، وسيكون لاعب محوري في خط الوسط، قادراً على اللعب كلاعب وسط هجومي أو كظهير أيمن. لعب توليسو 47 مباراة مع ليون، سجل فيها 14 هدفاً وصنع سبعة أخرى، وقد أشاد به مدرب ليون برونو غينيسيو."
261,بدأت القوات العراقية، بما في ذلك الجيش والشرطة وحرس الحدود وقوات الحشد العشائري، بالإضافة إلى الطيران العراقي وقوات التحالف، عملية عسكرية لاستعادة مدينة الرطبة، الواقعة على الحدود مع الأردن، صباح اليوم الاثنين. تتضمن العملية، التي تتم من خلال محورين، الجنوبي والغربي، مكافحة الألغام التي زرعها تنظيم الدولة الإسلامية، الذي يسيطر على المدينة منذ عام 2014. على الرغم من أن تقدم القوات قد يكون بطيئًا بسبب الألغام، إلا أن القوات العراقية قتلت عددًا من مسلحي تنظيم الدولة الإسلامية، مع وقوع إصابات في صفوف القوات. تقع الرطبة على أحد أهم الممرات الحدودية بين العراق والأردن، وتعمل كمركز دعم لتنظيم الدولة الإسلامية في محاور القتال الرئيسية.
262,"يواجه الائتلاف الحكومي في المغرب تهديد التفكك بسبب الخلافات بين حزب الاستقلال، الذي أعلن عن انسحابه من الحكومة، ورئيس الحكومة، عبد الإله بن كيران. يطالب الأمين العام لحزب الاستقلال، حميد شباط، بتعديل الائتلاف الحكومي وتسريع أدائه، متهما الحكومة بالفشل في معالجة الملفات الاقتصادية والاجتماعية. وقد طلب الملك محمد السادس من شباط استمرار وزراء حزبه في الحكومة لحين عودته من الخارج، مما دفع الحزب إلى إصدار بيان يقدر حرص الملك على ""الاهتمام بضمان شروط الاستقرار وخدمة المصلحة العليا للوطن"". في حالة استمرار حزب الاستقلال في موقفه، قد يضطر الائتلاف الحكومي إلى التفكك، مما قد يؤدي إلى انتخابات برلمانية مبكرة أو تحالف مع أحزاب أخرى لضمان الأغلبية البرلمانية."
263,تقوم الشركة حاليا بوقف التسرب بواسطة جهاز جديد، بينما تتسرب كميات كبيرة من النفط من البئر. الجهاز السابق كان يستطيع احتواء نصف الكمية المتسربة فقط، والتي تقدر بنحو 50 ألف برميل يوميا. تأمل الشركة في احتواء النفط المتسرب حتى تتمكن من حفر بئرين جديدين قرب الحالي، حيث سيتم تحويل النفط إلى أحد الابار الجديدة وإغلاق البئر الحالية بشكل نهائي. يتم استخدام أجهزة الروبوت على عمق حوالي ميل تحت سطح البحر، وقد قامت بالفعل بفك الجهاز القديم. يتوقع الانتهاء من تركيب الجهاز الجديد بحلول الاثنين، وسيتم تقييم أدائه خلال 4 إلى 7 أيام. تقوم الشركة بسحب حوالي 25 ألف برميل من النفط المتسرب يوميا، وتتوقع أن تتمكن من السيطرة على التسرب بفضل تحسن الأحوال الجوية.
264,"في رسالته إلى الرئيس الأمريكي باراك أوباما، شرح عبد الرحمن، الشاب الفلسطيني من قطاع غزة، واقع شعبه الصعب، وخاصة قضية المعتقلين الفلسطينيين في السجون الإسرائيلية. ورغم قصر مدة زيارة أوباما وانشغالاتها، لا يزال عبد الرحمن ينتظر رد أوباما، متفائلا بأن رسالته قد وصلت بالفعل إلى مكتب الرئيس الأمريكي.

قد تتشابه آمال هذا الشاب الفلسطيني كثيرا مع آمال السلطة الفلسطينية المعلقة على زيارة الرئيس الامريكي. يسود العلاقات الدبلوماسية الامريكية الفلسطينية الفتور منذ حصول السلطة الفلسطينية على صفة دولة مراقب غير عضو في الجمعية العامة، لا سيما مع تعطيل تحويل المساعدات الامريكية المالية لخزينة السلطة الفلسطينية منذ نوفمبر الماضي. ورغم ذلك، لا تزال السلطة الفلسطينية تأمل في اطلاق الرئيس الامريكي لعملية سلام تطبق رؤية حل الدولتين.

وقال صائب عريقات، رئيس دائرة شؤون المفاوضات في منظمة التحرير الفلسطينية،"
265,"في اليمن، بلد فقير في جنوب شبه الجزيرة العربية، شعبية القات، وهو نبات يمضغ بعد مضغه، مرتفعة. رغم التحذيرات من خطر فيروس كورونا، يستمر الناس في زيارة سوق الجبلي لشراء القات، رافضين فكرة الإغلاق. يقول أحد السكان في صنعاء لوكالة فرانس برس: ""98% من الشعب اليمني سيرفض قرار إغلاق أسواق القات""، مضيفا أن الشعب اليمني يعتمد على القات للعيش. يقدر أن 90% من الذكور البالغين يمضغون القات لمدة ثلاث إلى أربع ساعات يوميا، بينما تمضغ النساء والأطفال أيضا النبات. في زمن فيروس كورونا، لا يلتزم الناس بقواعد التباعد الاجتماعي في سوق صنعاء، حيث يعرض تجار القات سلعهم للزبائن، رغم التدابير الوقائية التي أقرها المتمردون الحوثيون، بما في ذلك إغلاق المدارس وتعليق رحلات الأمم المتحدة."
266,كشف محمد عبد الله القرقاوي، وزير شؤون مجلس الوزراء في دولة الإمارات العربية المتحدة، أن بلده يخطط لاستخدام طائرات عمودية بدون طيار لتوصيل الوثائق الرسمية والطرود للمواطنين. هذه المبادرة، التي تعتبر الأولى من نوعها في العالم، تهدف إلى تحديث الخدمات الحكومية. تشبه الطائرة الفراشة، وتعمل بالبطاريات، وقطرها نصف متر، وتحمل حجيرة علوية لحمل الطرود الصغيرة. تم تصميمها بألوان بيضاء ومزينة بعلم الإمارات، وتعمل بأربعة محركات. سيتم اختبارها في دبي لمدة ستة أشهر قبل تعميمها في جميع أنحاء الإمارات خلال عام. ستشمل الخدمات في البداية تسليم بطاقات الهوية، رخص القيادة، والوثائق الرسمية الأخرى.
267,في ألمانيا، اقترح اليمين المتطرف حظراً شاملاً للنقاب، والذي سيطبق على الموظفات الحكوميات والجنديات والقضاة. هذا الحظر مشابه لذلك في فرنسا، التي منعت ارتداء النقاب في الأماكن العامة منذ عام 2011. ومع ذلك، لم تفرض ألمانيا حظراً شاملاً للنقاب، حيث سيكون هذا مخالفاً لدستور البلاد. وقد تلقت البلاد مؤخراً العديد من المهاجرين واللاجئين، معظمهم من الشرق الأوسط، مما أدى إلى زيادة القلق الأمني. وقد أعرب المسؤولون عن قلقهم بشأن الهجمات الإرهابية، بما في ذلك حادث الشاحنة الذي أدى إلى مقتل 12 شخصاً. وقد أشاد وزير الداخلية بمشروع القانون كخطوة نحو تسامح ألمانيا مع الثقافات الأخرى.
268,"أصدر الرئيس المصري محمد مرسي أول قانون له، والذي ألغى الحبس الاحتياطي للصحفيين في الجرائم التي ترتكبها الصحف، وذلك في تعديل للمادة 41 من قانون الصحافة رقم 96 لسنة 1996. ومع ذلك، تبقى جريمة إهانة الرئيس، المنصوص عليها في المادة 179 من قانون العقوبات، سارية، حيث يعاقب من يثبت ارتكابه لها بالسجن من 24 ساعة إلى 3 سنوات. وقد حكم على رئيس تحرير صحيفة ""الدستور"" المصرية المستقلة، اسلام عفيفي، بالحبس الاحتياطي في محاكمة بدأت اليوم بتهمة نشر معلومات كاذبة والتحريض على زعزعة استقرار البلاد."
269,"أدى هجوم إرهابي إلى مقتل ثمانية أشخاص في السعودية، بما في ذلك رجل شرطة. أدين ""تنظيم القاعدة"" السعودي، بقيادة أسامة بن لادن، بالمساعدة في هذا الهجوم. كان الهجوم على شركة أمريكية في ينبع، مما أدى إلى مقتل خمسة مواطنين أجانب (ثلاثة أمريكيين، وبريطانيين اثنين، وأسترالي، وكندي) بالإضافة إلى شرطي سعودي. كان أحد المتهمين، الذي حكم عليه بالإعدام، مسؤولاً عن صنع المتفجرات المستخدمة في الهجوم وتدرب مع أحد أعضاء المجموعة التي نفذت الهجوم، الذي قتل خلال الهجوم. حكم على المتهمين الآخرين بالسجن لمدد تتراوح بين ثلاث سنوات واثني عشر سنة. كما أدينوا بإيواء أحد المهاجمين، وحيازة أسلحة، وتمويل الهجوم."
270,أصدرت محكمة العدل الأوروبية (ECJ) حكماً يوم الخميس، 12 أبريل 2018، يفيد بأن اللاجئين القاصرين الذين وصلوا إلى أوروبا دون ذويهم يحتفظون بحقهم في لم شمل الأسرة، حتى لو بلغوا سن الرشد أثناء عملية طلب اللجوء. سيؤثر هذا الحكم على عشرات الآلاف من القاصرين الذين وصلوا دون عائلاتهم وتقدموا بطلبات لجوء في أوروبا، في ظل ارتفاع أصوات الأحزاب اليمينية الشعبوية لوقف عمليات لم الشمل. بدأت القضية تثار في أوروبا بعد أن واجهت هولندا حالة مع شابة إريترية، بلغت الثامنة عشر أثناء عملية طلب اللجوء، وبعد منحها حق اللجوء، أرادت لم شمل والدها، لكن المحكمة رفضت لأنها لم تعد قاصرة. يوضح الحكم أن اللاجئين الذين تقدموا بطلبات للحصول على اللجوء عندما كانوا تحت الثامنة عشر لديهم الحق في لم شمل الأسرة، حتى لو بلغ
271,أفاد المرصد السوري لحقوق الإنسان بمقتل 16 شخصا، بينهم ثلاثة أطفال وسيدتان، في غارة جوية استهدفت قرية كردية في محافظة الحسكة شمال شرق سوريا. من بين الضحايا أيضا مقاتلون في المعارضة. القرية، التي تضم تجمعا لمقاتلي المعارضة، قصفت من قبل طائرة حربية، مما أدى إلى مقتل مدنيين. كما ارتكب طيران النظام السوري مجزرة في قرية حداد، مما أدى إلى مقتل أكثر من 17 شخصا، بينهم أطفال ونساء. المنطقة تعتبر خازن الثروة الاقتصادية السورية، لاحتوائها على ثروات طبيعية ومائية. وفي حلب، استهدف انتحاري مركزا أمنيا، مما أدى إلى إصابة 18 شخصا بجروح، بينهم ثلاثة صحفيين يعملون في التلفزيون الرسمي السوري.
272,"في 15 مايو 2013، صوتت الجمعية العامة للأمم المتحدة لصالح مشروع قرار يدعو إلى وقف فوري للعنف في سوريا وتطبيق إصلاحات ديمقراطية. أدان القرار تصعيد النظام السوري للهجمات واستخدام قواته للأسلحة الثقيلة. كما دعا القرار إلى إجراء مفاوضات تشمل ""الائتلاف الوطني لقوى الثورة والمعارضة""، الذي تم الاعتراف به على أنه يمثل الشعب السوري. القرار، الذي تم تمريره بغالبية الأصوات، طالب بوقف جميع أشكال العنف والمشاركة في ""انتقال سياسي"" استناداً إلى إعلان جنيف في 2012، والذي يتضمن تشكيل حكومة انتقالية تمتلك صلاحيات تنفيذية كاملة، بما في ذلك الرئاسة والحكومة السورية. القرار، ومع ذلك، لم يتناول بوضوح مصير الرئيس بشار الأسد. من بين 107 دول صوتت لصالح القرار، كانت هناك 12 دولة صوتت ضده و59 دولة امتنعت عن التصويت. القرار، الذي"
273,أبلغ رئيس الوزراء الإسرائيلي بنيامين نتنياهو الرئيس الفلسطيني محمود عباس يوم الأحد 12 أبريل/نيسان 2009، عبر اتصال هاتفي، أنه يرغب في إجراء محادثات لدفع عملية السلام. يأتي هذا في ظل تواصل الجهود الدبلوماسية الدولية لإحياء مفاوضات السلام بين الطرفين. كما أعرب نتنياهو عن رغبته في تعزيز التعاون مع عباس في المستقبل. يأتي هذا الاتصال بعد أن تولى نتنياهو مهام منصبه قبل أسبوعين، وهو أول اتصال بين الزعيمين منذ ذلك الحين. ومن المتوقع أن يزور المبعوث الأمريكي جورج ميتشيل المنطقة الأسبوع القادم في إطار الجهود الدبلوماسية الأمريكية لدفع عملية السلام. وفي غضون ذلك، يقوم العاهل الأردني الملك عبد الله الثاني بزيارة إلى الولايات المتحدة حيث يلتقي الرئيس الأمريكي باراك أوباما. وقد أكد الملك عبد الله على أهمية تسريع عملية السلام لتحقيق حل الدولتين وتحقيق السلام الشامل.
274,في 23 يونيو 2013، وقعت اشتباكات في مدينة صيدا الساحلية في جنوب لبنان بين أتباع شيخ سلفي، أحمد الأسير، والجيش اللبناني. أسفرت هذه الاشتباكات عن مقتل ضابطين في الجيش وجندي، وإصابة آخرين. بدأ العنف عندما هاجمت مجموعة مسلحة تابعة للأسير حاجز الجيش في عبرا، صيدا، دون أي سبب، مما أدى إلى تدمير آليات الجيش. رداً على ذلك، اتخذ الجيش تدابير لتوقيف المهاجمين. بدأت الاشتباكات بين الجيش وجماعة الأسير في منطقة عبرا، لكنها سرعان ما تحولت إلى قتال بين عناصر من حزب الله الشيعي وأتباع الشيخ السلفي. أبلغ شهود عيان عن وقوع إصابات في صفوف المدنيين، وحرق أربع شقق، وفرار السكان من الأحياء المجاورة.
275,أعلنت السلطات التونسية تعليق رحلات الخطوط الإماراتية في ظل خلاف بعد منع تونسيات من السفر إلى الإمارات. وقالت وزارة النقل التونسية إن القرار جاء حتى تتمكن الشركة من تشغيل رحلاتها بما يتوافق مع القوانين والمعاهدات الدولية. وقد منعت الخطوط الإماراتية النساء التونسييات من السفر على رحلاتها، باستثناء النساء اللاتي يحملن إقامات أو جواز سفر دبلوماسي. وقد أثار القرار حالة من الغضب في تونس. ولم يتحدث مسؤولو البلدين بشكل علني عن أسباب القرار.
276,"حذرت الحكومة اليمنية الحوثيين من المضي قدما في تطويق صنعاء بمسلحي الحركة، مؤكدة أنها ستضطر لاستخدام كافة الوسائل المتاحة لحماية الأمن والقانون في حال عدم استجابة الحوثيين لمطالب ""الإجماع الوطني"". وأفرج الحوثيون عن وزير الدفاع اليمني اللواء محمود الصبيحي، الذي كان قد اختطفوه في وقت سابق من الشهر الجاري، بالإضافة إلى وزير الداخلية اللواء عبده الترب وأربعة من أبرز مستشاري الرئيس اليمني عبد ربه منصور هادي بعد وساطة قبلية. وفي تطور منفصل، أقر الرئيس اليمني تشكيل لجنة من كافة القوى السياسية للقاء زعيم الحوثيين لحثه على التراجع عن تهديداته بمحاصرة العاصمة صنعاء."
277,"انتقد جوزيه مورينيو لاعبي مان يونايتد، سمولنغ وشو، لغيابهما عن المباريات الأخيرة، مشيراً إلى أن عليهما القيام بكل ما في وسعهما من أجل الفريق. كان اللاعبان غائبين عن مباراة مان يونايتد ضد سوانزي، وكذلك مباراة إنجلترا ضد اسكتلندا في تصفيات كأس العالم. على الرغم من هذه الغيابات، قال المدير الفني المؤقت لمنتخب إنجلترا، جاريث ساوثجايت، إنه لم يعتبر اللاعبين ""مدللين"". شارك اللاعبان في مباريات هذا الموسم بعد تلقيهما مسكنات للآلام، وقال شو إنه ""مندهش"" من انتقادات مورينو."
278,يُنظر إلى تشكيل حكومة عراقية جديدة بسرعة على أنه أمر حاسم لمحاربة تنظيم الدولة الإسلامية، الذي سيطر على أجزاء واسعة من البلاد. يمكن أن يخفف هذا الإجراء التوتر بين الأغلبية الشيعية والأقلية السنية في العراق ويساعد الولايات المتحدة على تكثيف مساعداتها للحكومة. نجاح الحكومة يعتمد على تمثيل السنة بشكل واسع. من المتوقع أن يعلن الرئيس أوباما عن استراتيجية لمواجهة تنظيم الدولة الإسلامية بدون نشر قوات برية أمريكية يوم الأربعاء، وذلك عشية الذكرى الثالثة عشر لهجمات الحادي عشر من سبتمبر عام 2001 على الولايات المتحدة.
279,قرر الاتحاد الألماني لكرة القدم في اجتماع في فرانكفورت يوم 30 نوفمبر/تشرين الثاني 2020 الإبقاء على المدرب يوآخيم لوف (60 عامًا) في منصبه لقيادة المنتخب الألماني في بطولة كأس الأمم الأوروبية 2021 ومونديال قطر 2022. جاء القرار بعد اجتماع قمة بين كبار المسؤولين والمدرب، حيث أعرب الاتحاد عن ثقة كاملة في لوف، الذي تولى منصبه منذ عام 2006. وقد أوصى اللجنة الرئاسية والمدراء الفنيون بإبقاء لوف في منصبه. وكانت هناك تكهنات حول رحيل لوف عقب الهزيمة الثقيلة أمام إسبانيا بستة أهداف دون مقابل في دوري الأمم الأوروبية في وقت سابق من الشهر الجاري، لكنه تم تأجيله بعد أن قام لوف بتحليل مسيرة الفريق في العامين الأخيرين.
280,خالد مشعل، رئيس المكتب السياسي لحركة حماس، سيترأس وفداً من الحركة لزيارة الأردن. من المتوقع أن يضم الوفد أيضاً نائب رئيس المكتب السياسي للحركة، الدكتور موسى أبو مرزوق، وأعضاء المكتب السياسي محمد نزال، محمد نصر وعزت الرشق. هذه الزيارة تأتي استكمالاً للزيارة الأولى التي التقى فيها الوفد الملك عبدالله في يناير الماضي. ومن المتوقع أن يتم خلال هذه الزيارة مناقشة بعض القضايا والموضوعات ذات الاهتمام المشترك للشعبين الأردني والفلسطيني. ومع ذلك، لم يتم تأكيد ما إذا كان الوفد سيلتقي العاهل الأردني أم لا.
281,تسبب أزمة اللاجئين في جنوب السودان في فرار مليون شخص إلى دول مجاورة مثل السودان وإثيوبيا وكينيا وجمهورية الكونغو الديمقراطية وجمهورية أفريقيا الوسطى، حيث استقبلت أوغندا أكبر عدد من اللاجئين. تشكل النساء والأطفال 85% من إجمالي اللاجئين، وهم يحصلون على مساعدة من حكومة أوغندا، التي توفر لهم الأراضي لبناء المنازل والمزارع.
282,تغيب أمير قطر عن حضور القمة الخليجية، وأوفد رئيس الوزراء القطري لقيادة وفد بلاده. أثار ذلك تكهنات بين المغردين حول إمكانية حل الخلاف بين البلدين. وفي الأثناء، تسود أجواء إيجابية على تغريدات الخليجيين تحت وسمي #خليجنا_واحد_وشعبنا_واحد و #القمة_الخليجية_40.
283,يجتمع القادة السنة من مختلف المناطق في العراق في مؤتمر يهدف إلى تنسيق الجهود لمواجهة تنظيم الدولة الإسلامية. يتضمن المؤتمر، الذي يحضره نائب الرئيس العراقي أسامة النجفي ونائب رئيس الوزراء صالح المطلك، مناقشات حول الخيارات المتاحة لتسليح العشائر السنية. كما يبحث المؤتمر الوضع الأمني في المناطق التي يسيطر عليها تنظيم الدولة الإسلامية ويناقش آليات استعادة السيطرة على المدن. يأتي هذا المؤتمر في إطار جهود متزايدة من قبل المجتمع السني لمواجهة تنظيم الدولة الإسلامية.
284,وقع حادث قطار بالقرب من مدينة بالتيمور في الولايات المتحدة، حيث اشتعلت النيران في عدد من العربات، مما أدى إلى انقلاب 15 عربة. كان القطار يحمل مواد كيماوية، وتحديدا مادة كلورات الصوديوم، وهي مادة خطرة حسب تصنيف إدارة النقل الأمريكية. السائق في حالة حرجة. هذا الحادث هو الثالث من نوعه في الولايات المتحدة خلال أسبوعين. ورغم أن بعض العربات التي اشتعلت فيها النيران لم تكن تحمل مادة كلورات الصوديوم، إلا أن المواد التي انتشرت في مكان الحادث ليست سامة عند استنشاقها.
285,"أدانت وزارة الخارجية الفلسطينية قرار غواتيمالا نقل سفارتها إلى القدس، ووصفته بأنه ""عمل مخز"" و""غير قانوني""، مشيرة إلى أنه ينتهك القانون الدولي وقرارات مجلس الأمن والجمعية العامة. وقالت الوزارة إن قرار الرئيس جيمي موراليس جر بلاده إلى الجانب الخاطئ من التاريخ، مضيفة أنه كان غير مقبول. في هذه الأثناء، رحب رئيس الوزراء الإسرائيلي بنيامين نتانياهو بقرار غواتيمالا، واصفا إياه بـ ""المهم"". وكان رئيس غواتيمالا قد أعلن الأحد أن بلاده ستنقل سفارتها في إسرائيل إلى القدس."
286,"أكمل فرناندو الونسو يوم السبت 20 أبريل/نيسان أسرع لفة في حلبة الصخير الصحراوية في البحرين، مسجلاً دقيقة واحدة و33.247 ثانية. وكان هذا أسرع زمن حتى الآن في هذه الأسبوع، بينما حل سيباستيان فيتل ومارك ويبر من فريق رد بول في المركزين الثاني والثالث على التوالي.

ومع ذلك، بعد 37 دقيقة، تدحرجت سيارة الونسو خارج المنعطف الثاني، وانتهى بها الأمر في الحصى المحيط بالحلبة، لكن المحرك لم يتوقف. بعد العودة إلى حارة الصيانة للسماح للفنيين بضبط السيارة، عاد الونسو إلى الحلبة مرة أخرى لتسجيل أسرع زمن.

وكان فيتل ثانياً وويبر ثالثاً، مع تسجيل فيتل زمناً أبطأ بواقع 0.101 ثانية من السائق الإسباني،"
287,"أصدر فريق الرولينغ ستونز تصريحاً يعبر فيه عن رفضه لاستخدام دونالد ترامب، المرشح الجمهوري للرئاسة الأمريكية، موسيقاه في حملته الانتخابية. وقد طلب الفريق من حملة ترامب التوقف عن استخدام أغانيهم فوراً. 

هذا ليس الفريق الوحيد الذي يحتج على استخدام ترامب لموسيقاه، فقد سبقته المغنية البريطانية الشهيرة أديل، التي أعلنت أنها لم تأذن باستخدام أغانيها في أي حملة سياسية، بعد أن استخدمت حملة ترامب إحدى أغانيها في تجمعاته الانتخابية.

كما احتج فريق الروك الأمريكي ايروسميث على استخدام ترامب لموسيقى فريقه، وأرسل محامو مغني الفريق ستيفن تايلر رسالة نهي إلى ترامب، مشددين على أن استخدام حملته لأغنية الفريق ""استمر بالحلم Dream On"" يوحي بأن تايلر يؤيد ترامب،"
288,أكد الناطق باسم الرئاسة الفلسطينية نبيل أبو ردينة في بيان أن المجتمع الدولي رحب وشجع تشكيل حكومة التوافق الفلسطينية الجديدة، التي تضم شخصيات وطنية مستقلة، والتي ستعمل على الإعداد للانتخابات خلال ستة أشهر. وذلك رداً على دعوة رئيس الوزراء الإسرائيلي بنيامين نتنياهو إلى عدم الاعتراف بالحكومة الجديدة. وقد رفضت إسرائيل السماح لثلاثة وزراء فلسطينيين من غزة بالعبور إلى الضفة الغربية لأداء اليمين القانونية.
289,"أعلنت مجموعة فولكسفاغن أمس الأحد (13 يناير/ كانون الثاني 2013) أن مبيعاتها ارتفعت بنسبة 11.2 بالمائة في عام 2012 لتصل إلى 9.07 مليون سيارة، وهو رقم قياسي يعزز مركزها كثالث أكبر منتج للسيارات في العالم بعد تويوتا موتور كورب اليابانية وجنرال موتورز الأمريكية. وتبلغ مبيعات تويوتا 9.7 مليون سيارة، وجنرال موتورز 9.2 مليون سيارة، وفقاً للتقديرات، حيث لم تعلن أي من الشركتين عن أرقام مبيعاتها للعام الماضي. وتتوقع فولكسفاغن أن تصبح أكبر شركة سيارات في العالم من حيث المبيعات بحلول عام 2018. وقال رئيس الشركة الألمانية مارتن فينتركورن إن أداء المجموعة ""كان جيداً للغاية في ظل الظروف الصعبة"" التي يمر بها الاقتصاد العالمي. وفي الوقت نفسه، أعلنت شركة بورش الألمانية"
290,"بعد رحلة شاقة دامت أكثر من شهر، وصلت بسمة، اللاجئة السورية، إلى ألمانيا قادمة من سوريا، حيث كانت تعيش في ظل حرب ضارية. كانت بسمة تحمل معها طفليها، لكنها كانت تشعر بالقلق والخوف على مستقبل أولادها، وهو ما دفعها إلى التفكير في الهجرة إلى أوروبا.

قبل بضع ساعات من موعد نقلها بالقارب المطاطي (البلم)، علمت بسمة بحادثة غرق الطفل آلان الكردي أثناء محاولته وأسرته العبور إلى أوروبا. هذا الخبر أثر في بسمة بشكل كبير، ما دفعها إلى التراجع عن فكرتها والعودة إلى سوريا.

لكن الأمر لم يكن سهلاً بالنسبة لها، فقد واجهت بسمة صعوبات ومشقات كبيرة خلال رحلتها عبر الغابات للوصول إلى بلغاريا. فقد نامت بين الجرذان والحشرات، ولم تكن لديها طعام ولا شراب"
291,استدعى القضاة نتنياهو في جلسة استماع في تهم الفساد الموجهة إليه، وذلك قبل ستة أسابيع من الانتخابات العامة الرابعة في عامين. أقر نتنياهو بأنه قدم أجوبة مكتوبة، دافع فيها عن نفسه في مواجهة تهم الرشوة وخيانة الأمانة والاحتيال. قد يضطر نتنياهو إلى الاستقالة إذا أدين، غير أن هذا قد يستغرق أعوامًا. غادر نتنياهو قاعة المحكمة بعد 20 دقيقة من بدء الجلسة، مشيرًا إلى أنه لن يسمح للمحاكمة بالتدخل في عمل الحكومة.
292,"ذكر السيناتور لندسي غراهام أن عدد ضحايا الغارات الجوية التي تنفذها طائرات بدون طيار - وهي غارات تتجاوز المئات - لا يزال غامضا، حيث يرفض المسؤولون الأمريكيون الكشف عن هذا العدد. ومع ذلك، يتجاوز الرقم الذي أفصح عنه غراهام التقديرات المستقلة، حيث قال: ""لقد قتلنا 4700. أحيانا نقتل أبرياء، وأنا أكره ذلك، ولكننا نخوض حربا وقد قتلنا عددا من كبار قادة تنظيم القاعدة.""

على الرغم من الانتقادات الشديدة لهذه السياسة من قبل بعض أعضاء الكونغرس ونشطاء حقوق الإنسان، إلا أن غراهام دافع عن استخدام الرئيس أوباما لهذه الطائرات. وأكد على أن هذه الطائرات هي سلاح يجب استخدامه وهو سلاح تكتيكي.

من ناحية أخرى، نقلت وكالة فرانس برس عن باحث متخصص في الطائرات بدون طيار في مجلس العلاقات الخارجية"
293,"بوريس جونسون، النائب المحافظ المؤيد لخروج بريطانيا من الاتحاد الأوروبي بدون اتفاق، يتصدر نتائج التصويت بين ستة مرشحين لخلافة تيريزا ماي بعد حصوله على 126 صوتًا من أصل 313 من نواب الحزب المحافظين، حسبما أعلن الحزب. وقد تم استبعاد وزير شؤون بريكست السابق، دومينيك راب. جونسون، المعروف بمزاحه وزلاته، يعد بأن يكون الشخصية التي ستقود بريطانيا خلال مرحلة بريكست وأن ينقذ حزبه من خسارة محتملة في الانتخابات. ولكنه أثار تساؤلات حول كفاءته بعد تعهده بأن يقود بريطانيا خارج الاتحاد الأوروبي بحلول 31 أكتوبر وتوحيد البلاد المنقسمة. ومع ذلك، تلقى جونسون دعمًا جديدًا من منافسته السابقة في سباق الرئاسة، أندريا ليدسوم، التي قالت إنه ""الأقدر على إخراجنا من الاتحاد الأوروبي في نهاية"
294,صدق مجلس الشيوخ الأمريكي يوم السبت، 6 أكتوبر/ تشرين الأول 2018، على تعيين القاضي المحافظ بريت كافانو في المحكمة العليا، وذلك بعد أسابيع من الجدل السياسي والاتهامات بالاعتداء الجنسي، التي نفى كافانو ارتكابها. وقد صوت مجلس الشيوخ، الذي يهيمن عليه الجمهوريون، بأغلبية 50 إلى 48 لصالح كافانو، وسيؤدي اليمين قريبا. وكان الرئيس الأمريكي دونالد ترامب قد أشاد بمجلس الشيوخ لتأكيده مرشحه للمحكمة العليا، ومن المتوقع أن يوقع اليوم على تفويض تعيينه.
295,"توصف برامج الاستعراض القائمة على المنافسة، أو ""كاستينغ شوز""، بأنها من بين البرامج التلفزيونية الأكثر نجاحًا، حيث تجذب جمهورًا عالميًا. هذه البرامج شائعة بشكل خاص بين الشباب، الذين يناقشونها بشغف وأحياناً يشاركون في مناقشات حادة. كما أنها تثير انزعاج الأهل بسبب الوقت الذي يقضيه الأطفال في مشاهدتها. في ألمانيا، يعتبر برنامج ""ألمانيا تبحث عن نجم"" شائعًا بشكل خاص بين الشباب، حيث يشاهده أكثر من ستة ملايين شخص، وخاصة من قبل الطالبات في المدرسة الثانوية هانا (13 عامًا) وبيلين (12 عامًا)، اللواتي يستمتعن بمناقشة البرنامج مع زميلاتهن في الصف. تشير الأبحاث إلى أن هذه البرامج تؤثر في الشباب، حيث يميلون إلى تقليد نجوم"
296,أعلن الرئيس الأمريكي دونالد ترامب أن القمة التاريخية مع زعيم كوريا الشمالية كيم جونغ أون ستعقد في سنغافورة في 12 يونيو/حزيران 2018. هذا القرار يأتي بعد الإفراج عن ثلاثة أمريكيين من قبل كوريا الشمالية. ترامب وصفها بأنها لحظة مميزة جدا من أجل السلام العالمي.
297,"أطلق صاروخان من قطاع غزة على جنوب إسرائيل يوم الأربعاء دون أن يحدثا أي إصابات، وذلك بعد ساعات من شن إسرائيل لغارات جوية على القطاع لأول مرة منذ أربعة أشهر. وكانت الغارات الجوية الإسرائيلية يوم الثلاثاء قد استهدفت موقعين ""إرهابيين"" كبيرين في شمال قطاع غزة، وذلك رداً على إطلاق ثلاثة صواريخ على إسرائيل في وقت سابق من يوم الثلاثاء دون أن تحدث أي أضرار أو إصابات. وقد حذر وزير الدفاع الإسرائيلي موشيه يعلون من أن إسرائيل سترد على أي هجوم على أراضيها، وذلك بعد إطلاق صاروخ من غزة على جنوب إسرائيل وتبادل إطلاق النار بين إسرائيل وسوريا في هضبة الجولان. وأكد يعلون أن ""حماس"" تعتبر مسؤولة عن كل ما يتم إطلاقه من غزة على إسرائيل، وأنه لن يسمح بأي شكل من الأشكال بحصول عمليات إطلاق نار منتظمة على"
298,"تتواصل الاحتجاجات في محافظة البصرة جنوب العراق، حيث تجمع المئات من الأهالي في مناطق مختلفة وأغلقوا الطرق الرئيسية لمنع وصول البضائع والبضائع، وذلك احتجاجاً على تردي الخدمات الحكومية والفساد الحكومي.

من جهته، نفى مجلس محافظة البصرة الأنباء التي تحدثت عن إغلاق أي من المنافذ الحدودية بسبب التظاهرات، وحذر من تفاقم أزمة المياه في المدينة.

وقد أطلقت القوات الأمنية الرصاص الحي على المتظاهرين في المدينة، مما أدى إلى وقوع عدد من الإصابات.

وقد طالب المتظاهرون بمحاسبة القوات الأمنية التي تتجاوز وتعتدي عليهم، ومحاسبة الفاسدين الذين يدفعون تلك القوات لتلك الانتهاكات.

كما أكدوا على ضرورة توفير المياه الصالحة للشرب والتحرك الحكومي لإقامة مشاريع تصفية المياه وتوفير الخدمات.

ومنذ منتصف يوليو/تموز الماضي، تستمر الاحتجاجات في البصرة والعديد من محافظات وسط وجنوب العراق،"
299,ارتفع عدد ضحايا حرائق الغابات بالقرب من أثينا إلى 50 بعد العثور على 26 جثة أخرى، حسبما أفاد الصليب الأحمر ومسؤول محلي، مما يجعل العدد الإجمالي للقتلى 50. تم العثور على الجثث بالقرب من بلدة رافينا. وأصيب أكثر من 150 شخصاً، العديد منهم في حالة حرجة. تم تدمير معظم حي ماتي. تم إنقاذ أكثر من 700 شخص بواسطة قوارب مطاطية صغيرة من الشواطئ والكورنيشات بعد أن فروا من النيران. تم السيطرة على معظم الحرائق خلال الليل بعد أن هدأت قوة الرياح. شارك كل من الطائرات والمروحيات في إخماد النيران عند الفجر. أعلن عن حالة الطوارئ في منطقة العاصمة أثينا. قطع رئيس الوزراء اليوناني ألكسيس تسيبراس زيارته إلى البوسنة والهرسك وعاد إلى اليونان. أشار تسيبراس إلى أن بعض الحرائق قد تكون ناجمة عن نشاط
300,"البابا فرنسيس قديس ""شهداء أوترانتي""، 800 مسيحي قتلوا بقطع الرأس في عام 1480 لرفضهم التحول عن دينهم إلى الإسلام بأمر من القائد العثماني أحمد باشا. كانت هذه الحادثة جزءًا من محاولة السلطان محمد الثاني، المعروف باسم الفاتح، الاستيلاء على جزيرة رودوس بعد سقوط القسطنطينية في عام 1453. بعد تدمير أوترانتي، أمر القائد التركي بنقل الذكور الذين تتراوح أعمارهم بين 15 عامًا إلى معسكره وأجبرهم على إنكار إيمانهم. أنطونيو بريمالدو، إسكافي، هو من أعطى الرد الفوري، مؤكدًا إيمانهم بيسوع المسيح. تم قطع رؤوسهم على الفور. بدأ إحياء ذكراهم في أوترانتي منذ عام 1485، وتم الاعتراف رسميًا بطوباويتهم من قبل المرسوم الذي أقر"
301,تم تعديل حصيلة الهجوم في محطة دوسلدورف للقطارات في ألمانيا، حيث أصبحت الحصيلة النهائية تسعة مصابين، وفقاً للشرطة الألمانية. وكان سبعة من هؤلاء مصابون بجروح طفيفة، بينما أصيب اثنان بجروح خطيرة. وقد أصيب المشتبه به، الذي حاول الفرار بعد الهجوم، بجروح بالغة عند القفز من جسر. الدوافع وراء الهجوم لا تزال مجهولة.
302,استخدمت قوات الأمن الأوكرانية القوة لتفريق المحتجين في كييف، مطالبين باستقالة وزير الداخلية، وإجراء تحقيق في تصرفاته، واستقالة الحكومة، وإجراء انتخابات مبكرة. وقد أصيب العديد من المحتجين خلال فض المظاهرة. كما أعلن القيادي المعارض ارسيني ياتسينوك عن تشكيل فريق عمل للمقاومة الوطنية والتحضير لإضراب عام في أوكرانيا. وقد تجمع حوالي ألف شخص في إحدى الكنائس بعد استخدام قوات الأمن للقوة لتفريقهم في ميدان الاستقلال. وقد رفضت أوكرانيا توقيع اتفاقية مهمة مع الاتحاد الأوروبي تحت الضغط الروسي.
303,استقلت مريم يحي إبراهيم اسحق وعائلتها طائرة إيطالية حكومية مع لابو بيستيلي، نائب وزير الخارجية الإيطالي. وقد ولدت مريم لأب مسلم، وبالتالي فإنها، وفق التفسير السوداني للشريعة الإسلامية، تعتبر مسلمة ولا يحق لها اعتناق دين آخر. وقد تربت على يد والدتها المسيحية. تزوجت مريم دانيال واني، وهو مسيحي من جنوب السودان، ويحمل الجنسية الأمريكية أيضا. وقد ولدت ابنتهما مايا في شهر مايو/ أيار، في السجن، عقب الحكم على مريم بالإعدام بتهمة الردة، وهو ما أثار موجة سخط عالمية. وأفرجت السلطات السودانية عن مريم تحت ضغط دولي كبير، في شهر يونيو/ حزيران. ومنحت وثائق سفر من جنوب السودان، لكنها اعتقلت في مطار الخرطوم بتهمة تزوير وثائق هوية.
304,تظاهر الناس في الحسيمة، المغرب، بعد اعتقال ناصر الزفزافي واتهامه بتهديد الأمن القومي. وقد امتدت الاحتجاجات ضد البطالة والفساد إلى مدن أخرى، بما في ذلك الدار البيضاء والرباط. وقد اتُهِمت الحكومة بالفساد، وسوء استخدام السلطة، والظلم، مما أدى إلى احتجاجات كبيرة بعد وفاة بائع السمك، محسن فكري، في أكتوبر/تشرين الأول. ومنذ ذلك الحين، استمرت المظاهرات في المغرب، حيث تواجه شرطة مكافحة الشغب المتظاهرين في بعض الأحيان.
305,"توجهت المنافسة بين شركات السيارات الكبرى إلى معرض فرانكفورت الدولي للسيارات، حيث أقامت الشركات الكبرى أجنحة ضخمة لعرض منتجاتها. أعلن الرئيس التنفيذي لشركة فولكسفاغن، مارتن فينتركورن، أن الشركة تهدف إلى بيع 9.5 مليون سيارة هذا العام، مقارنة بـ 9.3 مليون في عام 2012. يشغل جناح فولكسفاغن مساحة 8893 متر مربع، مع إضاءة 2350 مصباح ""إل إي دي"" واستخدام 150 ألف واط من الكهرباء لتشغيل السماعات. تحتل شركة أودي الألمانية القاعتين الثالثة والرابعة من المعرض، حيث تحتاج إلى 150 كيلومتراً من كوابل الكهرباء لإضاءة شاشات العرض التي تزيد عن 11 مليون بيكسل. تخطط شركة فورد الأمريكية لإطلاق 38 ألف بالون في الهواء للترويج لسياراتها، بينما استخدمت شركة تويوتا اليابانية لصناعة السيارات 6 آلاف متر مربع"
306,"منظمة هيومان رايتس ووتش (HRW) في تقريرها الصادر يوم الثلاثاء، وثقت حالات 28 معارضاً في مصر، بينهم إعلاميون ونشطاء سياسيون وحقوقيون، خلال الثلاث سنوات الأخيرة. وقالت المنظمة إن أهالي هؤلاء المعارضين المقيمين في مصر يتعرضون للملاحقة والتضييق الأمني. وقال جو ستورك، نائب المدير التنفيذي للشرق الأوسط وشمال أفريقيا في HRW: ""في سبيل تصميمها على إسكات المعارضة، تعاقب السلطات المصرية عائلات المعارضين المقيمين في الخارج"". وأضاف ستورك: ""ينبغي للحكومة وقف هذه الهجمات الانتقامية التي ترقى إلى مستوى العقاب الجماعي"". 

وأضافت المنظمة أن بعض أقارب المعارضين الذين قابلتهم قالوا إنهم يتجنبون انتقاد الحكومة أو المشاركة في أي نشاط معارض خوفاً على سلامة عائلاتهم المقيمة داخل مصر. 

ومن بين الحالات التي وثقتها HRW"
307,"وفقًا لدراسة من المركز الدولي لأبحاث السرطان التابع لمنظمة الصحة العالمية، يسبب الكحول أكثر من 700,000 إصابة بالسرطان سنويًا ويؤدي إلى وفاة 365,000 شخص. تشمل أنواع السرطانات المرتبطة بالكحول سرطان الكبد، والمرئ، والقولون، والثدي، وغيرها. يقول الخبراء أن العديد من الناس لا يعرفون أن الكحول يمكن أن يكون سببًا رئيسيًا للسرطان. تشير البيانات من عام 2012 إلى أن الكحول مسؤول عن 5% من الإصابات بالسرطان و 4.5% من الوفيات الناجمة عن هذه الإصابات على مستوى العالم. المناطق الأكثر تأثرًا تشمل أستراليا وأمريكا الشمالية وأوروبا، وخاصة الشرق، حيث يكون استهلاك الكحول أعلى. يزداد خطر الإصابة بسرطان الثدي بشكل خاص، حيث يشكل حوالي 27% من جميع حالات سرطان الثدي الناجمة عن الكحول. كما يزيد"
308,"قام الانفصاليون المؤيدون لروسيا في أوكرانيا باحتجاز أربعة مراقبين تابعين لمنظمة الأمن والتعاون في أوروبا، رغم أنهم يقولون أن المراقبين بصحة جيدة ووعدوا بإطلاق سراحهم قريبا. وقد عين فياتشيسلاف بوناماريف، الذي عين نفسه ""عمدة شعبيا"" لمدينة سلوفيانسك، نفسه وسيطا في هذا الشأن ولم يطالب بأي شروط مقابل إطلاق سراحهم. وقد فقد الاتصال بواحدة من فرق المراقبين التابعين للمنظمة في دونيتسك مساء الاثنين الماضي. وقد سبق للانفصاليين أن احتجزوا مراقبين تابعين للمنظمة."
309,قال جوناثان، القائد في نيجيريا، إن بوكوحرام، وهي جماعة إسلامية متشددة، تعمل كالأشباح، مما يجعل من الصعب منح العفو. وقد أعرب سلطان سوكوتو عن اعتقاده بأن العفو يمكن أن ينهي العنف في شمال نيجيريا. ومع ذلك، رفض الرئيس جوناثان، خلال زيارته للشمال، فكرة منح العفو لبوكوحرام، مستشهداً بماضي الجماعة العنيف. وتهدف بوكوحرام إلى إقامة إمارة إسلامية في شمال نيجيريا ذي الأغلبية المسلمة، واتهمت بعملياتها العنيفة التي أسفرت عن مقتل 1400 شخص منذ عام 2010.
310,أفادت مصادر أمنية أن الأهداف قد تكون شاحنات أسلحة متجهة من سوريا إلى حزب الله، وفقاً للوكالة الوطنية للإعلام. كما أفاد المرصد السوري لحقوق الإنسان أن الهدف كان قاعدة صواريخ تابعة لحزب الله. ومع ذلك، نفى تلفزيون المنار التابع لحزب الله وقوع أي غارة إسرائيلية داخل الأراضي اللبنانية، دون تقديم مزيد من التفاصيل.
311,"وفقا للشرطة العراقية ومقاتلون عشائريون مؤيدون للحكومة، فقد اجتاح مقاتلو تنظيم ""الدولة الإسلامية"" (داعش) الخط الدفاعي الحكومي في حصيبة، والتي تبعد حوالي عشرة كيلومترات من مدينة الرمادي، التي استيلاء عليها داعش هذا الأسبوع. وفي وقت لاحق، أكدت الشرطة أن داعش قد أحكم سيطرته على منطقة المضيف شرقي الرمادي بعد انسحاب القوات العراقية منها. وقد توغل داعش إلى هذه المنطقة، مما أدى إلى بسط سيطرته عليها، وهذا بعد انسحاب فوج من الشرطة الاتحادية. وفي الوقت نفسه، وصلت تعزيزات عسكرية لمساعدة مقاتلي العشائر لمنع تقدم داعش نحو قضاء الخالدية. وفي الوقت نفسه، شهدت مناطق في بعقوبة سلسلة من الهجمات التي أسفرت عن مقتل 52 شخصا، معظمهم من مقاتلي داعش، وإصابة شخصين، واعتقال 11 من داعش."
312,"قال وزير الخارجية المصري، أحمد أبو الغيط، إن الوضع الحالي بين الشمال والجنوب سيؤدي إلى انفصال الجنوب، وذلك في لقاء مع التلفزيون المصري الحكومي. وقال أبو الغيط إن ""الوحدة لم تعد خياراً ممكناً""، مشيراً إلى أن مصر قد عقدت محادثات مع الطرفين، لكن ""لم تكن هناك جهود جادة أو حقيقية من قبل الطرفين للجلوس سوياً"". يأتي هذا قبل حوالي خمسة أسابيع من الاستفتاء على مصير جنوب السودان المقرر في 9 يناير/ كانون الثاني المقبل، وهو من أهم البنود التي نص عليها اتفاق السلام الشامل الموقع بين الحكومة السودانية والحركة الشعبية لتحرير السودان عام 2005."
313,"يتحدث النص عن مشكلة شائعة بين الأزواج، حيث يميل الرجال إلى الصمت بعد عودتهم من العمل، وهو ما يثير قلق زوجاتهم. تشير بعض النظريات إلى أن الرجال قد يشعرون بالإرهاق من تفاعلاتهم اليومية مع الزملاء، وبالتالي فإن رغبتهم في الكلام تكون محدودة. بينما تميل الزوجات إلى توقع المزيد من التواصل من أزواجهن، وغالبًا ما يزعجهن عدم الرد.

ينصح النص الزوجات بمساعدة أزواجهن على الاسترخاء بأخذ قسط من الراحة لمدة ساعة على الأقل قبل بدء المحادثة. يمكن أن يكون الحديث عن مشاكل تربية الأطفال أو الأعمال المنزلية محفزًا للرجال لفتح قلوبهم. ومع ذلك، قد يفضل بعض الرجال الصمت بدلاً من التعامل مع الشكاوى المستمرة.

في بعض الحالات، قد يتجنب الرجال المحادثات أثناء الزيارات العائلية أو الخروجات المشتركة بسبب عدم"
314,"تمكن النجم الألماني ميروسلاف كلوزه من إنقاذ منتخب بلاده من الخسارة أمام المنتخب الغاني، بقيادة النجم أندري أيو، ليقود الفريق لتعادل مثير بهدفين لكل فريق في الجولة الثانية من المجموعة السابعة بنهائيات كأس العالم لكرة القدم في البرازيل. 

المباراة, التي جرت مساء السبت 21 يونيو/حزيران، شهدت ندية وإثارة في الشوط الثاني الذي شهد تسجيل الأهداف الأربعة. ورغم أن المنتخب الألماني كان الأفضل في الشوط الأول, إلا أن المنتخب الغاني أظهر أداءً بطولياً في الشوط الثاني. 

افتتح اللاعب الألماني ماريو جوتزه النتيجة لمصلحة ألمانيا في الدقيقة 51، قبل أن يتعادل أندري أيو للمنتخب الغاني بعد ثلاث دقائق فقط. بعدها أضاف النجم الغاني أسامواه جيان الهدف الثاني لغانا في الدقيقة 63،"
315,"أجرت جامعة هومبولت في برلين دراسة ميدانية لدراسة العلاقة بين الشباب واستخدام الكمبيوتر والإنترنت. أظهرت الدراسة، التي أجريت بين عامي 2005 و2009 وشملت خمسة آلاف ومائتي طالب من ولايات ألمانية مختلفة، أن 4% منهم يفرطون في استخدام الكمبيوتر، وأن 1.4% فقط من الشباب الذين تتراوح أعمارهم بين 12 و19 عامًا يمكن تصنيفهم كمدمنين على الكمبيوتر. 

قالت الباحثة سابينه مايكسنر إن هذه النتائج تقلل من نسبة الشباب الذين يتعاملون مع الكمبيوتر بشكل مرضي في ألمانيا، التي كانت تقدر بـ17%. وأضافت أن الشباب الذين يستخدمون الكمبيوتر لمدة 35 ساعة في الأسبوع أكثر عرضة للإدمان، بينما الشباب الذين يستخدمونه لمدة 28 ساعة في الأسبوع يكونون مهددين بخطر الإدمان.

أوضحت الدراسة أن الذكور من"
316,"قتل أربعة من عناصر الشرطة وأصيب عشرة آخرون في اشتباكات مع مسلحين في منطقة السيدية بالعاصمة بغداد، وفقاً لمصدر في وزارة الداخلية. اندلعت الاشتباكات بعد أن قام مسلحون بسرقة سيارة والتوجه بها إلى منزل حيث قامت الشرطة بمداهمته بعد تلقي بلاغ من صاحب السيارة. عثر في المنزل على سيارة مفخخة تحتوي على مواد متفجرة، وقنابل يدوية، ومسدسات، وقذائف ""أر بي جي""، بالإضافة إلى جثث أربعة من عناصر الشرطة وستة جرحى."
317,يلتقي المنتخب الألماني مع المنتخب الإنجليزي في مباراة ودية على ملعب الأولمبي في برلين يوم الأربعاء، 19 نوفمبر. تعتبر هذه المباراة مهمة للمنتخب الألماني، حيث يرى مدربه، يواخيم لوف، المنتخب الإنجليزي كخصم قوي. ينوي لوف تجربة بعض اللاعبين الجدد في هذه المباراة، بما في ذلك مارفين كومبر، وتوبياس فايس، وماركيل شايفر. يتوقع أن يكون غياب بعض اللاعبين الأساسيين عن المنتخب الإنجليزي، مثل فيليب لام، له تأثير كبير على أداء الفريق. يتوقع أن تشهد المباراة مشاركة عدد من المشجعين الإنجليز، لكن الشرطة الألمانية مستعدة للتعامل مع أي شغب محتمل.
318,أعلنت وزيرة الدفاع الألمانية أورزولا فون دير لاين أن ألمانيا تعتزم الإبقاء على قواتها في تركيا لحين انتهاء الأزمة السورية. خلال زيارتها للقوات الألمانية في تركيا، حذرت فون دير لاين المجتمع الدولي من إهمال الأوضاع في سوريا، قائلة إن الأزمة السورية يجب أن تكون في قمة أولويات المجتمع الدولي. تفقدت الوزيرة الجنود الألمان المشاركين في مهمة الناتو في تركيا، والتي تهدف إلى حماية الحدود التركية من هجمات محتملة من سوريا. يأتي هذا في ظل التوتر بين تركيا وسوريا بعد أن قصف الجيش التركي مقاتلة سورية.
319,"أعلن رئيس الوزراء الإثيوبي آبي أحمد أن قوات إقليم تيغراي في حالة فوضى، وذلك في بيان يتناقض مع الرواية التي قدمتها جبهة تحرير شعب تيغراي. وقد استولت القوات الفيدرالية على ميكيلي، عاصمة الإقليم، من مقاتلي جبهة تحرير شعب تيغراي، وأعلنت انتهاء الهجوم. ويخشى الخبراء من تمرد طويل الأمد قد يكون له تأثير مزعزع للاستقرار في شرق أفريقيا. ومعظم الاتصالات مقطوعة، وتوجد قيود على حركة العاملين في المجال الإنساني ووسائل الإعلام، مما يجعل التحقق من التقارير المتعارضة أمرًا صعبًا. وقد أودى الصراع بحياة آلاف الأشخاص، وأدى إلى فرار حوالي 50,000 لاجئ إلى السودان، وأثارت جبهة تحرير شعب تيغراي انقسامات عرقية، ونزع سلاح المقاتلين التيغريين المشاركين في قوات إثيوبيا لحفظ السلام تحارب المسلحين المرتبطين بالقاعدة"
320,أيدت محكمة النقض المصرية حكماً بالسجن المشدد لعشر سنوات على شرطيين أدينا بقتل الناشط خالد سعيد في عام 2011، وهو الحكم الذي اعتبرته المحكمة نهائياً وباتاً. وكانت قضية خالد سعيد قد أثارت جدلاً واسعاً وأدت إلى اندلاع احتجاجات واسعة النطاق أدت بدورها إلى الإطاحة بنظام الرئيس الأسبق حسني مبارك.
321,"الرئيس الفرنسي إيمانويل ماكرون والمستشارة الألمانية أنغيلا ميركل طلبا من الرئيس الروسي فلاديمير بوتين دعم مشروع قرار لمجلس الأمن الدولي يطالب بوقف لإطلاق النار في سوريا لمدة 30 يوما، وذلك في رسالة مشتركة، بحسب بيان للإليزيه. القصف المستمر على الغوطة الشرقية أدى إلى مقتل المئات من المدنيين، بينهم العديد من الأطفال، منذ بداية القصف. الاتحاد الأوروبي يطالب بوقف فوري للهجمات على المدنيين في الغوطة الشرقية، ويعرب عن ""الرعب الذي يتعرض له شعب الغوطة الشرقية"". الاتحاد الأوروبي يدعم مشروع قرار لمجلس الأمن الدولي يدعو إلى هدنة إنسانية مدتها 30 يوما في أنحاء سوريا."
322,عقدت في منزل الرئيس الفلسطيني محمود عباس في غزة اجتماع يهدف إلى تعزيز الوحدة الفلسطينية قبل مؤتمر المانحين المرتقب لمناقشة إعادة إعمار غزة. تسعى حكومة الوحدة الوطنية، التي تم تشكيلها في يونيو بعد اتفاق مصالحة بين فتح وحماس، إلى جمع أربعة مليارات دولار لإعادة بناء البنية التحتية التي دمرتها الحرب الإسرائيلية في غزة خلال شهري يوليو-أغسطس والحصار المستمر منذ عام 2007. أكد رئيس الوزراء رامي الحمد الله على أن الحكومة تعتبر إعادة الحياة في غزة إلى الحياة الطبيعية الآمنة الكاملة ووحدة الأراضي الفلسطينية أمرًا بالغ الأهمية، وذلك خلال زيارته لأحياء غزة التي تضررت بشدة من الحرب الإسرائيلية. من المقرر أن يعقد مؤتمر المانحين في القاهرة يوم الأحد، حيث من المتوقع أن يناقش إعادة إعمار غزة.
323,يحقق المحققون في مقتل الطالب الإيطالي جوليو ريجيني في مصر في عام 2016. يرغبون في معرفة سبب اختياره لموضوع البحث وما إذا كان أحد الأشخاص قد وضعه في خطر. وقد تم بالفعل مصادرة متعلقات من منزل المشرفة على البحث، مها عبد الرحمن، في بريطانيا. يرغب المحققون الإيطاليون في فحص بيانات هاتف المشرفة خلال الفترة من 2015 إلى 2016. كما يرغبون في تحديد دور الأكاديمية في مشروع البحث الذي أجراه ريجيني. كانت القضية قد تسببت في توتر بين إيطاليا ومصر.
324,"القوات الشعبية، وهي قوى عسكرية موالية للحكومة السورية ومدعومة منها، ستكون هي القوات الموجودة في منطقة عفرين وفقًا لمصادر سورية. هذا القرار يهدف إلى تفنيد الذرائع لأولئك الذين يريدون تعطيل الاتفاق بين الحكومة السورية ووحدات حماية الشعب الكردية. 

من ناحية أخرى، أكدت مصادر من وحدات حماية الشعب الكردية أنها توصلت إلى اتفاق مع الحكومة السورية يسمح بدخول القوات السورية إلى منطقة عفرين للمساعدة في صد الهجوم التركي. ولكن، لم تعلق الحكومة السورية على هذا الاتفاق حتى الآن.

تعتبر تركيا وحدات حماية الشعب الكردية جماعة إرهابية، وامتدادا لحزب العمال الكردستاني، ولكن الميليشيا الكردية تنفي وجود أي صلة مباشرة بالحزب المحظور في تركيا.

حتى الآن، لا يوجد أي عناصر من الجيش السوري في منطقة عفرين. وأكد المسؤول الكردي البارز بدران جيا كرد أن ""قوات الجيش"
325,"أثارت مدونة يوتيوب تدعى سارة أبو جاد جدلاً واسعاً عبر مواقع التواصل الاجتماعي بعد استخدامها لرضيع أسود البشرة في مقلبها مع زوج أختها. واعتبر مدونون أن تصرف سارة ينم عن عنصرية وطالبوا بمحاسبتها. وعلى الجانب الآخر، دافع آخرون عن سارة، التي ظهرت في مقطع جديد تؤكد فيه أنها ""ليست عنصرية""، قائلين إن ""الأمر مجرد دعابة"". وفي ظل هذا الجدل، دشن نشطاء مغاربة صفحات عبر فيسبوك تطالب بإعادة النظر في محتوى يوتيوب وحماية الذوق العام. وتحت وسم ""#باراكا_من_التفاهة (كفى تفاهة)"", دعا آخرون إلى الإبلاغ عن القنوات غير اللائقة بهدف دفع يوتيوب إلى إغلاقها. ومن بين القنوات التي دأب المغاربة على متابعتها عبر موقع يوتيوب: ""با عز الدين"" و""لالة نعيمة"""
326,في مباراة الذهاب، تمكن تشيلسي من الفوز على بازل السويسري بثلاثة أهداف لهدف واحد، مستفيدين من فوزهم السابق في بازل. وفي مباراة أخرى، تمكن بنفيكا من قلب خسارته في مباراة الذهاب بهدف للا شئ إلى فوز ضمن تأهله إلى المباراة النهائية، وذلك بفضل هدفين سجلهما اوسكار كاردوزو في الدقيقتين 35 و66. يسعى تشيلسي للفوز بالبطولة لتعويض خروجه المبكر من دوري الأبطال الأوروبي، وسيكون أول نادي إنجليزي يفوز باللقب منذ فوز ليفربول في عام 2001 إذا فاز بالبطولة.
327,بعد العثور على مادة الريسين السامة في شقة رجل تونسي في كولونيا، ألمانيا، قامت الشرطة ومكتب الطب الشرعي بتفتيش عدة منازل فارغة في نفس المبنى، بما في ذلك شقة الرجل التونسي. تم ارتداء ملابس واقية أثناء عملية التفتيش، التي كانت تهدف إلى التحقق مما إذا كانت كميات أخرى من الريسين أو مواد أخرى تحتوي على الريسين مخزنة هناك. تم اعتقال التونسي، الذي يدعى سيف الله ح، البالغ من العمر 29 عامًا، بعد العثور على مادة الريسين في شقته. وقال رئيس وكالة الاستخبارات الداخلية الألمانية، هانز غيورغ ماسين، إن الاعتقال قد يكون منع هجوم إرهابي، حيث كان لدى الرجل ما يكفي من المواد لإنتاج ما بين 250 وألف جرعة من مادة الريسين السامة.
328,"قررت شركة فرنسية، بعد تعرضها لـ ""موجة إهانات"" و""تهديدات غير مسبوقة""، سحب منتجها الذي كان من المقرر بيعه في فرنسا. يأتي هذا القرار بعد أن قالت الشركة في البداية أن المنتج، وهو غطاء رأس خفيف وموحد اللون، سيتم بيعه في 49 دولة، بما في ذلك فرنسا، بداية من مارس. وقد أثار هذا القرار جدلا في فرنسا، حيث انتقده بعض السياسيين بسبب تعارضه مع القيم العلمانية في البلاد، ودعوا إلى مقاطعة المنتج. كما أثار هذا القرار انتقادات من قبل أحزاب سياسية أخرى، بما في ذلك حزب الرئيس إيمانويل ماكرون، الذي دعا أيضا إلى مقاطعة المنتج. وقد دافعت الشركة عن منتجها في البداية، ولكن بعد موجة الردود العنيفة، قررت سحب المنتج."
329,"أجرت دراسة في ألمانيا أجراها معهد الاقتصاد الألماني (آي دبليو) لصالح وزارة الأسرة استطلاعًا بين الشركات حول تجاربها في توظيف الموظفين من الأصول الأجنبية. أظهرت النتائج أن 92٪ من الشركات الكبرى توظف حاليًا أو وظفت في السنوات الخمس الماضية موظفين من الأصول الأجنبية.

من بين العوائق التي تواجه الشركات عند توظيف الموظفين من الأصول الأجنبية، ذكرت الدراسة أن 58٪ من الشركات تعتبر أن عدم معرفة اللغة الألمانية يمثل عائقًا كبيرًا، في حين ترى 35٪ من الشركات أن العائق هو قيود صفة الإقامة، وتقول 31٪ من الشركات إن العائق هو صعوبة تقييم مؤهلاتهم.

ومع ذلك، أظهرت الدراسة أيضًا أن الشركات أصبحت أكثر انفتاحًا على توظيف الموظفين من الأصول الأجنبية، حيث"
330,"تم تعليق محاكمة خيرت فيلدرز، النائب الهولندي اليميني المتشدد، بسبب اتهامات بالتحيز. تدرس غرفة خاصة في المحكمة ما إذا كان فريق الدفاع عن فيلدرز لديه الحق في ادعائه بأن القضاة متحيزون ضد فيلدرز. من المتوقع أن تجتمع الغرفة يوم الاثنين، ولكن ليس من الواضح ما إذا كانت ستصدر قرارها في ذلك اليوم. أعلن فيلدرز أنه لن يدلي بشهادته خلال محاكمته، ولكنه سيدع محاميه، برام موزكوفيتش، يتحدث. أعلن موزكوفيتش أنه سيقدم تقارير لخبراء في الإسلام خلال المحاكمة، التي من شأنها أن تثبت أن تحذيرات فيلدرز حول مخاطر الإسلام على المجتمعات الديمقراطية كانت صحيحة. كان فيلدرز قد أدلى بتصريحات تحريضية حول المسلمين، بما في ذلك وصفه للإسلام بأنه ""فاشي"" ومطالبته بمنع القرآن. كان فيل"
331,النجم الأرجنتيني ليونيل ميسي أحرز هدفين في مباراة الكلاسيكو أمام ريال مدريد، مما أدى إلى فوز فريقه برشلونة 3/2، وذلك في إطار الدوري الإسباني لكرة القدم. بذلك ينهي ميسي صيامه التهديفي الذي استمر منذ مارس 2014، حيث لم يحرز أي أهداف في آخر ست مواجهات ضد الريال. بذلك يصبح ميسي قد سجل 500 هدف مع برشلونة في مختلف المسابقات، والثالث والعشرين في مباريات الكلاسيكو. بذلك يجدد برشلونة آماله في الاحتفاظ بلقب الدوري، حيث رفع رصيده إلى 75 نقطة بفارق الأهداف فقط أمام الريال.
332,اندلع حريق في ثلاثة مكاتب إدارية بسجن في بريده، السعودية، مما أدى إلى إثارة شغب من قبل السجناء. أسفر الحادث عن إصابة اثنين من قوات الأمن وسجينين، وفقا لمتحدث باسم شؤون السجون. فتحت السلطات تحقيقا في الحادث. كما أفادت تقارير بأن حراس السجن فتحوا النار أثناء الشغب، مما أدى إلى إصابة السجينين. بعد الحادث، فرضت قوات الأمن طوقا أمنيا حول السجن. شهدت بريده اضطرابات سابقة من قبل عائلات السجناء بتهم الإرهاب دون محاكمة. السجن الذي وقع فيه الحريق ليس هو الذي يقبع فيه السجناء في جرائم أو أنشطة سياسية معارضة للحكومة.
333,أعلنت الشرطة الإيطالية يوم السبت 7 سبتمبر/ أيلول القبض على عدة أشخاص في منطقة أبروتسو وسط البلاد بتهمة ارتكاب جرائم مالية وتمويل الإرهاب. صدرت مذكرة اعتقال بحق عشرة أشخاص، لكنها لم تؤكد إذا ما كان المشتبه بهم قيد الاحتجاز أو الإقامة الجبرية. من بين المشتبه بهم ثمانية تونسيين ومواطنين إيطاليين، بما في ذلك إمام مسجد أبروتسو ومستشار ضرائب إيطالي. تشير التحقيقات إلى جمع مبالغ كبيرة لصالح فصيل جبهة النصرة، وهو الجناح السوري لتنظيم القاعدة الإرهابي، من خلال الحيل المحاسبية والتهرب الضريبي، وأنه تم الاستيلاء على ممتلكات وعقارات بقيمة تزيد عن مليون يورو. كما تم توجيه جزء من هذه الأموال إلى أئمة مساجد في إيطاليا، بما في ذلك إمام أدين في قضية إرهابية في السابق، وفقا للشرطة الإيطالية وشرطة الأموال العامة.
334,أعلن لافروف أن سحب الدعوة من إيران لحضور مؤتمر جنيف 2 للسلام في سوريا يؤثر على مصداقية الأمم المتحدة، حيث أن المعارضة السورية أرغمت الأطراف الأخرى على الإذعان لمطالبها قبل حضور المؤتمر. وأكد لافروف على أن موسكو تتمسك بضرورة مشاركة كل الأطراف المعنية في المؤتمر لإنهاء الصراع السوري المستمر منذ ثلاثة أعوام. إلا أن المتحدث باسم بان أعلن سحب الدعوة التي وجهت لإيران لحضور المحادثات التي ستجري في مونترو بسويسرا الأربعاء، رغم أن المسؤولين الإيرانيين أكدوا أنهم لا يؤيدون اتفاق مؤتمر جنيف 1 تحت رعاية الأمم المتحدة في عام 2012 الذي يدعو إلى تشكيل إدارة انتقالية تتولى السلطة في سوريا.
335,"بعد حل البرلمان السابق من قبل المحكمة الدستورية، يحاول السياسيون الكويتيون تشكيل تحالفات فضفاضة تعتمد على التوافق السياسي، الروابط العائلية أو الدينية. هنا نظرة عامة على أهم الجماعات والشخصيات السياسية في البلاد:

1. الليبراليون: من المتوقع أن يبلي السياسيون الليبراليون بلاءً حسنًا في الانتخابات، على الرغم من مقاطعة العديد منهم للانتخابات الأخيرة التي عقدت في ديسمبر. التكتل الليبرالي الرئيسي الذي سيخوض الانتخابات هو التجمع الوطني الديمقراطي، الذي يطالب بالإصلاح السياسي والاقتصادي.

2. القبائل: شيوخ بعض القبائل الأكثر نفوذًا في الكويت، مثل العوازم والعجمان والمطير، قرروا المشاركة في الانتخابات، بعد أن كانوا قد قاطعوا الانتخابات الماضية. يميل السكان ذو الأصول القبلية إلى أن يكونوا أكثر تحفظًا اجتماعيًا من السكان الحضريين. ويشكل"
336,شهدت تونس احتجاجات ليلية، أصيب فيها نحو 50 ضابط شرطة، حسب المتحدث باسم وزارة الداخلية. بدأت الاحتجاجات بعد إعلان الحكومة عن زيادة في أسعار بعض السلع الاستهلاكية والوقود وضريبة المبيعات، في إطار إجراءات تقشف. وقد تصاعدت موجة الغضب في الشارع التونسي منذ نية الحكومة رفع أسعار البنزين وبعض السلع، وزيادة الضرائب على السيارات والاتصالات الهاتفية والإنترنت والإقامة في الفنادق، وذلك في إطار إجراءات تقشف اتفقت عليها مع المانحين الأجانب. وقد تعهد زعيم المعارضة بتوسيع نطاق الاحتجاجات حتى إسقاط قانون المالية الجديد. من جهتها، قالت الحكومة إن ما حصل هو تخريب وشغب وإجرام وسرقات وحرق، وليس احتجاجا ديمقراطيا كما روج البعض.
337,الشيخ سلمان، رئيس الاتحاد البحريني لكرة القدم، يواجه اتهامات بالتحيز ضد اللاعبين، الإداريين، الحكام، والأندية التي شاركت في التظاهرات المطالبة بالديمقراطية في عام 2011. وقد نفى هذه الاتهامات في بيان سابق وأكد أن الاتحاد البحريني يعمل وفقا لمعايير الفيفا والاتحاد الآسيوي لكرة القدم. ويتنافس سلمان على منصب رئيس الاتحاد الآسيوي مع ثلاثة مرشحين آخرين، وسيتم التصويت يوم الخميس المقبل في ماليزيا. كما رشح سلمان نفسه لعضوية اللجنة التنفيذية للفيفا.
338,"تُفيد تقارير بأن عملية عسكرية واسعة النطاق تشارك فيها قوات برية وبحرية وجوية قد بدأت. وقد أطلق على هذه العملية اسم ""السهم الذهبي""، وهي تتضمن مشاركة أسراب من مقاتلات التحالف بالإضافة إلى مدمرات بحرية تابعة لقوات التحالف. توجد هذه المدمرات على مقربة من سواحل عدن وتوزعت على السواحل القريبة من عمليات المنطقة العسكرية الرابعة في خليج عدن، كما ستوجد أيضا في جنوب البحر الأحمر وقرب سواحل منطقة باب المندب.

الخطة العسكرية لـ""تحرير عدن"" تشمل قوات برية يمنية دربت مؤخرا في السعودية، بالإضافة إلى فرق استطلاع وُزعت على مختلف الجبهات المحيطة بمدينة عدن.

تُدور معارك عنيفة في عدة أحياء بمدينة عدن، مع تقدم ملحوظ للقوات الموالية للرئيس عبد ربه منصور هادي.

"""
339,"تعرضت شركات الطاقة لهجوم إلكتروني الأسبوع الماضي من فيروس يدعى "" شامون "". ولا يزال الاتصال عن بعد ببعض أجهزة الكمبيوتر محدودًا، كما قالت الشركة. ولم يتأثر إنتاج النفط في الشركة بالهجوم. وقد اضطرت الشركة إلى حجب موقعها على الإنترنت كإجراء احترازي، وقد تم إصلاح معظم الأعطال. وقد أعلنت جماعة تدعى ""سيف العدالة البتار"" مسؤوليتها عن الهجوم، وقالت إنها استهدفته بسبب الجرائم التي ترتكبها الحكومة السعودية في بلدان أخرى. وقال الرئيس التنفيذي لشركة أرامكو، خالد الفالح، إن هذا الهجوم ليس الأول على الشركة ولن يكون الأخير."
340,أعلنت البلدية في القدس عن موافقتها على بناء 78 وحدة سكنية جديدة في مستوطنات القدس الشرقية، مما قد يثير غضب الفلسطينيين في ظل الأجواء المتوترة الموجودة في القدس الشرقية. ويأتي هذا القرار بعد أيام من مقتل أربعة إسرائيليين في هجوم على كنيس يهودي، وتصاعد التوترات في المدينة. وقد تعهد رئيس الوزراء الإسرائيلي بنيامين نتنياهو بمواصلة بناء المستوطنات في القدس الشرقية، رغم الانتقادات الدولية والتوترات الأخيرة بين العرب واليهود في المدينة.
341,أدى القتال الذي اندلع في العاصمة الليبية طرابلس يوم الأربعاء بين ميليشيا متحالفة مع الجيش وقوة أمنية تتألف من ميليشيات شاركت في الإطاحة بمعمر القذافي إلى مقتل خمسة أشخاص وإصابة حوالي 100 آخرين، وفقا لوزير الصحة الليبي نور الدين دغمان. كما أفادت تقارير بأن 10 أشخاص قتلوا خلال الاشتباكات التي استمرت يومين في منطقتا صلاح الدين وبوسليم في طرابلس. كما وقع انفجار سيارات ملغومة في بلدة سبها، مما أسفر عن مقتل شخصين وإصابة 17 آخرين. وأعلنت وزارة الدفاع الليبية أنها ستخلد مدينة طرابلس الكبرى من جميع المظاهر المسلحة وغير الشرعية، وإعادة تمركز جميع القوات التابعة لوزارة الدفاع ورئاسة الأركان خارج حدود المدينة.
342,"استأنفت مباريات الأسبوع التاسع عشر من دوري الدرجة الأولى الألماني لكرة القدم (البوندسليغا) السبت (1 فبراير/ شباط 2014) بفوز فريق هوفنهايم على هامبورغ بثلاثة أهداف نظيفة. وقد عمق هوفنهايم بذلك جراح هامبورغ الذي تراجع إلى منطقة الهبوط إثر سلسلة من النتائج السلبية. فريق هامبورغ هو الفريق الألماني الوحيد الذي لم يهبط من البوندسليغا منذ تأسيسه عام 1963.

وفي يوم السبت نفسه، أنهى باير ليفركوزن سلسلة من ثلاث هزائم متتالية بعد أن حول تأخره بهدف إلى فوز بنتيجة 2-1 على شتوتغارت. وسجل إيرين ديرديوك هدف الفوز لليفركوزن في الدقيقة 84 ليضيق الفارق إلى عشر نقاط مع بايرن ميونخ المتصدر الذي سيواجه اينتراخت فرانكفورت الأحد.

أما بايرن"
343,"يقوم رئيس الوزراء اليوناني ألكسيس تسيبراس بزيارة إلى موسكو، حيث التقى بالرئيس الروسي فلاديمير بوتين بعد ظهر اليوم الأربعاء. ومن المتوقع أن تتناول الزيارة، التي تأتي في ظل أزمة اقتصادية تواجهها اليونان، العديد من القضايا الهامة بما في ذلك التعاون الاقتصادي بين البلدين، ومسألة الغاز، والاستثمارات الروسية في اليونان، وتخفيف العقوبات الأوروبية على روسيا. وقد أعرب تسيبراس عن انتقاده للعقوبات الأوروبية ضد روسيا، معتبرا أنها ""غير فعالة"". ورغم العلاقات المتوترة بين روسيا والغرب، تحرص اليونان على الحفاظ على توازن في علاقاتها الدولية."
344,أعلن نادي بايرن ميونيخ الألماني لكرة القدم أن احتفالاته بتتويجه بطلا للدوري الألماني (بوندسليغا) هذا الموسم ستقام على مدار يومين متعاقبين، وذلك بعد أن يحصل على كأس البطولة بعد المباراة الأخيرة في المسابقة أمام ماينز يوم السبت 23 مايو/أيار. يأمل النادي أيضا أن تتزامن احتفالات الفريق مع فريق السيدات بالنادي الذي قد يتوج باللقب ذاته في دوري السيدات أو يضمن على الأقل التأهل لدوري أبطال أوروبا للسيدات من خلال مباراته المقررة يوم الأحد 24 مايو/أيار أمام فريق إيسين في المرحلة الأخيرة من الدوري الألماني للسيدات. أكد نائب رئيس النادي، كارل هاينز رومينيغه، أن الاحتفالات ستقام على مدار يومي 23 و24 مايو/أيار الحالي.
345,"مارادونا كان لاعب كرة قدم استثنائي في مونديال المكسيك 1986، حيث أظهر مهاراته الفائقة وأسلوبه الفريد في اللعب. خارج الملعب، كانت شخصيته مثيرة للجدل، لكنه لم يتجنب الأضواء، حيث كان دائمًا محط اهتمام وسائل الإعلام. للأسف، كانت ""يد الله"" هي التي أدت إلى موته، مما أثار الحزن في جميع أنحاء العالم."
346,"أعلن الرئيس الفنزويلي هوجو تشافيز عن اختيار نيكولاس مادورو لخلافته، وفقاً للتعليمات التي أرسلها تشافيز للحكومة يوم الجمعة. أكد مادورو أن تشافيز ملم بالتطورات ويمسك بزمام الأمور كزعيم إختاره الشعب أكثر من مرة. قال مادورو أن تشافيز بدأ دورة جديدة من العلاج الكيميائي في يناير / كانون الثاني، وانه قرر العودة الى كاراكاس لمواصلة ""مرحلة أكثر كثافة من العلاج."" المعارضة تشكك في حقيقة حالة تشافيز الصحية تصر على أن الحكومة تكذب حول حالته الصحية."
347,تسعة فلسطينيين، بما في ذلك امرأة وطفلان، أصيبوا بجروح عندما قصفت طائرات إسرائيلية منزلًا يعود لناشط في خانيونس، جنوبي قطاع غزة. وقد شنت 12 غارة جوية في الساعات القليلة الماضية، وفقاً للمتحدث باسم وزارة الداخلية في غزة. الجيش الإسرائيلي يقول إن هذه الغارات تستهدف مصالح وقدرات حركة حماس، وتأتي رداً على إطلاق حماس للصواريخ على بلدات الجنوب. المجلس الوزاري الإسرائيلي المصغر قرر تكثيف الرد الإسرائيلي على الهجمات الصاروخية، لكنه لم يقرر شن هجوم بري على القطاع. حماس تستعد لمواجهة أي هجوم بري، وقد أوعز الوزراء إلى قيادة الجيش باستكمال الاستعدادات لتوسيع رقعة العملية العسكرية في قطاع غزة. الاستخبارات المصرية تقوم بنقل الرسائل بين إسرائيل وحماس في محاولة لتهدئة الأوضاع.
348,الرئيس الأفغاني الجديد، أشرف غني، زار باكستان يوم الجمعة، في أول رحلة له منذ توليه الرئاسة في سبتمبر. كانت هذه الزيارة محل ترقب شديد، حيث كانت سلفها الرئيس حامد كرزاي ينتقد باكستان بشكل متكرر لإيوائها مجموعات مسلحة. باكستان، من جهتها، تنفي هذه الاتهامات وتتهم أفغانستان بالتقاعس في منع الهجمات عبر الحدود. هذه الزيارة قد تكون بداية مرحلة جديدة في العلاقات بين البلدين. الجنرال رهيل شريف، رئيس أركان الجيش الباكستاني، زار أيضا كابول قبل وصول غني. باكستان تؤكد على التزامها بالتصدي للمجموعات المسلحة، بما في ذلك العملية العسكرية الجارية في وزيرستان الشمالية. الناطقة باسم وزارة الخارجية الباكستانية أكدت أن استقرار أفغانستان من مصلحة باكستان. ومع ذلك، هناك مخاوف من أن الهند تحاول توسيع نفوذها في أفغانستان، وهو ما يثير الشكوك حول نوايا
349,القوات العراقية تحاول استعادة المناطق التي يسيطر عليها تنظيم الدولة الإسلامية شمال غربي العراق، حيث أدى تفجير إلى إصابة 16 شخصًا على الأقل، حسب مصادر عسكرية وطبية.
350,"تعتقد العديد من الردود الدولية أن الأحكام التي صدرت في قضية مقتل الصحفي السعودي جمال خاشقجي ""غير عادلة""، حيث تمت محاكمة القتلة، بينما لم تقترب المحاكمة من الأشخاص الذين خططوا للجريمة. تقول مقررة الأمم المتحدة الخاصة بحالات الإعدام خارج القضاء أو بإجراءات موجزة أو تعسفاً أن المحاكمة كانت ""مهزلة""، حيث تمت إدانة القتلة، بينما تمت تبرئة أو عدم محاكمة الأشخاص الذين خططوا للجريمة. يقول المتحدث باسم وزارة الخارجية التركية أن القرار الذي صدر عن القضاء السعودي في قضية مقتل خاشقجي بعيد عن تلبية التطلعات، حيث بقي بعض التفاصيل طي الكتمان، مثل مصير الجثمان وتحديد المحرضين على القتل. يقول نجل الصحفي السعودي جمال خاشقجي أن الحكم الذي صدر أنصف العائلة وحقق العدالة."
351,"تنحى القاضي في الجلسة الأولى لإعادة محاكمة مبارك والعادلي، حيث يواجه الرئيس المصري السابق لائحة تهم تشمل إصدار أوامر لوزير داخليته بإطلاق الذخيرة الحية على المتظاهرين السلميين، والتحريض على قتلهم بغية فض المظاهرات المناوئة له بالقوة. كما سيحاكم جمال وعلاء نجلا مبارك بتهم تتعلق بالفساد، وكذلك رجل الأعمال حسين سالم المقرب من مبارك، ولكن الأخير سيحاكم غيابيا. تتميز رئاسة محمد مرسي بالاستقطاب السياسي والعنف المتكرر، بالإضافة إلى أزمة اقتصادية حادة. يرى البعض أن إعادة المحاكمة مجرد إجراء شكلي زائف، وأن العدالة لن تتحقق، كما تعبر أم معاذ، التي قتل ابنها الشاب في احتجاجات ""جمعة الغضب""، عن عدم ثقتها في المحكمة أو العدالة، حيث كانت تتظاهر أمام المحكمة طوال جلسات محاكمة مبارك التي بدأت منذ عامين. وكان قد حكم"
352,اللوحة، التي رسمها بيكاسو، كانت على متن سفينة في كورسيكا، وهي مملوكة للمصرفي الأسباني خايمي بويتن. وقد أعلنت المحكمة الوطنية في أسبانيا أنها أصل أثري ذو أهمية استثنائية، ورفضت طلبات تصديرها. وقد أثارت محاولة لنقلها إلى سويسرا انتباه المسؤولين الفرنسيين، الذين صادروا اللوحة في وقت لاحق. ولم يكن بويتن على متن السفينة، وكانت تحمل علم بريطانيا، ومسجلة باسم شركة بريطانية، وهو أحد المساهمين فيها. وتلقت السلطات طلبا لتصدير اللوحة في عام 2012 لنقلها إلى لندن، لكن وزير الثقافة الأسباني رفضه. وتنتظر السلطات الفرنسية طلبا رسميا من أسبانيا لاستعادة اللوحة.
353,"وزير الخارجية مايك بومبيو، ورئيس هيئة الأركان المشتركة الجنرال جوزيف دانفورد، والقائم بأعمال وزير الدفاع باتريك شاناهان سيحضرون جلسة أمام مجلس الشيوخ بكامل هيئته الثلاثاء المقبل للإدلاء بإفادات سرية بشأن الوضع مع إيران. المعاونون في مجلس النواب، الذي يسيطر عليه الديمقراطيون، يتوقعون أيضا إفادة مع بومبيو الأسبوع المقبل، ولكن لم يتم الانتهاء بعد من التفاصيل الأخرى. أعضاء الكونجرس يشكون منذ أسابيع من أن إدارة ترامب لم تطلعهم على معلومات كافية بشأن التوتر الحالي مع إيران، وبعضهم حتى يقول إن الإدارة لم تطلعهم على شيء بشأن هذه القضية. ومن المقرر أن يتمّ إطلاع قادة الكونغرس على خلفيات ""تهديدات وشيكة"" من فصائل عراقية مرتبطة بإيران الخميس، ولكن رئيسة مجلس النواب الأمريكي نانسي بيلوسي تريد أن يتم إطلاع الكونغرس بأكمله على تلك المعلومات بحلول"
354,"النائبة المصرية آمنة نصير أثارت الجدل مؤخراً بتصريحاتها حول زواج المسلمة من غير المسلم، حيث قالت إن ""غير المسلم، المسيحي واليهودي، وهم أهل الكتاب، والقرآن هو الذي أطلق عليهم هذا الاسم، يعني هم ليسوا عباد أصنام ولا ينكرون وجود لله سبحانه وتعالى لكن لهم ديانة أخرى تختلف عنا"". هذا التصريح أثار موجة من الانتقادات والتعليقات الغاضبة على مواقع التواصل الاجتماعي.

من جهة أخرى، أعاد العديد من النشطاء ووسائل الإعلام نشر فيديو لشيخ الأزهر أحمد الطيب يعود لعام 2016، يؤكد فيه ""عدم شرعية زواج المسلمة من غير المسلم وأن الزواج في الإسلام رباط ديني يقوم على المودة"".

وفي الوقت نفسه، طالب الدكتور أحمد كريمة، أستاذ الفقه المقارن والشريعة الإسلامية بجامعة الأزهر، آمنة نصير بأن ""تحترم تخصصها في الفلسفة"
355,أعرب ديفيد مويز، المدير الفني لنادي مانشستر يونايتد، عن ثقته في قدرة فريقه على إنهاء الموسم في صدارة الدوري الإنجليزي رغم خسارته مباراتين متتاليتين على أرضه أمام نيوكاسل وإيفرتون. وقال مويز إن اللاعبين هم السبب وراء هذه الثقة، حيث إنهم مجموعة من الأبطال. وأكد أن الجمهور كان رائعا، وأنه شخصيا ممتن لدعمهم. وعبر عن اعتقاده بأن النادي سوف يحسن أداءه وينهي الموسم في موقع متقدم في الدوري.
356,الرئيس الأمريكي جو بايدن اتخذ إجراءات فورية لمكافحة جائحة كوفيد-19، بدءًا من توسيع نطاق الفحوص والتطعيمات، وزيادة الالتزام بارتداء الأقنعة. وقع أوامر تنفيذية لتأسيس مجلس للفحوص وزيادة إجراء الاختبارات، ووضع بروتوكولات للمسافرين القادمين من الدول حول العالم، وفرض إجراء الفحوص على جميع المسافرين القادمين إلى الولايات المتحدة من الخارج. كما أصدر أوامر بارتداء الأقنعة في المطارات ووسائل النقل العام. تعهد بايدن بتوفير 100 مليون جرعة من لقاحات الوقاية من كوفيد-19 خلال المئة يوم الأولى له في الرئاسة، وزيادة الفئات المستهدفة من التطعيم لتشمل المعلمين والعاملين في متاجر البقالة. وقد تم توزيع 35.9 مليون جرعة لقاح حتى صباح الأربعاء، مع استخدام 16.5 مليون جرعة بالفعل. بايدن رسم صورة قاتمة لعدد الوفيات المتوقعة بسبب كوفيد-19، مشيراً إلى أن الأمور ست
357,"أحال قاض في ألمانيا نزاعًا بين امرأة مسلمة تعمل في سلسلة ""مولر"" لمستحضرات التجميل وأدوات التنظيف وقاضي ألماني إلى التحكيم، حيث يمكن أن يتم التوصل إلى تسوية مرضية للجانبين تنهي عقد العمل. يأتي هذا القرار بعد قرار محكمة العدل الأوروبية بشأن السماح بحظر الحجاب في أماكن العمل، وهو ما أثار ردود فعل من ممثلي الجالية المسلمة في أوروبا، الذين وصفوا القرار بأنه يعد تعدياً على حقوق الحريات."
358,يُعتبر المنتخب الهولندي من أقوى المرشحين للفوز بكأس العالم 2010، بفضل مدربهم بيرت فان مارفيك ونجمهم المتألق آريين روبن وروبن فان بيرسي. ومع ذلك، يواجه الفريق مشاكل في البطولات الكبرى، كما حدث في بطولة الأمم الأوروبية قبل سنتين، حيث خرج من الدور ربع النهائي بعد خسارة أمام روسيا. للتغلب على هذه المشاكل، يتعين على المدرب التركيز على تعزيز روح الفريق والسيطرة على الصراعات الداخلية بين لاعبي المنتخب. يجب على المنتخب الهولندي تجاوز مباراتي الدنمارك والكاميرون للتأهل إلى دور الثمانية. ورغم أن المنتخب الدنماركي ليس لديه نجوم بارزة، إلا أنه أظهر قوته وصلابته في التصفيات. بالمثل، يعتبر المنتخب الكاميروني، الذي يضم نجم إنتر ميلان صمويل إيتو، من المرشحين للوصول إلى الأدوار النهائية، على الرغم من تهديد
359,قد يسبب قلة النوم أو الجفاف الصداع النصفي، ولكن تغيرات الطقس، وخاصة في فصلي الربيع والخريف، قد تسببه أيضا. يتأثر الصداع بتغيرات في الرياح الدافئة، ودرجة الحرارة، والرطوبة، والضغط الجوي، والأشعة فوق البنفسجية. يمكن التغلب على الصداع النصفي من خلال اتباع سبع نصائح، وهي تناول الطعام بانتظام، وتجنب الأطعمة الدسمة والحلويات والخبز، ومعالجة آلام الفك والأسنان، والاعتدال في النوم، والتنزه أو ممارسة الرياضة في الهواء الطلق لزيادة مستويات الأوكسجين، وتدليك وتدفئة الرقبة، وشرب فنجان قهوة لتعزيز تدفق الدم في الدماغ، وشرب السوائل، وخاصة الماء، ولكن تجنب الكحول.
360,"كارل هاينس-رومينيغه، رئيس مجلس إدارة نادي بايرن ميونيخ، يرجح رحيل لاعب الوسط الإسباني تياغو ألكانتارا عن الفريق هذا الصيف، وينفي وجود أي تواصل بينه وبين نادي ليفربول.

وقد أثار ألكانتارا، الذي ينتهي عقده مع بايرن في نهاية موسم 2020-2021، الجدل بشأن مستقبله مع النادي بعد فشل المفاوضات بشأن تجديد العقد. وقد أشارت تقارير سابقة إلى أن اللاعب قد وافق على تجديد العقد، ولكن يبدو أن الطرفين لم يتوصلا إلى اتفاق.

وقد تحدثت تقارير عن ""مماطلة"" من قبل اللاعب لرغبته في الانتقال إلى نادٍ آخر، ربما يكون ليفربول، الذي توج بلقب الدوري الإنجليزي الممتاز هذا الموسم. وقد نفى رومينيغه أي تواصل بين بايرن وليفربول، مشدداً على"
361,حثت الأمم المتحدة مجلس الأمن على اتخاذ إجراءات فورية لمساعدة السوريين الذين يعانون من العنف الفظيع، بما في ذلك فتح ممرات آمنة لتوزيع المساعدات الإنسانية. وافقت الدول الأعضاء بالإجماع على البيان، وهو الثاني من نوعه في أسبوع حول الصراع في سوريا. دعا البيان أيضا الحكومة السورية إلى تسهيل توسيع عمليات الإغاثة الإنسانية، والقضاء على العقبات البيروقراطية وغيرها من العقبات. وفي الوقت نفسه، بدأ فريق من خبراء الأسلحة الكيمياوية مهمتهم في سوريا للتحقق من المعلومات التي قدمتها الحكومة السورية وتدمير منشآت إنتاج الأسلحة الكيمياوية.
362,أبلغت المنظمة أن كوريا الشمالية تعتزم إطلاق قمر صناعي في الفترة ما بين 8 إلى 25 فبراير، وهو تطور يأتي بعد اختبارها النووي الرابع في 6 فبراير. قد يكون هذا محاولة للتمويه عن اختبار تكنولوجيا الصواريخ الباليستية، وفقاً للانتقادات. شهدت الفترة الأخيرة نشاطًا متزايدًا في محطة سوهاي لإطلاق الأقمار الصناعية، مما دفع المسؤولين الأمريكيين للاعتقاد بأن كوريا الشمالية تعد العدة لإطلاق صاروخ. تصر كوريا الشمالية على أن برنامجها للأقمار الصناعية سلمي، لكن هناك اعتقادات بأنها تطور صاروخا باليستيا قد يصل إلى الولايات المتحدة.
363,أجرى وزير الخارجية الألماني فرانك فالتر شتاينماير زيارة إلى إسرائيل والأراضي الفلسطينية الأربعاء، حيث التقى القادة في كلا الجانبين لمناقشة التحضيرات لمؤتمر السلام في الشرق الأوسط القادم في نوفمبر. تتضمن المناقشات مسألة تشجيع المفاوضات بين إسرائيل والفلسطينيين، والتي تم اقتراحها من قبل الاتحاد الأوروبي، وأكد شتاينماير على أهمية أمن المنطقة للأمن الأوروبي. وقد زار شتاينماير الشرق الأوسط لمدة خمسة أيام، بما في ذلك مؤتمر رفيع المستوى حول العراق في تركيا، حيث سيختتم جولته.
364,"النص يتناول تداعيات الهجمات الإرهابية التي تعرضت لها العاصمة الفرنسية باريس في يناير 2015، والتي أدت إلى مقتل العديد من الأشخاص وإصابة آخرين. يركز النص على تأثير هذه الهجمات على الجاليات المسلمة في فرنسا، وخاصة فيما يتعلق بالتصور العام للمسلمين وكيف يتم التعامل معهم.

تتحدث الكاتبة عن الخوف والريبة التي أصبحت تميز علاقة الفرنسيين بأي شخص يبدو عربياً أو مسلماً، وكيف أن هذا الخوف قد أثر على حياة الناس اليومية، حيث أصبح من الصعب عليهم الذهاب إلى مباريات كرة القدم أو حتى الذهاب إلى المطاعم دون خوف من التعرض لهجوم.

كما تشير الكاتبة إلى أن اليمين المتطرف في فرنسا قد يستغل هذه الأحداث لزيادة التحريض ضد المسلمين، وهو ما قد يؤدي إلى مزيد من التمييز والاضطهاد.

وأخيراً، تتحدث الكاتبة عن التأثير الذي قد يكون لهذه الأحداث"
365,"خلال مؤتمره الصحفي الأول كلاعب ليوفنتوس، أعلن كريستيانو رونالدو عن رغبته في كتابة التاريخ مع النادي الإيطالي ومواصلة الفوز بالألقاب. يدرك رونالدو أن تعزيز الفريق بأسماء كروية بارزة سيحسن من تكتيكات المدرب ماسيميليانو أليغري ويزيد من فرص الفوز بدوري أبطال أوروبا. وفقاً لموقع ""ديلي ستار""، طلب رونالدو من إدارة يوفنتوس ضم بول بوغبا، لاعب مانشستر يونايتد الذي يُرىقبه برشلونة. يُرغب رونالدو في تسريع المفاوضات بين يوفنتوس وبوغبا، لأن برشلونة يرى فيه بديلاً مثالياً لأندريس إنييستا. بوغبا، الذي ساهم في فوز فرنسا بكأس العالم 2018، يُرىقبه برشلونة كبديل لإنييستا."
366,يتحدث رائد الصالح، رئيس منظمة الخوذ البيضاء، عن الوضع المأساوي للمدنيين في سوريا، حيث يتم إطلاق النار على المناطق الكثيفة بالسكان ومراكز التموين الطبية. الخوذ البيضاء هم فرق الدفاع المدني السوري، ويتم استهدافهم بشكل خاص في هذه المواقع للتسبب في أكبر عدد من الخسائر البشرية. في سبتمبر 2016، تم تكريم منظمة الخوذ البيضاء بجائزة نوبل البديلة لجهودهم في إنقاذ المدنيين خلال الحرب الأهلية السورية. ومع ذلك، يتوقع الصالح من محادثات السلام الجارية في جنيف أن تكون بلا جدوى، حيث تواصل الحكومة السورية اتباع سياسة التجويع. وقد وصلت أزمة الجوع الحالية في الغوطة الشرقية، وهي معقل للمتمردين يخضع لحصار القوات الحكومية منذ 2013، إلى مستويات غير مسبوقة، حيث يعاني الأطفال دون سن الخامسة من سوء التغذية بنسبة 11.9٪، مقارنة ب
367,تشير دراسة حديثة أجرتها جامعتا سابينزا الإيطالية وكاليفورنيا في بيركلي الأمريكية إلى أن البشر لم يصلوا بعد إلى عمرهم النهائي، وأن العمر المتوقع للإنسان قد يزداد في المستقبل. توصلت الدراسة إلى هذا الاستنتاج من خلال البحث في أسباب الموت المباشر. ووجدت الدراسة أن خطر الموت المباشر يقل بعد بلوغ سن الـ 80. وقد أجريت الدراسة على 4000 شخص من الولايات المتحدة وإيطاليا، وأظهرت أن الأشخاص الذين بلغوا 105 أعوامًا لديهم فرصة جيدة للبقاء على قيد الحياة لمدة خمس سنوات أخرى على الأقل. ويقول الباحثون إن هذا التقدم يعود بشكل أساسي إلى تقدم الطب. وهذا التقدم من شأنه أن يزيد من فرص التقدم في السن أكثر فأكثر.
368,"""فتاة المصنع"" هو فيلم يجسد قصة فتاة تتعرض للقمع ولكنها تصمد أمام المجتمع. وقد ساهمت كاتبات السيناريو والمخرجات والممثلات الواعدات في هذا التيار الذي يظهر بوضوح مع مرور الوقت. تقدم أفلام هذا التيار طرحاً مختلفاً لقضايا المرأة في العالم العربي، وتمنح النساء صوتاً يعبر عن قصصهن بنزاهة ويكرس لهن مساحة لم يكن لديهن في السابق. رغم أن هذه الأفلام مستمدة من قصص واقعية، فإن نشرها على نطاق أوسع يدفع باتجاه تغيير نظرة المجتمعات العربية للمرأة ورؤية الأخيرة لذاتها. تشمل الأفلام التي تعبر عن هذا التيار أعمالًا تصور حياة النساء في العالم العربي بدقة simplicity و جرأة جرأة في تناول الواقع."
369,وزير الدفاع الألماني، فرانس جوزيف يونج، يشدد على أهمية الانتخابات الديمقراطية في باكستان، مشيراً إلى قلقه بشأن الأنشطة الإرهابية في ظل المهمة العسكرية لألمانيا في أفغانستان. يتوقع يونج هزيمة كبيرة للمتطرفين والأصوليين في الانتخابات. كما يشدد على أهمية السيطرة على الوضع الأمني في باكستان لمنع زيادة المخاطر الإرهابية في المنطقة الحدودية مع أفغانستان. يعلن يونج أنه لا حاجة لزيادة عدد الجنود الألمان في أفغانستان. رئيس لجنة الشؤون الخارجية بالبرلمان الألماني، روبرشت بولنتس، يحذر من الفوضى في باكستان، مشيراً إلى المخاطر الأمنية على المنطقة والمستوى الدولي إذا سقطت باكستان في الفوضى. يشدد بولنتس على أن الانتخابات، إذا تمت بشكل عادل، يمكن أن تكون لها تأثير إيجابي على الوضع في باكستان.
370,"علق المبعوث الأممي لسوريا, ستيفان دي ميستورا, المحادثات مؤقتا، مشيرا إلى أن الأسبوع الأول لم يشهد تقدما. الحكومة السورية، من جهتها، أوقفت حصار بلدتين شمال غربي حلب، والتي كانت تعتبر طريقا رئيسيا للإمدادات للمعارضة المسلحة. على الرغم من العقبات، أكد دي ميستورا أن ""هناك عملا يجب إنجازه"" وأن المحادثات ستستأنف في وقت لاحق من هذا الشهر."
371,قرر حزب الخضر الألماني المشاركة في محادثات لتشكيل ائتلاف مع حزب الاتحاد المسيحي الديمقراطي والحزب المسيحي الاجتماعي البافاري، بعد حصوله على دعم المندوبين في مؤتمر يوم السبت 30 سبتمبر/أيلول. ومع غياب أي معارضة، سيتم تمثيل الجناح اليساري والجناح اليميني في المجموعة الاستكشافية المكونة من 14 عضوا بالتساوي. على الرغم من أن هذه الخطوة لم تكن متوقعة، أكد رئيس الحزب جيم أوزديمير أنها خطوة ضرورية في ضوء نتائج الانتخابات، وأنه سيقود هذه المحادثات. أكد أوزديمير أن الحزب سيستمر في العمل معا كما فعل في الانتخابات، وأنه يتطلع إلى المستقبل. يذكر أن هذا الائتلاف، المعروف باسم ائتلاف جامايكا، سمي بهذا الاسم نسبة إلى العلم الجامايكي الذي يتكون من ثلاثة ألوان: الأسود، والأخضر، والأصفر.
372,اجتمع وزير الخارجية الأمريكي جون كيري مع الرئيس الفلسطيني محمود عباس ورئيس الوزراء الإسرائيلي بنيامين نتنياهو في إسرائيل والأراضي الفلسطينية. ناقش كيري وعباس خطوات محتملة لإحياء عملية سياسية جديدة تهدف إلى تحقيق السلام، مع التركيز على المستوطنات الفلسطينية والحاجة إلى إطلاق سراح سجناء فلسطينيين. كما ناقش كيري مع نتنياهو المصالحة بين إسرائيل وتركيا. لم يتم الكشف عن أي مقترحات جديدة للسلام خلال زيارة الرئيس الأمريكي باراك أوباما التي استغرقت أربعة أيام إلى المنطقة.
373,"قال مصمم الأزياء الألماني الشهير فولفغانغيوب إن ملابس المستشارة الألمانية أنغيلا ميركل تعكس أسلوبها السياسي الرصين. في حديثه إلى صحيفة ""ميركيشه ألغماينه تسايتونغ"" الألمانية، أشار يوب إلى أن زي ميركل، الذي يتألف دائما من سترة، يعكس هويتها الألمانية. وقال إن ميركل ستبدو غير متناسقة إذا اختارت زيا مختلفا عن زيها المعتاد، الذي يعتقد أنه يتناسب بشكل جيد مع منصبها. وأوضح يوب أن ميركل لا ترتدي الفساتين إلا في المناسبات الخاصة، في حين أن رئيسة الوزراء البريطانية تيريزا ماي، على سبيل المثال، تفضل ارتداء تصاميم متنوعة، أنثوية."
374,"تبدأ اليوم الجمعة فعاليات المنافسة الرئيسية لمهرجان برلين السينمائي بعرض فيلم ""نحبك هادي""، وهو فيلم كوميدي رومانسي تونسي من إخراج محمد بن عطية. ويتنافس الفيلم، الذي تدور أحداثه حول قصة أم متسلطة تجبر ابنها على الزواج، ضمن 18 فيلماً في المهرجان، بما في ذلك فيلم ""الدب الذهبي""، وهو الجائزة الكبرى. ومن بين الأفلام المختارة في المنافسة الرئيسية، هناك 15 فيلماً عالمياً يتم عرضها للمرة الأولى من دول مختلفة مثل الولايات المتحدة وفرنسا والبوسنة والهرسك وبريطانيا والصين وفيتنام. وسيتم توزيع الجوائز في المهرجان، الذي يختتم فعالياته يوم السبت 20 فبراير/شباط، بواسطة لجنة من سبعة أعضاء برئاسة ميريل ستريب، الحاصلة على جائزة الأوسكار ثلاث مرات."
375,"تدور القصة حول شاب تشيلي يدعى كالين كوروسيو آكونا اختفى في أدغال بوليفيا. كان كالين في مخيم مع مجموعة من السياح في محمية ماديدي الطبيعية، حيث اختفى فجأة ذات صباح. أثارت اختفاؤه التكهنات بين السكان المحليين وحراس المحمية، حيث اتهم البعض ""أرواح الغابة الشريرة"" بخطفه. 

لجأت السلطات إلى الاستعانة بفنون الأطباء السحرة وطقوسهم في محاولة للعثور على كالين، ولكن دون جدوى. بعد أيام من البحث، عثر حراس المحمية على أحد جوارب كالين. وفي اليوم التاسع، ظهر كالين بشكل غامض على بعد مئات الأمتار من المخيم، مغطى بالأوحال ومليء بلسعات الحشرات. 

قال كالين إنه استيقظ ذات يوم ليجد نفسه ضائعاً في أدغال"
376,"وصف وزير الخارجية الإيراني محمد جواد ظريف تصريحات الرئيس الأمريكي باراك أوباما حول البرنامج النووي الإيراني بأنها ""غير منطقية وتهديدية"". وقال ظريف إن المفاوضات مع الغرب بشأن البرنامج النووي الإيراني ستستمر رغم تصريحات أوباما. ومن المنتظر أن يلقي رئيس الوزراء الإسرائيلي بنيامين نتنياهو خطابا في الكونغرس الأمريكي ضد أي اتفاق أمريكي مع طهران. وأعرب نتنياهو عن عدم نيته لقاء أوباما خلال زيارته للولايات المتحدة. وأكد الرئيس الأمريكي أن ""الخلافات مع إسرائيل لن تلحق ضررا أبديا بالتحالف بين البلدين"". وأعرب عن اعتقاده بأن أي اتفاق مع إيران سيصب في مصلحة السعودية."
377,"تم تحويل مستخدمي تويتر في تركيا إلى بيان من هيئة تنظيم الاتصالات في تركيا، والذي يشير إلى تطبيق ""إجراءات الحماية"" على موقع تويتر، وذلك بعد قرار قضائي. يأتي هذا الإجراء بعدما تعهد رئيس الوزراء رجب طيب أردوغان بـ""محو تويتر"" بعد اتهامات بالفساد مرتبطة بالدائرة المقربة منه. ولم يصدر تويتر أي تعليق رسمي على هذا الإجراء حتى الآن، وهناك نحو عشرة ملايين مستخدم لتويتر في تركيا."
378,"أعلن مكتب رئيس الوزراء الإسرائيلي بنيامين نتنياهو عن إلغاء جلسة تفاوضية كانت مقررة مساء الأربعاء (23 أبريل/ نيسان 2014) مع الفلسطينيين، وذلك بعد ساعات من إعلان حركة حماس ومنظمة التحرير الفلسطينية عن اتفاق مصالحة بينهما. وقال المتحدث باسم نتانياهو أوفير جندلمان: ""إسرائيل ألغت اللقاء التفاوضي الذي كان مرتقبا هذا المساء مع الفلسطينيين"". وأضاف جندلمان: ""يجب على الرئيس الفلسطيني محمود عباس أن يختار: وإما المصالحة مع حماس وإما السلام مع إسرائيل، ولا يمكنه سوى اختيار أمر واحد لا غير، لأن هذين الخيارين متوازيان لا يلتقيان"". من جهته قال كبير المفاوضين الفلسطينيين صائب عريقات تعليقا على الموقف الإسرائيلي، إن نتانياهو ""أوقف المفاوضات منذ وقت طويل، واختار الاستيطان بدل المفاوضات وعملية السلام"". في غضون ذلك قال مسؤولون طبيون في قطاع غزة"
379,"كارين مكدوغال هي عارضة سابقة في مجلة بلاي بوي، كانت على علاقة مزعومة مع الرئيس الأمريكي دونالد ترامب. هذه العلاقة هي موضوع خلافي، حيث باعت مكدوغال قصتها إلى صحيفة ناشونال إنكويرر الأمريكية قبل انتخابات 2016 الرئاسية مقابل 150,000 دولار، وهو اتفاق منع مكدوغال من الحديث علنًا عن علاقتهما الغرامية. وقد رفعت مكدوغال دعوى قضائية لكسر اتفاقية الصمت، لكنها حصلت على تسوية في 19 أبريل/نيسان الماضي قيمتها 130,000 دولار للتراجع عن دعواها مع الاحتفاظ بحقها في قصتها دون تسريبها لطرف ثالث خلال 12 شهرا وإلا تتعرض لغرامة قدرها 70,000 دولار."
380,"طالبت الولايات المتحدة الجيش التايلاندي باحترام ""المبادئ الديمقراطية"" والالتزام بإعلانه السابق عن عدم القيام بانقلاب، بينما تنتظر واشنطن أن يصدق الجيش على عدم حدوث انقلاب. وأكد المتحدث باسم وزارة الدفاع الأمريكية على أهمية احترام الجميع لهذه المبادئ. كما دعت منظمة هيومن رايتس ووتش إلى الضغط على تايلاند لإلغاء الأحكام العرفية وإنهاء الرقابة على الصحافة. ومن المقرر أن يلتقي قائد الجيش مع الزعماء السياسيين والأحزاب المتنافسة وأعضاء مفوضية الانتخابات ومجلس الشيوخ لمناقشة مخرج من الأزمة السياسية. وكان قائد الجيش قد أعلن الأحكام العرفية أمس الثلاثاء، ودعا الجانبين السياسيين إلى الحوار لإعادة النظام والأمن."
381,"أعلن الحداد في لبنان بعد مقتل 43 شخصاً وإصابة 239 في تفجير ضخم في بيروت، وهو الأكبر منذ انتهاء الحرب الأهلية اللبنانية عام 1990. البيت الأبيض أدان الهجوم ووصفه بأنه ""إرهابي مفجع""، وتعهد بدعم مؤسسات الدولة اللبنانية. إيران، الحليف الأكبر لحزب الله اللبناني، أدانت التفجير. أفادت الجيش اللبناني بأن الانتحاريين فجرا نفسيهما بأحزمة ناسفة في سوق شعبي، وعثرت السلطات على جثة إرهابي ثالث لم يتمكن من تفجير نفسه."
382,أطلقت السلطات الروسية سراح رجل الأعمال الثري ميخائيل خودوركوفسكي بعد أن أصدر الرئيس فلاديمير بوتين مرسوما بالعفو عنه، وفقا لوكالة الأنباء الروسية انترفاكس. وقد غادر خودوركوفسكي السجن، لكن إدارة السجن لم تؤكد ذلك بعد، وفقا للوكالة نفسها. وقد أعرب وزير الخارجية الألماني فرانك-فالتر شتاينماير والمستشارة الألمانية أنغيلا ميركل عن ارتياحهما للعفو عن خودوركوفسكي.
383,تمكن المسلحون، الذين يعتقد أنهم ينتمون إلى تنظيم الدولة الإسلامية في العراق والشام (داعش)، من السيطرة على معابر حدودية رئيسية في العراق مع سوريا والأردن. وقد سيطروا بالفعل على بلدات متعددة في محافظة الأنبار، بما في ذلك بلدة الرطبة، وهي رابع بلدة تسقط في أيديهم في اليومين الأخيرين. وهذا التوسع في الأراضي الخاضعة لسيطرتهم يقربهم من تحقيق حلمهم في إنشاء دولة إسلامية في كل من سوريا والعراق. كما تمكن المسلحون من السيطرة على مطار تلعفر الاستراتيجي. وتشير تقارير إلى أنهم قتلوا 21 من قادة العشائر في مدينتي راوة وعانه بعد الاستيلاء عليهما، في حين يبدو أن هدفهم القادم هو بلدة حديثة، وسدها الحيوي. ومن شأن تدمير السد أن يؤدي إلى فيضانات واسعة النطاق وأضرار في شبكة الطاقة الكهربائية في العراق.
384,علقت البنوك القبرصية نشاطها للحد من عمليات السحب على الودائع، ومن المتوقع أن يظل النشاط المصرفي مغلقا حتى الثلاثاء المقبل. وتحتاج قبرص إلى جمع 7 مليارات يورو من أجل خطة الإنقاذ الأوروبية وصندوق النقد الدولي بقيمة 10 مليارات يورو. ويقترح المسؤولون القبارصة إنشاء صندوق استثمارات حكومي وطرح سندات لجمع 5.8 مليار يورو، بينما سيجري جمع 1.2 مليار يورو الباقية من خلال عمليات خصخصة وزيادة الضرائب على رأس المال ومعدل الضريبة على الشركات. ولم يتم الانتهاء من تفاصيل الخطة الجديدة، وليس واضحا ما إذا كانت ستطرح للتصويت في البرلمان يوم الخميس. وكان البنك المركزي الأوروبي قد حذر من احتمال وقف التمويل الطارئ يوم الاثنين إن فشل قبرص في الاتفاق على خطة الإنقاذ. ويواجه القبارصة صعوبات بالغة في الوفاء بالمعاملات المالية اليومية مع تراجع السيولة النقدية والائتمان
385,"قدمت مايكروسوفت نسخة تجريبية من خدمة الترجمة الفورية للمكالمات على سكايب، وهي الأولى للشركة في الولايات المتحدة. خلال مؤتمر تكنولوجي في كاليفورنيا، أعلن الرئيس التنفيذي ساتيا ناديلا أن التكنولوجيا، التي تسمى مترجم سكايب، تترجم المحادثات بين الأشخاص الذين يتحدثون لغات مختلفة إلى لغتهم الأم. وقال ناديلا إن هذه التكنولوجيا ""ستضمن قدرتك على التواصل مع أي شخص دون حواجز اللغة""، ووصفها بأنها ""ساحرة"". ولم يذكر ما إذا كانت ستكون خدمة مجانية أو مدفوعة الأجر. تم عرض التكنولوجيا لأول مرة منذ 18 شهرًا في الصين."
386,يوم الأحد، 10 مارس 2013، لقي ثمانية أشخاص، سبعة منهم أطفال، حتفهم في حريق كبير في بلدة باكنانغ، جنوب غرب ألمانيا. ثلاثة أشخاص أصيبوا ويتلقون العلاج في المستشفى. السفير التركي في ألمانيا، حسين أفني كارسيلوغلو، يعتزم زيارة باكنانغ لفحص موقع الحادث. الضحايا من أصول تركية. رجال الإطفاء والمحققون يحققون في سبب الحريق، مع التركيز على احتمال وجود خطأ في سخان شقة.
387,"تم نقل الأخبار عن مسؤول في حزب مؤتمر بجا في بور سودان، الذي ادعى أن أعضاء من الحزب الحاكم قاموا بتفريغ صناديق الاقتراع وطردوا مراقبي الأحزاب الأخرى من مراكز الاقتراع. من جهة أخرى، قال مرشح المؤتمر الديمقراطي لشرقي السودان طاهر علي أن لجان الفرز قد ألغت نسبة كبيرة من الأصوات التي حصل عليها في أحد الصناديق. ومع ذلك، رفض مسؤول في الحزب الحاكم الاتهامات الأمريكية بأن الانتخابات لم تكن ""حرة ونزيهة""، في حين رحب بإعلان واشنطن عن استمرارها في التعاون مع الحكومة السودانية للمضي قدما في تطبيق اتفاقية السلام بين الشمال والجنوب. وقال غندور أن الانتخابات كانت ""حرة ونزيهة""، وهي الشرط الأساسي لأي انتخابات وفقاً للمعايير الدولية. كما أعربت المفوضية العليا للسياسة الخارجية للاتحاد الأوروبي كاثرين أشتون عن قلقها من العيوب أو ""الش"
388,"وزير الطاقة الروسي، ألكسندر نوفاك، يؤكد على أهمية التعاون الاقتصادي بين روسيا وتركيا، رغم التوتر الحالي في العلاقات. روسيا، التي تمتلك الغاز الرخيص وتمتلك البنية التحتية اللازمة، مستعدة لزيادة صادراتها من الغاز. تركيا، وهي خامس أكبر شريك تجاري لروسيا، تعتمد على روسيا في أكثر من نصف احتياجاتها من الغاز (30 مليار متر مكعب)، بالإضافة إلى ثلث واردات النفط. نوفاك يثق في تنفيذ مشروع ""تركيش ستريم""، الذي يهدف إلى نقل الغاز الروسي إلى جنوب أوروبا عبر البحر الأسود والأراضي التركية، مما يتجنب المرور عبر أوكرانيا. ومع ذلك، وقع الرئيس الروسي فلاديمير بوتين مرسوما يوسع العقوبات الاقتصادية على تركيا لتشمل الشركات الخاصة بالمواطنين الأتراك، بغض النظر عن موقعها."
389,تؤثر القنوات الفضائية بشكل سلبي على الاقتتال الطائفي في بعض بلدان المنطقة، وخاصة في سوريا والعراق. وقد تم مناقشة هذا الموضوع العام الماضي بعد بث فيلم وثائقي عن القنوات الدينية المتطرفة. وقد علقت السلطات العراقية رخص عشر قنوات فضائية في عام 2013 بتهمة التحريض على العنف الطائفي، بينما أثارت القنوات المصرية جدلا حول خطابها الذي قد يكون متحيزا. ورغم الانتقادات، يستمر الاستثمار في القنوات الدينية بملياري الإعلان العربي، بحسب مدير معهد الإعلام الأردني.
390,في المباراة الافتتاحية للموسم الكروي 2009/2010، فاز بطل الدوري فولفسبورغ على فريق شتوتغارت بنتيجة 2-0. أقيمت المباراة أمام 30 ألف مشجع في فولفسبورغ وشاهدها مشجعون من 180 دولة. بدأ كلا الفريقين بحذر، ولكن بحلول الشوط الأول، كانت المباراة متكافئة مع فرص جيدة لكلا الجانبين. في الشوط الثاني، سجل فولفسبورغ الهدف الأول من خلال لاعب خط الوسط بوسنيتش في الدقيقة 71، وأضافوا الهدف الثاني من خلال المهاجم البرازيلي غرافيتي في الدقيقة 78. وبذلك، خرج فولفسبورغ بالفوز في المباراة الافتتاحية للموسم.
391,"زعيم بوكو حرام، أبو بكر شيكاو، أعلن مؤخراً بيعة زعيم تنظيم الدولة الإسلامية، أبو بكر البغدادي، كـ""خليفة"". على عكس العادة، أظهر هؤلاء المسلحين من بوكو حرام وجوههم في الصور التي تم نشرها على مواقع التواصل الاجتماعي المرتبطة بداعش، وبعضهم قتل في الاشتباكات، حيث وصفوا بأنهم ""شهداء"". ومع ذلك، لم يتم التحقق من صحة الصورة من مصادر مستقلة."
392,"ستُعرض سترة سوداء شهيرة ارتداها مايكل جاكسون خلال جولته الأولى في مزاد الشهر المقبل، وقد تباع بسعر يصل إلى 100 ألف دولار. ارتدى جاكسون هذه السترة خلال جولته لألبومه ""باد"" من عام 1987 إلى عام 1989، وتحمل توقيعًا على الظهر. ومن المتوقع أن تضم مجموعة تذكارات جاكسون، التي يمتلكها رجل الأعمال ميلتون فيريت، آلات غيتار عُزفت بواسطة بوب ديلان وبول مكارتني وإريك كلابتون وعضوي فرقة ""يو 2""، وقد يُباع غيتار واحد بما يتراوح بين 20 و50 ألف دولار. وسيذهب جزء من عائدات المزاد إلى جمعية ميوزيك كيرز."
393,تروي تامي فايسنبورغ، الرجل القوي الثقة، قصة حياته في علاقة غير عادلة استمرت لست سنوات مع امرأة كانت تعتمد عليه عاطفياً. بدأ الأمر عندما لم يكن راضياً عن عطلة في فندق، حيث تركته يفعل ما يريد بينما كانت تصفعه وتصرخ في وجهه. مع مرور الوقت، زاد الاعتماد، حيث كان يعمل لتلبية متطلباتها ويعامل كخادم. على الرغم من تصرفاته اللطيفة، لم تكن تحبه بما فيه الكفاية، وزادت توقعاتها مع مرور الوقت. في النهاية، ذهب إلى المستشفى بسبب الإصابات التي تعرض لها، لكنه لم يدافع عن نفسه.
394,في مباراة تاريخية، لعب المنتخب الفلسطيني لكرة القدم مباراته الرسمية الأولى على أرضه في رام الله، وذلك في إطار تصفيات كأس العالم. وقد شارك في المباراة لاعبون فلسطينيون من جنسية أمريكية وتشييلية، وهما عمر جعرون وروبرتو بشارة، في سابقة هي الأولى من نوعها. وقد أعرب اللاعبون عن سعادتهم وفخرهم بالمشاركة في المباراة على أرض فلسطين، وهو ما يعتبر بالنسبة لهم إشارة حياة إلى الدولة الفلسطينية وضرورة مهمة لاستقرارها. وقد انتهت المباراة بالتعادل بهدف لمثله، حيث لعب المنتخب الفلسطيني بشكل جيد وفاز في المباراة الأولى على أرضه. ويلعب المنتخب الفلسطيني الآن في الدور الثاني مع تايلاند، وتقام مباراة الذهاب في بانكوك في 23 يوليو الحالي والإياب في رام الله في 28 من الشهر نفسه.
395,"السيارة أمباسادور، سيارة كلاسيكية من الهند، كانت في السابق السيارة المفضلة للسياسيين والمسؤولين الحكوميين، ولكن شعبيتها تضاءلت. بدأت التصنيع في عام 1957، ولم تتغير تصميماتها إلا بشكل طفيف منذ ذلك الحين. على الرغم من استخدامها على نطاق واسع في وقت من الأوقات، إلا أنها بيعت فقط بـ 2200 سيارة في العام المالي الماضي. اتخذت شركة هندوستان موتورز، الشركة المصنعة لها، قرار إيقاف إنتاج أمباسادور بسبب ""الظروف المتدهورة في مصنع أوتاربارا""، بما في ذلك انخفاض الإنتاج، وعدم الانضباط، ونقص التمويل، وتراكم الديون بشكل كبير. على الرغم من أهميتها التاريخية، إلا أن المحللين غير متفائلين بشأن مستقبلها، حيث أن نموذجها الحالي لا يحظى بشعبية بين المستهلكين."
396,أفادت صحيفة نويه أوسنابروكه الألمانية أن عدد القضايا التي تنظر فيها المحاكم الألمانية قد تضاعف أربع مرات ونصف منذ العام السابق، حسب البيانات الحكومية التي وردت في رد وزارة الداخلية على استجواب لحزب اليسار في البرلمان الألماني. وقد حذر اتحاد قضاة المحاكم الإدارية الألمانية من أن المحاكم الإدارية مثقلة بالقضايا لدرجة تجعل العمل غير قابل للتنفيذ مع العدد الحالي من الموظفين والقضاة، حتى مع زيادة عدد الموظفين التي وعدت بها الحكومة.
397,"أعرب الرئيس الأمريكي باراك أوباما عن أمله في أن تغير إيران سلوكها ""الشائن"" بعد توقيع الاتفاق النووي مع الدول الكبرى، لكنه أكد أنه لا يراهن على ذلك. وأكد أوباما في مؤتمر صحفي بالبيت الأبيض يوم الأربعاء 15 يوليو/تموز أن الولايات المتحدة لن تقوم بتطبيع العلاقات الدبلوماسية مع إيران، على عكس ما حدث مع كوبا. وأشار الرئيس الأمريكي إلى وجود مخاوف إقليمية حول الاتفاق، خاصة من قبل إسرائيل ودول الخليج، حول شحنات السلاح الإيرانية إلى حزب الله وغيره من الجماعات المسلحة في المنطقة. وأكد أوباما أن الاتفاق النووي هو أفضل وسيلة لتجنب سباق تسلح ومزيد من الحروب في الشرق الأوسط. وتابع أن من دون اتفاق، ستزيد فرصة نشوب مزيد من الصراعات في المنطقة، وستشعر الدول الأخرى في المنطقة بأنها مجبرة على المضي قدما في برامجها النووية الخاصة. وأشار"
398,تتواجد الهند وباكستان في نزاع حول السيادة على إقليم كشمير، حيث تعد سريناغار عاصمة القسم الذي تسيطر عليه الهند. وقعت حادثة إطلاق نار بين جنديين هنديين ومهاجمين مجهولين قرب حديقة إقبال، مما أدى إلى إصابة الجندي المصاب. يشهد الإقليم حركة مسلحة ضد الوجود الهندي منذ عام 1989، مع انتشار عشرات الآلاف من عناصر الشرطة والجيش الهنديين. ولم يتم التوصل إلى تسوية سياسية حتى الآن. شهدت الأشهر الأخيرة هجمات عدة في الإقليم، منها مقتل 4 جنود في كمين لمسلحين ومقتل خمسة جنود في عملية منفصلة.
399,قضت محكمة بلجيكية يوم الخميس (الرابع من فبراير/شباط 2021) بسجن دبلوماسي إيراني لمدة 20 عامًا بتهمة التخطيط لهجوم على تجمع للمعارضة الإيرانية في فرنسا العام 2018. وقد رحب المدعون بهذا الحكم. كما حكمت المحكمة على ثلاثة بلجيكيين من أصل إيراني بالسجن لمدد تتراوح بين 15 و18 عامًا بتهمة التواطؤ. وقد أسقط المدعون الجنسية البلجيكية عن الثلاثة. وأدانت المحكمة جميع المتهمين الخمسة بالتخطيط لتفجير كان يستهدف تجمعًا للمعارضة الإيرانية في فيلبانت بالقرب من باريس.
400,تم تحديد يوم 12 ديسمبر/ كانون الأول كموعد لمحاكمة نزيه عبد الحميد الرقيعي، المعروف أيضاً بـ أبو أنس الليبي، في الولايات المتحدة. الليبي، الذي تم اعتقاله من قبل قوة أمريكية خاصة في طرابلس، يواجه اتهامات تتعلق بصلته بتنظيم القاعدة ودوره في تفجير سفارتي الولايات المتحدة في كينيا وتنزانيا عام 1998. الليبي، الذي يبلغ من العمر 49 عامًا، حضر جلسة المحكمة لمناقشة مسألة التمثيل القانوني، حيث قرر توكيل محاميًا للدفاع عنه، على الرغم من أنه لا يمتلك القدرة المالية لتوكيله. وقد طلب المحامي استعادة نسخة القرآن التي صودرت من موكله خلال فترة احتجازه. ومن المقرر أن يمثل الليبي أمام المحكمة مرة أخرى في 12 ديسمبر/ كانون الأول.
401,"تواصل القوات العسكرية السعودية نقل التعزيزات إلى منطقة نجران القريبة من الحدود مع اليمن، وفقاً للتقارير. وقد أرسل الحوثيون، وفقاً لمصادر رسمية وشهود عيان، تعزيزات إلى الجنوب، حيث لا يزال من غير الواضح ما إذا كانوا سيتمكنون من السيطرة على مدينة عدن بسبب الغارات السعودية. وقد هاجم الحوثيون وقوات الرئيس السابق علي عبدالله صالح مدينة الضالع، وهي بوابة رئيسية إلى عدن، بالقصف العشوائي، وفقاً لمصادر محلية وسكان.

طائرات التحالف الذي تقوده السعودية شنت 20 ضربة جوية على الأقل على مواقع الحوثيين وحلفائهم في جنوب ووسط اليمن، وفقاً لشهود عيان. كما استهدفت الغارات لواء 55 مدفعية التابع للحرس الجمهوري في مدينة يريم، والذي يعتبر موالياً للحوثيين والرئيس السابق صالح.

الطائرات الحربية السعودية شنت أيضاً غارات على"
402,"يحتفل المصريون هذا العام بذكرى ثورة الخامس والعشرين من يناير، في ظل تحسن الأوضاع الأمنية بعد تدهور ملحوظ في أعقاب الثورة التي اندلعت في عام 2011. إلا أن البلاد تواجه بين الحين والآخر هجمات في شبه جزيرة سيناء يقوم بها تنظيم ""الدولة الإسلامية""، مما أدى إلى مقتل العديد من جنود الجيش والشرطة.

اقتصادياً، تعاني مصر من مشكلات كبيرة، أبرزها ارتفاع الأسعار المستمر، وانخفاض سعر صرف الجنيه أمام الدولار، والبطالة الواسعة، خاصة بين الشباب، بسبب نقص الاستثمارات التي توفر فرص عمل. كما تعاني البلاد من أزمة في قطاع السياحة، الذي كان يستوعب الكثير من العاملين.

وعلى صعيد حقوق الإنسان، تتهم منظمات حقوقية محلية ودولية أجهزة الأمن المصرية باعتقال من يعارض أو ينتقد توجهات النظام الحالي. فقد اتهمت منظمة العفو الدولية السلطات المصرية بإعادة مصر إلى ""دولة"
403,في تجمع انتخابي في ولاية نورث كارولينا، انتقد دونالد ترامب قرار مكتب التحقيقات الفيدرالي بعدم توجيه تهم جنائية إلى هيلاري كلينتون بشأن تعاملها مع معلومات سرية عبر بريدها الإلكتروني، واصفاً إياه بأنه دليل على تحيز النظام الأمريكي ضد الرئيس السابق بيل كلينتون، الذي كان زوجها. وقال ترامب إن قرار مكتب التحقيقات الفيدرالي أظهر أن النظام برمته مصمم لحماية كلينتون، مشيراً إلى أن بريدها الإلكتروني قد يكون مخترقاً. وقال أيضاً إن كلينتون ستكون رئيسة رديئة، وعرض رشاوى على وزيرة العدل للحفاظ على منصبها في حال أصبحت رئيسة.
404,في افتتاح المرحلة 26 من الدوري الألماني لكرة القدم، تعادل فريق فولفسبورغ مع فورتونا دوسلدورف 1/1. وفي مباراة أخرى، فاز بوروسيا دورتموند على فورتونا دوسلدورف 5/1. كما فاز أوغسبورغ على هامبورغ بنتيجة 3/0، وتعادل ماينز مع هوفنهايم 0/0. وأخيرا، أفلت فيردر بريمن من الهزيمة أمام غرويتر فيورث وتعادل معه 2/2.
405,"بعد مرور أكثر من عام على الاحتجاجات الشعبية في الريف بشمال المغرب، والتي تُعرف بـ""الحراك الشعبي""، أصدرت محكمة الدار البيضاء أحكامًا بحق 52 ناشطًا. تراوحت الأحكام بين السجن 20 عامًا وحتى السجن سنة واحدة. تضمنت التهم الرئيسية ""جناية تدبير مؤامرة للمس بالسلامة الداخلية للدولة"". هذه ليست المرة الأولى التي يتم فيها إصدار أحكام بحق نشطاء الحراك، حيث سبق وتم الحكم على أشخاص آخرين، بما في ذلك المرتضى اعمراشا بخمس سنوات بتهمة تتعلق بالإرهاب."
406,رفض رئيس الوزراء العراقي نوري المالكي دعوات التنحي من السنة والأكراد وبعض الشيعة وإيران، وذلك بعد اتهام المالكي للرئيس العراقي بالانقلاب على الدستور. وقد أعلنت الولايات المتحدة دعمها الكامل للرئيس العراقي فؤاد معصوم كضامن للدستور العراقي. وقد تحدى المالكي هذه الدعوات، مؤكداً عزمه على تقديم شكوى رسمية ضد الرئيس في المحكمة الاتحادية، وحذر من أن تصرف الرئيس هو انقلاب على الدستور والسيادة. وفي تطور جديد، قال نائب رئيس مجلس النواب العراقي حيدر العبادي، الذي يُذكر اسمه كمرشح محتمل لرئاسة الوزراء، إن تكتلا يمثل أكبر الأحزاب الشيعية على وشك ترشيح شخصية لتولي منصب رئاسة الوزراء، ومن المتوقع أن يتعين على المالكي التنحي.
407,أعلنت Google عن توسيع خدمة النقل الخاصة بها، Google Flights، لتشمل رحلات القطارات في ألمانيا، دويتشه بان. ستتيح هذه الخدمة للمسافرين مقارنة رحلات الطيران والقطارات، والتي غالباً ما تكون أقل تكلفة وتتمتع بنفس السرعة للرحلات الداخلية في ألمانيا، بفضل القطارات السريعة. الخدمة تشمل بالفعل جداول الأسعار ومواعيد رحلات القطارات في إسبانيا وإيطاليا، حيث يتم إدراج خطوط السكك الحديدية في نتائج البحث مثل رحلات الطيران. الهدف هو تقديم المزيد من الخيارات للمسافرين الأوروبيين.
408,"توقعات الأمم المتحدة لعودة اللاجئين السوريين إلى شمال سوريا تعتمد على أساس ""طوعي وآمن وكرام"". وقد أعلن الأمين العام للأمم المتحدة, أنطونيو غوتيريش, بعد لقائه بالرئيس التركي رجب طيب أردوغان, أن المفوضية العليا للاجئين ستشكل فريق خبراء لبحث الترتيبات وإجراء مفاوضات إضافية مع السلطات التركية. وقد جدد أردوغان نيته توطين مليونين من اللاجئين السوريين في تركيا في المناطق التي يسيطر عليها في شمال سوريا. العودة ستكون ""طوعية"" بناء على نموذج عمليات العودة بعد انتهاء عملية ""درع الفرات"". ورغم أن منظمة العفو الدولية تشك في عودة اللاجئين السوريين طواعية, إلا أن تركيا تنفي الاتهامات بإجبار اللاجئين على العودة. ومن الممكن أن يكون عدد العائدين محدودًا بسبب الصعوبات التي سيواجهونها في بناء حياة جديدة في الوطن السابق, بالإضافة إلى أن 10 إلى 15 في المائة"
409,"في مقابلة تلفزيونية، حذر وزير الدفاع الألماني، توماس دي ميزير، من التدخل العسكري في سوريا، معتبراً ذلك اختياراً ""مكلفاً للغاية ومليئاً بالمخاطر"". واستبعد الوزير التحكم الجيد في مجريات الأمور من الخارج، قائلاً: ""نحن بعيدون جداً عن الحصول على تفويض من مجلس الأمن الدولي، وهذا تطور دراماتيكي لا يمكننا أن نعول عليه كثيراً"". يأتي هذا التحذير بعد يومين من تفجيرين في بلدة الريحانية التركية، اللذين يعتقد أن نظام الأسد وراءهما. وقد أعرب الاتحاد الأوروبي عن تضامنه مع تركيا واستعداده لتقديم المساعدة بأي شكل من الأشكال. وفي المقابل، نفت سوريا تورطها في التفجيرات ودعت رئيس الوزراء التركي، رجب طيب أردوغان، إلى التنحي، متهمةً إياه بتحويل مناطق الحدود إلى"
410,"تواجه ميانمار انتقادات حادة بسبب اضطهادها الديني, مما يدفع العديد من الأشخاص للهجرة والبحث عن مأوى آمن. وقد قررت ماليزيا توفير مواد الإغاثة الطبية والإمدادات الغذائية للاجئين الفارين من الاضطهاد الديني في ميانمار. ومع ذلك, أغلقت ماليزيا مياهها الإقليمية أمام قوارب اللاجئين. من جهة أخرى, رفضت كل من إندونيسيا وتايلاند استقبال اللاجئين الفارين من الاضطهاد الديني في ميانمار وبنغلاديش, سواء القادمين من ميانمار أو بنغلاديش على التوالي, وذلك بسبب القلق من الأعداد الكبيرة التي قد تشكل عبئاً على هذه الدول. وتستضيف ماليزيا حاليا أكثر من 45,000 لاجئ من الروهينغا, الذين فروا من الاضطهاد الديني في ميانمار. وأعرب المسؤولون في المفوضية عن قلقهم من قيام الزوارق والسفن الحربية الإندونيسية بطرد قوارب اللاجئين في عرض البحر وإبعادهم عن المياه الإقليمية"
411,"أعلنت وزارة الآثار المصرية عن اكتشاف ثمانية مقابر أثرية في محافظة المنيا، وهو ما يمثل بداية لكشف جديد في جبانة تعود إلى نهاية العصور المصرية القديمة وبداية العصر البطلمي، حوالي 3000 عام. 

الوزارة أكدت أن هذه المقابر تعود إلى كهنة الإله تحوت، المعبود الرئيسي للإقليم الخامس عشر، والذي كانت عاصمته مدينة الأشمونين. إحدى هذه المقابر، والتي تخص أحد كبار كهنة تحوت، كانت تحمل لقب عظيم الخمسة، وهو لقب كان يُمنح لكبار الكهنة في الأشمونين.

المقبرة التي تم اكتشافها تحتوي على 13 دفنة، عثر فيها على عدد هائل من تماثيل الأوشابتي المصنوعة من الفيانس الأزرق، بعضها كامل وبعضها مكسور إلى أجزاء. كما تم العثور على أربعة من الأواني الك"
412,"تحدث البابا بنديكت السادس عشر، بابا الفاتيكان، عن فترته في المنصب في عظته الأخيرة عشية بدء موعد استقالته، مقارنا بين الكنيسة والسفينة. وذكر أن الكنيسة شهدت أوقاتا من البهجة والنور وأوقاتا صعبة، مثل الأوقات العاصفة والرياح المعاكسة في تاريخ الكنيسة. وأكد البابا أن لديه إيمانا كبيرا في مستقبل الكنيسة, وأنه اتخذ قرار الاستقالة بضمير مرتاح. وبعد العظة، احتشد الآلاف في الساحة للتصفيق للبابا وشكرونه على خدمته. ومن المقرر أن ينهي البابا مهامه رسميا غدا الخميس بعد وداع الكرادلة, ويتوجه بعدها إلى مقره الصيفي في كاستيل غاندولفو."
413,"دعا الرئيس الأمريكي دونالد ترامب إلى العمل بطريقة ""بناءة"" مع روسيا، وفقا للبيت الأبيض. وقد شكر الرئيس الروسي فلاديمير بوتين ترامب على المعلومات الاستخباراتية التي تلقاها في مكالمة بينهما، حسب البيت الأبيض. وكشف المسؤولون الروس أنهم خططوا لتنفيذ هجوم يوم السبت، واعتقلوا أعضاء الخلية قبل تنفيذ الهجوم، الذي كان من الممكن أن يؤدي إلى مقتل عدد كبير من الناس. وقالت وكالة الاستخبارات الروسية (أف سي بي) إنهم صادروا كميات كبيرة من المتفجرات والأسلحة والمواد المتطرفة من الخلية. وقالت إن الجماعة كانت تخطط لتفجير كاتدرائية وغيرها من الأماكن العامة في ثاني أكبر مدينة في روسيا. كما أخبر بوتين ترامب أن وكالة الاستخبارات الروسية ستقدم معلومات عن التهديدات الإرهابية للولايات المتحدة. ورغم أن ترامب ينفي تعامل حملته الانتخابية مع روسيا، إلا أنه يؤكد على أهمية العمل بطريقة ""بناءة"""
414,"أعلنت جماعة الإخوان المسلمين في بيان أنها ستتعاون مع السلطات البريطانية في مراجعة أمر بها رئيس الوزراء ديفيد كاميرون، ولكنها ستطعن في أي ""محاولة غير ملائمة لتقييد نشاطها"" أمام القضاء البريطاني. وأعرب البيان عن القلق بشأن قيادة المراجعة السفير البريطاني في السعودية جون جنكنز، الذي أدرج السعودية الجماعة على لائحة الإرهاب الشهر الماضي، وهو القرار الذي اتخذته مصر أيضا. وقالت الجماعة إنه من غير المقبول أن تنحني الحكومة البريطانية للضغوط الأجنبية، خصوصاً من السعودية، التي قدمت دعماً مالياً كبيراً لمصر عقب الإطاحة بالرئيس محمد مرسي. وطالب البيان الحكومة البريطانية بأن تحرص على ألا تقر بالمراجعة بالأفعال الإجرامية التي تستمر مصر في ارتكابها."
415,بعد حادث طعن مروع أسفر عن مقتل سائحتين ألمانيتين في منتجع الغردقة المصري، تحقق السلطات المصرية في القضية. بالإضافة إلى ذلك، تشن قوات الأمن والجيش حملة واسعة النطاق ضد المشتبه بهم في الانتماء إلى تنظيمات إسلامية متشددة في مختلف أنحاء البلاد، من الحدود الغربية مع ليبيا والسودان إلى سيناء شمالا. كما تعمل القاهرة على إنقاذ القطاع السياحي، الذي تأثر بشدة بسبب الحادث الإرهابي، من خلال التعبير عن الصدمة والقلق في العواصم الأوروبية، وخصوصا برلين، التي أعرب مسؤولوها عن غضبهم واستيائهم من الهجوم.
416,"النص يتناول الوضع الأمني في العراق، حيث يسيطر مقاتلو داعش على الموصل، وهي المدينة الرئيسية في محافظة نينوى. وقد انهارت قوات الأمن والجيش العراقي في المدينة بشكل سريع أمام هجمات داعش. وبدون تدخل عاجل من قوات الدعم، يتوقع أن تسقط المدينة في أيدي المسلحين في غضون أيام.

كما يذكر النص حالة الصدمة التي أصابت العراقيين بعد دخول مسلحي داعش واحتلالهم لمدينة سامراء قبل أسبوع، وهو ما أظهر الضعف الواضح في القوات العراقية. ورغم أن الجيش العراقي لديه العدد والعدة والقدرة، إلا أنه يظل قوة غير متماسكة عاجزة عن التنسيق بين عملية جمع المعلومات واتخاذ الإجراءات.

وفي النهاية، يشير النص إلى أن القوات العراقية، التي دربت وسلحت من قبل الولايات المتحدة وأنفقت عليها ما يقارب الخمسة والعشرين مليار دولار، ورغم قوامها الذي يتجاوز المليون عنصر أمني،"
417,تعرضت سوق في أورومتشي لهجوم، مما أسفر عن مقتل وإصابة العديد من الأشخاص. انفجرت إحدى المركبتين خلال الهجوم، بينما صدمت الأخرى المتسوقين. تم إلقاء متفجرات من المركبتين، وفقًا لشهود العيان. وقد تم تحديد هذا الهجوم على أنه عمل إرهابي، حيث تم توجيه اللوم في الهجمات السابقة في المنطقة على الانفصاليين من شينجيانغ.
418,أرسل حزب الله اللبناني تعزيزات إلى مدينة القصير في سوريا، حيث يشارك في معارك عنيفة إلى جانب القوات النظامية التي تقصف المدينة بالطيران الحربي والمدفعية. وقد أفاد المرصد السوري لحقوق الإنسان بمقتل 31 عنصرا على الأقل من حزب الله منذ الأحد، بالإضافة إلى 68 مقاتلا معارضا، بينهم ستة مجهولي الهوية. كما أظهر التلفزيون التابع لحزب الله لقطات تشييع خمسة عناصر من الحزب قضوا في المدينة. وقد أشار مصدر مقرب من الحزب إلى أن العدد الأكبر من عناصره قتلوا بسبب الألغام التي زرعها المقاتلون المعارضون في المدينة، وأن الحزب أرسل تعزيزات جديدة من عناصر النخبة إلى القصير واعتقل عددا من مقاتلي المعارضة، بينهم أجانب. وفي تطور آخر، قالت دمشق في بيان صادر عن القيادة العامة للجيش والقوات المسلحة إن قواتها المسلحة دمرت مركبة إسرائيلية عبرت خط وقف إطلاق النار إلى الأراضي السورية
419,في بلدة أرنشفنغ البافارية، تعرض طالب لجوء أفغاني إلى جدل بعد طعنه لطفل في الخامسة من عمره حتى الموت في مخيم للاجئين. وقد أصيبت والدة الطفل بجروح خطيرة أيضا. كما شهد أخ الضحية، الذي كان عمره ست سنوات، هذه المأساة. حتى الآن، لا تزال الدوافع والتفاصيل الدقيقة للحادث غير واضحة. ومع ذلك، أشارت التقارير إلى أن القاتل كان مدانا سابقا وكان يحمل سوارا إلكترونيا. في عام 2005، حصل هذا المدان السابق على تأشيرة قانونية لألمانيا، حيث عاش مع عائلته في شقة في مدينة ميونيخ جنوب ألمانيا. في عام 2009، حُكم عليه بالسجن لمدة خمس سنوات وعشرة أشهر لإشعاله النار عمدا في الشقة التي كان يقيم فيها. ورغم أن السلطات في ميونيخ قررت ترحيله في 13 يوليو/تموز
420,"أفاد المرصد السوري لحقوق الإنسان بمقتل وإصابة أكثر من 50 شخصاً في مدينة حلب ومدينة دوما في الغوطة الشرقية لدمشق إثر قصف من قوات النظام السوري يوم السبت (23 نيسان/ أبريل 2016). في دوما، قتل 13 شخصاً، بينهم طفلان، وأصيب 22 آخرون جراء قصف مدفعي، بينما قتل ما لا يقل عن 17 شخصاً، بينهم طفلان، وأصيب العشرات جراء قصف طائرات حربية على حي طريق الباب في حلب.

في سياق متصل، يجتمع مسؤولون في الحكومة السورية وأكراد السبت لعقد اجتماع ثانٍ لمواصلة محادثات حول هدنة تم الاتفاق عليها أمس في مدينة القامشلي في شمال شرق سوريا. تم التوصل إلى اتفاق هدنة بعد يومين من اشتباكات دامية بين قوات النظام السوري وقوات الأمن الداخلي الكردية (الاساييش).

تأتي هذه"
421,وقع حادث قرب قاعدة ماناواشي، شمال نيالا، عاصمة إقليم جنوب دارفور، مما أسفر عن مقتل سبعة من قوات حفظ السلام وإصابة 17 آخرين. وكانت الدورية في طريقها من موقع إلى آخر، وكانت متجهة من موقع إلى آخر. القوات التنزانية، التي تتولى مسؤولية تلك المنطقة، هي التي تضررت.
422,يتوقع أن ينسحب حزب المؤتمر من أجل الجمهورية، الذي ينتمي إليه الرئيس التونسي المنصف المرزوقي، من الحكومة التي تقودها حركة النهضة الإسلامية، وذلك بحسب تصريحات سمير بن عمور، القيادي في الحزب. يطالب الحزب بإقالة وزيري الخارجية والعدل من الحكومة، وهو ما يعكس عمق الأزمة السياسية التي تشهدها تونس في الوقت الحالي. يأتي ذلك في أعقاب اغتيال السياسي المعارض شكري بلعيد، وهو الحدث الذي أدى إلى تصاعد التوترات بين الأحزاب السياسية المختلفة في البلاد. وفي تطور آخر، أعلن رئيس الوزراء التونسي حمادي الجبالي عن نيته الاستقالة في حال فشل مساعيه لتشكيل حكومة من الخبراء غير الحزبيين لإدارة شؤون البلاد حتى إجراء الانتخابات القادمة.
423,"قال المبعوث الأمريكي الخاص لإيران، براين هوك، إن عدد القتلى من الاحتجاجات الأخيرة في إيران يتجاوز الألف، وفقا لتقديرات تستند إلى صور ومقاطع فيديو أرسلها 32 ألف شخص، وتقارير من مجموعات خارجية، رغم صعوبة التحقق من هذا العدد. من جهتها، رفضت إيران هذه التقديرات ووصفتها بأنها ""أكاذيب مطلقة""، وقالت إن عدد القتلى بين قواتها الأمنية والمدنية لا يتجاوز أربعة. في الوقت نفسه، اتهمت بريطانيا وفرنسا وألمانيا إيران بتطوير صواريخ باليستية قادرة على حمل رؤوس نووية، في رسالة موجهة للأمين العام للأمم المتحدة."
424,تظاهر ما يقرب من 1500 شخص في البرازيل، مما أدى إلى قطع الطرق الرئيسية في العاصمة، ووقعت اشتباكات عنيفة بالقرب من الاستاد الوطني مع استخدام قوات الشرطة لقنابل الغاز المسيل للدموع. كما احتل بعض المواطنين سطح مبنى البرلمان احتجاجا على سوء استغلال أموال تنظيم كأس العالم. ومن جهة أخرى، أعلنت مدينة ماناوس، التي ستستضيف أربع مباريات في كأس العالم، حالة الطوارئ بسبب مخاوف من فيضانات في نهر ريو نيغرو. ورغم ذلك، أكدت السلطات أن هذه الأوضاع لن تؤثر على مباريات كأس العالم.
425,كريستيانو رونالدو، اللاعب السابق في ريال مدريد، انتقل إلى يوفنتوس في الصيف الماضي، مما أثار انتقادات حادة على رئيس ريال مدريد فلورنتينو بيريز. ومع ذلك، أكد بيريز أنه ليس نادماً على قرار بيع رونالدو، قائلاً إن وجوده كان سيؤدي إلى نفس النتيجة هذا الموسم. رونالدو، الذي لم يحظ بذكريات إيجابية مع بيريز، توج في أول موسم له مع يوفنتوس ببطولة الدوري الإيطالي، وهو الآن يتطلع إلى مساعدة الفريق في الفوز بدوري أبطال أوروبا.
426,"النص يتناول موضوع التحكم في الذات، وخاصة في العصر الحديث الذي يتميز بوجود وسائل تواصل اجتماعي تغري الكثيرين بإمضاء الوقت عليها. يشير النص إلى أن التحكم في الذات يتطلب القدرة على تفضيل الأهداف طويلة الأمد على الرغبات الفورية. ومع ذلك، يجد الكثيرون صعوبة في مقاومة الرضا الفوري، مما يؤدي إلى التضحية بالسعادة المستقبلية.

يشير النص أيضا إلى أن ممارسة التحكم في الذات بشكل فعال يتطلب صراعا مستمرا بين الذات الحالية وذاتك المستقبلية. هذا الصراع غالبا ما ينشأ من الرغبة في التفاعل الاجتماعي أو الاستمتاع بالهوايات، مثل الصيد، التي قد تكون متأصلة منذ زمن.

يقدم النص بعض النصائح العملية لتحسين التحكم في الذات، مثل التخطيط المسبق لفترات الاستراحة والتحقق من البريد الإلكتروني، وتحديد أوقات محددة لهذه الأنشطة. كما يوصي بإبعاد وسائل الإغراء،"
427,تتأثر المواد الغذائية بشدة بالتضخم في مصر، وهو نتيجة مباشرة لتعويم الجنيه المصري الذي أدى إلى تخفيض قيمته بنسبة تزيد عن 60٪. ارتفع معدل التضخم في المواد الغذائية في المناطق الحضرية إلى 28.3٪، في حين ارتفع معدل التضخم في الرعاية الصحية إلى 32.2٪. هذا هو أعلى مستوى للتضخم في مصر منذ عدة سنوات، بسبب الأزمة الاقتصادية وانخفاض مصادر الدخل الأجنبي. في أغسطس، بلغ معدل التضخم في البلاد 16.4٪، وهو أعلى معدل منذ ثماني سنوات. تخطط الحكومة المصرية للحصول على قرض من صندوق النقد الدولي بقيمة 12 مليار دولار بعد تحرير عملتها بالكامل في نوفمبر 2016، زيادات كبيرة في أسعار الوقود، وتطبيق زيادات في الأسعار.
428,"أعرب وزير الخارجية الألماني فرانك-فالتر شتاينماير عن تحفظه على خطط الولايات المتحدة لتوريد أسلحة إلى منطقة الشرق الأوسط والخليج، مشيراً إلى أن زيادة التسلح لن تسهم في تحقيق السلام في المنطقة. وأكد شتاينماير على تفضيل ألمانيا للحوار السياسي مع جميع الأطراف المعنية.

من جهته، التزم المتحدث باسم الحكومة الألمانية توماس شتيغ الحذر بشأن صفقات الأسلحة، مشيراً إلى أن الحكومة تنتظر الحصول على مزيد من المعلومات قبل التعليق عليها.

كما انتقد كارستن فوغت، منسق العلاقات الأمريكية-الألمانية في وزارة الخارجية الألمانية، ممارسة الولايات المتحدة في تزويد الدول غير الديمقراطية بكميات كبيرة من الأسلحة.

وبهذه التصريحات، ينضم روبريشت بولينز، رئيس لجنة الشؤون الخارجية في البرلمان الألماني، إلى الانتقادات الموجهة إلى الولايات المتحدة"
429,"يتوقع أن يشارك آلاف الأشخاص في مظاهرة يوم السبت ضد مشاركة بريطانيا المحتملة في غارات جوية على سوريا، والتي تسعى الحكومة البريطانية للحصول على دعم البرلمان لها. ومع ذلك، ليس من المتوقع أن يشارك زعيم حزب العمال المعارض جيريمي كوربين، الذي كان في السابق نائب رئيس الائتلاف، في المظاهرة. تقول منظمة المظاهرة ليندسي جيرمان إن الغارات الجوية التي تقودها الولايات المتحدة في سوريا لم تنجح في وقف تقدم تنظيم الدولة الإسلامية، الذي يعترف الأمريكيون بأنه لم يتغير رغم مقتل عدد كبير من عناصره في الغارات. خلص جيرمان إلى أن الغارات لا تؤتي ثمارها. من المتوقع أن يتم التصويت على مشاركة بريطانيا في الغارات على سوريا الأسبوع المقبل، ولكن هذا لن يوقف الهجمات الإرهابية، وفقا للبيان الذي أصدره ائتلاف ""أوقفوا الحرب""."
430,"أفاد مكتب التحقيقات الفيدرالي (إف بي آي) أن المجرمين يستخدمون الطائرات بدون طيار لعرقلة جهود الإنقاذ في حوادث خطف الرهائن. يتم استخدام الطائرات بدون طيار لحجب الرؤية عن فريق الإنقاذ، مما يؤدي إلى فقدان الرؤية والمراقبة. وقد حدث هذا خلال فصل الشتاء في ضواحي مدينة أمريكية كبيرة. رداً على ذلك، أقام مكتب التحقيقات الفيدرالي مركز مراقبة متقدم، لكن الطائرات بدون طيار الصغيرة ذات السرعات العالية طارت أمام العملاء، مما أبعدهم عن الموقع.

استخدام الطائرات بدون طيار في الأنشطة الإجرامية شائع بشكل متزايد، حيث يستخدم المجرمون الطائرات بدون طيار لتهريب الهواتف الذكية والمخدرات إلى السجون. الجهات القانونية قلقة من أن المجرمين قد يستخدمون الطائرات بدون طيار لأغراض أخرى. على سبيل المثال، ذكرت التقارير أن عصابات المخدرات المكسيكية تستخدم الطائرات بدون طيار لتهريب المخدرات عبر الحدود."
431,"أعلن الرئيس الأمريكي باراك أوباما عن قواعد صارمة جديدة لاستخدام الطائرات بدون طيار خارج مناطق الحروب، مع التركيز على الأهداف الإرهابية التي تشكل تهديدا مباشرا. وأكد في خطاب حول الأمن القومي أن الهجمات التي تستهدف التهديدات ضد الولايات المتحدة كانت دائما محسوبة وفعالة وشرعية. وأكد أن الحرب ضد الإرهاب دخلت منعطفا جديدا. وفي هذا الإطار، لا يمكن قتل سوى إرهابيين من القاعدة أو لجماعات حليفة، ولا يمكن استخدام الطائرات بدون طيار إلا في حالة تعذر القبض على الأشخاص المستهدفين، مع التشاور مع الدول التي يتم فوق أراضيها تنفيذ تلك الهجمات. وأشار الرئيس أوباما إلى أن الولايات المتحدة لا تزال تواجه تهديدات إرهابية، لكنه حذر من أن حربا دائمة على ""الإرهاب"" هي حرب ""خاسرة سلفا"" في غياب استراتيجية للتصدي لجذور التطرف. وفي سياق آخر، أعلن أوباما عن نيته نقل"
432,أثار مقطع فيديو يظهر فيه المعتقل الفلسطيني ماهر الأخرس وهو يناصر الجيش السوري جدلاً عبر مواقع التواصل الاجتماعي. في هذا الفيديو، يثني الأخرس على سوريا وجيشها، ويشكر الحكومة السورية على دعمها للقضية الفلسطينية، ويعبر عن فخره بصمود سوريا أمام المؤامرة والحرب الإرهابية. كما يشكر روسيا ورئيسها فلاديمير بوتين على تدخلهم في قضيته. بعد نحو 103 أيام، أنهى الأخرس إضرابه عن الطعام بناءً على اتفاق مع السلطات الإسرائيلية يقضي بإطلاق سراحه يوم 26 نوفمبر. هذا الفيديو أثار ردود فعل متباينة بين السوريين والفلسطينيين، حيث احتفى به مؤيدو النظام السوري، في حين أثار خيبة كثيرين ممن سبق وتعاطفوا معه.
433,خيرت فيلدرز، سياسي يميني هولندي متطرف، متهم بالتحريض على كراهية المسلمين والتمييز ضدهم. في تجمع عقب الانتخابات المحلية في لاهاي، سئل فيلدرز من قبل أنصار حزب الحرية إذا كانوا يريدون المزيد أو الأقل من المغاربة في هولندا. ردوا بالقول إنهم يريدون عددا أقل، ووعد فيلدرز بتنفيذ ذلك. اعتبرت الجمعية أن هذا تجاوز لحدود قانونية، حيث استهدف فئة محددة من المواطنين. وقد واجه فيلدرز اتهامات بالتحريض على الكراهية والتمييز العنصري ضد المسلمين، لكن محكمة هولندية برأته في عام 2011.
434,"تعرضت لوحة استعراضية حول الأوضاع السياسية في العالم العربي تتناول فكرة التشبث بالسلطة، والتي تسلط الضوء على الاستبداد الذي يصيب الشخصيات عند وصولها إلى السلطة، في الموسم الثالث من النسخة العربية من برنامج ""Britain's Got Talent""، وهو برنامج اكتشاف المواهب الذي يعود أصله إلى بريطانيا. وقد تم تقديم اللوحة نفسها في دار الأوبرا في سوريا سابقا. وارتدى أعضاء الفرقة اللونين الأبيض والأسود حدادا. وقد وصل 12 متسابقا من جنسيات مختلفة إلى النهائيات في البرنامج. وحل في المركزين الثاني والثالث كل من محمد الديري وجينيفر غراوت، وذلك بناء على تصويت الجمهور. وقد أثارت غراوت، الأمريكية التي لا تتحدث العربية، دهشة أعضاء لجنة التحكيم والمشاهدين بأدائها لأغنية للمغنية المصرية الراحلة أم كلثوم أثناء عزفها"
435,بيتر ليمبورغ، المدير العام لمؤسسة DW، يحث السلطات الإيرانية على السماح بالوصول الحر إلى المعلومات، بدلاً من فرض الرقابة على الإنترنت، وهو ما ينطبق على موقع المؤسسة باللغة الفارسية الذي تم حجبه منذ عام 2009. يعتقد ليمبورغ أن هذه الرقابة قد تكون مرتبطة بالانتخابات المرتقبة والتغطية الواسعة والمتوازنة للمؤسسة. يدعو ليمبورغ القيادة الإيرانية إلى مزيد من الشفافية وإنهاء إجراءات الرقابة، مؤكداً على أهمية حرية الإنترنت للمواطنين للتقدم والتطور.
436,"أعلنت جماعة أنصار الله الحوثية في اليمن يوم الأربعاء 25 مارس/ آذار 2020 الإفراج عن جميع السجناء البهائيين لديها، وذلك في خطاب ألقاه مهدي المشاط، رئيس المجلس السياسي الأعلى، بمناسبة الذكرى الخامسة لما وصفه بـ""العدوان"". ويأتي هذا الإفراج بعد ثلاثة أيام من تأييد محكمة الاستئناف في صنعاء، التي تخضع لسيطرة الحوثيين، حكماً بإعدام أحد قادة البهائيين في اليمن، حامد حيدرة، المحتجز منذ عام 2013 بتهمة ""التجسس والردة"". وقد أثارت هذه القضية قلقاً دولياً، حيث أبدت الولايات المتحدة ودول أخرى وجماعات حقوق الإنسان قلقاً بشأن معاملة الحوثيين للبهائيين في اليمن."
437,أصيب طفل و15 شخصًا آخر بجروح في هجوم في البياع، جنوب غرب بغداد. وقع الهجوم الأكثر دموية في الحي وأسفر عن مقتل ثلاثة أشخاص، بما في ذلك شرطي. كما قتل شرطي آخر وأصيب أربعة من زملائه بجروح في هجوم منفصل. وفي جرف الصخر، جنوب بغداد، قتل مسلحون زعيم صحوة في كمين، وقتل عنصر آخر من عناصر الصحوات في هجوم في الأنبار.
438,اتهم الرئيس السوري بشار الأسد رئيس الحكومة التركية رجب طيب أردوغان بالكذب في كل ما يتعلق بالأزمة السورية منذ بدايتها، وذلك في تصريحات لقناة تلفزيونية وصحيفة تركيتين. الأسد قال أن أردوغان لم يقل كلمة صدق واحدة منذ بدأت الأزمة في سوريا. وفي مقابلة أخرى، أشار الأسد إلى أن موقف رجال الدين، ومنهم الدكتور محمد سعيد رمضان البوطي، كان أساسيا في إفشال مخطط لخلق فتنة طائفية. وأوضح أن رجال الدين تم اغتيالهم. وفي سياق متصل، قال شهود عيان أن طائرة سورية توغلت 20 كيلومترا داخل لبنان وأطلقت صاروخا على مشارف بلدة عرسال الحدودية، لكن الحادث لم يسفر عن سقوط ضحايا. وفي طرابلس، شمال لبنان، ألقى مسلحون من منطقة باب التبانة قنبلة وأطلقوا النار في وقت مبكر اليوم الأربعاء على قافلة من الشاحنات السورية، ما أسفر عن إصابة سائق بجروح
439,ذكرت وسائل الإعلام السورية الرسمية أن الجيش الإسرائيلي شن هجوما على مواقع للجيش السوري بالقرب من الحدود مع هضبة الجولان في الساعة الأولى من صباح الخميس (12 يوليو/ تموز)، مما تسبب في أضرار مادية محدودة. من جهتها، أصدرت إسرائيل بياناً قالت فيه إنها ضربت ثلاثة أهداف رداً على انتهاك طائرة سورية بلا طيار للمجال الجوي الإسرائيلي في اليوم السابق، وأسقطت فوق شمال إسرائيل. قبل ذلك، أفادت وكالة (سانا) السورية الرسمية أن الدفاعات الجوية السورية تصدت لهجوم صاروخي إسرائيلي على مواقع للجيش في جنوب غرب سوريا قرب هضبة الجولان، محدودة الأضرار المادية. تعتبر إسرائيل أن انتشار إيران في سوريا يشكل تهديداً، حيث ضربت القوات الجوية الإسرائيلية عشرات الأهداف التي تشير إليها بأنها مواقع إيرانية أو مواقع تنقل الأسلحة إلى جماعة حزب الله اللبنانية المدعومة من إيران. أكد مسؤول إسرائيلي
440,النص يتناول العلاقة بين العنف في العراقانسحاب القوات الأمريكية. يشير النص إلى أن العنف زاد في الأسابيع التي سبقت الانسحاب، وتراجع بعد ذلك قبل أن يعود بشدة. يعتبر النص أن الأمن في العراق غير مكتمل، سواء بوجود القوات الأمريكية أو غيابها. يشير النص أيضا إلى أن الإعلام يتجنب تغطية العنف في العراق، إلا عندما يكون عدد الضحايا كبيرا. يشدد النص على الحاجة إلى المصالحة الوطنية لتحقيق الاستقرار في العراق. يعتبر النص أن الخلافات الطائفية والسياسية في العراق تساهم في العنف، وأن الإرهاب يستفيد من الاستنكار الدولي. يشدد النص أيضا على أهمية الإجراءات الأمنية في مواجهة الإرهاب، ولكنه يشير إلى أن هذه الإجراءات ليست كافية في غياب المصالحة الوطنية.
441,منذ تأسيسها قبل أكثر من ستين عامًا، لم تتمكن جامعة الدول العربية من تحقيق أهدافها الأساسية، وهي الوحدة والتضامن بين الدول الأعضاء، وحل المشاكل الداخلية. القمة العشرين لجامعة الدول العربية، التي عقدت في دمشق، أظهرت تشرذم الدول الأعضاء وعدم قدرتها على حل مشاكلها. الأزمة اللبنانية ظلت بلا حل، ولم يحضر القمة سوى نصف الزعماء العرب، وكان تمثيل الدول الأخرى منخفضًا، خاصة السعودية ومصر والأردن. لبنان قاطع القمة بسبب تحميله سوريا مسؤولية الأزمة السياسية التي يعاني منها. الرئيس السوري بشار الأسد رفض انتقادات بيروت، بشكل غير مقنع، حيث يعرف الجميع أن سوريا كانت تدعم المعارضة اللبنانية، ولولا هذا الدعم لما كان هناك رئيس لبناني جديد ولانتقلت البلاد إلى حالة الاستقرار. الجامعة العربية لم تتمكن من تقديم أي آلية لحل الأزمة الدستورية في لبنان، ولم تقدم أي
442,أعلنت ألمانيا أنها ستطرد أربعة دبلوماسيين روس بسبب تورط روسيا في تسميم العميل الروسي المزدوج سيرغي سكريبال في بريطانيا. يتوقع أن يتم الإعلان رسمياً عن هذا القرار في نفس الوقت مع تأكيد وزير الخارجية الألماني هايكو ماس على القرار عبر تويتر. أكد ماس أن القرار لم يتم اتخاذه بسهولة، مشيراً إلى أن روسيا لم تشارك حتى الآن في توضيح كيفية تسميم سكريبال.
443,استجوبت السلطات السعودية الناشطة الحقوقية سمر بدوي، شقيقة المدون رائف بدوي، يوم الأربعاء 15 فبراير/شباط 2017 بشأن أنشطتها وحملات الدعوة التي تقوم بها.
444,تحطمت طائرة ركاب خلال رحلة بين لوس أنجلوس وشيكاغو بسبب استخدام الطيارين لحاسوبيهما الشخصيين في قمرة القيادة، مما أدى إلى انقطاع الاتصال مع الطائرة لمدة ساعة كاملة قبل هبوطها بسلام في مطار منيابوليس بولاية منيسوتا. الطياران نفيا أن يكونا قد ناما خلال الرحلة، لكنهما تجاهلا اتصالات المراقبة الجوية والرسائل من الشركة. لم يكن الطياران على علم بمكان وجود الطائرة حتى سألتهما مضيفة قبل خمس دقائق من موعد الوصول. وقد أصدرت هيئة المواصلات القومية بيانا بعد استجواب الطيارين لمدة خمس ساعات يوم الأحد.
445,"منذ اختفاء الصحفي السعودي جمال خاشقجي في القنصلية السعودية في إسطنبول، ظلت وسائل الإعلام تبث تقارير صادمة بشكل متزايد. وقد نُسبت هذه التقارير لمسؤولين أتراك ووسائل إعلام تركية تتحدث عن كيفية تصفية المنتقد للنظام السعودي. ولكن، كيف يرى العالم تركيا الآن وما مدى استفادتها من قضية خاشقجي؟

صحيفة ""بوليتيكو"" الأمريكية الإخبارية ترى أن تركيا ربما تكون المستفيد الأول من هذه القضية، حيث يعتقد مسؤولو الاستخبارات الأمريكية أن ولي العهد الأمير محمد بن سلمان هو المسؤول في النهاية عن مقتل خاشقجي. ولكن، تركيا لم تقدم الكثير من المعلومات التي قد تحذر من السوء.

الرئيس رجب طيب أردوغان، الذي حصل على ولاء الأجهزة الأمنية بفصل أو سجن أي شخص يشتبه في عدم ولائه، ووسائل الإعلام- عن طريق إغلاق الصحف المستقلة وسجن الصحفيين الناقدين- ،"
446,"أعلنت المفوضية العليا المستقلة للانتخابات في العراق يوم الأربعاء، 3 فبراير/شباط، أن المرشحين المشمولين بقرار الهيئة العليا للمساءلة والعدالة يمكنهم المشاركة في الانتخابات التشريعية المقبلة، والتي يتنافس فيها 6500 مرشح، بما في ذلك مستقلون ضمن 12 ائتلافا. أبرز الائتلافات هي ""الكتلة العراقية"" العلمانية، ""ائتلاف دولة القانون"" بزعامة رئيس الوزراء نوري المالكي، ""الائتلاف الوطني العراقي"" الشيعي، و""التحالف الكردستاني"" و""ائتلاف وحدة العراق"" بقيادة وزير الداخلية جواد البولاني وقادة الصحوات، وبشكل خاص أحمد أبو ريشة. وقالت رئيسة الدائرة الانتخابية في المفوضية، حمدية الحسيني، إن هيئة تمييزية شكلها البرلمان سمحت بمشاركة المرشحين الذين منعتهم هيئة المساءلة والعدالة من خوض الانتخابات، على أن يتم النظر في ملفاتهم بعد عملية الاقتراع؛"
447,تظاهر حوالي 600 شخص في ريو دي جانيرو، البرازيل، احتجاجاً على ارتفاع أسعار تذاكر الحافلات، والإنفاق على بطولة كأس القارات وكأس العالم القادمة. وقعت الاشتباكات قبل مباراة كأس القارات بين إيطاليا والمكسيك، خارج محطة قطار الأنفاق بالقرب من استاد ماراكانا. لم يتمكن المشجعون من الوصول إلى الاستاد بسبب تجمع المحتجين. في الوقت نفسه، في العاصمة برازيليا، وقعت اشتباكات أخرى خلال احتجاج مشابه لافتتاح بطولة كأس القارات. 39 شخصاً أصيبوا في الاحتجاجات التي وقعت في اليوم الأول من البطولة، وما زالت هناك احتجاجات متوقعة في جميع أنحاء البرازيل.
448,الرئيس الأمريكي دونالد ترامب رفض ثلاثة قرارات من الكونغرس بوقف بيع أسلحة تقدر بمليارات الدولارات إلى السعودية والإمارات، مشيرا إلى أن هذه القرارات تضعف التنافسية الأمريكية وتضر بالعلاقات مع الحلفاء. المشرعون الذين صوتوا لوقف بيع السلاح إلى السعودية يرون أن هذه المبيعات ستفاقم الحرب في اليمن، حيث تقود السعودية تحالفا تدعمه الولايات المتحدة ضد الميليشيات الحوثية. ومع ذلك، يرى ترامب أن حظر مبيعات الأسلحة قد يطيل النزاع في اليمن. وفي رد فعل، أعلن زعيم الأغلبية في مجلس الشيوخ أن المجلس سيصوت على قرارات الرفض قبل بداية العطل الصيفية، ولكن من غير المرجح أن يتم تجاوز حق الرئيس في النقض نظرا لتأييد الجمهوريين لمبيعات السلاح.
449,حذر وزير الدفاع المصري، الفريق أول عبد الفتاح السيسي، قبل أسبوع من مظاهرات التيارات المدنية المعارضة، من أن الجيش قد يتدخل إذا انزلقت البلاد في صراع يصعب السيطرة عليه. وهذا هو أقوى تحذير من المؤسسة العسكرية منذ أن سلم الجيش السلطة للرئيس محمد مرسي العام الماضي. وحث السيسي الجميع على إيجاد صيغة تفاهم ومصالحة لحماية البلاد. وهذا هو أول تحذير من هذا النوع يصدر عن وزير الدفاع، وذلك منذ بدء تصاعد الصراع بين القوى السياسية.
450,"أعلن مكتب الداخلية الفيدرالي الألماني يوم الثلاثاء 8 مايو 2018، أن معدل الجريمة في ألمانيا قد انخفض بشكل غير مسبوق منذ عام 1992. حيث بلغ عدد الجرائم المسجلة في ألمانيا خلال العام الماضي حوالي 5.76 مليون جريمة. ومع ذلك، فقد انخفض معدل الجريمة بالنسبة للسكان على مدى السنوات الـ30 الماضية. وأكد وزير الداخلية الألماني هورست زيهوفر أن ألمانيا أصبحت أكثر أمانا، لكنه حذر من أنه لا يزال يتعين القيام بالكثير من العمل.

وفي الوقت نفسه، شهدت جرائم الكراهية ضد اليهود ارتفاعاً في عام 2017، حيث بلغت 1504 جرائم، مع ارتكاب معظم هذه الجرائم من قبل اليمين المتطرف. وأكد زيهوفر أن العداء للسامية، بما في ذلك ""الجرائم المستوردة""، قد تصاعد، لكنه لا يزال يحدث على مستوى منخفض."
451,"في ظل الظروف الحالية، يواجه الكثيرون تحديات غير مسبوقة. العادات المعتادة تتغير، ولا أحد يعرف كيف ستتطور الأمور. ومع ذلك، هناك أشياء يمكننا التحكم فيها تساعد في الحفاظ على صحتنا وقوتنا. هذه الأشياء تشمل التغذية الصحية، النوم الكافي، والنشاط البدني.

التغذية الصحية مهمة جداً في هذه الفترة. الأكل الصحي يمكن أن يقلل من خطر الأمراض المزمنة مثل السكري والبدانة، ويمكن أن يساعد في تحسين الحالة النفسية. الدماغ يستفيد من الكربوهيدرات، التي توجد في الفواكه والخضراوات والشعير. الفيتامينات والمعادن مثل الحديد والزنك أيضاً مهمة لنظام المناعة. الفيتامينات B مهمة لصحة الدماغ، ويمكن العثور عليها في الخضروات والبيض والدجاج والأسماك.

النوم الكافي أيضاً مهم للصحة العقلية والجسدية. الجسم يستمر في العمل أثناء النوم، وتتكرر"
452,"يعاني أهل مدينة قفصة في تونس من انقطاع الماء بشكل متكرر، وهو ما دفعهم إلى الاعتماد على سيارات خاصة تجوب الشوارع لبيع الماء، وهو ما يعكس صعوبة الوضع المائي في المدينة.

الماء هنا لا ينقطع لساعات أو أيام، بل يستمر لأشهر في بعض الأحيان، خاصة خلال فصل الصيف. الخيارات المتاحة أمام السكان هي شراء الماء من السيارات الخاصة، أو مواجهة الموت جوعاً وعطشاً.

الماء الذي توفره الدولة غير صحي ولا يصلح حتى لشرب الحيوانات أو الأشجار، ومع ذلك يتم تحصيل رسوم عليه.

هذه الأزمة ليست معزولة، بل يعاني منها أغلب سكان المدينة، التي تشهد أعلى نسبة لانقطاع الماء في تونس. منطقة الحوض المنجمي، التي تتبع محافظة قفصة وهي المنتج الرئيسي للفوسفات في البلاد،"
453,"يصور الفيديو الذي يستغرق 3 دقائق و19 ثانية مشهدًا احتفاليًا في الرابع عشر من فبراير، حيث يتجمع الناس حول شاشة تعرض صورًا لهيكلين عظميين يقبلان بعضهما البعض. ثم تظهر فتاتان، كانتا قد صورتا كهيكلين عظميين خلف الشاشة، على المسرح، وعندما يتلاشى الهيكلان العظميان، يظهر الناس من مختلف الأعراق والجنسين والإعاقات وهم يتعانقون ويقبلون بعضهم البعض، مما يرمز إلى الحب والقبول. الفيديو، الذي يحمل عنوان ""الحب ليس له عمر""، يهدف إلى مكافحة التحيز والأحكام المسبقة، حيث يدعو الناس إلى القضاء على الأفكار النمطية وتعزيز الحب والقبول. وقد جذب هذا الفيديو، الذي تم نشره على يوتيوب، أكثر من 41.5 مليون مشاهدة خلال أسبوع."
454,القوات الروسية تواجه تمردا في شمال القوقاز، حيث قام المهاجمون بزرع عبوات ناسفة في طريق قافلة عسكرية وفتحوا النيران والقنابل اليدوية، مما أدى إلى مقتل خمسة جنود. هذا التمرد مستمر منذ أكثر من عقد بعد أن أطاحت القوات الروسية بالحكومة الانفصالية في الشيشان المجاورة. يستهدف المتمردون عادة قوات الشرطة والمسؤولين الحكوميين والقادة المسلمين المتعاونين مع الروس في المنطقة الحدودية الجنوبية لروسيا.
455,"يتحدث النص عن الرئيس التركي رجب طيب أردوغان والإجراءات التي اتخذها عقب محاولة الانقلاب الفاشلة في يوليو/تموز 2016. اردوغان ينتقد الدول التي انتقدت إجراءات تركيا بعد محاولة الانقلاب، وقد وافق على قرابة ألفي دعوى قضائية بشأن اتهامات بالإساءة إليه خلال العامين الماضيين. كما أعلن عن إطلاق سراح 758 من العسكريين الذين اعتقلوا بعد المحاولة الانقلابية. وأكد اردوغان أنه سيسحب كافة الدعاوى بحق كل من أساء إليه، وهو عفو ""لمرة واحدة فقط"". رفض اردوغان الانتقادات الأجنبية للإجراءات التي اتخذتها الحكومة منذ محاولة الانقلاب، وقال: ""البعض يقدم نصائح، ويقولون إنهم قلقون، اهتموا بشؤونكم! انظروا إلى ما فعلتم."" وقد أعلنت السلطات في تركيا أن عدد المعتقلين على خلفية محاولة الانقلاب تجاوز 18 ألف معتقل، وأنه تم إنهاء خدمة أكثر من مئة جنرال، وأعت"
456,الرئيس اليمني عبد ربه منصور هادي ينفي الأنباء التي تتحدث عن تمديد ولايته أو إجراء تعديل في حكومة الوفاق الوطني. خلال ترؤسه لاجتماع استثنائي للحكومة، أكد هادي أنه ملتزم بتنفيذ كل بنود المبادرة الخليجية، متوعداً برد قوي على أي محاولة لإعاقة تنفيذ المبادرة.
457,أعلنت وزارة الداخلية السودانية أنها ألقت القبض على 600 شخص لمشاركتهم في التظاهرات التي تهز البلاد منذ خمسة أيام. وقالت الوزارة في بيان أن هؤلاء الأشخاص سيحاكمون الأسبوع القادم. وقد تجدد التظاهرات مساء الجمعة في بعض أحياء شرق الخرطوم، حيث تدخلت الشرطة وأطلقت القنابل المسيلة للدموع. وقد ارتفعت أعداد القتلى منذ بداية هذه التظاهرات إلى 29 شخصا، حسب مصادر طبية وأمنية. وقد أغلق السودان مكتب قناة العربية وقناة سكاي نيوز عربية في السودان، وصادر أجهزة الكمبيوتر الخاصة بهما ومنع مراسلينا من العمل، حسب ما أفادت به القناتان.
458,"تعلن قريبا النتائج النهائية لجوائز ال ""بافتا"" البريطانية، والتي تتضمن قائمة بأسماء الأفلام والممثلين المرشحين للفوز بجوائزها. ومن أبرز الأفلام المرشحة فيلم ""لينكولن"" الذي يروي قصة حياة الرئيس الأمريكي السابق أبراهام لينكولن، والذي حصل على 10 ترشيحات. وفي مجال الأفلام الغنائية، رشحت الممثلة آن هاثاواي لجائزة أفضل ممثلة عن دورها في فيلم ""البؤساء""، بينما حصل الممثل ألفريد هج جاكمان والممثلة هيلين ميرين على ترشيحين في نفس الفئة عن دورهما في الفيلم نفسه. وفي مجال الأفلام الدرامية، رشحت الممثلة جيرالدين ماكيشني لجائزة أفضل ممثلة عن دورها في فيلم ""هيتشكوك"". وفي مجال الأفلام الكوميدية، رشحت الممثلة إيفا غرين لجائزة أفضل ممثلة صاعدة عن"
459,منذ استقلال البلاد، تعاني ولاية جونقلي في جنوب السودان من مواجهات مستمرة بين الجيش والمتمردين، كما ذكر حاكم الولاية كول مانيانغ. في حادثة حديثة، هاجم مربو ماشية من قبيلة لونوير مجموعة من الجيش برفقة مواشيهم، مما أدى إلى مقتل 103 أشخاص، بما في ذلك 14 عسكرياً. الهجوم، كما أفاد مفوض مقاطعة أكوبو غوي جويول، وقع عندما حاولت عائلات من قبيلة لونوير عبور نهر سوبات بمواشيهم. الناجون قالوا إن المهاجمين كانوا مسلحين بأسلحة مختلفة ومتفجرات. هذا الهجوم يأتي بعد عام من أسوأ عملية قتل جماعي في الولاية، حيث قتل أكثر من 600 شخص في هجوم شنته قبيلة لونوير على قبيلة مورلي.
460,أعربت وزارة الخارجية التركية عن رفضها الشديد لاتفاق دلتا كريسينت إينريجي مع قوات سوريا الديمقراطية، وهو تحالف يقوده الأكراد يسيطر على شمال شرق سوريا. ترى تركيا الاتفاق، الذي يهدف إلى تحديث حقول النفط التي تسيطر عليها قوات سوريا الديمقراطية، على أنه تمويل للإرهاب. كما اتهمت الوزارة القوات الكردية بمساندة خطط الانفصال بمصادرة موارد الشعب السوري الطبيعية. من ناحية أخرى، أكد مسؤولون أمريكيون، بما في ذلك عضو مجلس الشيوخ ليندسي غراهام، دعمهم للاتفاق، الذي يرونه ضروريا لتعزيز الاستقرار الاقتصادي في المنطقة. وقد انتقدت الحكومة السورية الاتفاق بشدة، معتبرة إياه محاولة لسرقة موارد البلاد وسيطرة غير قانونية عليها.
461,أعلن التحالف العربي بقيادة الرياض عن تبادل تسعة سعوديين مع 109 يمنيين في عملية تبادل أسرى جديدة، وهي الثانية منذ تهدئة حدودية بين الجانبين في مارس/آذار الحالي. وتأتي هذه العملية قبل نحو أسبوعين من وقف مرتقب لإطلاق النار في اليمن برعاية الأمم المتحدة، ومن المنتظر أن تستضيفه الكويت في 18 أبريل/نيسان. ولم يحدد التحالف ما إذا كان السعوديون المحتجزون جنودا أم مدنيين.
462,"فاز الرئيس بوخاري، مرشح حزب المؤتمر التقدمي المعارض، في انتخابات نيجيريا الأخيرة، ليصبح أول مرشح معارض يفوز بالرئاسة. هزم الرئيس جوناثان بفارق 2.5 مليون صوت. وقد تلقى تهنئة من قادة العالم لالتزامه بالديمقراطية. تعهد بوخاري بالتصدي للفساد، الذي وصفه بأنه ""أكبر شر"" حتى من بوكو حرام، الجماعة المسلحة التي كافح ضدها كرئيس. وقد تلقى معظم دعمه من الشمال، وبشكل خاص من الولايات الشمالية الشرقية التي تأثرت بشدة بهجمات بوكو حرام. بوخاري، الذي كان جنرالا ورئيس دولة سابقا، قد وعد بدحر بوكو حرام وإقامة حكم القانون. كما أكد على أهمية حقوق المواطنين الدستورية وحرية التعبير."
463,"أمرت المفوضية الفيدرالية للتجارة في الولايات المتحدة شركات التكنولوجيا العملاقة، فيسبوك وواتساب ويوتيوب وتيك توك وأمازون وسناب وتويتر وريديت، بتقديم معلومات مفصلة عن كيفية جمعها واستخدام بيانات المستهلكين، وذلك في أحدث خطوة لمعالجة مخاوف الخصوصية. وصوتت اللجنة بأغلبية 4 أصوات مقابل صوت واحد لصالح التحقيق. وقال الأعضاء الأربعة المؤيدون للتحقيق إن ""من المثير للقلق"" أن هذه الشركات ""تعرف الكثير عنا""، وتوقعوا أن يكون الامتثال للتعليمات ""سريعا وشاملا"". ينظر إلى هذا التحقيق على أنه رد فعل متأخر على التحقيقات المماثلة في أوروبا، التي فرضت غرامات على شركتي غوغل وأمازون. ومن المتوقع أن ترفع اللجنة دعوى قضائية ضد فيسبوك بسبب انتهاكات قوانين المنافسة."
464,"أُطلق النار على رئيس تحرير مجلة شارلي إبدو الساخرة، شاربونييه، وقتل خلال هجوم على مكاتب المجلة في باريس في 7 يناير/كانون الثاني 2015. كان شاربونييه 47 عامًا عندما قتل، وقد تلقى سابقًا تهديدات بالقتل وكان محميًا من قبل الشرطة. خلال الهجوم، أطلق ملثمان النار على الموظفين في الاجتماع التحريري، وقتل فيه ثلاثة رسامين بارزين، بمن فيهم تيغنوس وكابو، بالإضافة إلى رئيس التحرير. كانت رسوم شاربونييه المعتادة في المجلة تحمل عنوان ""شارب لا يحب الناس""، وكان قد دافع بشدة عن الرسوم التي تناولت النبي محمد في شارلي إبدو، حتى أنه صرح بأن ""محمد ليس مقدسًا بالنسبة لي. لا ألوم المسلمين إن لم يضحك"
465,منذ بداية الموسم، سجل محمد صلاح 33 هدفًا في 42 مباراة لليفربول في جميع المسابقات، مما أدى إلى زيادة قيمته من 74.7 مليون يورو إلى 162.8 مليون يورو. يحتل حاليا صدارة هدافي الدوري الإنجليزي الممتاز برصيد 24 هدفًا. انتقل صلاح إلى ليفربول من روما الإيطالي العام الماضي مقابل 43.3 مليون جنيه إسترليني. في سبتمبر، ارتفعت قيمة انتقاله إلى 88.1 مليون يورو حسب موقع (سي آي إي إس). إدرسون، حارس مرمى مانشستر سيتي، هو اللاعب الثاني الذي زادت قيمته بمقدار 74.4 مليون يورو، مما أدى إلى قيمة 98.7 مليون يورو. يأتي ليروي ساني من بايرن ميونخ في المركز الثالث بزيادة 63 مليون يورو. الرابع هو كيليان مبابي من باريس سان جيرمان بزيادة 54.7
466,"كوري علي محمد، 39 عامًا، مسلح بـ16 طلقة، أطلق النار على أربعة أشخاص بيض في مدينة فرينسو الأمريكية. صرخ ""الله أكبر"" عند اعتقاله، لكنه يُعتقد أنه حادث كراهية وليس حادث إرهابي. كان محمد مطلوبًا بتهمة قتل حارس أمن خارج فندق الأسبوع الماضي. يواجه الآن أربع تهم بالقتل وتهمتي محاولة القتل. كان لديه آراء معادية للبيض ومعادية للحكومة، كما أعرب عنها على وسائل التواصل الاجتماعي. كان الضحايا في الغالب من المارة، بما في ذلك رجل أطلق عليه النار وهو يجلس في سيارته. لم يكن المشتبه به معروفًا لدى الجالية المسلمة المحلية، التي أدانت الهجوم."
467,"موقع فرويند الألماني يقدم خمس أخطاء شائعة وكيفية تصحيحها:

1. تناول الكعك الصغير: للاستمتاع بمذاق الكعك الصغير لأطول فترة ممكنة، اقطع النصف السفلي من الكعكة الصغيرة وضعها فوق النصف العلوي على شكل شطيرة.

2. تسخين الطعام في فرن الميكروويف: لتسخين وجبتي طعام وبقايا الطعام السابقة في نفس الوقت، يُنصح بوضع الطبق فوق كأس.

3. الشرب من عبوة المشروبات: عند الشرب من عبوة المشروبات عندما تكون مغلقة ومحاطة بغطاء معدني، يمكن تجنب قطع القفل المغلق بتدوير مكان الفتح وإدخال الشفاطة.

4. تقديم المشروبات أثناء حفلات الشواء الصيفية: النحل قد يفسد في كثير من الأحيان أجواء حفلات الشواء الصيفية. للحفاظ على المشروبات آمنة وبع"
468,بعض البلدان تستورد التفاح من الخارج في غير موسمه، مثل بريطانيا التي تستورد 70٪ من التفاح المتوفر في أسواقها، بينما يهيمن الإنتاج المحلي على أسواق رئيسية أخرى، مثل الولايات المتحدة التي لا تتعدى نسبة التفاح المستورد بها عشرة في المئة. يحافظ المزارعون على توفر التفاح في غير أوقات جني المحصول من خلال طريقة تخزين توقف عملية نضج التفاح. تستمر ثمار التفاح في القيام بالعمليات الكيميائية الطبيعية للنبات حتى بعد قطفها من الأشجار، فهي تحصل على الأكسجين وتولد الطاقة وتقترب شيئا فشيئا من النضج. يعود التفاعل الكيميائي الذي يؤدي إلى نضج الثمار في جانبها الأكبر إلى هرمون يسمى الإثيلين، وهو الذي يغير شكل عدد لا يحصى من الجينات في الثمرة. تصبح الثمار التي تتفاعل مع الإثيلين أكثر حساسية للهرمون عندما يقترب موعد النضج. الإث
469,وفقاً لبيان من الجيش الأمريكي، قتل التحالف الذي تقوده الولايات المتحدة 54 مدنياً في العراق وسوريا بين مارس/آذار وأكتوبر/تشرين الأول. وقدرت تقارير أخرى عدد القتلى بـ56 مدنياً في ضربة جوية بالقرب من مدينة منبج السورية في يوليو/تموز. وفي نفس الهجوم، كان من المتوقع أن يكون حوالي 100 من مقاتلي تنظيم الدولة الإسلامية (داعش) قد قتلوا أيضاً. وهذا يمثل زيادة في عدد القتلى من المدنيين مقارنة بالبيانات السابقة، ولكن العدد لا يزال أقل بكثير من تقديرات أخرى. وقدرت الأمم المتحدة عدد المدنيين الذين قتلوا في العراق وسوريا بحوالي 2885 في نوفمبر/تشرين الثاني.
470,"في مساء يوم الجمعة، ثار بركان في جبل فاجرادالسفيال، الواقع على بعد حوالي 30 كيلومتراً من العاصمة الأيسلندية، ريكيافيك. حدث الثوران من خلال شق في قشرة الأرض بطول مئات الأمتار، مما أدى إلى تحويل لون سماء الليل إلى الأحمر بفعل سلسلة من النافورات الصغيرة. كان هذا الحدث غير متوقع، حيث كان البركان خامداً منذ حوالي 800 عام.

لم يكن للثوران تأثير كبير على الرماد، مما أدى إلى توقع اضطراب محدود. ومع ذلك، يشكل التلوث الناجم عن الغازات المنبعثة تهديداً، حيث طلبت السلطات من السكان المجاورين إبقاء النوافذ مغلقة. يتوقع أن يكون للتلوث تأثير محدود على صحة السكان، وفقاً لمكتب الأرصاد الجوية في أيسلندا.

كانت منطقة الانفجار مفتوحة"
471,"أدى الأمير فيصل بن فرحان آل سعود اليمين الدستورية ليكون سفيراً للمملكة العربية السعودية لدى جمهورية ألمانيا الاتحادية، في وقت تشهد فيه العلاقات بين البلدين بعض البرود، وذلك على خلفية مقتل الصحفي السعودي جمال خاشقجي. وقد شغل الأمير فيصل سابقاً منصب كبير مستشاري السفير السعودي في الولايات المتحدة الأمريكية، وقد أثيرت حوله بعض الشبهات فيما يتعلق بمخطط للإيقاع بالصحفي جمال خاشقجي. حتى الآن، لم تصدر وزارة الخارجية الألمانية أي تعقيب بشأن هذا التعيين، لكن من الواضح أن الموافقة الألمانية الرسمية لا تزال قيد الإجراءات الروتينية. وعلى الرغم من عدم وجود موقف رسمي، إلا أن حساب سفارة ألمانيا في السعودية قد ""غرد"" تهنئة للأمير فيصل بن فرحان على منصبه الجديد، ليرد الأمير فيصل، الذي ولد في ألمانيا، باللغة الألمانية."
472,قتل 15 شخصاً، بينهم تسعة أطفال، في السادس من أبريل/نيسان 2013، في قصف بالطيران السوري على حي شيخ مقصود في حلب، بحسب المرصد السوري لحقوق الإنسان. المنطقة كانت تحت سيطرة حزب الاتحاد الديمقراطي الكردي، الفرع السوري لحزب العمال الكردستاني في تركيا. بعد ساعات من الغارة، هاجم مقاتلون من الحزب حاجزاً للقوات النظامية عند المدخل الجنوبي لحي شيخ مقصود وقتلوا خمسة جنود، وفقاً للمرصد. وفي الوقت نفسه، بدأ رئيس الحكومة المؤقتة للائتلاف الوطني السوري المعارض، غسان هيتو، مشاورات لتشكيل حكومته، والتي من المتوقع أن يعلن عن تشكيلتها خلال الأسابيع القادمة.
473,"فريق عمل الفيلم الوثائقي ""ليس للكرامة جدران"" هم عبدالرحمن حسين، سارة إسحاق وأمين الغابري. تم ترشيح الفيلم لجائزة الأوسكار عن فئة الأفلام الوثائقية القصيرة. وثق الفريق المكون من شابة وشابين أحداث مظاهرات ""جمعة الكرامة"" في اليمن عام 2011، التي خرج فيها الآلاف يطالبون برحيل الرئيس السابق علي عبد الله صالح. يركز الفيلم على الجانب الإنساني للثورة اليمنية، حيث يركز على القصص الإنسانية للمتظاهرين السلميين وأسرهم. عبر المصور أمين الغابري عن حزنه لما حدث للمتظاهرين في هذا اليوم، وقال ""أشعر أن ما جاء بعد الثورة خذل الذين شاركوا فيها."" يقول عبدالرحمن حسين، الذي ساعد في إخراج الفيلم، أن القصص الإنسانية هي التي ساعدت على نجاح الفيلم، ويضيف ""هناك اهميتان لترشيح الفيلم في الأوسكار، اولا هذه فرصة نادرة لتسليط الضوء على"
474,اندلعت اشتباكات في ساعات الفجر بين مسلحي حركة الشباب، مما أسفر عن مقتل ستة مسلحين واثنين من الأجانب، وفقا لمصادر من حركة الشباب ومصادر من بي بي سي. نفت حركة الشباب هذه التقارير، مما يشير إلى أن هذه قد تكون أول اشتباكات من نوعها منذ تأسيس الحركة في عام 2006. في حادثة منفصلة، قتل ما لا يقل عن 15 شخصًا في هجوم على مكاتب الأمم المتحدة في مقديشو، حيث فجر المسلحون سيارة مفخخة ثم بدأوا بإطلاق النار على حراس مكاتب الأمم المتحدة. أفاد سكان بلدة برافا، التي تبعد 220 كم عن العاصمة، بوجود توتر في البلدة بعد الاشتباكات في أطرافها، التي لم تعرف أسبابها بعد. تحولت برافا إلى مركز رئيسي لحركة الشباب بعد أن فقدت الحركة عدة بلدات لقوات الاتحاد الأفريقي والحكومة الصومالية. يُعتقد أن الصراع على
475,شن التحالف الذي تقوده السعودية غارات جوية جديدة على مواقع الحوثيين في اليمن، بالرغم من وقف إطلاق النار الإنساني الذي أعلنته الأمم المتحدة. استهدفت الغارات مواقع في صعدة، جنوب صنعاء، ومنطقة الوهط بمحافظة لحج. لم ترد تقارير عن سقوط ضحايا. استمرت المواجهات على الأرض بين القوات الموالية للحكومة والحوثيين/قوات صالح. قتل ستة حوثيين في كمين في محافظة البيضاء، وفقا لمصادر محلية. كما أفاد تنظيم القاعدة في شبه الجزيرة العربية بمقتل ستة حوثيين في كمين في البيضاء.
476,"تعرضت بلدة أريحا في محافظة إدلب السورية لغارات جوية يوم الأحد، مما أسفر عن مقتل وإصابة عدد غير معروف من الأشخاص. يسيطر على البلدة تحالف من مجموعات المعارضة الإسلامية يعرف باسم ""جيش الفتح"". وقد سيطر هذا التحالف على كامل إدلب في وقت سابق من هذا العام، مما يشكل تهديدا لمناطق سيطرة القوات الموالية للرئيس السوري بشار الأسد. وقد أفاد المرصد السوري لحقوق الإنسان، وهو منظمة معارضة تتخذ من بريطانيا مقرا لها، بإصابة العشرات في الغارات، بينما تقول لجان التنسيق المحلية، وهي مجموعة معارضة أخرى، إن السوق المزدحم في البلدة تعرض لخسائر كبيرة. وإذا تأكد أن الطائرات الروسية هي التي نفذت الغارات، فستكون الأكثر دموية منذ بدء موسكو غاراتها الجوية داخل سوريا في سبتمبر."
477,"أكد علماء النفس الألمان في جامعة ""فريدريش شيلر-ينا"" أنه لا يكفي أن يكون الوجه جميلًا لكي يبقى في الذاكرة، بل إن الوجوه الأقل جمالًا وجاذبية تظل في الذاكرة وتترك أثرًا أكبر من تلك التي تبدو جميلة وجذابة، ما لم تكن في تلك الوجوه سمات وملامح إضافية مميزة. وقد أظهرت دراسة أن الوجوه غير الجذابة يمكن أن تبقى في الذاكرة أكثر من تلك الجذابة، ولكن فقط إذا كانت مميزة بطريقة ما. ورغم ذلك، فإن المشاركين في الاختبار كانوا قادرين على تذكر وجه جميل مع سمات مميزة، مثل وجه الممثلة أنجلينا جولي."
478,"أعلن رئيس الوزراء الإسرائيلي السابق إيهود أولمرت استقالته وسط سلسلة من الاتهامات بالفساد، بما في ذلك تلقي رشاوى بقيمة حوالي مليون دولار خلال فترة توليه لمنصب رئيس بلدية القدس من 1993 إلى 2003. وفي بيان مسجل، نفى أولمرت تلقيه أو عرضه لأي رشاوى، وأعرب عن استعداده للخضوع للتحقيق من قبل الشرطة. وقد وصفت وسائل الإعلام الإسرائيلية القضية بأنها ""أكبر فضيحة"" في تاريخ إسرائيل."
479,تعرض مسعود أوزيل، لاعب كرة القدم الألماني من أصل تركي، لانتقادات بعد أن ظهر في صورة مع الرئيس التركي رجب طيب أردوغان. وقد تسببت هذه الصورة في استياء في ألمانيا، حيث شكك بعض الألمان في ولائه للقيم الديمقراطية الألمانية. وقال أوزيل في بيان إن طريقة تعامل الاتحاد الألماني معه جعلته يرغب في التوقف عن ارتداء قميص منتخب ألمانيا. وقد تلقى أوزيل وعائلته رسائل كراهية عبر البريد الإلكتروني وتهديدات في الهاتف وتعليقات مسيئة على وسائل التواصل الاجتماعي.
480,التقت بي بي سي بسمورة، الأمينة العامة للاتحاد الدولي لكرة القدم (الفيفا)، قبل كأس العالم 2018 في مقابلة حصرية لبرنامج 100 امرأة. سمورة كسرت القالب بالانضمام إلى منظمة تسيطر عليها الرجال، حيث تشكل النساء الآن 50٪ من موظفي الفيفا، مقارنة بـ 32٪ عندما بدأت.
481,أعادت السلطات الليبية فتح معبر رأس جدير الحدودي مع تونس، وذلك بعد أيام من إغلاقه وسط توتر بين الجانبين. وقد جاء القرار دون اتفاق رسمي بين السلطات الليبية والتونسية، مما أثار احتجاجات في مدينة بن قردان التونسية. وكانت ليبيا قد أغلقت المعبر لمنع التهريب، وهو ما أثر سلباً على تجار المدينة. ويعتبر معبر رأس جدير أحد المعابر الحدودية الرئيسية بين ليبيا وتونس. وقد تم إغلاقه مرات عديدة في السنوات الأخيرة، مما أثار توترات على الجانبين. وكانت السلطات التونسية قد تجد صعوبة في التفاوض مع السلطات الليبية بشأن الإجراءات الجمركية في ظل الفوضى التي تعيشها ليبيا منذ سقوط نظام معمر القذافي.
482,"خسر فريق كولونيا مباراة أخرى في الدوري الألماني لكرة القدم (بوندسليغا)، وهذه المرة أمام شتوتغارت بنتيجة 1-2. تقدم شتوتغارت في الدقيقة 35 بهدف لأناستاسيوس دونيس، وتعادل كولونيا في الدقيقة 77 عن طريق دومينيك هاينز. ومع ذلك، سجل الكونغولي الديموقراطي ""أكولو"" هدف الفوز لشتوتغارت في الدقيقة الرابعة من الوقت بدل الضائع. هذه هي الخسارة الرابعة لكولونيا في الموسم، مما يجعلهم في المركز الأخير بالبوندسليغا، بينما رفع شتوتغارت رصيده إلى عشر نقاط، وهو في المركز العاشر."
483,فاز برشلونة على ريال سوسيداد 2-0 وتعادل ريال مدريد 2-2 مع فالنسيا في مباريات السبت في الدوري الإسباني. هذا يعزز موقع برشلونة في الصدارة بفارق 4 نقاط عن ريال مدريد، الذي لعب مباراة أقل، واتليتيكو مدريد، صاحب المركز الثالث وبطل الموسم الماضي. برشلونة يتجه نحو تحقيق ثلاثية محلية، بعد فوزه في دوري أبطال أوروبا على بايرن ميونيخ 3-0 في ذهاب نصف النهائي، ويتقدم على ريال مدريد بأربع نقاط في الدوري الإسباني.
484,يتداخل الرياضة والسياسة في كثير من الأحيان، كما يتضح من النزاعات بين الدول، حيث تلعب الرياضة دوراً في تخفيف التوتر وتعزيز التنافس الشريف. مثال على ذلك هو مباراة الكاميرون ونيجيريا، حيث كانت النزاعات الحدودية والحدودية هي السبب الرئيسي للنزاع، ولكن تم حل القضية في النهاية من خلال المحكمة الدولية. مثال آخر هو النزاع بين جنوب أفريقيا وناميبيا، والذي يذكرنا بحرب حدود جنوب أفريقيا، حيث أدت التوترات الإقليمية إلى إعلان ناميبيا استقلالها. على الرغم من حل هذه النزاعات، لا يزال هناك توتر بسبب الخلافات الحدودية.
485,في ظل استمرار غارات التحالف ضد الحوثيين في اليمن، تبذل جهود دبلوماسية لعقد محادثات سلام. وقد وافق الرئيس عبد ربه منصور هادي على المبادرة، لكن الحوثيين لم يحذوا حذوه. وقد تأجلت المحادثات التي كانت مقررة في جنيف بسبب اعتراض الحكومة اليمنية التي تطالب بانسحاب الحوثيين من المدن الرئيسية وتسليم أسلحتهم قبل المشاركة في محادثات معهم. وقد أفاد إسماعيل ولد شيخ أحمد، مبعوث الأمم المتحدة إلى اليمن، لمجلس الأمن بأن الحكومة التي تحظى بدعم السعودية وافقت على المحادثات، لكن الحوثيين لم يوافقوا بعد.
486,"في سبتمبر الماضي، هاجم متظاهرون السفارة الأمريكية في تونس، مما أدى إلى مقتل أربعة أشخاص. أصدرت محكمة تونسية حكماً على عشرين شخصاً بالسجن سنتين مع وقف التنفيذ لتورطهم في هذا الهجوم. وقتل أربعة أشخاص آخرين خلال الهجوم الذي نفذه متظاهرون احتجاجاً على فيلم أمريكي مسيء للإسلام. أصدرت السفارة الأمريكية بياناً انتقدت فيه ""فشل الحكومة التونسية في إثبات معارضتها للجهات التي تنتهج العنف""، وأكدت على ضرورة أن تتخذ الحكومة إجراءات أقوى ضد الذين يستخدمون العنف. وفي وقت لاحق، قال وزير العدل التونسي إنه سيقدم طلب استئناف للحكم. وفي الآونة الأخيرة، اتخذت السلطات التونسية إجراءات صارمة بحق المتشددين الإسلاميين في محاولة للحفاظ على الاستقرار."
487,"أليس نكوم، محامية كندية من أصل كاميروني، هي أول امرأة تحمل لقب ""امرأة سوداء"" في نقابة المحامين في الكاميرون، حيث تم قبولها عام 1969. قضت عقوداً في الدفاع عن الأشخاص المتهمين بالمثلية الجنسية في بلد حيث الأفعال المثلية غير قانونية ويعاقب عليها بالسجن لمدة خمس سنوات. في برلين، تم تكريمها من قبل فرع منظمة العفو الدولية، حيث وصفت الجائزة بأنها ""جائزة الأمل"". في مقابلة مع بي بي سي، قالت إن حياة المثليين في الكاميرون تشبه الحياة في الجحيم، وأنهم يعيشون في سجن دائم مع مضايقات وعنف وتمييز دائم. على الرغم من مواجهتها تهديدات بالقتل وتحذيرات من مسؤولين حكوميين بأنها قد تواجه السجن، تعهدت نكوم بمواصلة عملها."
488,أعلنت النيابة العامة في باريس يوم الجمعة 2 فبراير/شباط استمرار احتجاز الأكاديمي السويسري طارق رمضان، أستاذ الدراسات الإسلامية في جامعة أكسفورد البريطانية، في التحقيق في اتهامات بالاغتصاب ضده. وقد تم إبلاغ رمضان بأنه سيخضع لتحقيق كامل في هذه الاتهامات. وكان رمضان قد حصل على إجازة مؤقتة من منصبه في أكسفورد في نوفمبر/تشرين الثاني الماضي. وقد تعهد بإقامة دعوى قضائية بالتشهير ضد المرأتين اللتين أدعتا باغتصابه. وأدى الإعلان الأخير بشأن محاكمته إلى تحويل هذا التحقيق المبدئي إلى تحقيق كامل ومفتوح، حيث يهدف القضاة الفرنسيون إلى تحديد ما إذا كان يجب محاكمة رمضان. وفي فرنسا، يعني بدء تحقيق كامل أن النتائج الأولية تبرر استمرار التحقيق من قبل قضاة التحقيق، لكن هذا لا يعني أن المسألة من المؤكد أن تحال إلى المحاكمة. وكان رمضان قد تم توق
489,يواجه العراقيون تحديات أمنية، لكنهم يتوجهون إلى صناديق الاقتراع للتصويت في أول انتخابات للمحافظات منذ خروج الجيش الأمريكي من البلاد. ثلاثة أشخاص أصيبوا في انفجار في مدرسة انتخابية في اللطيفية، جنوب بغداد. الإقبال ضعيف في الساعات الأولى، ويتنافس 8000 مرشح على 450 مقعدا في مجالس المحافظات. باستثناء محافظات إقليم كردستان العراقي التي تتمتع بحكم ذاتي، ومحافظة كركوك المتنازع عليها، تم تأجيل الانتخابات في محافظتي نينوى والأنبار لأسباب أمنية. شهدت الحملة الانتخابية مقتل أكثر من 10 مرشحين، وأعمال عنف أخرى أدت إلى مقتل ثمانية أشخاص من الطرفين في اعتداءات على مساجد سنية وشيعية،32 شخصا.
490,أطلقت الشرطة التركية الغاز المسيل للدموع لتفريق حشد من النساء اللاتي تجمعن للاحتفال باليوم العالمي للمرأة في وسط إسطنبول، الجمعة، الثامن من آذار/مارس 2019. تجمع الحشد على مشارف ميدان تقسيم، لكن الشرطة منعت تقدمهم وتنظيم المسيرة. أطلقت الشرطة رذاذ الفلفل والغاز المسيل للدموع، مما أدى إلى اشتباكات حيث طاردت قوات الأمن النساء في الشوارع الجانبية. لم يتضح ما إذا كان أحد قد أصيب أو احتجز في المسيرة. اتهمت النساء الحكومة التركية بعدم القيام بما يكفي لمكافحة العنف ضد النساء. على الرغم من منع الاحتجاجات في وسط إسطنبول وأماكن أخرى، نظمت تظاهرات نسوية أخرى في أنقرة.
491,"كارلوس تيفيز، اللاعب الأرجنتيني البالغ من العمر 33 عامًا، انتقل إلى نادي شنغهاي شينخوا الصيني في صفقة تُعتبر الأفضل في مسيرته الرياضية، حيث حقق النادي دخلًا مرتفعًا يتجاوز 700 ألف يورو في الأسبوع، وهو ما يصل إلى حوالي 38 مليون يورو سنويًا.

ومع ذلك، فقد أثبت تيفيز أنه كان صفقة غير جيدة لشنغهاي، حيث لم يسجل سوى هدفين في 12 مباراة خاضها مع الفريق منذ انتقاله إلى الدوري الصيني قبل تسعة أشهر. الاهتمام الإعلامي في الصين بتيفيز تركز بشكل أساسي على غيابه بسبب الإصابة، حيث قضى فترة النقاهة في الأرجنتين.

ومع عودته إلى الملاعب، واجه تيفيز انتقادات حادة وصافرات استهجان من الجمهور بعد ظهوره كبديل في مباراة فريقه التي خسرها على"
492,أدت المخاوف بشأن سوء معاملة الأطفال في دار مكة المكرمة للأيتام في الجيزة، مصر، إلى اعتقال صاحب الدار وحل مجلس الإدارة. يظهر فيديو التعذيب مدير الدار وهو يضرب الأطفال لمخالفتهم أوامره. زوجة صاحب الدار هي من صورت الفيديو ورفعته على يوتيوب، كما قالت. وكانت الدار قد تورطت في قضايا سابقة، وأبلغت وزيرة التضامن الاجتماعي المصرية المسؤولة عن متابعة والإشراف على جمعيات رعاية الأيتام عن مخالفات مالية. وقال المجلس القومي للأمومة والطفولة إن دار مكة المكرمة تورطت في تعذيب بدني ونفسي للأطفال.
493,"أفاد رئيس شعبة التجارة الخارجية في غرفة التجارة والصناعة الألمانية، فولكر تراير، يوم الجمعة 15 فبراير/شباط 2019، بأن الصادرات الألمانية إلى تركيا قد انخفضت بنسبة 10% في العام السابق. على الرغم من ذلك، لا تزال الشركات الألمانية ترى تركيا كمركز اقتصادي، وتسعى جاهدة للحفاظ على حجم الاستثمارات الألمانية في تركيا.

تأثرت العلاقات الألمانية التركية بشدة بعد محاولة الانقلاب العسكري الفاشلة في صيف 2016، وذلك بسبب اعتقال مواطنين ألمان في تركيا لأسباب سياسية. ومع ذلك، فقد تحسنت العلاقات بين البلدين بشكل ملحوظ منذ ذلك الحين.

في الجانب الاقتصادي، يرى تراير تطورات إيجابية، حيث تم إجراء حوار بناء بشأن القضايا الاقتصادية مرة أخرى. وقد كانت زيارة وزير الاقتصاد الألماني بيتر ألتماير إلى أنقرة في أكتوبر/تشرين الأول الماضي خطوة أولى في الاتجاه"
494,أعلن رئيس إفريقيا الوسطى الانتقالي ميشال جوتوديا ورئيس وزرائه نيكولا تانغاي استقالتهما، وذلك خلال قمة طارئة للمجموعة الاقتصادية لدول وسط إفريقيا، التي رحبت بهذا القرار واعتبرته خطوة لإنهاء حالة الشلل التي تعانيها البلاد. وقد جاء هذا القرار بعد المجازر التي شهدتها البلاد في الأسابيع الأخيرة. وقد دعا قادة المجموعة الاقتصادية لدول وسط إفريقيا المجلس الوطني الانتقالي وغيره من مكونات المجتمع في إفريقيا الوسطى إلى مواصلة تحرير بانغي تحت رعاية وساطة المجموعة الاقتصادية لدول وسط إفريقيا والاتحاد الإفريقي والشركاء الدوليين، وذلك للتوصل إلى تسوية سريعة للأزمة السياسية في إفريقيا الوسطى. وكان جوتوديا قد واجه ضغوطا من زعماء المنطقة ليتنحى بعد أن فشل في وقف العنف الطائفي الذي تفجر منذ أشهر وأدى إلى نزوح مليون مواطن من منازلهم.
495,"بعد إعلان الاتفاق على فتح الأجواء والحدود بين السعودية وقطر, يتوقع أن يترأس الشيخ تميم بن حمد آل ثاني وفد بلاده لحضور اجتماع دول مجلس التعاون الخليجي يوم الثلاثاء في مدينة العلا السعودية. وقد أثار هذا الخبر اهتمام المغردين في معظم الدول العربية, وفاق عدد التغريدات المرتبطة بالخبر 200 ألف تغريدة. واستخدم المغردون عدة وسوم لتناقل الخبر, كان أبرزها: #المصالحة_الخليجية و #المصالحه_القطرية_السعودية.

وقد أعرب كثيرون عن فرحهم بالمصالحة وعودة العلاقات وفتح الحدود, ووصفوا الأزمة العابرة بـ""التجربة السيئة"" وتمنوا ألا تتكرر. وطالب آخرون بعودة معلقي المباريات السعوديين والإماراتيين للتعليق على مباريات كرة القدم في قناة بي إن سبورتس القطرية, التي تمتلك حقوق بث معظم دوريات كرة القدم الأوروبية في الشرق الأوسط"
496,"فاز الفيلم الساخر ""باد لاك بانغينغ أور لوني بورن"" للمخرج الروماني رادو جود بجائزة ""الدب الذهبي"" في مهرجان برلين السينمائي الدولي (البرلينالة)، وهو أعلى تكريم يمنحه المهرجان. تدور أحداث الفيلم حول مدرسة تتعرض للتنمر والاعتداء في بوخارست بعد تسريب لقطات جنسية لها، ويواجه أولياء أمور الطلاب مشاكلها. أشاد أعضاء لجنة التحكيم بالفيلم ووصفوه بأنه ""عمل فني باق يباغت"" المشاهد. وصف نافاد لابيد، عضو لجنة التحكيم الإسرائيلي، الفيلم بأنه ""عمل فني خالد""، مشيراً إلى أنه يلقي الضوء على ""لحظتنا الحالية في الوقت المناسب"". الفيلم كان ضمن 15 فيلماً متنافساً على جوائز البرليناله، وتناول عدد من الأفلام موضوع الأزمة الصحية والمناخ"
497,زعيمة المعارضة البورمية أونغ سان سو تشي تقوم بجولة دولية تشمل عدة دول، حيث ستلقي خطابًا أمام منظمة العمل الدولية التابعة للأمم المتحدة وستناقش مشكلة العمل القسري. خلال الجولة، التي تستمر حوالي الأسبوعين، ستزور سو تشي بريطانيا وسويسرا وإيرلندا وفرنسا والنرويج، وستتسلم في أوسلو جائزة نوبل للسلام في 19 يونيو، وذلك بعد 21 عامًا على فوزها بها. وقد اختارت سو تشي تايلاند لتكون محطتها الأولى في رحلتها إلى الخارج بعد 24 عامًا من العزلة.
498,فازت غانا على أوغندا (0-0) يوم السبت، السابع من أكتوبر، مما أعطى مصر فرصة لتأكيد تأهلها لكأس العالم 2018 أمام الكونغو يوم الأحد. أوغندا في المركز الثاني في المجموعة الخامسة برصيد ثماني نقاط، وغانا في المركز الثالث بست نقاط. مصر في صدارة المجموعة بتسع نقاط، ويمكنها التأهل لأول مرة منذ عام 1990 إذا هزمت الكونغو، التي في قاع المجموعة، يوم الأحد. اعترض لاعبو غانا على قرارين مثيرين للجدل من الحكم الجنوب أفريقي دانييل بينيت: إلغاء هدف بسبب التسلل، رغم أن الإعادة التلفزيونية أظهرت أنه كان صحيحاً، وإلغاء هدف آخر بسبب التسلل أيضاً.
499,قرر باتريك بيلو وزملاؤه في شارلي إبدو نشر عدد خاص بعد هجوم الأربعاء الذي أودى بحياة 12 شخصًا، وذلك للتعبير عن استمرارهم في مواجهة الكراهية والخوف. يعتقدون أن قرارهم بنشر رسوم تسخر من النبي محمد ليس موجهًا ضد المسلمين، بل هو مشابه للطريقة التي سخروا فيها من أديان أخرى مثل البابا والكاثوليك والمسيحيين. يرون أن هذا هو السبيل الوحيد للبقاء أحياء والقيام بعمل ثقافي، حتى وإن كان ذلك يعرضهم لمزيد من الخطر.
500,"حثت منظمة هيومن رايتس ووتش تركيا على التحقيق في استخدام القوة المفرطة من قبل حرس الحدود، والتوقف عن صد طالبي اللجوء السوريين على الحدود. في تقرير نشرته على موقعها الإلكتروني، اتهمت حرس الحدود الأتراك ""بإطلاق النار على طالبي اللجوء السوريين وضربهم عند محاولتهم دخول تركيا، مما أدى إلى مقتل وإصابة عدد منهم بجروح خطيرة"". وقال جيري سيمبسون، باحث أول في قسم اللاجئين في المنظمة: ""على الاتحاد الأوروبي ألا يكتفي بدور المشاهد بينما تستخدم تركيا الذخيرة الحية وأعقاب البنادق للتصدي لتدفق اللاجئين""."
501,"أعرب الرئيس الأوكراني بيترو بوروشينكو عن اعتقاده بأن الاشتباكات العنيفة قبالة البرلمان في كييف كانت ""عملا معاديا لأوكرانيا""، وذلك بعد أن صوت البرلمان لصالح مشروع يمنح المزيد من الاستقلالية للأقاليم الشرقية التي يسيطر عليها الانفصاليون. وقد قاد هذا التعديل الدستوري خطة سلام لإنهاء النزاع في شرق أوكرانيا. وقد اندلعت العنف خارج البرلمان عندما ألقي قنبلة يدوية، مما أدى إلى اعتقال 20 شخصا. واتهم وزير الداخلية الأوكراني زعيم حزب ""سفوبودا"" اليميني، أوليه تيانيبوك، بأنه كان وراء الهجوم، الذي أسفر عن إصابة أكثر من 100 شخص. وقد أدى النزاع المستمر في شرق أوكرانيا إلى مقتل أكثر من 7000 شخص منذ آذار/مارس 2014، بعد ضم روسيا لشبه جزيرة القرم."
502,"المسلسل التلفزيوني الليبي ""دراجنوف"" قيد التصوير حالياً، ومن المتوقع عرضه في رمضان على القنوات الليبية والعربية. يتناول المسلسل مرحلة ما قبل الثورة الليبية على نظام العقيد معمر القذافي، وكذلك فترة الثورة وما بعدها، مع التركيز على التأثيرات الاجتماعية لهذه الفترة. تم اختيار اسم ""دراجنوف""، وهو اسم بندقية قنص روسية مشهورة، عنواناً للمسلسل لأنه يظهر في عدة مشاهد محورية. أكد مؤلف المسلسل سراج الهويدي أن ""دراجنوف"" يعتبر تجربة ثرية ودرامية، ومن المتوقع أن يغير المشهد الدرامي الليبي. يركز المسلسل على العلاقات الاجتماعية الليبية بعد الثورة، ويستعرض حياة مجموعة من العائلات والشخصيات الليبية المتنوعة في المستوى الاجتماعي والثقافي والقرب من السلطة الحاكمة في النظام السابق. المسلسل يتكون من 15 حلقة فقط، ويستعرض الفجوة التي حدثت في المجتمع الليبي بعد"
503,"البحرية الإسرائيلية تعترض قافلة الحرية في المياه الدولية. من المتوقع أن تصل سفينة الإغاثة ""راشيل كوري"" إلى قطاع غزة غدًا. من المتوقع أن تكون عملية اعتراضها من قبل القوات الإسرائيلية سهلة. كانت راشيل كوري ناشطة أمريكية قُتلت في غزة خلال محاولة لمنع هدم مسكن فلسطيني."
504,"أدى هجوم على كنيسة العذراء في الوراق إلى مقتل أربعة أشخاص وإصابة 17 آخرين، كما قال أحمد الأنصاري، رئيس هيئة الإسعاف. أدان رئيس الوزراء، حازم الببلاوي، الهجوم، ووصفه بأنه ""عمل إجرامي خسيس"". وتعمل الشرطة على كشف ملابسات الهجوم. وقال القس توماس داوود إن الهجوم كان هجوما على مصر، وليس على المسيحيين الأقباط فقط. الكنيسة القبطية الأرثوذكسية، واحدة من أقدم الكنائس المسيحية، تأسست في الإسكندرية في عام 50 بعد الميلاد، ويشكل المسيحيون حوالي 10% من سكان مصر. وقد شهدت الكنيسة والمواطنون المسيحيون هجمات منذ عزل الرئيس ذي التوجه الإسلامي محمد مرسي في يوليو/ تموز 2013. وقد تلقى البابا تواضروس الثاني، بابا الإسكندرية وبطريرك الكرازة المرقسية، تهديدات بالقتل، وقتل عدد من المسيحيين، وتم استهداف متاجر ومنازل لأقباط."
505,ذكرت صحيفتان ألمانيتان أن المتهم بقتل سوزانا ف، البالغة من العمر 14 عامًا، علي ب، من المتوقع وصوله إلى مطار فرانكفورت في وقت لاحق من هذا اليوم السبت، برفقة الشرطة الاتحادية الألمانية. ولم تعلق السلطات الألمانية المعنية، بما في ذلك وزارة العدل الاتحادية، وزارة الداخلية في ولاية هيسن، ومصادر الشرطة الاتحادية، على هذه المعلومات حتى الآن. وفي اتصال هاتفي، أكد مدير شرطة دهوك في كردستان العراق أن علي ب لا يزال محتجزًا لديهم، ولم يتم نقل أو تسفيره إلى ألمانيا حتى الآن. وقد اعترف علي ب بجريمته، مشيرًا إلى أنه اغتصب وقتل سوزانا بمفرده وليس له شركاء. وقد أشادت صحيفة بيلد الألمانية بتعاون السلطات الكردية مع السلطات الألمانية، معتبرة أن
506,أمام لجنة المصارف في مجلس الشيوخ الأمريكي، حذر كيري من أن الولايات المتحدة قد تفقد شركاءها في المفاوضات إذا فرضت عقوبات اقتصادية جديدة. وأشار إلى أن المشرعين منقسمون بشأن معايير هذه العقوبات. وقد اقترب هو وفريقه من التوصل إلى اتفاق مع إيران في عطلة نهاية الأسبوع. وأكد كيري أنه لا توجد خلافات كبيرة بين القوى الكبرى وإيران بشأن برنامجها النووي يمكن أن تمنع تحقيق الاتفاق. ومن المتوقع استئناف المفاوضات في وقت لاحق هذا الشهر. وقد عرضت إدارة أوباما على إيران إطلاق بعض أصولها المجمدة في الخارج كجزء من المفاوضات الأولية، لكنها أصرت على أن العقوبات المشددة ستبقى حتى تثبت إيران بشكل قاطع أنها لا تسعى لبناء أسلحة نووية. وقد اقترح بعض المشرعين الأمريكيين أن البيت الأبيض يتحرك بسرعة شديدة في هذا الصدد.
507,كشفت دراسة أجرتها جامعة فالنسيا الإسبانية أن قلي الطماطم يعزز محتواها من مضادات الأكسدة، مما يجعلها أكثر فائدة للصحة. ووجدت الدراسة أن قلي الطماطم يزيد من الليكوبين، وهو مضاد للأكسدة، دون التأثير على قدرته على محاربة أمراض القلب والأوعية الدموية. وهذا يتماشى مع الأبحاث السابقة التي تشير إلى أن البكتيريا المعوية الجيدة تساهم في صحة القلب.
508,بعد ساعات من حادثة الثلاثاء في 14 آب/أغسطس 2018، أعلن وزير الأمن البريطاني بن والاس أن سائق السيارة التي صدمت المشاة في ممر للمشاة أمام البرلمان البريطاني عند جسر وستمنستر بريطاني الجنسية، لكنه أصلاً من دولة أخرى. وقد تم اعتقاله وهو الآن مواطن بريطاني. يُنظر إلى الحادثة على أنها عمل إرهابي، لكن هذا لم يتم تأكيده بالكامل حتى الآن. الرجل، الذي لم يتم الكشف عن جنسيته الأصلية، لم يكن يحمل سلاحاً. تم اعتقاله بعد أن دهس عدداً من المشاة وسائقي الدراجات، ثم اصطدمت سيارته بحواجز أمنية بالقرب من البرلمان. ولم يتم العثور على أي سلاح في مكان الحادث، ولم يصب أي من الجرحى بجروح خطيرة.
509,سوريا تؤكد دخول المساعدات عبر المنافذ المفتوحة دون موافقة الحكومة. وقد طالب ثلاثون محامياً بإدخال المساعدات الإنسانية إلى سوريا دون موافقة الحكومة السورية، بما في ذلك القاضي ريتشارد غولدستون، الذي كان كبير ممثلي الادعاء في محكمتي الأمم المتحدة بشأن رواندا ويوغوسلافيا السابقة. المنظمات غير الحكومية العاملة في سوريا تعبر عن إحباطها من تعامل الأمم المتحدة مع الأزمة الإنسانية، متهمة الأمم المتحدة بحجب معلومات حيوية عن الأوضاع في سوريا. وتشير تقديرات الأمم المتحدة إلى أن تسعة ملايين سوري بحاجة ماسة إلى المساعدة الإنسانية.
510,أعلنت مجموعة فيرجين عن مشروع جديد يدعى فيرجين غالاكتيك، يهدف إلى توفير رحلات فضائية تجارية للجميع. ومن المتوقع أن تكون هذه الشركة الأولى من نوعها في هذا المجال. وفقاً لتصريح من مدير الشركة، شاماث باليبتا، ستبدأ الشركة رحلاتها التجارية خلال عام واحد. وعلى الرغم من أن الرحلات التجارية لنقل السياح إلى الفضاء لن تبدأ قبل عام من الآن، إلا أن الشركة تتوقع أن تبدأ في تحقيق الأرباح بداية من عام 2021. وقد أكد ريتشارد براندسون، مؤسس مجموعة فيرجين غالاكتيك، على وجود طلب كبير على هذا النوع من الرحلات، حيث تلقى 2500 طلب من الأشخاص الراغبين في السفر إلى الفضاء.
511,الرئيس الإيراني محمود أحمدي نجاد يحذر من خطة إسرائيلية محتملة لتنفيذ عملية عسكرية جديدة في قطاع غزة، وهو ما يأتي بعد تهديدات من جانب إسرائيل بتكثيف العمليات ضد حماس. أحمدي نجاد يؤكد أن الضغوط الدولية ستتعزز تصميم إيران على متابعة برنامجها النووي. يعلن عن استعداد بلاده للتعاون والحوار بشأن برنامجها النووي، مشيراً إلى أن الدول الغربية ملزمة بتزويد إيران بكمية محددة من الوقود لمفاعلها البحثي في طهران. رئيس المنظمة الإيرانية للطاقة الذرية يعلن أن مشاريع لبناء محطة أو محطتين لتخصيب اليورانيوم قد طرحت على الرئيس الإيراني، وأن أعمال البناء قد تبدأ في النصف الأول من العام الحالي.
512,حصلت الشرطة السويسرية على بيانات من مكتب الأمين العام للفيفا جيروم فالكي والمسؤول المالي ماركوس كاتنر، حسب ما علمته بي بي سي. وتحقق الشرطة السويسرية في كيفية اختيار الفائزين في تنظيم مباريات كأس العالم، بينما يحقق مكتب التحقيقات الفيدرالي الأمريكي (FBI) في تهم الفساد في الفيفا. وقد وجهت لوائح اتهام لأربعة عشر شخصا حتى الآن. كما تم تأجيل مسابقة اختيار مكان تنظيم مباريات كأس العالم لعام 2026. وقد أعلن اللاعب البرازيلي السابق زيكو عن نيته الترشح لرئاسة الفيفا، رغم علمه أن فرصه في الفوز ليست كبيرة.
513,"أعرب رئيس الوزراء الأسترالي سكوت موريسون عن الاعتراف الرسمي بالقدس الغربية عاصمة لإسرائيل، ولكنه أكد في الوقت نفسه على أن القدس الشرقية عاصمة لدولة فلسطينية في إطار حل الدولتين. وقد واجهت هذه الخطوة انتقادات من الجانب الفلسطيني، الذي وصفها بأنها محاولة لتحقيق مكاسب سياسية داخلية. كما انتقدها الأمين العام للجامعة العربية، أحمد أبو الغيط، الذي وصفها بأنها ""تنحاز لمواقف وسياسات الاحتلال الإسرائيلي"". من جهته، دافع وزير خارجية البحرين الشيخ خالد بن أحمد آل خليفة عن القرار الأسترالي، مؤكدا أنه لن يؤثر على قيام دولة فلسطينية في المستقبل عاصمتها القدس الشرقية."
514,في مقابلة مع قناة إيه آر دي التلفزيونية الألمانية، طلب وزير الداخلية الألماني هورست زيهوفر من رئيس جهاز المخابرات الداخلية، توماس هالدنوانغ، تقديم تقرير له بحلول الغد حول المعلومات التي استخدمها في أطروحته التي أثارت جدلاً. أعرب هالدنوانغ عن شكوكه بشأن مزاعم المطاردة المنهجية للأجانب خلال الاحتجاجات اليمينية في كامينيتس. كما نفى زيهوفر أنه أعطى هالدنوانغ تعليمات حول كيفية التعامل مع هذه القضية، رغم التقارير السابقة التي أشارت إلى ذلك. أكد زيهوفر أن هالدنوانغ يتمتع بثقته، لكنه أعرب عن انتقاده لتصريحاته.
515,فندق غراند زوننبخيل يقع على حافة منتجع للتزلج في جبال الألب، ويبدو وكأنه قلعة من بعيد. هذا قد يكون السبب في اختيار ملك تايلاند له كملجأ من جائحة كورونا، حيث أنه يقع في جبال بافاريا التي تشهد إغلاقًا كاملاً للأنشطة الحياتية. لا توجد معلومات محددة عن الملك بسبب القيود المفروضة على الأخبار في بلده، بخلاف تردده على ألمانيا. تم تتويج الملك فاجيرالونغكورن، الذي يبلغ من العمر 67 عامًا، في مايو 2019، بعد وراثته للعرش من والده الملك بوميبول أدولياديج، الذي توفي في عام 2016 بعد أن ظل في الحكم لمدة 70 عامًا. الملك متزوج أربع مرات وعين سنيناترا ونجفاجيراباكدي، التي تبلغ من العمر
516,"سابينه كيم، الصحفية السابقة ومديرة أعمال بطل العالم سبع مرات في سباقات الفورميولا واحد، ميشائيل شوماخر، تحدثت عن جوانب مختلفة من حياة شوماخر في حوار مع مجموعة ""ريداكسيون نيتسوورك"" الإعلامية.

على الصعيد الشخصي، وصفت كيم شوماخر بأنه شخص سهل التعامل معه، مرح، كريم وسخي. قالت إن فوزه ببطولة العالم في اليابان عام 2000 كان أقوى لحظة عاشتها مع شوماخر، وأنه حوله من مجرد متسابق ناجح إلى أيقونة وأسطورة في سباقات الفورميولا واحد.

تحدثت كيم أيضا عن حياة ابن شوماخر، ميك شوماخر، الرياضية، مشيرة إلى أنه يسير على خطى والده وأنه محترف في عمله. حذرت كيم من التوقعات الكبيرة بخصوص ميك،"
517,في الهند، تختبر العاصمة دلهي مدفعا جديدا لمكافحة الضباب الدخاني. في الولايات المتحدة وبريطانيا، يشتبه بأن كوريا الشمالية تقف وراء هجوم البرمجيات الخبيثة (واناكراي) الذي أثر على المستشفيات والشركات والبنوك حول العالم. في تايلاند، كلبا، فقد ساقيه الأماميتين، يجد الأمل من خلال استخدام شفرتين مصنوعتين من ألياف الكربون، مثل التي يستخدمها لاعبو أولمبياد ذوي الاحتياجات الخاصة.
518,"تم الحكم على الأكاديمي الإيراني صادق زيباكلام بالسجن لمدة 18 شهراً بسبب مقابلة أجراها مع القسم الفارسي في شبكة دويتشه فيله (DW) الإعلامية الألمانية، وفقاً لبيان صحفي من دويتشه فيله. اتهم زيباكلام بـ""الدعاية ضد نظام الجمهورية الإسلامية ونشر معلومات كاذبة""، وفقاً لدويتشه فيله. كما تم إصدار أمر يحظر عليه ممارسة الأنشطة السياسية، واستخدام وسائل التواصل الاجتماعي، والكتابة في الصحافة لمدة عامين، وفقاً لتسجيل فيديو نشره زيباكلام على فيسبوك."
519,قال تودور جاردوس، الباحث في شؤون أوروبا بمنظمة هيومان رايتس ووتش، إن سياسة الاحتواء التي يتبعها الاتحاد الأوروبي تزيد من معاناة طالبي اللجوء في ليسبوس، وتحول الجزيرة إلى سجن مفتوح. وقد أجرت المنظمة حوارات مع طالبي اللجوء في منتصف أكتوبر، واكتشفت أن أماكن الإيواء مكتظة وغير ملائمة، وأن الآلاف من اللاجئين يحرمون من حقوقهم الأساسية. وفي نوفمبر، سجل نحو 6500 طالب لجوء في مخيم موريا، الذي تبلغ سعته 3100، على الرغم من تراجع العدد بشكل كبير منذ الصيف. ووفقا لسياسة الاحتواء، يجب إبقاء المهاجرين في جزر بحر ايجة، بما في ذلك ليسبوس، ثم إعادتهم إلى تركيا، لكن في الواقع، يطلب معظم اللاجئين اللجوء في اليونان وينتظرون نتائج طلباتهم هناك. ودعا ج
520,تأهل بايرن ميونيخ إلى دور الـ16 من دوري أبطال أوروبا بعد فوزه على أولمبياكوس 4-0. سجل الأهداف البرازيلي دوغلاس كوستا، البولندي روبرت ليفاندوفسكي، توماس مولر، والفرنسي كينسلي كومان. كما ضمن أرسنال التأهل أيضاً بعد فوزه على دينامو زغرب 3-0. وفي مباراة أخرى، ضمن برشلونة التأهل للدور ثمن النهائي بعد فوزه على روما 6-1.
521,تعرض فلسطيني للطعن من قبل إسرائيليتين في مستوطنة كريات إربع بالقرب من الخليل، وتم إطلاق النار عليه من قبل جندي إسرائيلي ورجل أمن مدني، مما أدى إلى إصابته بجروح خطيرة. وقد أظهرت لقطات مصورة أن سيارة مرسيدس فضية اللون قد سارت عدة مرات فوق جسد الفلسطيني الملقى على الأرض، مع وجود أحد إطاراتها فوقه. وقد تم اعتقال السائق، دافيد مزراحي، من قبل الشرطة، لكنه تم إطلاق سراحه بانتظار نتائج التحقيقات. وأخبرت الشرطة أن مزراحي قد يواجه تهمة محاولة القتل. وقد تم نقل الفلسطيني إلى مستشفى هداسا بالقدس، حيث يرقد في حالة خطرة، لكن مستقرة. كما أن إصاباته الناجمة عن الحادث أقل خطورة.
522,"تواجه الجماعة الإسلامية في مصر، وبالأخص الإخوان المسلمين، تحديات كبيرة بسبب عدم قدرتها على الحوار مع الجيل الشاب. هذا الاختلاف بين الأجيال أدى إلى زيادة التوترات داخل التنظيم، مما أدى إلى زيادة الخوف من التطرف بين الشباب.

الجيل الشاب في التنظيم يشعر بالغضب والإحباط بسبب فقدان قياداته، التي إما تم اعتقالها أو انتقلت للعيش في المنفى أو تفشت. هذا الاختلاف بين الأجيال أدى إلى زيادة التوترات داخل التنظيم، مما أدى إلى زيادة الخوف من التطرف بين الشباب.

الوجهات القيادية في التنظيم التي تعيش خارج مصر اعترفت بوجود خلافات بين الأجيال داخل التنظيم، لكنها وصفته بأنه اختلاف طبيعي. هذه الخلافات أدت إلى زيادة التوترات داخل التنظيم، مما أدى إلى زيادة الخوف من التطرف بين الشباب.

الجيل الأكبر في التنظيم هو أكثر حذرا"
523,انتقلت نجمة البوب الشهيرة مادونا إلى لشبونة في البرتغال، حيث تراقب عن كثب تطور مسيرة ابنها بالتبني ديفيد باندا الكروية، الذي يلعب لفريق بنفيكا البرتغالي. تشجع مادونا ابنها في بداية مسيرته الكروية، وتتابع هذا التطور عبر مواقع التواصل الاجتماعي. باندا، الذي تبنته مادونا من مالاوي، يتدرب حاليا في أكاديمية بنفيكا، التي تعد واحدة من أفضل أكاديميات كرة القدم في العالم، حيث تخرج منها العديد من النجوم المعروفين مثل ريناتو سانشيز وبرناردو سيلفا وإديرسون مورايس. يحتل فريق بنفيكا المركز الثاني في الدوري البرتغالي الممتاز لكرة القدم، برصيد 50 نقطة، خلف المتصدر بورتو بـ 52 نقطة.
524,"أعلنت جماعة الحوثي في اليمن أنها شنت هجمات على منشآت نفطية تابعة لشركة أرامكو ومواقع عسكرية سعودية أخرى. استهدفوا قاعدة الملك عبد العزيز العسكرية في الدمام ومواقع عسكرية في نجران وعسير ومنشآت أرامكو في رأس التنورة ورابغ وينبع وجازان. أكدت المملكة العربية السعودية الهجوم على محطة توزيع المنتجات البترولية في جازان، ووعدوا بالرد مع اتخاذ ""كل الإجراءات اللازمة والرادعة"" لحماية صادرات النفط. يأتي هذا الهجوم بعد أيام من طرح الرياض لمبادرة جديدة لوقف إطلاق النار في جميع أنحاء اليمن. كثف الحوثيون هجماتهم بالطائرات بدون طيار والصواريخ على الأهداف السعودية في الآونة الأخيرة، بما في ذلك المنشآت النفطية، وشنوا هجوما بريا للاستيلاء على منطقة مأرب الغنية بالغاز."
525,اقترح جون سكالي، المدير التنفيذي السابق لشركة آبل، أن تقوم الشركة بعملية استحواذ كبيرة استراتيجية بدلاً من إعادة شراء الأسهم أو توزيع الأرباح على المستثمرين. يعتقد سكالي أن آبل، التي تركز على إنشاء وتشكيل أسواق جديدة، يجب أن تستثمر في البناء من خلال عمليات الاستحواذ الاستراتيجية. هذا يتعارض مع النهج التقليدي لشركة آبل في شراء الشركات الصغيرة المتخصصة في تكنولوجيا معينة. كما أكد سكالي على القدرة المحتملة لمستقبل المنتجات القابلة للارتداء على التأثير في الرعاية الصحية. يرى سكالي، البالغ من العمر 74 عامًا، أن تقديم المشورة للمديرين التنفيذيين المرتقبين في إدارة الشركة في منطقة سيليكون فالي سيكون ميزة كبيرة.
526,"تتحدث النص عن مجموعة من الباحثين والعلماء الشباب في ألمانيا الذين يعملون بجد في معاملهم ومختبراتهم لتطوير مشاريع علمية مبتكرة للمستقبل. تتضمن هذه المشاريع مجالات متنوعة مثل البيونيك والنانوتكنولوجي، وتهدف إلى تحقيق عالم أفضل.

تم تعريف هؤلاء الشباب من خلال كتاب نشرته مبادرة اقتصاد السوق الاجتماعي الجديد الألمانية (e.anasam) بعنوان ""السوبر ستار الحقيقيون لألمانيا: خمسون مشروع وفكرة لعالم الغد"". الهدف من هذا الكتاب هو تسليط الضوء على هؤلاء الأبطال المجهولين وتقديمهم للجمهور، حيث لديهم أفكار ومشاريع متميزة تتعلق بالحياة اليومية.

من بين هذه المشاريع، يوجد مشروع لحاسب آلي ينبه لأخطار الكوارث الطبيعية أوتوماتيكياً، ومشروع لإيجاد علاج لمرض ألزهايمر باستخدام الخلايا الجذعية، بالإضافة إلى إنسان آلي يمكنه الوصول"
527,"أفاد تقرير لمنظمة الأمم المتحدة للطفولة (يونيسيف) بأن نحو 900 طفل سوري تم إرسالهم إلى جبهات القتال العام الماضي، وأن ربع هذا العدد دون سن 15 عاما. وقد تم اعتقال 244 طفلاً خلال عام 2017. وقال المدير الإقليمي للمنظمة في الشرق الأوسط وشمال أفريقيا إن كل أطراف النزاع متورطة في انتهاكات حقوق الأطفال. وحذر التقرير من أن عدم الحصول على العلاج الطبي أو النفسي الجيد يؤدي في الغالب إلى بطء تعافي مصابي الحرب أو تدهور حالتهم. وذكر التقرير أن الكثير من الأطفال الذين يعانون من إصابات جسدية أو نفسية فقدوا أفراداً من عائلاتهم, وأنه يصعب كثيراً إيجاد أفراد مقربين يستطيعون رعاية هؤلاء الأطفال. وقد ساء وضع الأطفال في سوريا في العام السابع من الحرب الأهلية. وقال المدير الإقليمي لليونيسيف إن ما رآه العاملون في الإغاثة مؤخراً في منطقة الغوطة"
528,"أفاد تقرير صحفي أن المشتبه به في هجوم برلين الذي وقع العام الماضي، أنيس عامري، كان يستكشف مواقع أخرى محتملة للهدف، بما في ذلك ميدان ""ألكسندر بلاتس"" وكاتدرائية برلين. قام عامري بتفحص ميدان ""ألكسندر بلاتس"" أربع مرات وكان موجودًا في الميدان قبل تنفيذ الهجوم في ميدان ""برايتشايدبلاتس"". تم العثور على صور له في متنزه ""لوستغارتن"" على هاتفه، وتشير الشرطة إلى أن حركة المشاة الكثيفة في المناطق الثلاث ربما كانت السمة المشتركة."
529,"تعرضت مواقع حكومية ومنظمات رسمية وجماعات تجارية وغيرها من المواقع الحكومية في الصين للقرصنة من قبل مجموعة تطلق على نفسها اسم ""انونيموس في الصين""، وذلك احتجاجاً على الرقابة المشددة التي تقوم بها الحكومة الصينية على مواطنيها. وقد دعت المجموعة المواطنين الصينيين إلى تنظيم احتجاجات ضد النظام الحكومي. ولم تصدر الحكومة الصينية تأكيدًا رسميًا لهذا الهجوم، لكن الكثير من المواقع التي تم مهاجمتها ما زالت معطلة عن العمل أو تحمل رسالة من مجموعة القراصنة."
530,بعد انتهاء وقف إطلاق النار في حمص، الذي استمر ثلاثة أيام، وقعت تفجيرات وتبادل لإطلاق النار، وفقا لمصادر المعارضة. وقد تمكنت الأمم المتحدة والهلال الأحمر السوري من توصيل المساعدات للمدنيين، بينما تحدثت المصادر نفسها عن محاولة لتمديد وقف إطلاق النار. وفي الوقت نفسه، قالت الحكومة السورية إن 103 من الذين أجلوا من حمص بعد وقف إطلاق النار قد اعتقلوا لأسباب أمنية، لكن تم إطلاق سراحهم فيما بعد. وفي الوقت نفسه، يجري التحضير لقرار أممي يطالب بتوفير سبل لتوصيل المساعدات الإنسانية لضحايا الصراع السوري.
531,أكد مايكل بارنيير، كبير مفاوضي الاتحاد الأوروبي، على ضرورة أن تكون لدى بريطانيا أوراق واضحة للبدء في الجولة الثالثة من المفاوضات حول انسحاب بريطانيا من الاتحاد الأوروبي. وطالب كلا الجانبين بالتقدم على صعيد قضية الانفصال قبل الانتقال إلى مناقشة العلاقات بين الاتحاد الأوروبي وبريطانيا. من جانبه، قال وزير شؤون خروج بريطانيا من الاتحاد الأوروبي دايفيد دايفيز إن الطرفين بحاجة إلى المرونة والخيال. واستبعد حدوث تقدم كبير في نهاية هذه الجولة من المفاوضات. المشكلة الثالثة التي تواجه الجانبين تتعلق بحقوق مواطني الاتحاد الأوروبي في بريطانيا، والعكس حقوق مواطني بريطانيا في الاتحاد الأوروبي. أكد بارنيير على ضرورة أن تكون لدى بريطانيا موقف واضح من جميع قضايا الانفصال، وهو ما يعد ضروريا لإحراز التقدم الكافي. بينما أعرب دايفيز عن استعداده لتكثيف العمل من أجل إحراز تقدم في مفاوضات انفصال بريطانيا
532,إسرائيل على وشك إجراء انتخاباتها الرابعة في عامين بعد موافقة الكنيست على مشروع قانون لحل المجلس، وهو خطوة تشير إلى حل الائتلاف الحكومي. تم طرح مشروع القانون من قبل رئيس المعارضة يائير لابيد، الذي انتقد إدارة نتنياهو للأزمة، مع تأييد 61 عضواً مقابل معارضة 54. أعلن نتنياهو وبيني غانتس، رئيس أركان الجيش السابق ووزير الدفاع، عن حل الكنيست بعد التصويت، على الرغم من أن غانتس صوت لصالح الحل إلى جانب أعضاء ائتلاف أزرق أبيض الذي يرأسه. اتهم لابيد غانتس بأن حكومته كانت الأسوأ في تاريخ إسرائيل، واتهم نتنياهو بتركيزه على مصلحته السياسية على حساب البلاد. إذا لم يتم التوصل إلى اتفاق بشأن الميزانية، فإن إسرائيل ستدخل في انتخابات جديدة، وهي الرابعة في عامين.
533,القوات الأمنية في الإمارات تحتجز نودين، وهو رجل فرنسي يشتبه في تخطيطه لهروب طيارين متهمين بتجارة الكوكايين، لدى وصوله إلى المطار. الطياران، باسكال فوري وبرونو اودوس، قد هرب من الجمهورية الدومينيكية، حيث حكم عليهما بالسجن 20 عامًا بتهمة تهريب 26 حقيبة من الكوكايين. نودين ومواطن فرنسي آخر، كريستوف نودين، الذي يُعرف بخبير علم الجريمة وأمن الطيران، قد ساهما في هروب الطيارين، وفقًا للسلطات الدومينيكية. وقد هبطت طائرة تقل نودين في سانتو دومينغو، عاصمة الجمهورية الدومينيكية، في اليوم نفسه الذي أصدر فيه قاضٍ هناك مذكرة اعتقال بحقه. وقد اعتُقل نودين في مصر في 4 فبراير/شباط
534,"اتهم الشيخ تميم بن حمد آل ثاني، أمير قطر، السعودية والإمارات والبحرين ومصر بمحاولة عرقلة استضافة بلاده لكأس العالم لكرة القدم في 2022، مضيفا أن الدول المقاطعة ليست مهتمة بحل الأزمة مع بلاده. وقد جاء هذا الاتهام في بداية مراسم افتتاح دورة جديدة لمجلس الشورى القطري، حيث قال الأمير إن الدول المقاطعة تحاول عرقلة استضافة بلاده للحدث الرياضي العالمي.

قطر، التي تعد أول دولة عربية يتم اختيارها لاستضافة كأس العالم، تعمل على تنفيذ مشاريع بناء ضخمة استعدادا للحدث، مما أدى إلى تدفق كبير للعمالة.

وكانت السعودية والإمارات والبحرين ومصر قد قطعت في الخامس من يونيو/حزيران علاقاتها مع قطر وفرضت عليها عقوبات اقتصادية بعد اتهامها بدعم الإرهاب والتقرب من إيران. ورغم رفض الدوحة لهذه الاتهامات، فإنها أعربت عن استعدادها للحوار لحل الأزمة.

وفي الوقت نفسه، حمل وزير"
535,لقي شخصان، امرأة تبلغ من العمر 54 عامًا ورجل يبلغ من العمر 56 عامًا، مصرعهما في حريق اندلع في مأوى للمشردين وطالبي اللجوء في بلدة ماركغرونينغن، بالقرب من شتوتغارت في جنوب ألمانيا، يوم الاثنين 7 أغسطس. أصيب ثلاثة أشخاص آخرين بجروح بالغة بسبب استنشاق الدخان، بينما أصيب تسعة أشخاص، بما في ذلك اثنان من طالبي اللجوء، أثناء الحريق. لم تجد التحقيقات الأولية أي أدلة تشير إلى أن الحريق كان جريمة كراهية. بدأ الحريق في مطبخ الملجأ وانتشر إلى أجزاء أخرى من المبنى، مما أدى إلى إصابة ثلاثة أشخاص آخرين بجروح خطيرة. تم نقل النزلاء الآخرين، بما في ذلك اثنان من طالبي اللجوء، إلى فندق مجاور، ويحتاج المبنى إلى إصلاح شامل بعد الحريق.
536,نادي أرسنال الإنجليزي يتعاقد مع لاعب الوسط الألماني مسعود أوزيل من ريال مدريد مقابل 42 مليون جنيه استرليني (حوالي 66 مليون دولار). أوزيل، التركي الأصل ولاعب منتخب ألمانيا، يرغب في رفع مستوى أدائه في فريقه الجديد. يوآخيم لوف، المدير الفني للمنتخب الألماني لكرة القدم، متفائل بأن أوزيل سيتأقلم سريعاً مع الأجواء في أرسنال. أوزيل مستعد لخوض مباراته الدولية رقم 50 أمام إيرلندا في مدينة كولونيا يوم الحادي عشر من أكتوبر المقبل.
537,"أعرب المدير الفني الأرجنتيني لأتلتيكو مدريد، دييغو سيميوني، عن شعوره بالهدوء بعد خسارة فريقه أمام ريال مدريد في ذهاب نصف نهائي دوري أبطال أوروبا، مشيراً إلى أن فريقه يمتلك فرصاً ضئيلة في مباراة العودة.

وأكد سيميوني على أن كرة القدم غير متوقعة، وأنه ما زال مقتنعاً بأن فريقه يملك فرصاً في مباراة العودة، رغم النتيجة الكبيرة التي مني بها أتلتيكو مدريد في مباراة أمس الثلاثاء (3-0).

وأشار سيميوني إلى أن فريقه كان قد تقاسم السيطرة على الشوط الأول مع ريال مدريد، لكن الفريق الملكي نجح في التقدم قبل أن يزيد حصيلة الأهداف في الشوط الثاني.

وأكد سيميوني أن فريقه لم يخلق فرصاً للتهديف في النصف الثاني من المباراة، وأن المنافس كان أفضل.

و"
538,معلولا هي قرية سورية معروفة بأنها واحدة من ثلاث قرى ما زالت تستخدم اللغة الآرامية. في سبتمبر، جذب العنف في القرية اهتمام العالم بعد هجوم انتحاري نفذه مقاتل من جبهة النصرة على نقطة تفتيش تابعة للحكومة، مما أسفر عن مقتل العديد من الجنود والميليشيات الموالية للحكومة. طلب المسلحون من الراهبات في دير القديسة تقلا أن يؤكدن في تسجيل مصور أنهم لم يتعرضوا للأذى. غادر المسلحون بعد ذلك أسلحتهم خارج الدير وصعدوا لتصوير القرية من أعلى. أدى الهجوم إلى مقتل ثلاثة من سكان القرية، وغادر معظم السكان إلى دمشق بسبب العنف. اتهم السكان الجيش بخداعهم والسماح لمقاتلي المعارضة بالدخول، على الرغم من وصول قوات الجيش إلى معلولا في اليوم السابق.
539,تتضمن المقالة مجموعة من الصور المدهشة التي تعكس تجمد الطبيعة في مختلف أنحاء المملكة المتحدة. تتضمن هذه الصور تماثيل متجمدة في ميدان الطرف الأغر في لندن، وتشكيلات جليدية تتدلى من الأشجار مثل الثريات في ستوك أون ترنت، ومشهد للطبيعة المتجمدة في هامشير، وعمل فني من تشكيل الطبيعة في سوليهل، ومنحوتات جليدية في مارلبرو داونز، وأشعة الشمس تتسلل عبر ستارة من الجليد في أكسفوردشير، وتشكيل جليدي على هيئة شلال في نوتينغهامشير، وشظايا جليدية في كامبريا، وتشكيلات الجليد تلمع بفعل أشعة الشمس في روتلاند. كما تتضمن المقالة لقطات أخرى للتماثيل المتجمدة في ميدان الطرف الأغر.
540,النص يتحدث عن الفوائد الصحية للكمون. الكمون هو نوع من البذور التي تحتوي على مادة الكومينول، وهو زيت طيار يتكون من مواد غير ضارة مثل الباراسمين. وقد أظهرت دراسة حديثة أن الكمون يمكن أن يساعد في التخسيس، حيث أن النساء اللواتي يشربن اللبن الممزوج بالكمون استطعن فقدان الوزن بمعدل أكبر من النساء اللواتي لم يتناولن الكمون. الكمون يساعد أيضا في خفض نسبة الكوليسترول في الدم ويعمل على تقليل الآثار الضارة لمرض السكري. الكمون يعمل على تنشيط عملية التدوير الغذائي في الجسم، وهي عملية تساعد في تنظيف الجسم من الفضلات الضارة. الكمون يحتوي على فيتامين سي، والذي يمكن أن يساعد في الوقاية من نزلات البرد وتحسين التنفس. الكمون يحتوي على مادة ثيموغونون، وهي مادة تقلل من التهابات القصبة الهوائية وأمراض
541,برشلونة، الذي نجح في الدفاع عن لقبه في كأس ملك إسبانيا هذا الموسم، فاز 3-0 على ريال مورسيا في ذهاب الجولة الرابعة من البطولة. هذا الفوز سيجعل برشلونة يفوز بكأس الملك للمرة الرابعة على التوالي إذا نجح في الفوز بالبطولة مرة أخرى. في هذه المباراة، استخدم فالفيردي، مدرب برشلونة، أربعة لاعبين من الفريق الرديف، بما في ذلك المهاجم خوسيه أرناييز، الذي انتقل من ريال بلد الوليد. أرناييز، الذي يبلغ من العمر 22 عامًا، سجل الهدف الثالث لبرشلونة من خلال اختراق من الجبهة اليسرى وتسديدة قوية بقدمه اليمنى. ريال مورسيا هو فريق من الدرجة الثالثة، وقد شارك أرناييز في مباراة مورسيا كجزء من مشاركته في الفريق الأول. على الرغم من أنه يلعب عادة في
542,"بدأت اليوم في دريسدن محاكمة ثمانية أعضاء في مجموعة ألمانية من اليمين المتطرف بتهمة الإرهاب، وذلك بعد سلسلة هجمات نفذت في عام 2015 ضد اللاجئين والخصوم السياسيين. وتتألف المجموعة من سبعة رجال وامرأة تتراوح أعمارهم بين 19 و39 عامًا، ومن المتوقع أن تستمر إجراءات محاكمتهم حتى سبتمبر القادم على الأقل. ومن بين التهم الموجهة إليهم ""الانتماء إلى شبكة إرهابية"" و""محاولة القتل"" و""الإصابة بجروح""، بالإضافة إلى تهم أخرى. وقد نفذوا خمسة هجمات باستخدام المتفجرات في دريسدن بين يوليو ونوفمبر 2015، استهدفت مساكن لطالبي اللجوء وأهدافًا ترتبط باليسار المحلي، مما أسفر عن جرح شخصين. وقال المدعي العام إن المجموعة كانت تعتزم خلق أجواء من الخوف والقمع، وكانت تستهدف ترهيب الأشخاص الذين"
543,"تتضمن النص معلومات حول العنف المتصاعد في جنوب السودان خلال الأسابيع الأخيرة، والذي أدى إلى مقتل واغتصاب أطفال، بالإضافة إلى تجنيدهم في الهجمات. وقد أضرم المسلحون النيران في القرى وسووها بالأرض، مما أدى إلى نزوح أكثر من 100,000 شخص. وهناك مخاوف من أزمة غذائية وشيكة، حيث يهرب الناس من القتال في محيط بلدة ليير خلال موسم الزراعة. وقد شن الجيش الجنوب السوداني مؤخرا هجوما على المسلحين، مما أثار مخاوف من حقوق الإنسان بسبب المعارك الدائرة في بانتيو، عاصمة ولاية الوحدة، وكذلك في ولاية أعالي النيل. وفي الوقت نفسه، هربت الطواقم الطبية والمرضى وسط المستنقعات بسبب المعارك في مدينة ليير بولاية الوحدة التي تشكل معقل المتمردين."
544,أعلنت وزارة الداخلية المصرية عن ضبط 22 من عناصر الإخوان بحوزتهم سلاح خرطوش وطلقات وعدد من الزجاجات الحارقة وأسلحة بيضاء في عدة محافظات. بالإضافة إلى ذلك، تم العثور على عبوتين ناسفتين في مناطق جسر السويس بمحافظة القاهرة وأسفل كوبري أحمد عرابي بمحافظة الجيزة، وتم التعامل معهما وإبطال مفعولهما. وفي الوقت نفسه، اشتباكات بين الطلاب والشرطة أمام أبواب جامعة الأزهر في القاهرة، حيث ألقى الطلاب الحجارة على الشرطة التي ردت باستخدام الغاز المسيل للدموع. من جانب آخر، البابا تواضروس الثاني، بابا الإسكندرية وبطريرك الكرازة المرقسية، أشاد بموقف الإمارات من الشعب المصري عقب ثورة 30 يونيو، وموقفها التاريخي والمشرف خلال تلك الفترة.
545,توفي السياسي السوداني البارز الصادق المهدي بعد إصابته بفيروس كورونا، وكان له دور بارز في الأحداث السياسية في السودان منذ الستينيات وحتى عودته للبلاد عام 2018. كان المهدي رئيسا لحزب الأمة القومي ورئيسا للوزراء في عام 1966، لكنه أطيح به في انقلاب عسكري. وقد تعرض للنفي والاعتقال عدة مرات. عاد إلى منصب رئيس الوزراء بعد ثورة شعبية أطاحت بحكم عمر البشير عام 2019.
546,"أعلن عزام الأحمد، رئيس وفد فتح للمصالحة، أن الرئيس الفلسطيني سيعلن عن تشكيلة الحكومة الخميس، بعد التوصل إلى ""شبه اتفاق"" على كل القضايا. ومع ذلك، قالت مصادر لبي بي سي إن الخلافات مستمرة حول حقيبة وزير الخارجية، حيث يصر الرئيس عباس على الإبقاء على وزير الخارجية الحالي رياض المالكي، بينما تتمسك حماس باختيار واحد من بين الشخصيات التي تم التوافق عليها. ومن المتوقع تأجيل الإعلان عن الحكومة حتى الثلاثاء المقبل لإفساح المجال لمزيد من المشاورات."
547,فشل مشروع قرار لسحب الثقة من رئيس جنوب أفريقيا جاكوب زوما في البرلمان اليوم الثلاثاء، وذلك بعد تصويت 177 نائبًا لصالحه مقابل 198 صوتًا ضده، مع امتناع تسعة نواب عن التصويت. هذا وقد احتاجت المذكرة المقدمة من المعارضة إلى تأييد أغلبية مطلقة من النواب، أي 201 من أصل 400 نائب. وقد أعرب المتظاهرون المعارضون لزوما عن غضبهم من خلال قطع الشوارع بالإطارات المحترقة والحجارة. وكان زوما، الذي تولى الرئاسة عام 2009، قد واجه عدة محاولات لسحب الثقة منه، لكنه تمكن من النجاة منها.
548,"وفقًا لإعلان مشترك من الولايات المتحدة واليابان، سيتم نقل 9000 من جنود مشاة البحرية إلى ""مواقع خارج اليابان""، مع بقاء حوالي 10,000 جندي في قواعدهم بالجزيرة. يأتي هذا الاتفاق قبل زيارة رئيس الوزراء الياباني يوشيهيكو نودا إلى واشنطن. لم يتم التوصل بعد إلى اتفاق حول إغلاق قاعدة فوتينما الجوية المثيرة للجدل في أوكيناوا، حيث سيتم نقل الجنود. سيتم نقل الجنود إلى قواعد أمريكية في غوام وهاواي وأماكن أخرى في المحيط الهادئ. على الرغم من ذلك، يطالب السكان المحليون بإغلاق القاعدة بسبب المخاطر المحتملة، والتلوث الضوضائي، والأفعال غير الأخلاقية التي يرتكبها العسكريون الأمريكيون. كانت هناك توترات بين اليابان والولايات المتحدة بسبب قاعدة فوتينما الجوية، حيث يطالب السكان المحليون بنقلها"
549,قام الباحثون من كلية الإمبراطورية في لندن وجامعة هارفارد بتحليل بيانات ضخمة من مختلف أنحاء العالم لتحديد رقم عالمي لمرضى السكري. وقد ارتفع عدد المصابين بالمرض من 153 مليون شخص إلى 347 مليون شخص في تلك الفترة. وترجع الزيادة في المقام الأول إلى زيادة متوسط ​​عمر البشر. وتشير الدراسة إلى أن أكبر زيادة في معدلات الإصابة بالمرض كانت في جزر المحيط الهادئ، حيث تعاني ثلث النساء من السكري. ويقول الباحثون إن مرض السكري أكثر شيوعًا في كل مكان في العالم، ما لم يتم تطوير برامج أفضل لاكتشاف ارتفاع سكر الدم ولمساعدة الأفراد على تقليل الوزن. يؤدي مرض السكري إلى مشاكل في الكلى، والعمى، وأمراض القلب، والسكتات الدماغية، وهو مرتبط بشكل شائع بالسمنة، حيث يحتاج المرضى إلى حقن أنفسهم بالانسولين. في الدول المتقدمة، معدلات
550,"حذرت منظمة ""مراسلون بلا حدود"" في تقرير دولي صدر يوم الأربعاء 26 أبريل/نيسان من أن حرية الصحافة تتعرض للتهديد بشكل غير مسبوق، حيث يتم اعتقال الصحفيين في مصر والبحرين لمدد طويلة. وقد ذكر التقرير الصحفي المصري محمود أبو زيد، المعروف بشوكان، الذي يقبع في السجن منذ ثلاث سنوات بسبب تغطيته للتدخل الأمني في اعتصام لجماعة الإخوان المسلمين، التي تعتبرها السلطات منظمة إرهابية. 

وفي سياق متصل، لا يزال الصحفي المستقل إسماعيل الإسكندراني خلف القضبان منذ اعتقاله في نوفمبر/تشرين الثاني 2015، رغم صدور حكم بالإفراج عنه في نوفمبر/تشرين الثاني 2016. 

وقد أشار التقرير إلى أن مملكة البحرين التي كانت في السابق في المنطقة السوداء، قد عادت إليها هذا العام، حيث يتم قمع الأصوات المعارضة أو الحرة التي تنتقد السلطة"
551,ينتقل مرض الملاريا، وهو مرض قاتل ينتقل عبر البعوض، من خلال طفيلي مقاومة للعقاقير الرئيسية المضادة للملاريا. بدأ المرض في كولومبيا ولكنه انتشر منذ ذلك الحين إلى أجزاء أخرى من جنوب شرق آسيا، بما في ذلك تايلاند ولاوس وفيتنام. وفقًا لوحدة أبحاث الطب الاستوائي في جامعة أكسفورد، هناك خطر حقيقي من أن يصبح المرض غير قابل للعلاج. يذكر أن العلاج يخفق في فيتنام بمعدلات تصل إلى ثلث الحالات، وفي بعض المناطق من كولومبيا، تصل هذه النسبة إلى 60 في المائة. أفريقيا، حيث يحدث نحو 92 في المائة من حالات الملاريا، هي الأكثر تأثرًا بهذا التطور. إنه سباق مع الزمن للقضاء على الملاريا في منطقة ميكونغ الكبرى قبل أن يصبح المرض غير قابل للعلاج، مما يؤدي إلى زيادة كبيرة في حالات الوفاة.
552,بعد قضاء عامين في السجن بتهمة المشاركة في تجمعات غير قانونية وزعزعة الأمن العام، تم الإفراج عن الناشط الحقوقي البحريني نبيل رجب. وقد شاركت عدة منظمات حقوقية دولية في حملة لإطلاق سراحه، بما في ذلك منظمة العفو الدولية وهيومن رايتس ووتش. وقد أعرب رجب عن سعادته بالخروج من السجن بعد أكثر من 600 يوم، وطالب بالإفراج عن جميع السجناء السياسيين. وقد أدين في عام 2012 بتهمة المشاركة في تجمعات غير قانونية، وتم تخفيض الحكم فيما بعد إلى عامين في السجن. وقبل سجنه، اعتقل رجب مراراً لصلته بالمظاهرات الديمقراطية في عام 2011 في البحرين.
553,في اجتماع فيينا 2 حول الأزمة السورية، اتفق ممثلو 19 دولة على أن المحادثات بين حكومة الرئيس بشار الأسد والمعارضة ستبدأ في الأول من يناير/كانون الثاني. المبعوث الأممي الخاص لسوريا، ستيفان دي ميستورا، مكلف بتحديد من سيكون قادرا على المشاركة في هذه المحادثات. ومع ذلك، لم يتم التوصل إلى اتفاق بشأن دور الرئيس الأسد في الحكومة الانتقالية المستقبلية، وهو ما أدى إلى خلاف بين المشاركين. روسيا وإيران تصران على أن السوريين يجب أن يختاروا قيادتهم، بينما تصر الولايات المتحدة وحلفاؤها على أن الحرب لا يمكن أن تنتهي طالما بقي الأسد في السلطة. ومن المقرر أن يلتقي المشاركون مرة أخرى في باريس قبل نهاية العام لمناقشة التقدم نحو وقف إطلاق النار واختيار الوفود للمحادثات السياسية.
554,أفاد مدير الصحة في منطقة تطاوين، إبراهيم غرغار، بمقتل شاب في العشرين من عمره خلال الاحتجاجات، بعد أن دهسته سيارة، ولكنه لم يحدد إذا كانت تابعة للشرطة. كما أصيب 50 شخصا بجروح، بما في ذلك اختناق ناتج عن استخدام الشرطة للغاز المسيل للدموع. وقد أطلقت قوات الأمن قنابل الغاز لتفريق المحتجين الذين حاولوا اقتحام محطة الكامور لإغلاقها، بعد أن أعاد الجيش فتحها يوم الأحد. وكان المحتجون يطالبون بالأسبقية في فرص العمل في المنشأة النفطية، وقد عرضت الحكومة حوالي 1000 فرصة عمل في الشركات البترولية في جهة تطاوين بشكل فوري، و500 فرصة عمل العام المقبل، لكن المحتجين رفضوا العرض وطلبوا بأن تكون كل الانتدابات فورية، إضافة إلى تخصيص 50 مليون دولار كصندوق تنمية للجهة تدفعه الشركات البترولية.
555,خلال عام 2013، استمر متوسط درجة حرارة الأرض في الارتفاع رغم التغيرات الموسمية والإقليمية، بما في ذلك ذوبان الغطاء الجليدي في القطب الشمالي وزيادة الجليد في نصف الكرة الجنوبي. ووفقاً لإدارة الطيران والفضاء الأمريكية (ناسا)، بلغ متوسط درجة حرارة الأرض في عام 2013 درجة مئوية واحدة، وهو ما يجعله السابع أدفأ عام منذ عام 1880. وبعملية تحليلية مختلفة، قدرت الإدارة الوطنية الأمريكية لدراسة المحيطات والغلاف الجوي أن متوسط درجة حرارة الأرض خلال عام 2013 بلغ درجة مئوية واحدة، مما يجعله الرابع أدفأ عام. ورغم أن درجة حرارة الأرض بدأت في الارتفاع في نهاية الستينات، فإن العلاقة بين انبعاث الغازات ودرجة حرارة الأرض معقدة. وفي عام 2013، سجلت الولايات المتحدة الموسم الثاني والأربعين كأدفأ موسم، بينما كان العام الماضي هو أدفأ عام في أستراليا. ومن
556,"دعا رجل الدين الشيعي مقتدى الصدر، زعيم التيار الصدري، الحكومة العراقية إلى الاستقالة وإجراء انتخابات مبكرة تحت إشراف أممي، وذلك في بيان صدر مساء الجمعة الرابعة من أكتوبر/ تشرين الأول 2019. وقال الصدر في بيانه: ""احقنوا الدم العراقي الشريف باستقالة الحكومة"" واجراء ""انتخابات مبكرة بإشراف اممي، فما يحدث لا يمكن السكوت عليه"". وفي وقت سابق من اليوم، دعا الصدر كتلة نواب ""سائرون"" في البرلمان بزعامته إلى تعليق عضويتهم في المجلس. يشهد العراق احتجاجات عنيفة منذ الثلاثاء بدأت من بغداد للمطالبة بتحسين الخدمات العامة وتوفير فرص العمل ومحاربة الفساد، وذلك قبل أن تمتد إلى محافظات في الجنوب ذات الأكثرية الشيعية. ورفع المتظاهرون من سقف مطالبهم وباتوا يدعون لاستقالة رئيس الوزراء إثر لجوء قوات الأمن للعنف لاحتواء الاحتجاجات، وأطلق قناصة من"
557,قصفت القوات الجوية الإسرائيلية أهدافاً لمسلحين في قطاع غزة يوم الخميس، وذلك رداً على هجوم صاروخي من غزة أدى إلى عدم وقوع أي أضرار أو إصابات في إسرائيل، حسب الجيش الإسرائيلي. استهدف الطيران موقعًا إرهابيًا في غزة، كما قال الجيش الإسرائيلي. وأكد مصدر أمني أن طائرات إسرائيلية استهدفت موقع الإدارة المدنية الواقع على طريق صلاح الدين الرئيسي في جباليا، ما تسبب في أضرار ولكن دون وقوع إصابات. كما استهدفت غارة ثانية موقع تدريب عسكري قرب مخيم البريج في وسط القطاع، مما أدى إلى وقوع أضرار ولكن دون وقوع إصابات بشرية.
558,"تزوجت الأميرة يوجيني، حفيدة الملكة إليزابيث والابنة الثانية للأمير أندرو وسارة، دوقة يورك، من صديقها جاك بروكسبانك في ""كنيسة سانت جورج"" بقلعة ويندسور. كان الحفل حدثاً هاماً حضره 850 من المشاهير مثل كارا ديليفينغ وناعومي كامبل وروبي ويليامز، بالإضافة إلى 1200 شخص من العامة تم اختيارهم عبر الاقتراع. كانت الأجواء عاصفة، كما وصفتها المسؤولة عن الأرصاد الجوية هيلين شيفرز، مع سرعة رياح تصل إلى 35 ميلاً في الساعة في منطقة ويندسور. ارتدت الأميرة فستان زفاف باللون الأزرق القاتم، تم تصميمه بواسطة بيتر بيلوتو وكريستوفر دي فوس، مؤسس بيتر بيلوتو. وقد ارتدت تاج الملكة الذي صنعه بوشيرون في عام 1919، وهو مرص"
559,خلال زيارته لتركيا، أعلن الرئيس الروسي بوتين أن روسيا ستدرس بدلاً من ذلك إنشاء مجمع غاز على الحدود التركية اليونانية. وقد تم توجيه اللوم إلى المعارضة الأوروبية لإنشاء خط أنابيب الغاز الذي كان من المفترض أن ينقل الغاز من روسيا إلى جنوب وشرق أوروبا. وقد رفضت المفوضية الأوروبية خط الأنابيب بسبب انتهاكه لقوانين الاتحاد الأوروبي الخاصة بالمنافسة التجارية، بينما اعتبرت موسكو أن القرار مسيس وليس له علاقة بالقوانين التجارية. وقد أعلن الرئيس التركي رجب طيب أردوغان أن تركيا ستشتري الغاز الروسي من المجمع الذي أعلن عنه بوتين قرب الحدود التركية اليونانية، وهناك اتفاق أولي بين الطرفين.
560,اختارت شركة نايكي لاعب كرة القدم الأمريكية كولن كايبرنيك كوجه إعلاني لحملتها الجديدة بسبب موقفه المثير للجدل في عام 2016 بشأن الاحتجاج خلال النشيد الوطني، والذي أثار جدلاً واسعاً. يتوقع خبراء التسويق أن تكون هذه الحملة الإعلانية للشركة ناجحة. على الرغم من الانتقادات التي واجهها من بعض المشجعين، بما في ذلك الرئيس الأمريكي دونالد ترامب، إلا أن الحملة الإعلانية لنايكي ستروج لموقف كايبرنيك وتدعم قضايا العدالة الاجتماعية التي أثارها. ومع ذلك، فقد تسببت هذه الحملة في تراجع أسهم نايكي بنسبة 4 في المئة في اليوم الذي أطلقت فيه، ودفعت الناس إلى الدعوة لمقاطعة منتجاتها.
561,فاز مانشستر يونايتد على مانشستر سيتي 3-2، حيث سجل وين روني هدفين في الشوط الأول، بينما سجل يايا توريه هدف سيتي الوحيد في الدقيقة 60. سجل بابلو زاباليتا هدف التعادل في الدقيقة 86، لكن روبين فان بيرسي ضمن الفوز يونايتد بهدف في الوقت الإضافي. بذلك يتقدم يونايتد بست نقاط عن أقرب منافسيه في الدوري الإنجليزي الممتاز، مع 39 نقطة من 16 مباراة، مقابل 33 نقطة لمانشستر سيتي في المركز الثاني.
562,تفحص الشرطة في إسرائيل حاليًا أسباب ومصدر انفجارات متعددة وقعت في منتجع إيلات على البحر الأحمر، وفقًا لتقارير من مكتب بي بي سي في القدس. وقد أفاد السكان بسماع أصوات انفجارات، لكن لم يتم تأكيد أي إصابات أو أضرار مادية كبيرة. وقد ذكرت وكالة فرانس برس أن مصدر أمني كشف عن العثور على بقايا صاروخ في ضواحي المدينة، ولا يزال التحقيق مستمرًا لتحديد الظروف المحيطة بالحادث. وقد وقعت هذه الانفجارات بعد وقت قصير من هجوم صاروخي سابق على إيلات في أغسطس 2013، والذي تم اعتباره من قبل جماعة سلفية تُعرف باسم مجلس شورى المجاهدين. وقد ادعى هذا الفصيل نفسه المسؤولية عن عدة هجمات صاروخية سابقة على المدينة. ومنذ الإطاحة بنظام حسني مبارك في مصر، شهدت الحدود الإسرائيلية مع سيناء حوادث أمنية متعددة،
563,تبدأ اليوم محاكمة شاب سوري بتهمة الاعتداء على إسرائيلي يرتدي كيباه في برلين، ومن المتوقع إصدار الحكم في نفس اليوم. المهاجم، الذي يعيش في ألمانيا منذ عام 2015، اعترف بضرب الإسرائيلي في أبريل ولكنه نفى أن تكون معاداة السامية هي الدافع وراء الهجوم. الحادث، الذي تم تصويره ونشره على الإنترنت، أثار موجة غضب في ألمانيا والنقاش حول معاداة السامية.
564,"عثرت قوات الأمن على عبوة ناسفة ثالثة في مدخل مسجد السيد البدوي في مدينة طنطا، حسب مصادر أمنية لبي بي سي. تعمل حاليا قوات الحماية المدنية على تفكيك العبوة. يتم الاحتفال بمولد السيد البدوي، وهو أحد أكثر الموالد شعبية في المدينة، حيث يجذب الآلاف من المصريين. شهدت الفترة الأخيرة ارتفاعا في وتيرة التفجيرات في الدلتا المصرية بعد عزل الرئيس محمد مرسي. معظم التفجيرات الأخيرة كانت لعبوات بدائية الصنع ولم تؤد إلى خسائر بشرية كبيرة. تتهم الحكومة المصرية جماعة الإخوان المسلمين ومؤيديها بالوقوف وراء هذه التفجيرات، لكن الجماعة تنفي ذلك وتقول أن العنف خلق مناخا بعد ""الانقلاب العسكري"" ضد الرئيس."
565,تدين الأمم المتحدة القمع العنيف للاحتجاجات في السودان، حيث قتل عشرات الأشخاص وتم اعتقال المئات. تحث مفوضة الأمم المتحدة السامية لحقوق الإنسان، ميشيل باشيليت، الحكومة السودانية على إطلاق سراح جميع المتظاهرين السلميين. كما تدعو الحكومة السودانية إلى ضمان التزام قوات الأمن بمعايير حقوق الإنسان الدولية. وفي محاولة لاحتواء الأزمة، قرر مجلس الوزراء السوداني زيادة أجور العاملين في القطاع العام. وقد تجمع متظاهرون في وسط الخرطوم متجهين نحو القصر الرئاسي، لكن الشرطة تدخلت بإطلاق الغاز المسيل للدموع لتفريقهم.
566,"تتركز الخلافات في الدورة السادسة من ""مؤتمر الإسلام"" بين ممثلي الجمعيات الإسلامية والحكومة الألمانية حول موقع الإسلام في ألمانيا، الشراكة الأمنية، وتصريحات وزير الداخلية الاتحادي الجديد هانس بيتر فريدريش التي تشكك في إمكانية أن يكون الإسلام جزءًا من ألمانيا. وقد اقترح الوزير إقامة ""شراكة أمنية"" لمكافحة التطرف الديني وعرقلة حدوث هجمات ينفذها إسلاميون. وقد وجد البعض أن هذه الدعوة تشجع المسلمين على ممارسة الوشاية والتجسس بدلاً من العمل على تحسين اندماجهم. ورغم تخفيف الوزير من حدة تصريحاته، فإنه رفض سحب كلامه الذي يشدد على الطابع المسيحي الغربي لألمانيا. ويشكك المجلس الأعلى للمسلمين في إمكانية نجاح واستمرار ""مؤتمر الإسلام"" الحالي، حيث يرى أنه يفتقر إلى الأفكار الجيدة وأنه لا يعكس الواقع."
567,حكمت محكمة في مدينة ميلانو الإيطالية بالسجن لمدة عام واحد على رئيس الوزراء السابق سيلفيو برلسكوني لإدانته بتسريب معلومات من تحقيق قضائي سري بهدف الإضرار بخصم سياسي. هذه القضية تعود إلى عام 2005، عندما نشرت صحيفة إل جيورنالي المملوكة لشقيق برلسكوني، باولو، مقتطفات من تسجيلات صوتية تتحدث عن محاولة استحواذ شركة يوني بول على بنك أنتون فينيتا، وهو ما أدى إلى تعرض فاسينو، زعيم يسار الوسط السابق، للهجوم بسبب ما تردد عن محاولته ممارسة ضغط سياسي لإتمام الصفقة. محامي برلسكوني أشار إلى أن الحكم يعد مثالاً آخر على العداء الذي تكنه محكمة ميلانو لبرلسكوني، وهو ما يعتبره دافعًا سياسيًا. ومن المتوقع أن يتم الإفراج عن برلسكوني إذا استأنف الحكم.
568,"عرضت صور الأشعة السينية وتقارير طبية للممثلة الراحلة مارلين مونرو في مزاد في لوس أنجلوس، حيث تم بيعها بمبلغ 25,600 دولار، بينما كانت التوقعات تشير إلى أن تصل قيمتها إلى 30,000 دولار. وقد أظهرت التقارير الطبية أن مونرو خضعت لعمليات تجميل، بما في ذلك عملية زراعة الذقن. توفيت مونرو في عام 1962 بعد تناولها جرعة زائدة من الأدوية المهدئة والمنومة."
569,"لينا بوتمان، فتاة ألمانية، وصديقها أعدا عدة هدايا لطالبي اللجوء. قدما هذه الهدايا لفريق ""الصندوق السعيد""، الذي يوزع الهدايا على الوافدين الجدد. بوتمان لم تتوقف عند هذا الحد، بل انضمت إلى فريق ""الصندوق السعيد""، وهو مبادرة تهدف إلى تقديم الهدايا الشعبية للاجئين في عدة مدن ألمانية، مثل كولونيا، ومونستر، وبون، وهانوفر. المبادرة، التي انطلقت في هايدناو بولاية ساكسونيا شرقي ألمانيا عام 2015، ردا على تدفق طالبي اللجوء إلى ألمانيا، تهدف إلى إظهار موقف إيجابي تجاه الوافدين الجدد، وتقديم رمز من رموز الترحيب. كل هدية، التي يمكن أن تتضمن الشاي أو الشاي، بالإضافة إلى لعبة ورق أو حلويات، تمثل خطوة مهمة في طريق إدماج اللاجئين في المجتمع الألماني"
570,صوت مجلس العموم البريطاني بأغلبية ساحقة لصالح شن غارات جوية ضد تنظيم الدولة الإسلامية في سوريا، حيث صوت 397 عضوًا لصالح القرار بينما صوت 223 عضوًا ضده. يأتي هذا القرار بعد نقاش مطول استمر أكثر من 10 ساعات. بريطانيا تشن بالفعل غارات في العراق، ومن المتوقع أن تبدأ الغارات على سوريا في الأيام المقبلة. رئيس الوزراء البريطاني ديفيد كاميرون كان قد حث أعضاء البرلمان على التصويت لصالح الغارات بعد جدل حول تغير موقف أعضاء المعارضة. كاميرون أوضح أنه لم يكن ليطلب التصويت إذا لم يكن يعتقد أنه سيفوز بالتأييد.
571,"تعرضت غرفة الكنوز في متحف ""القبو الأخضر"" بمدينة دريسدن الألمانية لعملية سطو في صباح يوم الاثنين 25 نوفمبر، حيث اقتحم مجهولون الغرفة عبر نافذة بعد فصل قضبان النافذة وكسر الواجهة الزجاجية لها، ثم توجهوا مباشرة إلى أحد صناديق العرض الزجاجية وقاموا بتحطيمه. وتعمل الشرطة حالياً على التحقيق في الحادث والكشف عن هوية الجناة."
572,طالبت رابطة الصحفيين الألمان (DJV) بأخذ التهديدات الموجهة ضد الصحفيين والسياسيين الذين يؤيدون سياسة استقبال اللاجئين بجدية أكبر، وذلك بعد مقتل حاكم مقاطعة كاسل (فالتر لوبكه) وتهديدات أخرى ضد سياسيين، بما في ذلك عمدة كولونيا. دعا رئيس الرابطة فرانك أوبرال الشرطة إلى التعامل مع هذه التهديدات بجدية أكبر، وأكد على أن الجناة لا يستهدفون الصحفيين كأفراد، بل بوصفهم ممثلين لوسائل إعلام مستقلة. من جانبه، دعا وزير الخارجية الألماني هايكو ماس إلى تقديم الدعم للساسة الذين يواجهون تهديدات، واصفا التهديدات بالقتل بأنها محاولات للترهيب.
573,لاعب كرة القدم الأرجنتيني القصير، لوكاس توريرا، الذي يبلغ طوله 168 سم، أصبح حديث الجماهير في الدوري الإنجليزي بفضل أدائه القوي مع منتخب أوروغواي في كأس العالم 2018. بدأ توريرا، الذي يبلغ من العمر 22 عامًا، مسيرته المهنية في أوروغواي، حيث عمل في وظيفتين لتوفير لقمة العيش، قبل أن ينضم إلى نادي مونتفيديو فاندررز الصغير. بعد ذلك انتقل إلى إيطاليا للعب لنادي دلفينو بيسكارا، حيث لاحظ الأطباء وجود ثآليل في أحد قدميه. رغم ذلك، واصل اللعب لمدة شهور دون شكوى. بعد ذلك انتقل إلى نادي سامبدوريا جينوا مقابل ثلاثة ملايين يورو، ثم إلى أرسنال الإنجليزي مقابل 30 مليون يورو في صيف 2018. في أرسنال، أصبح توريرا لاعباً أساسياً في التشكيلة الأساسية،
574,أكد قادة مجلس التعاون الخليجي في القمة التي عقدت في الرياض على ضرورة حل الأزمات في سوريا واليمن سياسيا، وفقا لجنيف 1 والمبادرة الخليجية ونتائج الحوار الوطني الشامل في اليمن، وكذلك دعم حقوق الشعب الفلسطيني في إقامة دولة مستقلة ورفض الإجراءات الإسرائيلية القمعية. وأدانوا التصريحات العدائية والعنصرية ضد المسلمين واللاجئين السوريين، وعبروا عن قلقهم من زيادة هذه التصريحات. كما أكدوا على ضرورة عقد مؤتمر دولي لإعادة إعمار اليمن بعد التوصل إلى اتفاق سلام. وأيدها الملك سلمان بن عبد العزيز، الذي افتتح القمة وطالب بتحصين دول الخليج من الأخطار الخارجية.
575,يعد ديمتري ميدفيديف، المرشح للرئاسة الروسية، بإجراء إصلاحات واسعة النطاق في البلاد. تتضمن وعوده زيادة الحرية للمواطنين، والحفاظ على الملكية الخاصة، وإصلاح النظام القضائي. كما يهدف إلى استقرار النمو الاقتصادي. ويعد ميدفيديف أيضا بمحاربة الفساد، مع التركيز بشكل خاص على الحريات الشخصية والاقتصادية وحرية التعبير. كما يتعهد بنقل المزيد من الصلاحيات الحكومية إلى القطاع الخاص، وحماية الملكية الخاصة، واستقرار العملة الروسية، وجعل روسيا سوقًا مالية عالمية مستقرة. يدعم ميدفيديف نظاما ضريبيا عالميا تنافسيا يتميز بنسب فائدة منخفضة، ويخطط لخفض الضرائب في روسيا للحفاظ على معدل النمو الاقتصادي لعام 2007. وعلى صعيد العلاقات الثنائية مع الولايات المتحدة، يشدد ميدفيديف على الحاجة إلى تحسين التعاون، بما في ذلك الحرب ضد الإرهاب، وتهريب المخدرات، وقضايا الطاقة
576,أدى الإعصار فلورنس إلى مقتل خمسة أشخاص على الأقل في الولايات المتحدة، بما في ذلك أم وطفلها الرضيع، بعد ساعات من وصوله إلى اليابسة في ولاية نورث كارولاينا يوم الجمعة. وقد تسبب الإعصار في فيضانات شديدة وغمر الشوارع بالمياه، بالإضافة إلى ارتفاع منسوب مياه البحر، قبل أن يتراجع إلى عاصفة استوائية. وقد أصدرت السلطات أوامر بالإخلاء لأكثر من مليون شخص، ويعمل مسؤولو الولاية على تنظيم زيارة للرئيس الأمريكي دونالد ترامب إلى الولاية المتأثرة. وفي الفلبين، ضرب إعصار مانكوت، الذي يعتبر أقوى إعصار يضرب البلاد هذا العام، شمال الفلبين، مما تسبب في انقطاع الكهرباء والاتصالات في بعض المناطق، وأدى إلى مقتل اثنين من رجال الإنقاذ أثناء محاولتهم إزالة الانهيارات الأرضية الناجمة عن الإعصار.
577,"أعاد اغتيال الحريري رسم الخريطة السياسية في لبنان وتحدث كاسيزي عن ""عناصر ترابط"" بين اغتيال الحريري والاغتيالات الاخرى التي شهدها لبنان خصوصا بين عامي 2005 و2007. وقال القاضي الايطالي في التقرير السنوي للمحكمة الخاصة بلبنان إن مكتب المدعي العام حقق تقدما ملموسًا في تحضير القضية التي سوف تقدم مرتكبي الجريمة إلى العدالة. وقد تحقق ذلك بالرغم من انضباط من يقفون وراء الاعتداء وتطورهم الواضحين. وعرض في تقريره الذي تسلم نسخة منه كل من الامين العام للامم المتحدة بان كي مون ورئيس الوزراء اللبناني سعد الحريري سلسلة مؤشرات تتصل بالتقدم الذي احرزه التحقيق وابرزها زيادة الاقتناع في ان مرتكبي الاعتداء هم الاشخاص الذين استخدموا الشبكة المحددة والحصول على معلومات اضافية لتأييد واقعة ان مرتكبي الاعتداء نفذوه بالاشتراك مع مجموعة أكبر والاقتراب من تحديد هوية الانتحاري المشتبه به من"
578,"""بوهاويسي"" هي كلمة تُستخدم بكثرة في تايوان وتحمل مجموعة من المعاني التي تشمل الاعتذار، الاعتراف، الاحترام، الأدب، وحتى الحب. إنها كلمة لا يمكن ترجمتها بسهولة بسبب معانيها المتعددة. ثقافة ""بوهاويسي"" متأصلة في المجتمع التايواني، حيث تُستخدم في المحادثات اليومية، سواء كان ذلك في طلب معروف أو في قطع حديث الآخرين. هذه الكلمة تمثل أكثر من مجرد اعتذار؛ فهي تعكس ثقافة متأثرة بالاستعمار الياباني والتعاليم الأخلاقية الكونفوشية."
579,"أظهرت دراسة حديثة أجراها معهد أنسا لاستطلاعات الرأي أن غالبية الألمان، حوالي 64 في المائة، يعارضون تمديد فترة حكم المستشارة الألمانية أنغيلا ميركل لولاية رابعة بعد الانتخابات الفيدرالية المقبلة في عام 2017. وذكر الاستطلاع، الذي نشرته مجلة سيسيرو الألمانية يوم الأربعاء 11 مايو/أيار 2016، أن نسبة الرافضين لبقاء ميركل في الحكم لولاية رابعة كانت عالية بشكل خاص في شرق ألمانيا، حيث تراوحت بين 76 و79 في المائة في ولايتي تورينغن وسكسونيا.

من ناحية أخرى، أظهر الاستطلاع أن نسبة الذين يريدون أن تستمر ميركل في الحكم لفترة رابعة بلغت 27 في المائة، بينما لم يكن لدى 25 في المائة رأي محدد في هذا الشأن. واستثنى الاستطلاع المترددين وغير المبالين، ووفقا لمجلة سيسيرو، فإن نحو ثلثي المشاركين في الاستطلاع،"
580,أعلن وزير الدفاع الأمريكي، آش كارتر، أن 200 عسكري أمريكي سيعملون مع القوات العراقية لاستهداف مسلحي تنظيم الدولة الإسلامية وقيادتهم، وذلك في خطاب أمام الجنود في قاعدة فورت كامبل بولاية كنتاكي. هذه القوة مختلفة عن قوة العمليات الخاصة التي أرسلت إلى سوريا العام الماضي، والتي تعاونت مع قوات المعارضة المدعومة من الولايات المتحدة لتحديد أهداف جديدة لتنظيم الدولة الإسلامية. أكد كارتر أنه سيلتقي في باريس الأسبوع القادم بنظرائه من وزراء دفاع دول التحالف، وسيحثهم على تقديم المزيد من القدرات لدعم القتال. وأوضح أن اللقاءات ستشمل وزراء دفاع بريطانيا وفرنسا وأستراليا وألمانيا وإيطاليا وهولندا. أعلن وزير الدفاع الأمريكي أن القوة نجحت في تحديد أهداف للغارات الجوية لطائرات التحالف، بما في ذلك خطوط اتصالات التنظيم.
581,"مقتل جورج فلويد أثار احتجاجات واسعة في الولايات المتحدة، مما أدى إلى تعزيز الإجراءات الأمنية حول مبنى المحكمة في مينيابوليس. تم وضع أسلاك شائكة وحواجز عالية، بالإضافة إلى نشر جنود مسلحين من الحرس الوطني. يقول الادعاء أن مقتل فلويد كان جريمة قتل، لكن محامي شوفين يجادل بأن الشرطي السابق اتبع بشكل صحيح خطوات تدريب الشرطة. يقول المحامي إريك نيلسون أن سلوك شوفين كان متسقا مع سلوك ""شرطي عاقل""، مضيفا أن الظروف المحيطة بوفاة فلويد تثير شكوكا معقولة. على الرغم من التأهب في مينيابوليس، وصفت محاكمة شوفين بأنها لحظة رئيسية للعلاقات العرقية والشرطة في الولايات المتحدة."
582,"نهر الدانوب، الذي يمتد لمسافة 2888 كيلومترًا من مصدره في الغابة السوداء إلى مصبه في البحر الأسود، يشكل مناظر طبيعية خلابة بشكل خاص في الأراضي الألمانية، حيث يقطع مسافة 577 كيلومترًا. يتميز هذا الجزء من النهر بالتلال الخضراء، والغابات، والمستنقعات، لكنه يشكل تحديًا للسفن الكبيرة بسبب ضحالة المياه. يمكن للزوار استكشاف المنطقة بشكل أفضل عبر ركوب الدراجات على طول طريق الدراجات الذي يمتد على طول النهر، ويربط بين مناطق تاريخية مهمة.

بالقرب من أولم، يقع معبد أبولو غرانوس في فايمنغن، وهو موقع استجمام روماني سابق. يحتوي الموقع على ثلاثة ينابيع مياه وينقسم إلى ثلاثة أقسام: البيثانوم، والفيديوم، والأناكوندا"
583,"فريق من الباحثين في مركز جامعة ميشيغان الأمريكية لعلاج الاكتئاب ابتكر تطبيقا جديدا يعمل على الهواتف الذكية يدعى ""بريوري""، يتعرف على الحالة النفسية للمريض من خلال أسلوب حديثه ونبرة صوته. يوفر التطبيق وسيلة هادئة لمراقبة الحالة النفسية لمرضى الاضطرابات النفسية الذين يعانون من تقلبات حادة في المزاج. يعمل البرنامج على الهاتف الذكي ويتابع بشكل آلي نبرة صوت المستخدم أثناء المكالمات الهاتفية التقليدية وجلسات العلاج النفسي الأسبوعية في المركز. يمكنه قياس فترات الصمت بين التحدث والسكوت ودرجة ارتفاع نبرة الصوت لمعرفة الحالة المزاجية للمستخدم. في حالة تعرض المستخدم لنوبة هياج، يقوم البرنامج بإعلام المستخدم أو الفريق الطبي المعالج. البرنامج يقوم بتسجيل الحديث الذي يأتي على لسان المريض النفسي فقط للحفاظ على الخصوصية، ثم يتم تشفير المكالمة والاحتفاظ بها على جهاز خادم آمن بحيث لا يمكن لأحد الاستماع إليها باستثناء أعضاء الفريق."
584,"عينت سينينات ونغواشيراباك كحارسة ملكية نبيلة في يوليو، بعد حوالي 100 عام من اللقب الأخير الممنوح. وصفت بأنها ""طماحة"" و""غير محترمة"" في سلوكها، على الرغم من أنها كانت عسكرية برتبة ميجور جنرال، طيارة محترفة، ممرضة، وحارسة شخصية. كانت هذه التعيين بعد شهرين فقط من زواج الملك واشيرالونغكون، الحاكم من تايلاند، من زوجته الرابعة، الملكة سوتيدا."
585,"أعلن المكتب الإعلامي لرئيس الوزراء العراقي حيدر العبادي يوم الخميس (11 أغسطس/آب 2016) أن العراق وقع مذكرة تفاهم مع الأمم المتحدة لإشراك محققين دوليين في ملفات الفساد الكبرى. وذكر المكتب على حسابه على موقع التواصل الاجتماعي ""فيس بوك"" أن ""العراق وقع مذكرة تفاهم مع الأمم المتحدة لإشراك محققين دوليين في ملفات الفساد الكبرى ذات الأولوية"". وتطال اتهامات الفساد وزراء ومسؤولين كبار ونواب في البرلمان بينهم رئيس البرلمان سليم الجبوري الذي أغلق القضاء ملف الدعوى ضده لعدم كفاية الأدلة، بعد رفع الحصانة عنه وبدء التحقيقات."
586,تعتزم الحكومة الإيرانية حظر تطبيق إنستغرام، الذي يستخدمه المحتجون المناهضون للحكومة على نطاق واسع، وفقاً لما ذكره علاء الدين بروجردي، رئيس لجنة السياسة الخارجية والأمن القومي البرلمانية. وقد يتم استبدال إنستغرام بخدمة محلية، وفقاً لبروجردي، الذي أكد أن هذا القرار مهم من منظور الأمن القومي. وقد انتشرت مقاطع الفيديو والصور التي توثق الاحتجاجات عبر إنستغرام داخل وخارج البلاد. وعلى الرغم من ذلك، تعارض حكومة الرئيس حسن روحاني الحظر، معتبرة أنه ينتهك حقوق المواطنين الأساسية. ويشكل إنستغرام، الذي يضم قرابة 24 مليون مستخدم نشط في إيران، حوالي 30 في المائة من سكان البلاد، مما يجعله السابع عالمياً من حيث عدد المستخدمين. كما يعتبر غنستغرام منصة تواصل اجتماعي كبيرة في إيران.
587,"تتمحور الدعوى القضائية، التي يقودها المحامي النمساوي ماكس شريمز، حول ممارسات فيسبوك في جمع البيانات ونقلها. يتم رفع الدعوى ضد المقر الأوروبي لفيسبوك في دبلن، أيرلندا، الذي يتعامل مع جميع الحسابات خارج الولايات المتحدة وكندا. لم يعلق فيسبوك على القضية. يتهم شريمز فيسبوك بانتهاك قوانين الخصوصية من خلال المراقبة الجماعية لخاصية ""الإعجاب""، والرغبة في إنهاء هذه المراقبة. كما يتهم الموقع بالتعاون مع برنامج المراقبة الأمريكي ""بريزم"". يطالب شريمز بتعويض قدره 500 يورو لكل فرد. يدعي أن فيسبوك لا يمكنه رفع القضية بموجب القانون النمساوي."
588,"في الرابع من مايو/ أيار 2014، هاجم أكثر من ألفي شخص موالين لروسيا مقر الشرطة في أوديسا، جنوب أوكرانيا، إثر أعمال عنف أسفرت عن مقتل 40 شخصاً في اليوم السابق. اقتحم المهاجمون، المسلحون بالهراوات، المبنى وشاحنتين، وطالبوا بالإفراج عن زملائهم الذين اعتقلوا في اليوم السابق. اندلعت حريق متعمد في المبنى، مما أدى إلى مقتل المزيد من الأشخاص، معظمهم من الموالين لروسيا. تجمع الآلاف أمام مقر الشرطة، مرددين الإهانات ضد الموالين لروسيا. أعلن رئيس الوزراء الأوكراني أن أعمال العنف هي جزء من ""خطة روسية لتدمير أوكرانيا"". أعلن أنه تم إقالة جميع مسؤولي الشرطة بسبب تقصيرهم في الواجب. أفاد شهود عيان ومحللون برؤية عشرات الطائرات الروسية، بما في ذلك طائرات حربية، تحلق فوق القرم قبل أيام من زيارة"
589,تُفيد تقارير أن 33 مدنياً، بينهم نساء وأطفال، قتلوا في هجوم على مدرسة في منطقة المنصورة بالقرب من الرقة في سوريا، وفقاً لوسائل الإعلام الألمانية. لعب الطيارون الألمان دوراً حاسماً في الهجوم، الذي نفذه التحالف الدولي ضد تنظيم الدولة الإسلامية. منذ بدء العمليات ضد تنظيم الدولة الإسلامية في سبتمبر 2014، قتل أكثر من 1400 مدني في سوريا، وبجمع البيانات العراقية، يتجاوز العدد 2800 مدني. على الرغم من أن الطيارين الألمان لا يشاركون في العمليات القتالية، إلا أنهم يقدمون معلومات حاسمة تُستخدم في الهجمات الجوية، غالباً ما تكون من قِبل الولايات المتحدة. يخشى أن يكون هناك المزيد من الضحايا المدنيين مع استمرار الحملة العسكرية ضد الموصل والرقة.
590,"قال الرئيس التنفيذي لنادي بايرن ميونيخ الألماني، كارل-هاينز رومينيغه، إن ريال مدريد الإسباني هو المرشح الأكبر للوصول إلى نصف نهائي دوري أبطال أوروبا، وذلك عشية مباراة الإياب التي تقام الثلاثاء 18 أبريل/ نيسان 2017 بين الفريقين. وقد فاز ريال مدريد على بايرن ميونيخ ذهاباً بهدفين مقابل هدف واحد، مما يجعل مهمة بايرن صعبة في تعويض الخسارة على أرضه في سانتياغو برنابيو. وأكد رومينيغه أن النادي البافاري يجب أن يعتمد على ""الشخصية القوية"" و""الرغبة الشديدة"" في الفوز للوصول إلى الدور نصف النهائي. من جهته، قال قائد الفريق، فيليب لام، إنهم يعتزمون قلب نتيجة المباراة، مضيفاً أنهم ""الدخلاء"" ولكنهم يمكنهم الفوز في مدريد. وقد غادر الفريق إلى مدريد الاثنين استعداداً للمباراة. وتضم تشكيلة الفريق المدافعين"
591,"انتقدت الممثلة البريطانية السمراء ثاندي نيوتن قلة الأدوار المتاحة للممثلين السود في الأعمال الدرامية التاريخية في بريطانيا، وقالت أن هناك ""هامش رفيع"" يمكن أن يلعبه الممثلون السود في هذه الأعمال. وتأتي هذه الانتقادات بعد دراسة مسحية أظهرت أن 59% من الأفلام البريطانية المنتجة منذ عام 2006 لم تتضمن أي ممثلين سود. وقد شكى العديد من الممثلين والممثلات السمر في بريطانيا من قلة الأدوار المتاحة لهم. وكان الممثل البريطاني دافيد أويلوو قد قال أن الممثلين السمر في بريطانيا يهاجرون إلى الولايات المتحدة لقلة الأدوار المتاحة لهم في بلدهم. ومن الجانب الآخر، انتقد الممثل الأمريكي صامويل إل. جاكسون هجرة الممثلين البريطانيين السود إلى الولايات المتحدة وأكد على أن الممثلين السود في الولايات المتحدة أيضا يرغبون في الحصول على فرصهم في الأعمال الدرامية."
592,تبدأ اليوم الاثنين محاكمة شاب ألماني يبلغ من العمر 21 عامًا بتهمة ارتكاب جرائم حرب، بما في ذلك المشاركة في قطع رؤوس بشرية في سوريا. أعلنت المحكمة العليا في فرانكفورت أن المتهم، الذي يدعى أريا إل، سيواجه المحاكمة في محكمة في كارلسروه في 3 مايو بسبب تهم تتعلق بارتكاب جرائم حرب. بدأ الادعاء العام الألماني في كارلسروه الإجراءات القانونية ضد المتهم في فبراير، بعد أن نشر المتهم صورًا له مع رؤوس مقطوعة لمدنيين أو جنود سوريين على فيسبوك.
593,دعت بريطانيا وفرنسا وألمانيا إلى إنهاء التصعيد العسكري في شمال غرب سوريا، وأعربت عن قلقها البالغ إزاء موجة العنف الأخيرة التي أدت إلى مقتل أكثر من 120 مدنياً. انتقدت الدول الثلاث في بيان مشترك النظام السوري وموسكو، مشددين على أن الضربات الجوية على المناطق السكانية والقصف العشوائي واستخدام البراميل المتفجرة واستهداف البنية التحتية المدنية والإنسانية، وخاصة المدارس والمراكز الصحية، كلها انتهاكات صارخة للقانون الإنساني الدولي. كما أشار البيان إلى أن هناك جماعات إرهابية كثفت هجماتها، مما يثير القلق الشديد. وأكد البيان أن الهجوم الوحشي من قبل النظام السوري ومؤيديه على ملايين المدنيين في المنطقة لا صلة له بمكافحة الإرهاب، بل يتعلق بتعزيز استعادة النظام بشكل عديم الرحمة. بدأت قوات الحكومة السورية، مدعومة بالقوات الجوية الروسية، الأسبوع الماضي عمليات برية ضد الجزء الجنوبي من منطقة تابعة للمعارضة تتألف من
594,"أعربت الولايات المتحدة عن قلقها بشأن تصريحات الرئيس المصري محمد مرسي، التي أدلي بها في عام 2010، والتي وصفت بالصادمة والمهينة. وقد تحدثت المتحدثة باسم وزارة الخارجية الأمريكية، فيكتوريا نولاند، عن هذه التصريحات، مؤكدة أن الإدارة الأمريكية أبلغت القاهرة بقلقها. وقالت إن مرسي يجب أن يحكم بما يقوله وما يفعله، وليس فقط بما يقوله. من جانبه، وصف البيت الأبيض تصريحات مرسي بأنها ""مهينة بشدة""، ودعا مرسي إلى توضيح أنه يحترم جميع الأديان وأن هذا النوع من الكلام ليس مقبولاً ولا مجدياً في مصر الديمقراطية. وقد حصل فيديو لمرسي، يدعو فيه إلى تبني جميع أشكال المقاومة ضد ""المجرمين الصهاينة"" في فلسطين، على صحيفة نيويورك تايمز."
595,وزير الخارجية الليبي محمد عبد العزيز يكشف أن عائلة القذافي غادرت الجزائر باتجاه عمان بعد تلقيها حق اللجوء السياسي هناك، وينفي التقارير التي تشير إلى بقاء عائشة القذافي في الجزائر. كما يكشف الوزير عن معلومات استخباراتية تؤكد تورط أفراد من عائلة القذافي في أعمال تستهدف زعزعة الأمن في ليبيا، ويؤكد على أن هؤلاء لديهم أموال ويعقدون اجتماعات سرية ولديهم مساندون وأعوان. ينفي عبد العزيز وجود أي صفقة بين مصر وليبيا لتسليم أعوان القذافي، ويؤكد على أن سيف الإسلام القذافي وعبد الله السنوسي وأعوان النظام السابق الآخرين سيحاكمون في ليبيا.
596,أقيم حفل زفاف الأميرة يوجيني، حفيدة الملكة إليزابيث، على جاك بروكسبانك في قلعة ويندسور يوم الجمعة 12 أكتوبر 2018. كان الحفل حدثاً هاماً حضره العديد من المشاهير وأفراد العائلة المالكة، بما في ذلك ابن عمها الأمير هاري وزوجته ميغان، اللذان تزوجا أيضاً في نفس المكان في مايو الماضي. كان من بين الضيوف البارزين ناعومي كامبل، روبي ويليامز، ديمي مور، وليف تايلر. ومع ذلك، كانت الأضواء مسلطة بشكل خاص على الأمير جورج وشقيقته شارلوت، اللذين كانا من الصغار المرافقين للعروسين. لعبت شارلوت دور الوصيفة، بينما كانت والدتها كارا من بين وصيفات العروس. كان للعروسين أيضاً والديهما، الأمير آندرو والأميرة سارة فيرغ
597,"رفض الرئيس التركي رجب طيب أردوغان الانتقادات الدولية بشأن قرار إعادة الانتخابات البلدية في إسطنبول، مصرًا على أن الشعب التركي لن ينحني ل ""لغة الضغط هذه"". وأمر المجلس الأعلى للانتخابات في تركيا بإعادة الانتخابات في إسطنبول في 23 يونيو، بعد ادعاءات حزب العدالة والتنمية الحاكم الذي يتزعمه أردوغان بوجود مخالفات. وحثت الولايات المتحدة تركيا على إجراء التصويت بما يتوافق مع التزاماتها الدولية، داعية إلى انتخابات ""حرة ونزيهة"". وتمثل خسارة إسطنبول، العاصمة الاقتصادية لتركيا، ضربة كبيرة لأردوغان، حيث كانت هذه المرة الأولى التي يفقد فيها المحافظون الإسلاميون سيطرتهم على إسطنبول وأنقرة منذ 25 عامًا."
598,"قام جنود مصريون بإغلاق معبر رفح احتجاجاً على خطف زملائهم على يد مسلحين مجهولين. سيستمر الجنود في إغلاق المعبر حتى عودة زملائهم. تجري السلطات المصرية اتصالات مع الخاطفين لتأمين الإفراج عن الجنود. تتضمن مطالب الخاطفين الإفراج عن معتقلين على خلفية قضايا ""إرهاب""."
599,"في صفقة تعد الأكبر من نوعها لشركة آبل، أعلنت الشركة أنها استحوذت على شركة ""بيتس""، التي تشتهر بصناعة سماعات الرأس، وذلك مقابل مبلغ 2.6 مليار دولار، مع بقاء 400 مليون دولار في عهدتها. تأسست شركة بيتس عام 2008 على يد جيمي لوفين ونجم الهيب هوب دي أر دري، وتمتلك الشركة خدمة لبث الموسيقى مقابل اشتراكات مدفوعة، وتمتلك متجر ""آي تيونز""، الذي يعد أكبر خدمة لتحميل الأغاني في العالم. رغم الريادة التي تتمتع بها الشركة في مجال خدمات البث الموسيقي، إلا أنها تواجه منافسة متزايدة من خدمات مثل ""سبوتيفاي"" و""باندورا"" و""رديو"". يتوقع رئيس شركة آبل، تيم كوك، أن يحضر جيمي لوفين ودي أر دري ""منتجات لم تخطر ب"
600,"أعلن قصر الإليزيه أن الرئيس الفرنسي إيمانويل ماكرون ونظيره التركي رجب طيب أردوغان اتفقا على تكثيف المحادثات الدبلوماسية حول سوريا في الأسابيع المقبلة، وذلك في أعقاب العملية العسكرية التي تشنها تركيا ضد وحدات حماية الشعب الكردية في شمال سوريا. وقد أثارت هذه العملية التي أطلق عليها اسم ""غصن الزيتون"" مخاوف من إمكان وقوع مواجهة عسكرية بين تركيا وفرنسا، العضوين في حلف شمال الأطلسي (ناتو). وقد اتفق الزعيمان على العمل من أجل إعداد خارطة طريق دبلوماسية لحل الأزمة السورية."
601,"اشترت شركة ياهو تطبيق ""صاملي"" من الشاب البريطاني نيك دالويزيو، الذي ابتكر التطبيق في سن الخامسة عشرة. سيتم استخدام خصائص التطبيق في منتجات الهواتف الذكية لشركة ياهو، وسيبدأ دالويزيو العمل لدى ياهو، بالإضافة إلى العديد من كبار أعضاء فريقه. وقد جذب التطبيق استثمارات بقيمة أكثر من مليون جنيه استرليني ومن المتوقع أن يصبح دالويزيو واحدًا من أصغر أصحاب الملايين في العالم الذين اكتسبوا ثرواتهم من عملهم الخاص. أعرب دالويزيو عن خططه لإنفاق ثروته المكتسبة حديثًا على الأحذية وأجهزة الكمبيوتر، بينما يحافظ أيضًا على نمط حياته المتواضع. كما أعرب عن امتنانه للشركات والمستثمرين والمستشارين الذين دعموا فكرته وفريقه الرائع الذي آمن بنجاح التطبيق."
602,"قالت قوات الأمم المتحدة لحفظ السلام في لبنان اليوم الاثنين (17 كانون أول/ديسمبر 2018) إن اثنين من أربعة أنفاق تم اكتشافها قرب الحدود اللبنانية الإسرائيلية عبرا الخط الأزرق بين البلدين، ما ينتهك قرار الأمم المتحدة الذي أنهى الحرب بين جماعة حزب الله وإسرائيل في 2006. وقالت قوة الأمم المتحدة المؤقتة في لبنان (اليونيفيل) إنها أكدت حتى الآن وجود أربعة أنفاق اكتشفها الجيش الإسرائيلي بالقرب من ""الخط الأزرق""، مضيفة أن ""هذه مسألة مدعاة للقلق الشديد"". وقالت اليونيفيل في بيان ""يمكن لليونيفيل في هذه المرحلة أن تؤكد أن اثنين من الأنفاق يعبران الخط الأزرق، وهذه تشكل انتهاكات لقرار مجلس الأمن الدولي 1701"". وأضافت قوة الأمم المتحدة أنها ستواصل التحقيقات الفنية وطلبت من السلطات اللبنانية ""ضمان اتخاذ إجراءات متابعة عاجلة وفقاً لمسؤوليات حكومة لبنان""."
603,"أسقطت طائرة حربية أمريكية الأحد طائرة عسكرية سورية كانت تلقي قنابل قرب مقاتلين تدعمهم الولايات المتحدة في سوريا، وفقاً لما أعلنه الجيش الأمريكي. وقد تم إسقاط الطائرة ""دفاعاً عن النفس"" لحماية قوات ""سوريا الديمقراطية""، وفقاً لما ذكرته القيادة المركزية الأمريكية. ولكن الجيش السوري قال إن التحالف الذي تقوده الولايات المتحدة هو من أسقط طائرته في مهمة قتالية ضد تنظيم الدولة الإسلامية في ريف الرقة الجنوبي، وأن الطيار مفقود. وفي الوقت نفسه، اندلعت اشتباكات بين قوات النظام السوري وقوات سوريا الديمقراطية المدعومة من الولايات المتحدة في الرقة، وفقاً للمرصد السوري لحقوق الإنسان."
604,أفاد ناشطون أن قصفاً استهدف بساتين أدلب، ووقعت اشتباكات في الرقة. لجان التنسيق المحلية تشير إلى مقتل 100 شخص أغلبهم في دمشق وحلب. عبوة ناسفة في دمشق تسببت في مقتل شخص وإصابة آخر بجراح خطرة، وانفجار سيارة مفخخة بعد ذلك. اندلعت اشتباكات عنيفة في حلب، حيث أفادت المعارضة بسيطرتها على حي الشيخ مقصود. المعارضة قتلت رجل دين سني موالياً للحكومة السورية ومثلوا بجثته في حلب. الحكومة السورية تتهم مجموعة إرهابية باغتيال الشيخ سيف الدين. المرصد السوري يقول إن الشيخ ينتمي إلى النظام وقتل بعد أسره في حلب.
605,"مجلة ""ميشلان"" الشهيرة تقوم كل عام بتصنيف أفضل المطاعم حول العالم وتوزيع جوائزها على أفضل 50 مطعماً، وهذا العام، حصل المطعم الفرنسي ""ميرازور"" في مدينة مينتون جنوب شرق فرنسا على المركز الأول. يدير المطعم الطاهي الأرجنتيني مارو كولاجركو، الذي يقوم بزراعة مكونات الأطباق في حديقته الخاصة. حصل المطعم على نجوم ميشلان الثلاث بفضل جودة أطباقه والخدمة الممتازة التي يقدمها. يذكر أن كولاجركو انتقل إلى فرنسا عام 2006 وأسس المطعم، وحصل على نجمة ميشلان الأولى بعد عام واحد فقط من افتتاحه، ثم حصل على الثانية عام 2012. ولم يتم إدراج أي مطعم عربي ضمن أفضل خمسين مطعماً في العالم حسب تصنيف ""ميشلان""."
606,"ذكرت صحيفة الحياة اللندنية، في تقرير نشرته يوم الثلاثاء 21 يناير/كانون الثاني، أن مصدراً مطلعاً على خطط وزير الدفاع المصري عبد الفتاح السيسي قد أشار إلى أن السيسي اتخذ قرار الترشح للرئاسة بناءً على ""المطالب الشعبية الواسعة"" وكذلك بناءً على توافق عربي، خاصة من دول الخليج، على هذه الخطوة. 

وأوضح المصدر أن السيسي، بعد دراسته لردود الفعل الغربية، وخاصة الأمريكية، أصبح الآن ضمن معادلة القوى المؤثرة في القرار الأمريكي. وقد أكدت القوات المسلحة المصرية دعمها لترشح السيسي، احتراماً للدور الذي لعبه في الحفاظ على وحدة الجيش والسياسات التي اتبعها في حماية البلاد من الأخطار، وثقة الجيش في قدرته على قيادة البلاد في المرحلة القادمة.

وفقًا للمصدر، سيتوجه السيسي إلى الشعب بخطاب يعلن فيه"
607,اندلع القتال في جنوب كردفان في يونيو الماضي بين القوات الحكومية وقوات الحركة الشعبية لتحرير السودان، وفقاً للمركز السوداني للخدمات الإعلامية، الذي ينقل عن المتحدث باسم الجيش قوله إن 15 مسلحاً من قوات الحركة الشعبية قتلوا في الهجوم. القوات الحكومية شنت هجوماً على معسكر للمتمردين في منطقة انقارتو، واستولت عليه بعد تدميره بالكامل، كما يقول الصوارمي خالد سعد. منطقة انقارتو تقع على بعد 37 كيلومتراً شمال غرب مدينة تلودي. بدأ القتال بين القوات الحكومية وقوات الحركة الشعبية بسبب نتائج الانتخابات الولائية، وانتقل إلى ولاية النيل الأزرق المجاورة في سبتمبر الماضي. العديد من سكان جنوب كردفان والنيل الأزرق قاتلوا إلى جانب الحركة الشعبية، التي هي الحزب الحاكم في جنوب السودان، ويشعرون بالتهميش السياسي والاقتصادي من قبل الحكومة المركزية.
608,"فرضت الصين غرامة هائلة على شركة غلاكسو سميث كلاين، عملاق صناعة الأدوية البريطاني، تقدر بـ 2.8 مليار دولار، وذلك بسبب إدانتها بالرشوة. وقد جاء هذا الحكم بعد محاكمة استمرت يوماً واحداً في محكمة شانغشا، وفقاً لوكالة الأنباء الصينية شينخوا. 

وقد جاء هذا الحكم بعد مزاعم أشارت إلى أن الشركة دفعت رشاوى لأطباء ومستشفيات من أجل الترويج لمنتجاتها. وقد حكم على مدير عمليات الشركة في الصين، مارك رايلي، بالسجن ثلاث سنوات مع إيقاف التنفيذ، ومن المقرر ترحيله من البلاد قريباً. كما صدرت أحكام بالسجن مع إيقاف التنفيذ على عدد من مسؤولي غلاكسو.

وكانت السلطات الصينية قد أعلنت فتح التحقيق مع مسؤولي الشركة في يوليو/تموز الماضي في"
609,"القدس، مدينة ذات أهمية تاريخية ودينية كبيرة، تحتضن أقدس الأماكن بالنسبة لليهود والمسيحيين والمسلمين. هذه المدينة القديمة، التي شهدت النزاع والتعايش بين أتباع الديانات الثلاث، تتميز بتاريخها الغني وطبقات أرضها التي تكشف عن أحداث من الماضي.

في الحي الإسلامي، يقع المسجد الأقصى، وهو ثالث أكثر المواقع قداسة في الإسلام، ويديره الوقف الإسلامي. وقد كان هذا الموقع مسرحاً لعدد من الأحداث الدينية المهمة، بما في ذلك الإسراء والمعراج، حيث أُسرى بالنبي محمد من مكة إلى القدس، ثم عرج به إلى السماء.

في الحي المسيحي، توجد كنيسة القيامة، التي تعد من أهم الأماكن المقدسة بالنسبة للمسيحيين في جميع أنحاء العالم. وهي تقع في المكان الذي شهد موت السيد المسيح وصلبه وبعثه، وفقاً للتقاليد المسيحية"
610,تبحث الشرطة البلجيكية عن معلومات تتعلق بشقيقين يعتقد أنهما نفذا تفجيري مطار بروكسل، وقد نشرت صورتهما على تويتر. كما تم التعرف على مرافقهما، وهو نجم العشراوي، الذي يعتقد بأنه لا يزال هاربا. أعلنت الشرطة أن الأخوين البكراوي، خالد وإبراهيم، هما الانتحاريين المسؤولين عن تفجيري مطار بروكسل. يُعرفان لدى الشرطة لتورطهما في أنشطة الجريمة المنظمة وليس الإرهاب. وقد استأجرا شقة في شارلروا، جنوب بلجيكا، من حيث انطلق منفذو هجمات باريس في نوفمبر 2015، وعثر فيها على بصمات صلاح عبد السلام، المشتبه به الرئيسي في هجمات باريس.
611,"منظمة الصحة العالمية تعترف بـ""الرغبة المفرطة في ممارسة الجنس"" كاضطراب نفسي، لكنها لم تعتبرها إدمانًا بعد. تحتاج الأبحاث الإضافية لتحديد ما إذا كانت تصل إلى حد الإدمان، وفقًا لخبير في المنظمة. القائمة الجديدة للتصنيف العالمي للأمراض قد تؤدي إلى مزيد من البحث في الحالة وانتشارها، وكذلك في تحديد العلاجات الأكثر فعالية. القائمة تعترف أيضا بإدمان ألعاب الفيديو، لكن ليس الإدمان الجنسي."
612,أطلقت صواريخ من غزة على إسرائيل، مما أدى إلى اندلاع حريق في مبنى في سديروت. كما شنت الطائرات الإسرائيلية غارات على مواقع لفصائل فلسطينية في غزة. لم تؤد الهجمات إلى إصابات، ولكن الشرطة الإسرائيلية والمصادر الفلسطينية تقول إن الصواريخ والغارات تسببت في أضرار. كما أطلقت صواريخ أخرى من غزة على حقل، بينما شنت القوات الإسرائيلية غارات على مواقع فلسطينية في غزة، مما أدى إلى أضرار مادية.
613,"يتوجه رئيس الوزراء الإسرائيلي بنيامين نتنياهو إلى واشنطن لإلقاء خطاب أمام الكونغرس قبل أسبوعين من الانتخابات الإسرائيلية، حيث يواجه حزبه ضغوطاً داخلية متزايدة. يأتي هذا الخطاب في الوقت الذي تعمل فيه الولايات المتحدة مع القوى العالمية الأخرى على التفاوض مع إيران حول برنامجها النووي.

نتنياهو، الذي وصف رحلته إلى واشنطن بأنها ""مهمة تاريخية""، أعرب عن قلقه حول أمن إسرائيل. ومن المتوقع أن يتناول في خطابه الموضوع الإيراني وتنظيم الدولة الإسلامية.

وقد أثارت دعوة نتنياهو لإلقاء خطاب في الكونغرس غضب الديمقراطيين، حيث اضطر بعض أعضاء الكونغرس إلى الاختيار بين اغضاب الرئيس الأمريكي باراك أوباما أو الرغبة في اغضاب إسرائيل. ومن المتوقع أن يتناول نتنياهو في خطابه الموضوع الايراني وتنظيم الدولة الاسلامية.

وفي الوقت نفسه، اتهم وزير الخارجية الإيراني محمد جواد ظريف نتنياهو بمحاولة تقويض"
614,"أعلنت ثلاث وكالات تابعة للأمم المتحدة رسمياً عن مجاعة في أجزاء من جنوب السودان، حيث يواجه أكثر من 100,000 شخص الجوع. المناطق المتأثرة تشمل أجزاء من ولاية الوحدة في شمال وسط البلاد. وقد أدى هذا الإعلان إلى حالات وفاة بسبب الجوع، وفقاً لمنظمة الأغذية والزراعة (FAO)، ومنظمة الأمم المتحدة للطفولة (UNICEF)، وبرنامج الأغذية العالمي. من ناحية أخرى، أكدت حكومة جنوب السودان أن الحرب المستمرة في البلاد منذ أكثر من ثلاث سنوات أدت إلى مجاعة في بعض المناطق، مما ترك نصف السكان يعانون من الجوع. وقد تأثرت مناطق الوحدة (شمال) بشكل خاص، حيث تم الإبلاغ عن حالات وفاة بسبب نقص الغذاء."
615,قال مستشار للرئيس التونسي الباجي قائد السبسي يوم الخميس 27 يونيو/حزيران 2019 لوكالة رويترز أن صحة الرئيس بدأت في التحسن، وهو ما أكده حافظ قايد السبسي، نجل الرئيس التونسي، الذي أعلن على فيسبوك أن صحة والده بدأت في التحسن بعد وعكة صحية حادة. كما شكر السبسي الابن رئيس الحكومة يوسف الشاهد ورئيس البرلمان محمد الناصر على زيارتهما المطولة للاطمئنان على صحة الرئيس.
616,نشر الفريق ضاحي خلفان، نائب رئيس الشرطة والأمن في دبي، تغريدات تعتبر أن قطر هي جزء لا يتجزأ من الإمارات، وطالب بإعادة قطر إلى وضعها السابق كجزء من الإمارات. هذه التصريحات تأتي بعد حوالي شهر من سحب السعودية والإمارات والبحرين لسفرائها من قطر، متهمة إياها بالتدخل في الشؤون الداخلية للدول الخليجية. خلفان، الذي كان القائد العام للشرطة في دبي، يعتبر رأس حربة في الحرب الإلكترونية الدائرة بين مغردين مؤيدين ومناهضين للإخوان المسلمين وقطر. وقد شن خلفان حملات متتالية ضد القرضاوي، الداعية المصري القطري الذي يعد من أهم رموز الإخوان المسلمين، والذي يعيش في قطر ويحمل جنسيتها. كما وجه خلفان سهامه أيضا إلى عزمي بشارة، المفكر الذي يدير مركز دراسات في الدوحة، ويتهمه المناوئون للسياسة القطرية بأن له تأثيرا كبيرا على صناع القرار في
617,اندلع حريق في مقر نقابات العمال في اوديسا، مما أسفر عن مقتل عدة أشخاص، في وسط اشتباكات بين أنصار موسكو وأنصار كييف. ومن غير الواضح ما إذا كان الحريق نتيجة لإطلاق النار أو إلقاء قنابل حارقة. ويأتي هذا الحادث وسط تصاعد العنف في جنوب أوكرانيا، حيث قتل ثلاثة أشخاص في اشتباكات بين أنصار روسيا وأنصار حكومة كييف.
618,"أعلن وزير الدفاع الأمريكي آشتون كارتر اليوم أن الجيش الأمريكي يعتزم نشر المزيد من القوات الخاصة في سوريا للمساعدة في محاربة تنظيم الدولة الإسلامية (داعش). وقد أعلن بالفعل عن نشر حوالي 50 من عناصر القوات الخاصة الأمريكية في سوريا. وقال كارتر أمام لجنة برلمانية إن هذه الخطوة ""ليست سوى بداية""، وإنه مستعد لتوسيع دور هذه القوات في سوريا. وفي العراق، يتم نشر قوات العمليات الخاصة الأمريكية الخاصة لمساعدة القوات العراقية والكردية في قتال داعش، بالتنسيق مع الحكومة العراقية. وقال كارتر إن هذه القوات الخاصة قادرة أيضا على التدخل في سوريا المجاورة. يأتي هذا في الوقت الذي يستعد فيه البرلمان البريطاني لمناقشة ما إذا كان سيتيح للقوات الجوية البريطانية المشاركة في عمليات القصف الجوي في سوريا."
619,تحتفل عارضة الأزياء البريطانية كيت موس بعيد ميلادها الأربعين اليوم، وهي لا تزال تتربع على عرش الموضة في أوروبا، رغم الانتقادات التي تواجهها بسبب تعاطيها المخدرات. وقد اتهمت موس بتعاطي المخدرات منذ عام 2005، لكنها لم تعترف بذلك حتى ذلك الوقت. ورغم الانتقادات، ما تزال موس تعد الأعلى دخلاً بين عارضات الأزياء في العالم. وقد أثارت موس الاهتمام مرة أخرى في عام 2011 عندما دخنت سيجارة على السجادة الحمراء أثناء عرض أزياء، وهي شبه عارية.
620,بعد اجتماع إيجابي مع ممثل الأمم المتحدة، ينتظر ممثلو المعارضة لقاء دي مستورا مع مفاوضي حكومة دمشق لسماع كيف ستتعامل مع مطالبهم بشأن الخطوات الإنسانية لإنهاء معاناة المدنيين السوريين. أكد سالم المسلط، المتحدث باسم الهيئة العليا للمفاوضات، أنهم يكثفون جهودهم لضمان اتخاذ إجراءات عملية لإنهاء المعاناة في سوريا. من جهته، قال دي مستورا إن مباحثاته مع ممثلي المعارضة تمثل بداية لمباحثات السلام مع الحكومة.
621,"أعلنت كيم كارداشيان أن العائلة قررت إنهاء برنامجها التلفزيوني الواقعي ""Keeping Up with the Kardashians""، الذي استمر 14 موسمًا، ومن المتوقع أن يعرض موسمه الأخير في بداية عام 2021. شكرت كارداشيان كل من ساهم في نجاح البرنامج، وأكدت على امتنانها لأولئك الذين دعموا عائلتها طوال السنوات الـ14 الماضية. بدأ البرنامج في عام 2007، وكان له دور كبير في صنع نجومية كارداشيان وشقيقاتها وأفراد عائلتها. أصبحت كارداشيان واحدة من أشهر النساء في العالم، وتمتلك الآن تجارة مزدهرة في مجال التجميل، وتزوجت من مغني الراب كاني ويست في عام 2014 وأنجبت منه ثلاثة أطفال."
622,أكد الرئيس الفرنسي، فرانسوا هولاند، أن فرنسا ستقدم تدريبات عسكرية لآلاف الجنود الأفارقة في محاولة لإنشاء قوة أمنية إقليمية. جاء هذا الإعلان خلال قمة سلام أفريقية عقدت في باريس. وقد ناقش الزعماء الأفارقة قضايا مثل التغير المناخي والتنمية الاقتصادية، بينما تأملوا أيضا في الأزمة المستمرة في جمهورية أفريقيا الوسطى. على الرغم من أن فرنسا تفضل أن تحل أفريقيا مشاكلها بنفسها، إلا أنها ستقدم المساعدة بسبب التفاوت في الموارد والتدريب. أعلن وزير الدفاع الفرنسي، جان إيف لودريان، أن فرنسا ستتدرب 20 ألف شخص سنويا على مدى خمس سنوات. ومن المتوقع أن تتناول القمة أيضا الأزمة في جمهورية أفريقيا الوسطى، حيث يشارك 1200 جندي فرنسي إلى جانب قوات أفريقية في محاولة لاستعادة الأمن.
623,وقع حادث مأساوي على الطريق الصحراوي الشرقي في مصر، مما أدى إلى وفاة 20 شخصًا وإصابة عدة آخرين. وقع الحادث على بعد مسافة 103 كيلومترات من مدخل محافظة أسيوط، وفقًا لما أعلنه محافظ أسيوط، عصام سعد. دفعت وزارة الصحة المصرية بـ 31 سيارة إسعاف، بما في ذلك 11 من سوهاج و20 من أسيوط، لنقل المصابين والمتوفين. على الرغم من الجهود المبذولة للسيطرة على الحريق، احترقت الحافلة بشكل كامل. تم نقل المصابين إلى مستشفى أسيوط الجامعي، الذي يعتبر من أفضل المستشفيات في البلاد. هذا الحادث هو واحد من أسوأ حوادث الطرق في مصر منذ بداية عام 2016.
624,"ذكرت الصحيفة الاقتصادية الروسية فيدوموستي أن إعلان المستشارة الألمانية أنغيلا ميركل عدم الترشح لرئاسة حزبها, حزب الديمقراطي المسيحي, قد تم تفسيره على أنه تدخل في السياسة الروسية من قبل وسائل الإعلام الروسية. قارنت الصحيفة هذا الإعلان باستقالة رئيس الحكومة الروسية ديميتري ميدفيديف بسبب خسارة حزبه روسيا الموحدة في انتخابات محلية. وقالت الصحيفة إن هذا الإعلان مبالغ فيه ويوحي بأن حزب روسيا الموحدة يمارس ممارسات غير قانونية. كما انتقدت الصحيفة حزب البديل من أجل ألمانيا بسبب التهم الموجهة إليه بالتآمر مع روسيا للتأثير على الانتخابات. وذكرت الصحيفة أيضا إمكانية التلاعب في الانتخابات من خلال التلاعب في أسعار المشروبات الكحولية واللحوم, أو احتجاز المنافسين الخطرين."
625,"أعلنت وزارة الدفاع الأمريكية، البنتاغون، أنها تعتزم الطلب من الكونغرس تمويلًا إضافيًا لنظام ""القبة الحديدية"" الإسرائيلي، الذي تم تطويره خصيصًا لمواجهة الصواريخ وقذائف الهاون. وقد أنفقت الولايات المتحدة حوالي 204 ملايين دولار على تطوير النظام في عام 2011. وقد تمكنت إسرائيل من تثبيت ثلاث بطاريات من هذا النظام حتى الآن. وقد أثبت النظام فعاليته في مواجهة عدد كبير من الصواريخ التي أطلقت من غزة في مارس / آذار 2013. ومن المتوقع أن يزيد النظام من قدرة إسرائيل على الدفاع عن نفسها، حيث يمكنه إسقاط القذائف من مسافة تتراوح بين أربعة إلى سبعين كيلومترًا. وقد رحب العديد من النواب الجمهوريين، بما في ذلك باك ماكون رئيس لجنة القوات المسلحة في مجلس النواب، بالإعلان عن خطط لزيادة التمويل."
626,تجمع أنصار الرئيس الفنزويلي هوغو تشافيز في كراكاس للدعاء له، وسط تقارير تفيد بأنه يمر بفترة مرض صعبة منذ 11 ديسمبر/كانون الأول. خلال تجمع القادة، أعلن نائب الرئيس نيكولاس مادورو عن تدابير لمواجهة التخريب والتآمر على السلطة، بعد اتهامات بوجود تآمر من الأعداء. كما أعلن عن طرد الملحق الدبلوماسي الأمريكي لتآمره على الحكومة. المعارضة انتقدت غياب الوضوح حول حالة تشافيز الصحية، مما أدى إلى انتشار الشائعات. تشافيز أعرب عن رغبته في أن يخلفه نائبه مادورو في الرئاسة.
627,اعتقلت الشرطة الهولندية سائق شاحنة بعد حادث صدم فيه رواد حفل، مما أدى إلى مقتل شخص وإصابة ثلاثة. وقد تم العثور على الشاحنة، وتم اعتقال المشتبه به. وقع الحادث بعد حفل لفنان الآر أند بي برونو مارس، وذلك في الساعات الأولى من صباح يوم الاثنين، وكان ذلك بالقرب من الحدود الألمانية. وقد أغلقت السلطات الشارع للتحقيق، واستخدمت مروحية إسعاف للبحث عن سائق الشاحنة، الذي طُلب من الناس الإبلاغ عنه إذا رأوه. وكان الشارع الذي وقع فيه الحادث واحدًا من مخرجين من الحفل، ويجتذب مهرجان بينكبوب الذي تشارك فيه فرق بيرل جام وفو فايترز وبرونو مارس حوالي 67 ألف زائر.
628,"تتناول النص مجموعة من النصائح لتحسين الإنتاجية في مكان العمل، وهي:

1. الالتزام بأوقات العمل: يجب على الموظفين تحديد حدود بين العمل والوقت الشخصي، وعدم متابعة الأعمال الشخصية أثناء ساعات العمل.

2. تنظيم المهام: يجب تسجيل الواجبات اليومية والأسبوعية والشهرية لتنظيم العمل وتقليل الضغط.

3. تغيير الروتين: يعتبر تغيير الروتين اليومي من العوامل المحفزة للتركيز.

4. الابتعاد عن المشتتات: يمكن إغلاق الهاتف الذكي وبرنامج البريد الإلكتروني لفترة للتركيز على مهمة محددة.

5. الاستراحات القصيرة: تعتبر الاستراحات القصيرة ضرورية لزيادة التركيز والإنتاجية.

6. التعامل مع المدير الصعب: يجب التزام الهدوء عند التعامل مع مدير صعب، وعدم أخذ الأمور بشكل شخصي.

7. تجنب النم"
629,"صرح وزير الخارجية السوداني إبراهيم غندور أن سد النهضة الإثيوبي يمنح السودان فرصة استخدام كامل حصته في مياه نهر النيل، التي كانت تمنح لمصر منذ عام 1959 بموجب اتفاقية مياه النيل. ورغم ذلك، أكد غندور أن السودان يقف مع مصالحه ويحترم حقوق مصر، حيث يعتبر حصة مصر في مياه النيل ""خطا أحمر"".

وأشار غندور إلى أن السودان لم يكن يستخدم كامل حصته من مياه النيل وفقا لاتفاقية 1959، وأن سد النهضة يمنح السودان مياهه التي كانت تمضي لمصر في وقت الفيضان ويعطيها له في وقت الجفاف.

كما أشار غندور إلى أن السودان كان يعرض مشروعات لزراعة القمح في شمال السودان منذ سنوات، لكن مصر لم تستجب. وأكد أن إمكانات السودان مفتوحة لاستثمار سوداني مصري لمصلحة الشعبين."
630,تم إطلاق سراح الصحفي الإسباني خافيير إسبينوزا والمصور ريكاردو غارسيا فيلانوفا من قبل جماعة مسلحة مرتبطة بالقاعدة، بعد اختطافهما في سبتمبر على الحدود السورية التركية مع صحفي إسباني ثالث. وقد تم تسليمهما إلى الجيش التركي، وفقًا لصحيفة إل موندو الإسبانية. ولم يتم الإبلاغ عن حالة الصحفيين الصحية، ولا عن أي مطالب من قبل الخاطفين. وكان الصحفي الإسباني مارك مارجينيداس قد تم إطلاق سراحه في وقت سابق من هذا الشهر. ولا يزال أربعة صحفيين فرنسيين مختطفين منذ تسعة أشهر في سوريا في عداد المفقودين.
631,تسبب انقطاع التيار الكهربائي في جميع أنحاء باكستان، بما في ذلك كراتشي، في غرق المنازل في الظلام حوالي منتصف الليل. كان المسؤولون يحثون على الهدوء، لكن من المتوقع أن يستغرق الأمر ساعات عديدة حتى تعود الكهرباء بالكامل. هذا الانقطاع ليس أمرًا غير مألوف في باكستان، حيث يتم استخدام المولدات التي تعمل بالديزل بشكل متكرر كمصدر طاقة احتياطي للمرافق الأساسية مثل المستشفيات. وقد ذكر وزير الطاقة الباكستاني عمر أيوب خان أن انقطاع التيار الكهربائي في جميع أنحاء البلاد كان بسبب انخفاض مفاجئ في التردد في نظام نقل الطاقة.
632,"تُستخدم طبقة رقيقة من الماء هذا العام على منحدر التزلج في منجم الفحم السابق ""تسولفرآين"" في مدينة إيسن الألمانية، ولكن في السابق، كانت الطبقة تصل أحيانًا إلى 20 سم. ومنذ عام 2002، تم إدراج هذا المعلم الصناعي في قائمة اليونسكو للتراث العالمي. وكان يُستخدم في السابق لمعالجة الفحم الحجري بدرجات حرارة تصل إلى 1000 درجة مئوية، ولكن الآن، أصبح منحدر التزلج مفتوحًا للزوار، حيث يتم إعادة تشكيل الجليد كل ساعتين، بفضل خراطيم التبريد. وقد جذبت هذه المسارات الجديدة للتزلج العديد من الزوار، بما في ذلك عائلة من كوزفيلد التي تستمتع بالتزلج على الجليد، على الرغم من أن المنحدر خالٍ في الوقت الحالي. وقد تم بناء العديد من مسارات التزلج المتنقلة في"
633,مسلحو تنظيم الدولة الإسلامية، الذين يقاتلون في سوريا، تمكنوا من السيطرة على عدة قرى وبلدات بالقرب من مدينتي أعزاز ومارع في محافظة حلب، بعد اشتباكات مع جماعات معارضة مسلحة. هذه الاشتباكات أدت إلى نزوح العديد من السكان من المناطق التي طالها القتال. تنظيم الدولة الإسلامية قام بقطع رؤوس عشرة من مؤيدي المعارضة في بلدة صوران التي سيطر عليها. الجماعات المعارضة الأخرى أعلنت النفير العام بين مسلحيها لإرسال تعزيزات لوقف تقدم مسلحي تنظيم الدولة. تنظيم الدولة الإسلامية بات على بعد كيلومترات قليلة من أوتوستراد حلب - إعزاز، مما يهدد بقطع خط إمداد مسلحي المعارضة في حلب الشرقية.
634,في صحيفة الإندبندنت، يتم التركيز على الدعوة إلى الحذر في التعامل مع فيروس كورونا خلال المرحلة التالية من إعادة الافتتاح، مع الاعتراف بالإنجازات التي تم تحقيقها خلال الوباء. وفي الفاينانشال تايمز، يتم التركيز على الجهود المبذولة لإصلاح العلاقات السعودية الإيرانية.
635,"فازت عائشة بمسابقة ""مسلمة وورلد"" في العاصمة الإندونيسية جاكارتا، حيث أظهرت تفوقها الديني والأخلاقي، بدلاً من الجمال الجسدي. بعد فوزها، انهمرت في البكاء، ولكنها ركعت بعد ذلك شكراً لله. شاركت في المسابقة 500 شابة، وكان على المتسابقات أن يشرحوا سبب ارتداء الحجاب، وهو شرط أساسي للمشاركة. وقالت عائشة إن الحجاب لا يعيق نشاط المسلمات الموهوبات. تم اختيار 20 شابة من عدة دول للمشاركة في المرحلة النهائية للمسابقة في جاكارتا. تركز المسابقة على الجمال الأخلاقي والديني على حساب الجمال الجسدي."
636,في مباراة مثيرة، فاز المنتخب الفرنسي على المنتخب السويسري 5/2، مما ضمن له مكاناً في دور الستة عشر من نهائيات كأس العالم لكرة القدم المقامة في البرازيل. قدم الفرنسيون مباراة رائعة، وأعادوا للأذهان الفريق الذي فاز بكأس العالم عام 1998. بينما بدا أداء سويسرا ضعيفاً، خاصة خط الدفاع الذي انهار أمام الهجمات الفرنسية. افتتح اللاعب أوليفيه جيرو الأهداف في الدقيقة 17، وأضاف بليس ماتويدي وماثيو فالبوينا أهدافاً أخرى في الشوط الأول. في الشوط الثاني، أضاف كريم بنزيمة وموسى سيسوكو أهدافاً أخرى لفرنسا، بينما سجل بليزيم دزيمايلي وجرانيت تشاكا أهدافاً للسويسريين. قبل انتهاء المباراة، لم يحتسب الحكم هدفاً أحرزه بنزيمة في الوقت بدل الضائع. وبذلك، ارتفع رصيد
637,"تسبب إفلاس بنك ليمان براذرز في عام 2008 في أزمة مالية عالمية، حيث أعلن البنك عن إفلاسه في 15 سبتمبر 2008. وقد كان البنك، مثل العديد من البنوك الأخرى، يعاني من أزمة العقارات التي كانت تتفشى في ذلك الوقت. ورغم أن رئيس البنك، ريتشارد فولد، أعلن عن خسارة الربع الثالث من 2008 بمبلغ 3.9 مليار دولار، إلا أن ذلك أدى إلى زيادة القلق بشأن قدرة البنك على توفير السيولة اللازمة لدفع التزاماته. وتضررت الثقة في البنك، مما أدى إلى المفاوضات المتسرعة لإيجاد مشتر للبنك، ولكن لم يتم العثور على مشتر، وبالتالي تم اللجوء إلى خيار الإفلاس.

وكان الضغط السياسي لإنقاذ بنك إضافي، بالإضافة إلى ثلاثة بنوك أخرى، قويًا، ولكن ذلك كان خطأ، كما"
638,"أعلنت المفوضية السامية للأمم المتحدة لشؤون اللاجئين أن عدد اللاجئين الروهينغا الذين يعبرون إلى بنغلاديش من ميانمار ما زال في ازدياد، حيث وصل العدد إلى حوالي 73,000 لاجئ حتى صباح يوم الأحد الثالث من سبتمبر/أيلول. يأتي ذلك بعد موجة العنف التي أدت إلى مقتل حوالي 400 شخص في ولاية راخين في ميانمار في نهاية الشهر الماضي. وأكد متحدث باسم المفوضية في دكا أن المئات من الأشخاص الذين فروا من العنف ما زالوا يعبرون إلى بنغلاديش، وفقا لتقارير شهود العيان وتقارير المنظمات المحلية والدولية غير الحكومية. من جهته، حذر الأمين العام للأمم المتحدة أنطونيو غوتيريس من كارثة إنسانية في أعقاب الأحداث الأخيرة التي أدت إلى مقتل حوالي 400 شخص في أسبوع واحد. وقد اضطر العنف الذي شنته قوات الأمن على المتمردين الروهينغا إلى فرار المسلمين الذين يمثلون الأقلية إلى بنغلاديش،"
639,"أعلنت الممثلة إيلين بيج، التي لعبت دور البطولة في فيلم ""جونو"" عام 2007، أنها عابرة جنسيا. في منشور على تويتر، أعربت عن سعادتها بالانتقال، لكنها أيضا حذرت من التحديات التي قد تواجهها بسبب هويتها. قالت بيج أنها ستعمل على مكافحة التمييز ودعم العابرين جنسيا. كما أعربت عن امتنانها لكونها قادرة على مشاركة هذا الجانب من نفسها. لقد تم الثناء على بيج لدورها في العديد من الأفلام وأدوارها الداعمة في البرامج التلفزيونية، بما في ذلك سلسلة ""أكاديمية المظلة"" على نتفليكس."
640,تقوم الحكومة المصرية بإخلاء بعض المناطق على حدود غزة بسبب حالة الطوارئ المعلنة، وفقاً لما ذكرته الحكومة المصرية. تنص اتفاقية كامب ديفيد للسلام بين مصر وإسرائيل على عدم وجود قوات عسكرية مصرية في تلك المنطقة، كما قالت الحكومة المصرية. يتم التنسيق بين مصر وإسرائيل بشأن أي شيء يخرج عن نص اتفاقية السلام. تقوم القوات المصرية بإخلاء مناطق على الشريط الحدودي مع قطاع غزة لمسافة 500 متر، في إطار الإجراءات التي يتخذها الجيش المصري لإقامة منطقة عازلة وملاحقة الجماعات المسلحة في سيناء. أصدر رئيس الوزراء المصري قراراً باعتبار بعض المناطق في مدينة رفح المصرية منطقة عازلة، وإخلاءها من ساكنيها بتعويضات مالية أو توفير أماكن بديلة، وفقاً لرغبتهم. يرى بعض الحقوقيين في مصر أن هذا القرار يخالف الدستور المصري الذي يحظر التهجير القسري التعسفي للمواطنين.
641,تركيا تقترح محادثات مع مصر لتحسين العلاقات، لكن مصر تصر على الالتزام بقواعد القانون الدولي ومبادئ حسن الجوار، والكف عن التدخل في الشؤون الداخلية للدول الأخرى. الاتصالات بين البلدين على المستوى الاستخباراتي والدبلوماسي بدأت بالفعل، ولكن على مستوى أقل من الأعلى. مصر ترحب بالمحادثات ولكنها تصر على مناقشة أي تعاون مشترك في إطار القانون الدولي. البعثتان الدبلوماسيتان المصرية والتركية موجودتان على مستوى القائم بالأعمال. مصر ترى أن أي تحسين في العلاقات يتطلب من تركيا الالتزام بقواعد القانون الدولي.
642,"استهدفت غارة جوية إسرائيلية غرب مدينة غزة شاباً في العشرينيات من عمره يدعى هيثم المسحال، مما أدى إلى مقتله وإصابة آخر. وتعتبر هذه الغارة الأولى التي تسفر عن ضحايا في غزة منذ هدنة نوفمبر بين إسرائيل وحماس. وقد أكدت حماس أن المسحال كان ناشطاً في الجماعات السلفية المتشددة، في حين اتهمت إسرائيل المسحال بالمشاركة في الهجوم الصاروخي الأخير على مدينة إيلات الإسرائيلية. وقد وصفت حماس الغارة بأنها انتهاك خطير للهدنة، في حين أكد متحدث باسم الحكومة الإسرائيلية أن الهجمات من غزة تشكل انتهاكاً لاتفاق وقف إطلاق النار. وقد أوضح الجيش الإسرائيلي أن المسحال كان خبيراً في الأسلحة، وأنه كان متورطًا في ""نشاط إرهابي واسع"" ضد المدنيين الإسرائيليين والجيش."
643,"أعرب وزراء الخارجية الأوروبيون عن قلقهم بشأن ""التدهور الكبير"" في ليبيا بعد الاشتباكات العنيفة الأخيرة. كما أدانوا العنف الذي وقع في 15 نوفمبر في طرابلس، وهو ما أدى إلى شل العاصمة الليبية. دعا الاتحاد الأوروبي إلى استمرار استيعاب عناصر الكتائب الثورية من خلال برامج نزع السلاح والتسريح وإعادة الاندماج. بالإضافة إلى ذلك، يستعد الجيش الأمريكي لتدريب ما بين 5000 إلى 8000 جندي ليبي في بلغاريا لتشكيل جيش محترف."
644,استهدفت الغارات الجوية معسكرات حزب العمال الكردستاني في شمال العراق، حيث استهدفت الكهوف الجبلية والملاجئ والمخازن اللوجستية التي يستخدمها المسلحون. بالإضافة إلى ذلك، استهدفت عملية منفصلة في جنوب شرق تركيا أكثر من 30 مسلحا، في حين أن العمليات اليومية التي يقوم بها الجيش التركي ضد أهداف حزب العمال الكردستاني أدت إلى مقتل أكثر من 150 عسكريا تركيا منذ يوليو/تموز الماضي. وقد بدأ الصراع مع حزب العمال الكردستاني في عام 1984، حيث طالب الحزب بالانفصال عن تركيا وتأسيس دولة كردية، ومنذ ذلك الحين، قتل أكثر من أربعين ألف شخص.
645,"أعلن وزير الخارجية الإيراني، محمد جواد ظريف، في 9 أبريل 2014، أن إيران توصلت إلى تسوية مع القوى الكبرى بشأن 60% من القضايا المتعلقة بالأنشطة النووية الإيرانية. لكنه أشار إلى أن الأجزاء المتبقية من الاتفاق مهمة جداً وتشمل قضايا مختلفة.

بعد ذلك، أوضحت كاثرين أشتون، مفوضة الشؤون الخارجية في الاتحاد الأوروبي، ووزير الخارجية الإيراني أن هناك حاجة للمزيد من العمل لحل القضايا المتبقية. وأعربا عن خطط لعقد اجتماع آخر في فيينا في 13 مايو 2014، حيث سيتم السعي إلى إغلاق الفجوات في جميع المواضيع الحساسة والعمل على العناصر الضرورية لاتفاق محتمل.

تهدف المفاوضات بين إيران ومجموعة 5+1 (التي تضم بريطانيا والولايات المتحدة وفرنسا والصين وروسيا وألمانيا) إلى التوصل إلى اتفاق نهائي شامل بشأن الحد من البرنامج النووي الإيراني ورفع العقوبات المفروضة على طهران"
646,تم تمرير مشروع قانون في مجلس النواب بولاية أوكلاهوما يتطلب من المرأة الحامل الحصول على موافقة مكتوبة من الأب قبل إجراء عملية الإجهاض. يجادل النقاد أن هذا ينتهك حقوق النساء ويكمل الجهود المحافظة بعد انتخابات نوفمبر.
647,تلقى نادي شالكه، الذي كان يأمل في إنهاء الموسم ضمن الأربعة الأوائل في الدوري الألماني الدرجة الأولى، ضربة جديدة بالتعادل السلبي مع أوغسبورغ، مما أبقاه في المركز الخامس بفارق ثماني نقاط عن باير ليفركوزن صاحب المركز الرابع، مع وجود مباراة مؤجلة. على الرغم من التعادل، لا يزال شالكه متقدماً بنقطة واحدة على أوغسبورغ، مع تبقي سبع مباريات في الموسم. في مباراة أخرى، فاز هيرتا برلين على بادربورن 2-0، بينما تفوق بايرن ميونيخ على بوروسيا دورتموند بهدف واحد، وفاز فولفسبورغ على شتوتغارت 3-1، وفاز بوروسيا مونشنغلادباخ على هوفنهايم 4-1. لا يزال بايرن ميونيخ يتصدر السباق بفارق 10 نقاط عن أقرب منافسيه.
648,عين بوريس جونسون ساجد جاويد، المصرفي السابق ووزير الداخلية، وزيراً للمال، وهو منصب هام في سياق بريكست، خاصة في حال الخروج من الاتحاد من دون اتفاق. كما تم تعيين بريتي باتل، ابنة عائلة هندية ومدافعة عن بريكست، وزيرة للداخلية محل جاويد. تعكس هذه التعيينات استراتيجية جونسون لتشكيل حكومة متنوعة، تضم المزيد من النساء والأقليات العرقية. تم اختيار دومينيك راب، المتشككين في الاتحاد الأوروبي، وزيراً للخارجية، محل جيريمي هانت الذي خسر سباق زعامة المحافظين ورئاسة الوزراء. سيشغل ستيف باركلي، المكلف ببريكست، منصبه في فريق التفاوض الأوروبي.
649,بعد الجزائر، رفع الاتحاد الأوروبي المغرب من قائمته للبلدان الآمنة خارج أوروبا التي يسمح الاتحاد بالسفر غير الضروري منها، وذلك بعد مراجعة قام بها سفراء الاتحاد الأوروبي اليوم الجمعة (7 أغسطس/ آب 2020). ولم يبق سوى عشر دول في القائمة الجديدة، التي تدخل حيز التنفيذ في الثامن من أغسطس/ آب، وهي الدول التي يُعتقد أن جائحة فيروس كورونا تحت السيطرة إلى حد كبير فيها، وهي أستراليا، وكندا، وجورجيا، واليابان، ونيوزيلندا، ورواندا، وكوريا الجنوبية، وتايلاند، وتونس، وأوروجواي. وتمت الموافقة على الصين أيضا، على الرغم من أن السفر لن يفتح إلا إذا سمحت السلطات الصينية أيضا بدخول مواطني دول الاتحاد الأوروبي. ومن المتوقع ألا يؤثر هذا القرار بشكل كبير على الرحلات بين المغرب والجزائر وأوروبا، بما أن الأول يضع شروطا صارمة
650,"جلس المسافر في الطائرة، يقرأ مقابلة الممثلة الأمريكية درو باريمور في مجلة مصر للطيران، علق الصحفي والمحلل السياسي آدم بارون على اللغة الغريبة للمقابلة، نقلاً عنها تغريدة: ""الحوار مع درو باريمور في مجلة مصر للطيران، أم م م سريالي""."
651,"يصف النص تطور الهواتف المحمولة من وظيفتها الأساسية في الاتصال إلى أجهزة متعددة الوظائف قادرة على أداء العديد من المهام مثل التقاط الصور، تسجيل الفيديو، وتشغيل الموسيقى. يشير إلى ظهور الهواتف الذكية، التي تقدم خدمات الإنترنت المتحرك، والسيطرة المتزايدة لهذه الأجهزة على الأسواق. يشير النص أيضا إلى أن جهاز الهاتف المحمول اليوم يشبه الحاسوب الصغير الحجم، مع محركات غيغاهرتز، ألوان طبيعية، والقدرة على الاتصال بالإنترنت. يناقش النص أنظمة التشغيل المختلفة للأجهزة المحمولة, مع تسليط الضوء على نظام تشغيل نوكيا الذي خسر السباق أمام منافسيه. يشير النص أيضا إلى أن سهولة الاستخدام والقدرة على التشغيل هي عوامل حاسمة في نجاح مبيعات الأجهزة المحمولة, وليس فقط الشكل أو الوزن. يناقش النص أيضا الخدمات التي تقدمها الهواتف الذكية, بما في ذلك خدمة غوغل الخرائط دون أي تكلفة, مما يجبر نوكيا على عرض استخدام"
652,تعزيز الجيش الإسرائيلي لمواقعه على حدود غزة رداً على إطلاق صواريخ حماس على بلدات الجنوب. العملية تستهدف مصالح وقدرات حماس، وقد بدأت بضرب جوي مكثف.
653,توفي الياس نعمة الله، وهو مريض لبناني مصاب بسرطان في الغدد الليمفاوية، بسبب فيروس H1N1، وفقاً لتحليل العينات في المختبر المرجعي الوطني. على الرغم من إصابته بالسرطان في مرحلة متقدمة وفقدانه للمناعة، فقد أصيب بالفيروس، مما أدى إلى مضاعفات صحية إضافية.
654,يتحدث النص عن المحادثات الجارية بين الولايات المتحدة وإيران حول الاتفاق النووي. كلا البلدين يواجهان ضغوطاً داخلية بشأن الاتفاق. وقد أعلن علي أكبر صالحي، رئيس منظمة الطاقة الذرية الإيرانية، أن الطرفين توصلا إلى اتفاق على معظم القضايا، مع وجود خلاف على قضية جوهرية واحدة. ومن المقرر أن يجتمع وزير الخارجية الأمريكي جون كيري ونظيره الإيراني محمد جواد ظريف مساء الثلاثاء لمناقشة هذه القضية. وقد بدا صالحي أكثر تفاؤلاً من مسؤول أمريكي رفيع المستوى، الذي أشار إلى أن هناك نقاطاً جوهرية لم يتم الاتفاق عليها بعد. كما يجتمع وزراء خارجية من ألمانيا وفرنسا وبريطانيا وروسيا والصين في لوزان يومي الأربعاء.
655,استأنفت الاحتجاجات في العراق يوم الأحد 19 يناير/كانون الثاني 2020، حيث قطع المتظاهرون الإطارات المشتعلة طرقاً وجسوراً للضغط على الحكومة والبرلمان لتنفيذ إصلاحات يطالب بها المحتجون منذ أكثر من ثلاثة أشهر. وتوافد المئات من الشباب إلى ساحتي الطيران والتحرير في بغداد، بعد تراجع الزخم في الأيام السابقة بسبب التوتر بين الولايات المتحدة وإيران في المنطقة. وفي الناصرية، توافد مئات المحتجين إلى ساحة الحبوبي وسط المدينة، وقطعوا طرقاً رئيسية تصل وسط المدينة بشرقها. استخدمت قوات الأمن قنابل الغاز المسيل للدموع لتفريق المتظاهرين الذين ردوا برشق القوات الأمنية بالحجارة، مما أسفر عن إصابة 10 أشخاص، بينهم عدد من عناصر الأمن. وكان المتظاهرون قد منحوا الحكومة الأسبوع الماضي سبعة أيام لتنفيذ مطالبهم الإصلاحية، ولوحوا بالتصعيد في حال التسويف.
656,"كشف المغني المصري علي الحجار أن الرقابة في بلاده تتعنت معه، حيث ترفض منح تصاريح لإصدار ألبومه الجديد، وذلك لأسباب وصفها بالواهية. أكد الحجار في مقابلة مع وكالة الأنباء الألمانية (د.ب.أ) في دبي أن الألبوم الذي يحمل عنوان (من الآخر) هو ألبوم عاطفي، وأنه يعود به للساحة الفنية بعد غياب طويل، حيث كان يركز في العقدين الأخيرين على الأغاني السياسية. يضم الألبوم 14 أغنية جميعها أغاني عاطفية رومانسية، ولا تتناول الشأن السياسي أو تتطرق إلى شخصيات عامة. وأوضح الحجار أن الإدارة المسؤولة عن الرقابة على المصنفات الفنية في مصر ترفض إصدار تصريح بتداول الألبوم لأسباب ""بيروقراطية"". وأضاف الحجار أنه تلقى عرضين من شركتي توزيع في الإمارات لتوزيع الألبوم في دول الخليج، وهو يعمل حاليا على إنهاء الإجراءات اللازمة ل"
657,في مباراة السبت بين منتخبي روسيا وهولندا، فازت روسيا بثلاثة أهداف مقابل هدف واحد لهولندا، وتأهلت للدور نصف النهائي من بطولة أوروبا لكرة القدم. روسيا، التي كانت في السابق جزءاً من الاتحاد السوفيتي، وصلت الآن إلى الدور نصف النهائي للمرة الأولى منذ تفكك الاتحاد السوفيتي. كما أنها أقصت المرشح الأوفر حظاً للفوز باللقب، وفقاً للعديد من المحللين الرياضيين. ورغم الفرص الكثيرة التي ضيعها لاعبو هولندا، فقد تمكنوا من التعادل في الوقت الأصلي، قبل أن تفوز روسيا بهدفين إضافيين في الوقت الإضافي. هولندا، التي كانت تعتبر من أبرز المرشحين، فشلت في التأهل للدور نصف النهائي للمرة الثالثة على التوالي والسادسة من أصل ثماني مشاركات. أما روسيا، التي كانت أيضاً في السابق جزءاً من الاتحاد السوفيتي، فقد فازت الآن على هولندا،
658,برنامج #بي_بي_سي_ترندينغ:
659,أطلقت الشرطة الغاز المسيل للدموع وخراطيم المياه على المحتجين الذين تجمعوا في مسيرة دعا إليها حزب الشعوب الديمقراطي، الذي يؤيد الأكراد، في تركيا. وقد فرض حظر التجوال في بعض المناطق في جنوب شرق البلاد حيث تقاتل القوات التركية مسلحي حزب العمال الكردستاني. وقد تصاعدت أعمال العنف بعد انهيار اتفاق وقف إطلاق النار بين الجانبين في وقت سابق من هذا العام. وتجمع المحتجون للتعبير عن معارضتهم لحظر التجوال الذي فرض في حي سور لمدة نحو أسبوعين. وقد فرض الحظر بعد أيام من اغتيال طاهر إلجي، المحامي المؤيد للأكراد، في حادث إطلاق نار في مدينة ديار بكر. وقد إنهار اتفاق وقف إطلاق النار بين الجيش ومسلحي حزب العمال الكردستاني في يوليو، وقتل العشرات منذ ذلك الحين في عودة أعمال العنف في جنوب شرق تركيا. كما قصفت الطائرات المقاتلة التركية مواقع
660,"جون برينان، المرشح لرئاسة وكالة الاستخبارات المركزية الأمريكية (سي.آي.إيه)، دافع عن استخدام الطائرات بدون طيار ضد ""الإرهابيين"" في جلسة استماع بمجلس الشيوخ ليل الخميس-الجمعة (8 فبراير/شباط 2013). برينان، كبير مستشاري الرئيس باراك أوباما لمكافحة الإرهاب ومهندس استراتيجية استخدام الطائرات بدون طيار، واجه استجواباً مكثفاً من لجنة تابعة لمجلس الشيوخ. متظاهرون معارضون قاطعوا الجلسة، واتهموا برينان بأنه ""قاتل"" سيجعل وكالة الاستخبارات مرادفة للقتل. جماعات حقوق الإنسان تنتقد برينان وتتهمه بأنه المهندس الرئيسي لاستخدام الطائرات العسكرية بدون طيار ضد تنظيم القاعدة في باكستان واليمن وأماكن أخرى، الأمر الذي يتسبب في مقتل مدنيين. موافقة مجلس الشيوخ بأكمله ضرورية لتولي برينان رئاسة سي.آي.إيه. ومن المرجح"
661,قال هانز-غيورغ ماسين، رئيس هيئة حماية الدستور في ألمانيا (الاستخبارات الداخلية)، إن مؤسسته تفتقر إلى المعلومات الكافية عن الإسلاميين المتشددين في ألمانيا. اقترح ماسين استخدام المخبرين والعملاء السريين بالإضافة إلى مصادر أخرى مثل المعلومات التي تقدمها الوكالات الأجنبية والمعلومات المتاحة للجمهور على الإنترنت. كما أشار ماسين إلى أن عددا كبيرا من الأشخاص لا يزالون يخفون هويتهم على الإنترنت، حتى بعد ارتكابهم لجرائم قطع الرؤوس في سوريا. ذكر ماسين أيضا أن عدد العائدين من الحرب الأهلية في سوريا والعراق، وفقا لتقديرات الاستخبارات الداخلية، يصل إلى نحو مائتي شخص، بينهم عدد كبير من المشاركين في الأعمال والجرائم الخطيرة.
662,وجه الرئيس الروسي فلاديمير بوتين تحذيرا إلى الولايات المتحدة بشأن أي تدخل عسكري في سوريا، قائلاً إنه قد يزعزع استقرار المنطقة ويقوض القانون الدولي. وقال بوتين في مقال نشرته صحيفة نيويورك تايمز إن مثل هذا الإجراء قد يزيد العنف ويطلق موجة جديدة من الإرهاب، وقد يقوض المحادثات بشأن البرنامج النووي الإيراني والمفاوضات بين إسرائيل والفلسطينيين. وقد كتب بوتين أن هناك أسبابا للتفاؤل بسبب الثقة المتزايدة بينه وبين الرئيس الأمريكي باراك أوباما، لكنه انتقد موقف الولايات المتحدة بشأن سوريا، قائلاً إن الولايات المتحدة ترى نفسها قوة عظمى، لكن القوة العسكرية لم تحقق النجاح المطلوب في أفغانستان والعراق. وقد رحب بوتين بالاهتمام الذي أبداه الرئيس الأمريكي باراك أوباما بمواصلة الحوار مع روسيا بشأن سوريا، مشيدًا بالثقة المتنامية بينهما، وقال إن عليهما العمل معًا للحفاظ على هذا
663,"أعرب وزير الداخلية الألماني فولفغانغ شويبله عن قلقه بشأن تهديد الإسلاميين ""الذين لديهم استعداد للعنف"" للأمن في ألمانيا. وقال شويبله إن الخطر يأتي من الإسلاميين الذين لهم صلة بألمانيا والذين يدربون أنفسهم في ""معسكرات إرهابية"" خارج البلاد. كما أشار التقرير السنوي لهيئة حماية الدستور الألمانية إلى أن جماعات إسلامية في ألمانيا مثل ميلي جوروس والإخوان المسلمين يريدون تطبيق الشريعة في البلاد. وأعرب شويبله أيضًا عن قلقه بشأن زيادة معدل الجرائم العنيفة، بما في ذلك الجرائم التي يرتكبها العنصريون اليمينيون واليساريون المتطرفون."
664,"تشير التوقعات إلى أن دونالد ترامب، رجل الأعمال والمثير للجدل، من المرجح أن يصبح مرشح الحزب الجمهوري للرئاسة هذا الصيف. ومع ذلك، قد لا يكون فوزه بالانتخابات سهلاً كما يبدو. بالرغم من أدائه القوي في ""الثلاثاء الكبير""، حيث صوت ملايين الديمقراطيين والجمهوريين في 12 ولاية، إلا أن الخبراء لا يزالون متشككين في قدرته على الفوز بالانتخابات.

بالنسبة للديمقراطيين، يبدو أن هيلاري كلينتون، السيدة الأولى السابقة ووزيرة الخارجية السابقة، هي الأوفر حظاً للفوز بترشيح الحزب. فقد فازت على منافسها بيرني ساندرز في سبع ولايات من أصل 11 صوتت الثلاثاء. ومع ذلك، لا يزال هناك شك حول قدرتها على الفوز بالانتخابات العامة في نوفمبر/ تشرين الثاني.

على الرغم من الانتقادات الحادة التي واجهها"
665,"في حادثة وقعت في المجال الجوي الدولي، اقتربت طائرة إيرانية بدون طيار من مقاتلة أمريكية من نوع F/A-18E Super Hornet، واقتربت الطائرة الإيرانية لمسافة 30 مترًا من المقاتلة. قامت المقاتلة بمناورة لتجنب الاصطدام. وصفت الولايات المتحدة سلوك إيران بأنه ""غير آمن وغير محترف"". وقع الحادث بينما كانت المقاتلة تستعد للهبوط على متن حاملة الطائرات USS Nimitz. في حدث آخر، أطلقت سفينة تابعة للبحرية الأمريكية طلقات تحذيرية تجاه زورق إيراني بعد أن اقترب الزورق لمسافة قريبة جدًا (137 مترًا) من السفينة. يأتي هذا في أعقاب إعلان الرئيس الأمريكي دونالد ترامب عن عقوبات جديدة على إيران ودول أخرى وصفها بأنها لديها ""سلوك مزعزع للاستقرار"". على الرغم من تخفيف العداء بين الولايات"
666,اختطفت مجموعة غير معروفة من المسلحين ما يقرب من 100 فتاة من مدرسة العلوم والتكنولوجيا في دابشي في فبراير الماضي. ومنذ ذلك الحين، أطلقت السلطات وميليشيا بوكو حرام عملية بحث. وأفادت التقارير أن ما يقرب من 101 فتاة تم تسليمهن هذا الصباح، بينما لا يزال مصير الخمس الفتيات الباقيات مجهولا. وقد أحضرت بوكو حرام بعض الفتيات، وفقا لضابط جيش قريب. وكانت الفتيات قد اختطفن في 19 فبراير / شباط الماضي من قبل ميليشيا، على الرغم من أن السلطات في البداية اعتقدت أنهن هربن. وقد أدى الصراع بين الحكومة وجماعة بوكو حرام إلى مقتل عشرات الآلاف وخطف الآلاف.
667,تُشهد مدينة رام الله في الضفة الغربية ازدهارًا في قطاع تكنولوجيا المعلومات، حيث يستثمر العديد من المستثمرين في هذا المجال. وقد بدأ هذا القطاع يشهد نموًا وطلباً كبيرين، مما أدى إلى خلق فرص عمل جديدة للشباب الفلسطيني. ورغم الضعف الاقتصادي في المنطقة، إلا أن العمل في مجال البرمجة يوفر للشباب الفلسطيني فرصة العمل داخل بلدهم لصالح شركات عالمية، دون الحاجة للسفر إلى الخارج. وقد ارتفعت نسبة قطاع تكنولوجيا المعلومات في الاقتصاد الفلسطيني من 1% في عام 2008 إلى 7% في عام 2012. ويعزى هذا الانتعاش إلى سهولة العمل في هذا القطاع وعدم وجود حواجز أو قيود جغرافية، بالإضافة إلى وجود الكثير من المواهب الفلسطينية في مجال صناعة المعلومات. كما أن التوازي الثقافي بين الفلسطينيين والإسرائيليين يسهل العمل في هذا القطاع.
668,"أعلنت مجموعات المعارضة الكويتية عن تشكيل ائتلاف واسع النطاق يُعرف باسم ""ائتلاف المعارضة""، والذي يضم معظم أطرافها. يطالب الائتلاف بإصلاحات سياسية جذرية، بما في ذلك الاعتراف بالأحزاب والتعددية السياسية. يتضمن الائتلاف مجموعات شباب، قيادات نقابية، مؤسسات مجتمع مدني، منظمات طلابية، وعدد من الشخصيات العامة والنشطاء السياسيين. أشاد النائب السابق في مجلس الأمة الكويتي ورئيس البرلمان العربي السابق، علي الدقباسي، بالإعلان عن الائتلاف، وأعرب عن أمله في أن يتحول الائتلاف إلى عمل ملموس. من جانبه، أكد النائب السابق محمد الخليفة أن إعلان الائتلاف المعارض هو انتصار للمعارضة الكويتية ودعم للدستور والحفاظ على المكتسبات الدستورية. اجتمعت القوى السياسية والطلابية ومؤسسات المجتمع المدني لإعلان الائتلاف، وتوافقت على أولوية الإصلاح السياسي، والانتقال إلى النظام البرلماني الكامل، والتعددية"
669,"في ساحة فيكتوريا، حديقة صغيرة في وسط أثينا، يتجمع عدد كبير من المهاجرين واللاجئين، يبحثون عن أشخاص من بلدانهم الأصلية أو ليس لديهم مكان آخر للذهاب إليه. يشمل الحشد أفرادًا من عائلات مختلفة، بما في ذلك اللاجئين الذين ليس لديهم مأوى، والنساء الحوامل، والأشخاص الذين يعانون من مشاكل صحية عقلية وجسدية، وكبار السن، بالإضافة إلى اللاجئين من أفغانستان ومخيم موريا في ليسبوس.

تؤكد أرمينة، البالغة من العمر 19 عامًا من أفغانستان، على الظروف الصعبة التي تعيشها عائلتها، حيث تعاني والدتها من مشاكل في القلب، وشقيقها من مشاكل نفسية، وهم يعيشون في ظروف سيئة في ساحة فيكتوريا دون الحصول على المساعدة الكافية.

بالموازاة مع ذلك، يعيش العديد من الأفراد في المخيم دون مأوى أو رعاية"
670,في منطقة مرسية الإسبانية، تقوم مدرسة بتعليم الطلاب على الشاطئ، حيث تجمع بين الهواء النقي وأساليب التعليم الجديدة. يجلس الطلاب، الذين يرتدون الكمامات، على مكاتب خضراء على الشاطئ الرملي في بلايا دي لوس نتوس، ويتعلمون من خلال معلم اللغة الإنجليزية خوان فرانسيسكو مارتينيث. المشروع، المعروف باسم فريش إير، يهدف إلى تحسين جودة الهواء للأطفال خلال جائحة كوفيد-19، بما في ذلك من خلال التعلم في الهواء الطلق. الدروس، التي تستمر 20 دقيقة، تتضمن أنشطة مثل العزف على آلة الإكسليفون والانحناء على الدفاتر لمنع الأوراق من التطاير في النسيم. الطلاب، الذين تتراوح أعمارهم بين ثلاثة واثني عشر عاما، يتمتعون بالرحلة التعليمية والاستراحة على الشاطئ، حيث لم يتم الإبلاغ عن أي إصابة بفيروس كورونا بينهم حتى الآن.
671,"منذ عام 1990، يحتفل الألمان بإعادة توحيدهم في الثالث من أكتوبر، رغم التحديات التي لم تحل، والتوقعات الفاشلة، والمشاريع غير المكتملة. ومع ذلك، يظل اليوم يوم فرح، حيث يعجب العالم بألمانيا، التي رغم مسؤوليتها عن العديد من الكوارث، تمكنت من الإطاحة بالجدار الذي قسمها لتصبح موحدة وديمقراطية موثوقة وقوة اقتصادية مزدهرة.

في عام 2017، خلال الانتخابات التشريعية، جاء حزب ""البديل لألمانيا"" الشعبوي اليميني في المرتبة الثالثة بنسبة 13 في المائة من الأصوات. منذ ذلك الحين، تغيرت النغمة، حيث طالب مواطنو ألمانيا الديمقراطية سابقاً بحريتهم. في عام 1989، هتفوا ""نحن الشعب"" وأرغموا النظام القمعي في ألمانيا الديمقراطية على الانهيار.

ومع ذلك، بعد انتخاب حزب يم"
672,وصلت قوات البيشمركة الكردية العراقية إلى مدينة عين العرب (كوباني) في سوريا قبل يومين لدعم المدافعين عنها، وستشارك في القتال ضد مسلحي تنظيم الدولة الإسلامية. وكان مسلحو البيشمركة الـ 150 قد استقبلوا استقبالا حافلا عند عبورهم الحدود التركية السورية في وقت متأخر من يوم الجمعة. وقال متحدث باسم وحدات حماية الشعب الكردية إن البيشمركة يجرون استعداداتهم وينشرون الأسلحة ويتعرفون على المنطقة، وإن المدفعية والأسلحة الثقيلة التي بحوزة البيشمركة ستلعب دورا مهما. وفي الوقت نفسه، قالت القوات الجوية السورية إنها ألقت 401 برميل متفجر على الأقل في أقل من أسبوعين في 8 محافظات، مما أدى إلى مقتل 232 مدنيا على الأقل.
673,أعضاء مجموعة مشجعي بايرن ميونيخ، المعروفة باسم Red Pride، يشجعون ناديهم بانتظام يحضرون مبارياته على أرضه وخارجها. في هذا الأسبوع، سافر بعضهم إلى لشبونة على الرغم من معرفتهم أنه لن يُسمح لهم بالدخول إلى الملعب لمشاهدة ناديهم يفوز بلقب دوري أبطال أوروبا للمرة السادسة. في ميونيخ، كان أحد أعضاء المجموعة يخوض معركة قانونية مختلفة، حيث استأنف قرار الحظر الذي فرضه النادي لمساعدته في عرض لافتة احتجاج خلال مباراة فريقهم الاحتياطي في فبراير. جادل ممثل النادي بأن اللافتة تنتهك لوائح الاستاد لأنها لم تحمل شهادة سلامة الحرائق، وكانت هذه ثاني مخالفة من هذا النوع. ومع ذلك، يشك محامي المشجع، الدكتور أندرياس هوتل، في وجود دافع خفي، معتقدًا أن النادي يحاول إسكات منتقد صريح لعلاقة النادي ورعايته
674,أقر الرئيس الأمريكي باراك أوباما يوم الاثنين الثامن من أبريل / نيسان 2013 بأنه لن يدير ظهره لوعودهم بعد زيارته لعائلات ضحايا مجزرة مدرسة نيوتن في كونيتيكت، حيث قتل 26 شخصا بينهم 20 طفلا. وقد شدد أوباما على أن ولاية كونيتيكت قد شددت قوانينها المتعلقة بالأسلحة، وأشار إلى أن عائلات نيوتن والناس في كونيتيكت ساعدوا في تحقيق الوعود. وطالب الأمريكيين بالضغط على نوابهم في الكونغرس لتطبيق القوانين الجديدة. ومن المتوقع أن تناقش السيدة الأولى ميشيل أوباما العنف المسلح في مسقط رأسها شيكاغو، بينما يعتزم نائب الرئيس الأمريكي جون بايدن المشاركة في مناقشة متلفزة حول القضايا المتعلقة بالأسلحة يوم الخميس.
675,أعرب لاعب وسط ريال مدريد، توني كروس، عن ثقته في قدرة فريقه على الفوز بجميع الألقاب هذا الموسم، بما في ذلك دوري أبطال أوروبا وكأس السوبر الإسبانية وكأس السوبر الأوروبية. وقد أضاف الفريق الملكي بالفعل لقبين إلى مجموعته، بعد فوزه بكأس السوبر الأوروبية وكأس السوبر الإسبانية. وقال كروس إن الفريق الملكي يستطيع الفوز بأربعة ألقاب أخرى، على الرغم من قوة الخصوم الآخرين. ويعزى نجاح ريال مدريد، وفقاً لكروس، إلى روح الفريق والعمل الجماعي.
676,"أقام مغاربة تأثروا بوفاة الطفل السوري آلان في ذكرى وفاته على ساحل مدينة الرباط. جذبت وفاة آلان، التي وقعت عندما غرق القارب الذي كان يستقله وأسرته من تركيا إلى اليونان، انتباه العالم إلى أزمة اللاجئين السوريين. نشر تنظيم الدولة الإسلامية، في نشرته باللغة الإنجليزية ""دابق""، مقالًا ينتقد فيه السوريين والليبيين الذين يعبرون البحار إلى أوروبا، ويصفه بأنه ""مخاطر"" و""مخالفات دينية"". انتقد المقال أيضًا فكرة أخذ الأطفال المسلمين إلى الغرب، حيث يتعرضون لتهديدات الفجور، المثلية الجنسية، تعاطي المخدرات والكحول."
677,فازت الشابة الفلبينية ميغان يونغ بلقب ملكة جمال العالم لعام 2013 في مسابقة أقيمت في إندونيسيا. وهي لا تزال طالبة تدرس السينما في الفلبين. جاءت الألمانية أمينة صباح في المركز الثالث، بينما احتلت كل من ملكة جمال فرنسا وملكة جمال غانا المركزين الثاني والثالث.
678,"تتناول النص العلاقة المثيرة بين برتولت بريخت وفن السينما، بدءًا من القضية التي أثيرت بينه وبين شركة نيرو للإنتاج السينمائي والمخرج غيورغ فيلهلم بابست، الذي اقتبس رواية بريخت ""أوبرا القروش الثلاثة"" وحولها إلى فيلم سينمائي. ورغم خسارة بريخت لهذه القضية، إلا أن الفيلم تعرض للمنع من العرض لفترة طويلة بسبب المنع الذي أصدره النازيون في أغسطس/آب 1933.

كان بريخت يعترض على تحويل فنه إلى ""سلعة""، وهو ما حدث مع تحويل مسرحيته ""أوبرا القروش الثلاثة"" إلى فيلم، حيث شعر أن تأثيره على الفيلم بدأ يتلاشى. ومع ذلك، نال فيلمه الثاني ""البطون الممتلئة أو من يملك هذا العالم"" للمخرج زلاتان"
679,"رغم اتباع الكثيرين لأنماط حياة صحية، مثل ممارسة الرياضة وتناول الطعام الصحي والامتناع عن التدخين، إلا أنهم قد يصابون بأمراض القلب. العوامل الغريبة التي تؤدي إلى الإصابة بأمراض القلب تشمل البلوغ المبكر لدى النساء، حيث يزيد بلوغ الفتيات قبل سن الثانية عشر من احتمالات الإصابة بالأمراض القلبية بنسبة 10%. ومن العوامل الأخرى الخطيرة عقاقير التنحيف، التي تؤدي إلى الإصابة بالأزمات القلبية، حيث تحتوي هذه العقاقير على تأثير محفز للجسم يرفع معدلات ضغط الدم ويزيد من نبضات القلب إذا تم تناولها لفترات طويلة. الوحدة أيضا قد تكون قاتلة، حيث يزيد الانعزال وعدم التواصل مع الآخرين من مخاطر الإصابة بالأمراض القلبية بنسبة 30%. الحمل قد يؤثر على صحة القلب إذا لم تتبع المرأة أساليب حياة صحية. وأخيرا، الاكتئاب قد يؤدي إلى الإصابة بأمراض القلب، حيث أكدت دراسة في """
680,قال الرئيس الأوغندي، يويري موسوفيني، إنه سيدحر قوات ريك ماشار إذا لم يوافق على وقف إطلاق النار، وذلك بعد أسابيع من العنف الذي أودى بحياة أكثر من 1000 شخص ودفع 180 ألفًا للنزوح من مناطقهم. وقد أعلن موسوفيني عن هذا القرار بعد المساعدة في بدء محادثات السلام بين الطرفين المتنازعين. وقد حدد مهلة للطرفين لوقف الأعمال العدائية بنهاية العام الجاري.
681,"في 18 مارس/آذار، ضمت روسيا القرم رسمياً إليها بعد أن كانت قد نفتها سابقاً من التورط في أوكرانيا. أثار هذا الإجراء موجة استنكار دولية. ورغم نفي روسيا لتورطها، اعترف الرئيس الروسي بوتين في فيلم وثائقي أنه أصدر تعليمات للعمل على ""إعادة شبه جزيرة القرم إلى الوطن الأم، روسيا"". وقد تم تنفيذ هذا الإجراء بسرية، حيث تم نفي أي تدخل روسي، بالرغم من اعتراف بوتين لاحقاً بإرسال قوات إلى شبه الجزيرة. وفي 27 مارس/آذار، استولى مسلحون على برلمان القرم ومباني الحكومة، ورفعوا عليها العلم الروسي. وبعد يومين، أقر بوتين مشروع قانون لضم القرم إلى روسيا."
682,أخذت ألمانيا وإيران خطوات أولية لإعادة العلاقات التجارية، مع توقع رفع العقوبات الغربية عن طهران بعد الاتفاق النووي التاريخي. وأعلن زيغمار غابرييل، نائب المستشارة الألمانية، عن عقد اجتماع للجنة الاقتصادية الألمانية الإيرانية في أوائل العام المقبل في طهران، بعد فترة طويلة من الركود. وقد صحب غابرييل وفد من ممثلي الشركات الألمانية الراغبة في العودة إلى السوق الإيرانية، وخاصة في قطاع الطاقة. وكانت ألمانيا أكبر شريك تجاري أوروبي لإيران، وبلغت صادراتها إلى إيران 4.4 مليار يورو في عام 2005، ولكنها انخفضت إلى 1.8 مليار يورو بحلول عام 2013 بسبب تشديد العقوبات. من جهة أخرى، دافع غابرييل عن حق إسرائيل في الأمن، مؤكدا على أهمية أمن إسرائيل بالنسبة لألمانيا. كما أكد على حق الفلسطينيين في إقامة دولتهم. وبحث غابرييل مواضيع خلافية
683,وزير الخارجية الأمريكي جون كيري أعلن أن المفاوضين الإسرائيليين والفلسطينيين اتفقوا على التحضير لاستئناف المفاوضات المباشرة التي توقفت عام 2010. رئيس الوزراء الإسرائيلي بنيامين نتنياهو أكد أن المفاوضات ستكون صعبة ولكنها ستكون صادقة. نتنياهو تعهد بطرح مسودة أي اتفاق يتم التوصل إليه مع الفلسطينيين على الشعب الإسرائيلي في استفتاء عام. ومع ذلك، هناك انتقادات من بعض الوزراء الإسرائيليين الذين يعتبرون تجميد الاستيطان - الذي يعتبر شرطا فلسطينيا لاستئناف المفاوضات - لا أخلاقي أو غير أخلاقي.
684,في اليوم الثاني من قمة الأمن النووي في واشنطن، يبحث القادة تدابير ملموسة لضمان أمن المواد الانشطارية، وذلك بعد تأكيدهم في اليوم الأول على خطر الإرهاب النووي. وقد أكدت المستشارة الألمانية انغيلا ميركل على الحاجة إلى نظام قانوني مشترك لحماية المواد النووية من الإرهابيين. القمة تبحث أيضا سبل مكافحة الإرهاب النووي، ومن المقرر أن يلقي رؤساء الوفود خطابات اليوم حول هذا الموضوع. وقد أعلنت بعض الدول عن استعدادها للتخلص من مخزونات المواد المشعة أو تطبيق مراقبة أكثر صرامة عليها. والملف الإيراني يحتل مكانة مهمة في القمة، حيث يجري الرئيس أوباما محادثات مع القادة المشاركين حول البرنامج النووي الإيراني.
685,"غيرد مولر، أسطورة الكرة الألمانية السابق، يعيش في رعاية صحية مريحة، حيث يتلقى الرعاية الأمثل والاهتمام، حسب ما قالت زوجته أوشي. قالت أوشي أن زوجها يشعر بالراحة في مكانه، وهو سعيد بوجودها بجانبه.

غيرد مولر، الذي يبلغ من العمر 72 عامًا، اعتزل اللعب عام 1981 بعد مسيرة ناجحة للغاية. كان لاعبًا متميزًا، حيث فاز بلقب هداف الدوري الألماني (بوندسليغا) سبع مرات، وهو رقم لم يحطم بعد. كما سجل 40 هدفًا في موسم واحد، وهو رقم لا يزال قائمًا حتى الآن.

كما فاز مولر بكأس العالم مع منتخب ألمانيا عام 1974، وكأس أمم أوروبا مع الفريق نفسه عام 1972. بعد اعتزاله كلاعب، أصبح مدربًا للفريق الثاني"
686,"ألقت وزيرة حماية البيئة الإسرائيلية، غيلا غاملئيل، باللوم في التسرب النفطي الذي تلوث الشواطئ في إسرائيل وجنوب لبنان على ناقلة نفط ليبية كانت تنقل النفط الخام من إيران إلى سوريا. وقد وصفت الجماعات البيئية في إسرائيل هذا الحادث بأنه ""كارثة بيئية"" قد تستغرق سنوات لتنظيفها. وقد أثر التلوث على الحياة البحرية، بما في ذلك السلاحف المهددة بالانقراض. ويواصل المتطوعون في إسرائيل ولبنان العمل على تنظيف الشواطئ الملوثة، التي يزيد طولها على 150 كيلومترا. وقد تضمنت المنطقة التي تلوثت في لبنان محمية شاطئ صور الطبيعية، حيث قام المتطوعون يرتدون الأقنعة بفحص القطران من الرمال على شاطئ المحمية. وقالت الوزيرة الإسرائيلية إن السفينة، وهي ناقلة النفط إميرالد التي ترفع علم بنما، كانت مسؤولة على الأرجح عن التسرب، حيث أعادت تشغيل أجهزة"
687,أفاد المتحدث باسم السكك الحديدية جي بي ميشرا أن الهند تجنبت حادثة مأساوية بفضل جهود العمال، حيث لم يتعرض أي شخص للإصابة في الحادث. سبعة موظفين في شركة السكك الحديدية تم توقيفهم لعدم الالتزام بالقواعد، وتحقق السلطات في أسباب انفصال العربات عن القاطرة.
688,"في محاولة للحد من استخدام السكاكين بين الطلاب، قامت الشرطة البريطانية بإدخال أجهزة الكشف عن المعادن في بعض المدارس. ومع ذلك، أعرب عشرة من بين 33 ضابطاً عن نقص في عدد الضباط المكلفين بتأمين المدارس.

يعمل المسؤولون المكلفون بتأمين المدارس، مثل نيك ستينر، على تثقيف الطلاب حول مجموعة من القضايا، بما في ذلك السلامة على الإنترنت ووسائل التواصل الاجتماعي. كما يناقشون العواقب القانونية للإصابات الخطيرة الناجمة عن جرائم السكاكين والطعن.

يتعلم الطلاب من تجاربهم الشخصية، بما في ذلك جرائم السكاكين التي أدت إلى إصابات خطيرة أو الموت. يسعى ستينر، مثل غيره من المسؤولين عن تأمين المدارس، إلى بناء علاقات مع الطلاب لتشجيعهم على مشاركة مخاوفهم. كما يعمل على تعليم الطلاب كيفية استخدام قدراتهم بطريقة قانونية من خلال دورات"
689,"في مؤتمر عام 2006، أكد وزير ألماني أن ""الإسلام جزء من ألمانيا وأوروبا""، لكن هذا الدعوة للاندماج لم تلق قبولاً واسعاً في سياسة التعليم الألمانية، خاصة فيما يتعلق بتدريس التربية الدينية الإسلامية في المدارس الابتدائية. وقد أثارت هذه القضية تساؤلات عدة ودفعت ببعض الولايات الألمانية إلى منع تدريس التربية الدينية الإسلامية في مناهجها.

النموذج البرليني يختلف من ولاية لأخرى، حيث تدرج بعض الولايات دروس التربية الإسلامية وفقاً لقوانينها، بينما تسمح برلين بتدريس التربية الإسلامية في المدارس الابتدائية ولكن ضمن إطار تحدده المؤسسات والجمعيات الإسلامية.

وقد لوحظ زيادة ملحوظة في عدد التلاميذ الذين يدرسون التربية الإسلامية، حيث ارتفع العدد من 70 في العام الدراسي 2001 إلى 1500 في العام الدراسي 2003، ثم إلى 4500 في العام الدراسي 2004. ويشكل التلاميذ العرب والأتراك الغالبية العظمى"
690,"تتضمن لوحة بيكاسو ""الطفل والحمامة""، التي تقدر بـ 50 مليون جنيه إسترليني، ويعتقد أنها في قطر حاليا. يستخدم المشترين الأثرياء ثغرات أو اتفاقيات شرف لتجنب قيود التصدير على الأعمال القيمة، التي تعتبر كنوزا وطنية. ومع ذلك، قال مجلس الفنون البريطاني إن 32 من مثيلات هذه القطعة لا تزال في بريطانيا، بسبب القوانين التي تم تنفيذها في عامي 2011 و 2012. وقد تم منح ما مجموعه 41 قطعة من الكنوز الوطنية، التي تقدر بـ 278 مليون جنيه إسترليني، تراخيص التصدير بين عامي 2011 و 2016. يدعو صندوق الفنون إلى تشديد القوانين."
691,أعلنت وزارة الخارجية الألمانية أن روسيا طلبت من أربعة دبلوماسيين ألمان مغادرة البلاد، وذلك رداً على قيام ألمانيا بطرد أربعة دبلوماسيين روس بسبب تسميم الجاسوس الروسي السابق سيرغي سكريبال في بريطانيا. وقد انضمت ألمانيا إلى نحو 25 دولة أخرى في طرد 140 دبلوماسياً روسياً. وقد قامت روسيا بطرد عدد مماثل من الدبلوماسيين من 23 دولة، بما في ذلك ألمانيا. ورغم التوتر الدبلوماسي، أكدت الحكومة الألمانية استعدادها للحوار مع موسكو.
692,"بدأت الاحتجاجات في لبنان في 17 أكتوبر/تشرين الأول، وقد لعبت وسائل التواصل الاجتماعي دوراً هاماً في تغطية الأحداث، حيث ظهرت الصحافة المواطنية التي ساهمت في نشر المعلومات ومقاطع الفيديو بسرعة. ومن بين هذه الصفحات، صفحة ""الإعلام البديل"" التي نشرت دعوات لإغلاق مرافق عامة، وأجريت تصويتاً حول الخروج من الشارع.

من ناحية أخرى، ظهرت خريطة التظاهرات التي رسمها المطور مارك فارا، وهي خريطة تفاعلية للتظاهرات والطرق المقطوعة. بالإضافة إلى ذلك، تم إنشاء موقع ""lebanonprotests""، وهو خريطة تفاعلية للتظاهرات على امتداد لبنان، وللطرقات المقطوعة.

ومع ذلك، أشار الباحث والناشط السياسي ربيع دندشلي إلى أن تسرب الشائعات كان عاملاً سلبياً في استخدام وسائل التواصل الاجتماعي. وعلى الجانب"
693,"توفي الرئيس الفنزويلي هوغو تشافيز بعد صراع دام عامين مع السرطان، حسب ما أعلن نائب الرئيس نيكولاس مادورو. وقد أعلن مادورو، الذي اختاره تشافيز لخلافته، عن طرد مسؤولين عسكريين أمريكيين من فنزويلا بعد اتهامهما بالتآمر. وقال إن ""جميع القوات الوطنية المسلحة البوليفارية والشرطة الوطنية البوليفارية تنتشر في هذا الوقت لمواكبة وحماية شعبنا وضمان السلام""."
694,"مجلس الأمن التابع للأمم المتحدة هو السلطة الدولية الرئيسية المسؤولة عن الحفاظ على السلام والأمن الدوليين. وقد أنشأ مؤتمر برلين في 19 يناير/ كانون الثاني لمراقبة تنفيذ القرارات التي أصدرها المجلس بشأن ليبيا. ومن المتوقع أن يحضر وزير الخارجية الألماني هايكو ماس اجتماع مجلس الأمن التابع للأمم المتحدة في نيويورك للتأكيد على الالتزام بالقرارات، وخاصة وقف إطلاق النار المستمر وتنفيذ حظر الأسلحة.

ومع ذلك، هناك ثلاث قوى دولية، روسيا والصين وفرنسا، تواصل خرق قرارات مؤتمر برلين. هذه الدول تقدم الأسلحة والجنود إلى الجنرال المتمرد خليفة حفتر، على الرغم من التزامهم في برلين بعدم القيام بذلك. وقد هدد ماس هذه الدول بـ ""العواقب"" خلال اجتماع لمجلس الأمن التابع للأمم المتحدة في نيويورك.

ومع ذلك، لا توجد آليات في قرارات برلين لفرض حظر الأسلحة."
695,"تختلف استخدامات العطور بحسب الأذواق والشخصيات، وتحتوي على مكونات متنوعة، ولكن الرغبة في بقاء رائحتها لأطول فترة ممكنة تجمع الجميع. يعتقد البعض أن هذا يعتمد على نوع العطر، بينما يعتقد البعض الآخر أنه يجب رشها بكثرة لضمان فوحانها.

النصائح الألمانية لضمان بقاء العطر تشمل رش العطر على السرة، التي تحتفظ بحرارة الجسم وتحتفظ بالرائحة، وعلى المناطق مثل مرفق اليد والعضد والركبة، التي تكون أقل تعرضاً للعرق وبالتالي تحتفظ بالعطر لفترة أطول. كما ينصح بالابتعاد عن فرك العطر، لأنه يضعف فعاليته.

التوقيت الصحيح لاستخدام العطر هو بعد الاستحمام مباشرة، ويجب رش العطر من الأسفل إلى الأعلى وليس العكس. وأخيراً، يجب تخزين العطر بطريقة صحيحة للحفاظ على جودته."
696,تسلط الدراسة التي أجرتها مؤسسة تومسون رويترز الضوء على انتشار التحرش الجنسي وختان الإناث في مصر، بالإضافة إلى تصاعد نفوذ الجماعات المتشددة، مما أدى إلى تدهور وضع المرأة. وقد احتلت جزر القمر المركز الأول في الدراسة، تليها عمان والكويت والأردن وقطر، حيث تشغل المرأة 20 في المائة من الحقائب الوزارية. وطلب من الخبراء تقييم عوامل مثل العنف ضد المرأة، وحقوق الإنجاب، ومعاملة المرأة داخل الأسرة، ودور المرأة في السياسة والاقتصاد. وقد أشار التحرش الجنسي إلى وضعه كرابع أكثر القضايا إلحاحا في مصر، وهو أمر تم تأكيده أيضا في تقرير للأمم المتحدة في أبريل. وقد تأخرت السعودية في الترتيب بسبب عدم مشاركة النساء في السياسة، والتمييز في أماكن العمل، وحرية الحركة وحقوق الملكية. ومع ذلك، فقد تفوقت على العديد من الدول الأخرى من حيث فرص التعليم للنساء
697,"تشيع جثمان أحد المتظاهرين الذي قتل خلال احتجاجات يوم الجمعة 20 مايو/ أيار، حيث استخدمت قوات الأمن الرصاص الحي والمطاطي وقنابل الغاز لتفريق المتظاهرين المحتجين على المنطقة الخضراء، التي تضم المباني الحكومية والبرلمان والعديد من السفارات الأجنبية. الزعيم الشيعي مقتدى الصدر ينتقد استخدام القوة ضد المتظاهرين، متهما الحكومة بـ ""إرهاب الشعب والمتظاهرين العزل""، ومحذرا من أن الحكومة التي تتسم بالطائفية والمحاصصة والفساد قد تواجه مصير القذافي وصدام. رئيس الوزراء العراقي، حيدر العبادي، يدين اقتحام المحتجين للمنطقة الخضراء، واصفا ذلك بأنه ""لا يمكن قبوله والتهاون مع مرتكبيه""، ومؤكدا أن القانون يجب أن يأخذ مجراه على كل من يتجاوزه. العبادي يدعو إلى التركيز على تحقيق النصر النهائي ونبذ الخلافات السياسية جانبا. يعد هذا الحادث الثاني في أقل من شهر"
698,أصدرت محكمة العدل الأوروبية قراراً يوم الأربعاء السادس من سبتمبر/أيلول يقضي بإلزام كل من هنغاريا وسلوفاكيا باستقبال لاجئين، وذلك استجابة لقرار الاتحاد الأوروبي في سبتمبر/أيلول 2015 الذي يقضي بإعادة توزيع اللاجئين على الدول الأعضاء. هذا القرار يعني أن على البلدين استقبال اللاجئين. يأتي هذا القرار بعد انتهاء المهلة التي وضعتها المفوضية الأوروبية لإلزام البلدين على القبول بقاعدة توزيع اللاجئين، ومن المتوقع أن تفرض المفوضية الأوروبية عقوبات مالية على البلدين في حال رفضهما تنفيذ القرار. وقد وافقت الدول الأعضاء في الاتحاد الأوروبي في ذروة أزمة اللاجئين عام 2015 على إعادة توزيع 120 ألف لاجئ من اليونان وإيطاليا على دول أخرى في الاتحاد. ورغم ذلك، رفضت كل من هنغاريا وسلوفاكيا ورومانيا والتشيك استقبال اللاجئين. وقد رأت محكمة العدل الأوروبية أن القرار الذي تم اتخاذه آنذاك كان
699,"أعلن وزير الآثار المصري، خالد العناني، أن التمثال الضخم الذي عثر عليه مؤخرا في القاهرة يعود للملك بسماتيك الأول من الأسرة السادسة والعشرين، وليس الملك رمسيس الثاني، كما كان يعتقد في البداية. وأكد العناني أن كلمة ""نب عا"" الهيروغليفية، التي تعني ""الذراع القوية""، هي أحد أسماء بسماتيك. ولكن لا يزال هناك بعض الشكوك حول صحة هذا الاكتشاف. عثر على أجزاء التمثال في المطرية بضواحي القاهرة، وتعتبر من أضخم التماثيل من العصر المتأخر في مصر. نحت التمثال من حجر الكوارتزيت ويبلغ ارتفاعه حوالي 9 أمتار، ويزن حوالي سبعة أطنان."
700,تواجه ألمانيا ضغوطًا متزايدة على مدربها يواخيم لوف، حيث يتوقع أن يتخذ الاتحاد الألماني لكرة القدم قرارًا بشأن مستقبله بناءً على تحليل سيقدمه المسؤولون والمدربون الأسبوع المقبل. في حالة استمرار لوف، قد تحدث تغييرات جذرية في تشكيلة الفريق. وبعد استبعاد ثلاثة من اللاعبين المخضرمين، قد يكون هناك تغيير في تشكيلة الفريق. يُنظر إلى عودة هومليس وبواتينغ، مدافعي بروسيا دورتموند وبايرن ميونيخ، على أنها خيار منطقي. وقد تحسن أداء الفريق مع عودة هؤلاء اللاعبين. القرار في النهاية يعود إلى لوف، الذي يتحمل مسؤولية اختيار اللاعبين. تنتظر ألمانيا تحديًا صعبًا في يونيو/حزيران، حيث ستواجه فرنسا والبرتغال والمجر في بطولة أوروبا التي تم تأجيلها.
701,"وقع حوالي 300 شخص على عريضة تطالب بإزالة تمثال في كلية بولاية نيويورك، حيث أعرب الطلاب عن مخاوفهم بشأن التمثال الذي يشبه شخصا عاريا. ومع ذلك، أكد رئيس الكلية أن التمثال مصمم لإثارة ""أفكار جديدة غير متوقعة"" وجذب مناقشات حول الفن والجنس والتجربة الشخصية."
702,توفيت أكبر ناجية من المحرقة في مستشفى بالعاصمة البريطانية لندن عن عمر يناهز 110 أعوام، بعد تعرضها لمشاكل صحية، حسب تقارير بريطانية. قضت أليس هيرز سومر عامين في معسكر اعتقال نازي خلال الحرب العالمية الثانية، وكانت عازفة بيانو موهوبة. ومن المقرر أن يتم تكريمها في حفل الأوسكار القادم.
703,سان زينغشاي، سياسي صيني بارز، كان يُعتبر من المرشحين المحتملين لقيادة الحزب الشيوعي الصيني. قبل أن يتم إعفاؤه من منصبه، كان زينغشاي يتولى قيادة مكتب الحزب الشيوعي في منطقة تشونغتشينغ. ولكن، أعلنت لجنة مكافحة الفساد أنها بدأت التحقيق معه في اتهامات بانتهاك النظم والقوانين. يأتي هذا التحقيق قبل المؤتمر العام للحزب الشيوعي الصيني، الذي سينظر في اختيار الجيل الجديد من القادة السياسيين، بما في ذلك منصبي رئيس البلاد ورئيس الوزراء، اللذين من المقرر أن يتركا في عام 2022. ورغم أن الأسباب الحقيقية لما يحدث تبقى سرية، إلا أن هناك أمران واضحان: أن الصراع على المناصب القيادية في الحزب أصبح أكثر قوة وشراسة مما كان متوقعا، وأن هناك حملة واسعة ضد الفساد في الحكومة والحزب الشيوعي تحت
704,نفى نادي بايرن ميونيخ الألماني صحة الأخبار التي تحدثت عن توقيعه عقدي اتفاق مع مهاجم غريمه المحلي بوروسيا دورتموند البولندي روبرت ليفاندوفسكي. وكانت تقارير قد ذكرت أن ليفاندوفسكي قد وقع عقدين مع النادي البافاري، أحدهما يقضي بانتقاله إليه في يوليو/تموز المقبل، فيما يبدأ العقد الثاني في يونيو/حزيران 2014. إلا أن بايرن ميونيخ نفى صحة هذا الخبر، مؤكداً أنه لم يوقع أي عقد مع اللاعب روبرت ليفاندوفسكي.
705,"أعلنت السعودية عن أربع وفيات بين الحجاج، جميعهم لم يلتزموا بالتوصيات العلمية التي تتضمن أخذ التطعيم المضاد لفيروس إنفلونزا الخنازير. وتأتي هذه الوفيات في ظل تحدي توفير عدد كاف من لقاح مكافحة إنفلونزا الخنازير، وإزالة الشكوك بشأن فعالية وسلامة اللقاح. وقد أدى هذا الشك إلى تردد الكثيرين في الحصول على اللقاح، مما أدى إلى تراجع عدد الحجاج لهذا العام. 

وتواجه الحكومة السعودية تحديا في إدارة الحشود في موسم الحج، حيث تخضع الحجاج القادمين لجهاز مسح حراري في المعابر الحدودية، وتوجه المصابين إلى المراكز الطبية. 

وقد أدى هذا التحدي إلى إلغاء بعض حملات الحج المحلية في السعودية بسبب المخاوف من انتشار إنفلونزا الخنازير، مما أدى إلى خسائر في قطاع مساكن الحجاج بمكة، حيث تكبدت نسبة الإشغال خسائر وصلت إلى 30% مقارنة بالعام الماضي."
706,أعلنت حركة النهضة الإسلامية في تونس استعدادها للحوار حول تشكيل حكومة وحدة وطنية أو حكومة إنقاذ، وذلك استجابة لضغط المعارضة العلمانية، لكنها رفضت الدعوة لحل المجلس التأسيسي، معتبرة ذلك خطا أحمر. وقال قيادي في الحركة إن النهضة منفتحة على جميع الاقتراحات، بما في ذلك تشكيل حكومة وحدة وطنية أو حكومة إنقاذ، ولكنها لن تقبل الدعوات لحل المجلس التأسيسي. يأتي هذا الموقف في ظل تزايد الضغط على الحكومة التي يقودها الإسلاميون بعد اغتيال المعارض العلماني محمد البراهمي الأسبوع الماضي. وقد أعلنت حركة النهضة عن تمسكها بالمجلس الوطني التأسيسي كأساس للشرعية الناتجة عن الانتخابات. وطالبت بالتعجيل بتنفيذ بعض الملفات، خاصة ملف الاغتيالات الأخيرة.
707,"بعد فرز معظم الأصوات في انتخابات الرئاسة الأفغانية التي جرت في الخامس من أبريل/نيسان، حصل عبد الله عبد الله على 44 في المئة، وغني على 33 في المئة. أدلى سبعة ملايين شخص بأصواتهم في 34 منطقة في جميع أنحاء أفغانستان. من المتوقع صدور النتائج النهائية في 14 مايو/أيار. رئيس اللجنة المستقلة للانتخابات، أحمد يوسف نورستاني، أكد أن هذه الأرقام ""جزئية"" و""قابلة للتغيير"". عبد الله مستعد لخوض جولة إعادة، قائلاً إن ""إذا ذهب الأمر إلى جولة ثانية بحكم القانون، سنكون مستعدين لذلك"". وزير الخارجية السابق، زلماي رسول، حصل على 10 في المئة فقط من الأصوات. الطقس الأكثر دفئاً خلال موسم القتال قد يشكل تحدياً أمنياً في أي جولة محتملة. يحظر الدستور الأفغاني على كرزاي السعي"
708,توصلت الحكومة السورية إلى اتفاق مع مقاتلي المعارضة يسمح لمئات المسلحين وعائلاتهم بمغادرة مدينة حمص. سيتم نقل المسلحين إلى ريف حماه الشمالي وريف إدلب، وهما تحت سيطرة المعارضة. غادرت أول حافلة حي الوعر في حمص، ومن المتوقع أن يغادر حوالي 800 شخص، بما في ذلك المقاتلين والمدنيين، خلال يوم الأربعاء. وصلت المساعدات الغذائية إلى المناطق المجاورة للمرة الأولى خلال ما يقرب من عام. تم التوصل إلى الاتفاق بعد أكثر من عامين من المفاوضات. بموجب المرحلة الأولى من الاتفاق، سيغادر مئات المقاتلين، بما في ذلك أولئك المرتبطين بتنظيم القاعدة، المناطق المحاصرة. الجماعات المعتدلة التي وافقت على وقف إطلاق النار ستبقى في حي الوعر في الوقت الحالي. ينتقد النشطاء السوريون مثل هذه الاتفاقات باعتبارها استسلاما، لكن الحكومة السورية، التي توصلت إلى اتفاقات مماثلة في مناطق أخرى،
709,توصي طبيبة أمراض النساء الألمانية أليسا دفيك النساء بالنوم بدون ملابس داخلية للحصول على فوائد صحية. يمكن أن يسبب ارتداء الملابس الداخلية الضيقة الالتهابات، حيث أن هذه الملابس لا تسمح بالتهوية الجيدة للجهاز التناسلي، مما يزيد من نسبة الدفء والبلل في المهبل، مما يجعله بيئة خصبة لنمو البكتيريا. على الرغم من المقاومة من مريضاتها، إلا أن ارتداء الملابس الداخلية القطنية أثناء النوم يمكن أن يكون مفيدا. أظهرت دراسة أن 15% من النساء تحت الثلاثين و25% من النساء فوق 53 عاما ينمن بدون ملابس داخلية، وأن ربع الرجال يفضلون النوم بدون ملابس داخلية. تعتبر مارلين مونرو من أبرز الشخصيات التي كانت تفضل النوم بدون ملابس داخلية.
710,"تيلو زارَتسين، عضو مجلس إدارة البنك الاتحادي الألماني، واجه انتقادات حادة بسبب تصريحات معادية للأجانب أدلى بها في لقاء صحفي. وقد قررت إدارة البنك تقليص صلاحياته وإبعاده عن قسم ""التداول النقدي"" الحيوي، وتعيينه في وظيفة تتعلق بتكنولوجيا المعلومات المصرفية والرقابة على الأعمال المصرفية ذات المخاطر العالية.

زارَتسين، الذي تولى حقيبة المالية في ولاية برلين لفترة طويلة، أدلى بهذه التصريحات في وقت سابق من هذا العام، حيث انتقد الأتراك والعرب الذين يعيشون في برلين، قائلاً ""إنني لا أعترف بأي شخص يعيش على حساب دولة يرفضها، ولا يهتم اهتماما حقيقيا بتربية وتثقيف أولاده، ولا يهتم إلا بإنجاب فتيات يرتدين الحجاب"".

هذه التصريحات أثارت جدلا واسعا، وأغلبية الألمان يؤيدون موقف"
711,تُجرى الانتخابات النيجيرية وسط تحديات كبيرة، حيث يتنافس الرئيس الحالي جوناثان غودلك ضد محمد بوهاري. العملية الانتخابية، التي كانت مقررة في الأصل في ديسمبر/كانون الأول، تم تأجيلها لستة أسابيع لاستعادة السيطرة على الأراضي التي استولت عليها جماعة بوكو حرام. هذه هي الانتخابات الأولى التي تشهد منافسة منذ استقلال البلاد في عام 1960. يُذكر أن حزب الشعب الديمقراطي كان في السلطة منذ عام 1999، لكن حزب الكونغرس التقدمي، الذي تأسس في عام 2013، يُتوقع أن يكون منافسا قويا. الناخبون يختارون أيضا أعضاء البرلمان في 36 ولاية بالعاصمة أبوجا. أمين عام الأمم المتحدة بان كي مون وصف الانتخابات بأنها فرصة لتكون نيجيريا نموذجا رائدا في إجراء انتخابات تتوافق مع أعلى المعايير، ودعا إلى الإقبال على التصويت بأعداد كبيرة. الحكومة النيج
712,"تعرض ثلاثة صحفيين من قناة إيه آر دي الألمانية العامة لاعتداء من قبل مواطنين مصريين في القاهرة أثناء تغطيتهم لمشهد تفجير. أصيب اثنان من الصحفيين بجروح ونقلا للعلاج. اتهم المواطنون الغاضبون الصحفيين بأنهم ""خونة"" و ""أنصار الإخوان المسلمين"". قال عضو الفريق الصحفي المعتدى عليه أن الفريق كان يعمل بشكل قانوني ولديه تصريح للتصوير. طاردتهم الجماهير الغاضبة وضربت الفريق بأدوات حادة، حتى تدخل ضابط شرطة وأطلق النار في الهواء لإبعادهم. ويأتي هذا الحادث في سياق موجة من الاعتداءات في القاهرة، بما في ذلك هجوم انتحاري بسيارة مفخخة استهدف مديرية أمن القاهرة، أسفر عن مقتل ستة أشخاص وإصابة حوالي 70 آخرين. أدانت وزارة الخارجية الألمانية بشدة هذه الهجمات وأعربت عن قلقها الشديد بشأن الوضع في مصر، داعية إلى التغلب على الاستقطاب والمشاركة في عملية"
713,أعاد الرئيس أوباما تأكيد اتهاماته لحكومة الرئيس السوري بشار الأسد بالمسؤولية عن هجوم بغازات سامة في دمشق الأسبوع الماضي، وذلك في خطوة غير متوقعة أعلن عنها يوم السبت للبحث عن دعم الكونغرس لأي تدخل عسكري محتمل ضد دمشق. وقد رحب أعضاء في الكونغرس بقرار أوباما بالسعي للحصول على موافقتهم، وأعرب زعيم الأغلبية في مجلس الشيوخ عن اعتقاده بأن التدخل العسكري مبرر وضروري. وفي الوقت نفسه، أعلنت الحكومة السورية أن قواتها على أهبة الاستعداد لمواجهة أي هجمات أجنبية محتملة، وأفادت تقارير بأن الجيش نقل بعض معداته العسكرية إلى مناطق مدنية. وقد طلب الرئيس الروسي فلاديمير بوتين من الولايات المتحدة أن تقدم للأمم المتحدة أي أدلة على أن الحكومة السورية استخدمت أسلحة كيميائية.
714,بدءاً من اليوم، 01 ديسمبر 2015، بدأت مطاعم مدينة نيويورك في وضع صورة صغيرة لملاحة الطعام على القوائم التي تحتوي على نسبة عالية من الصوديوم. تأتي هذه الخطوة في إطار الجهود لمكافحة أمراض القلب والسكتة الدماغية. يجب أن يتم الإشارة إلى أي صنف في القائمة يحتوي على أكثر من 2300 ملليجرام من الصوديوم داخل مثلث صغير إلى جانب الصنف. تمت الموافقة على هذا الإجراء من قبل مجلس مدينة نيويورك للصحة في سبتمبر، ولا ينطبق إلا على المطاعم التي لديها 15 فرعًا أو أكثر في الولايات المتحدة، بالإضافة إلى المطاعم الصغيرة التي لديها تراخيص لدور السينما والمسارح وملاعب كرة القدم. تهدف هذه الخطوة إلى تقليل استهلاك الصوديوم في المدينة، حيث يستهلك كل فرد من سكان نيويورك أكثر من 3.2 جرام من الصوديوم يومياً في المتوسط.
715,"تتضمن الألعاب التي ستطرح في الأسواق هذا الخريف مجموعة من الألعاب السريعة والمثيرة التي تتطلب من اللاعبين التعاون مع بعضهم البعض. ومن بين هذه الألعاب لعبة ""دارك سولز"" التي تدور في أجواء مظلمة وتتيح للاعبين الاختيار بين مجموعة متنوعة من الشخصيات للقتال ضد الوحوش. كما تتضمن الألعاب لعبة ""الغضب"" التي تحكي عن نظام ما بعد الكارثة يرتكب أعمالا وحشية ضد البشر، ولعبة ""باتمان: مدينة أركام"" التي تظهر شخصية باتمان وهو يحارب المجرمين في مدينة أركهام. هذه الألعاب ستتوفر على أجهزة بلايستيشن 3 وإكس بوكس 360، بالإضافة إلى نسخة على أجهزة الكمبيوتر الشخصي بسعر 45 يورو."
716,"أعلنت منظمة ""برو أزول"" الألمانية، المدافعة عن حقوق اللاجئين، أن خطة الهجرة واللجوء التي اقترحها وزير الداخلية الألماني هورست زيهوفر تهدف إلى تحويل ألمانيا إلى دولة ترحيل للاجئين. وقال المدير التنفيذي للمنظمة غونتر بوركارت لوكالة الأنباء الألمانية (د.ب.أ) إن زيهوفر يقوم بتحويل ألمانيا من دولة استقبال إلى دولة ترحيل، وهو ما يمكن أن يؤدي إلى اتخاذ قرارات خاطئة بالنسبة لطالبي اللجوء، خاصة الذين ليس لديهم مستندات هوية. كما انتقدت المنظمة مقترح زيهوفر بإرجاء دفع المساعدات الاجتماعية لطالبي اللجوء، والذي يهدف إلى عدم منح اللاجئين أي مساعدات اجتماعية لمدة ثلاثة أعوام، مما يعني أنهم لن يحصلوا إلا على مساعدات مادية وعينية منخفضة مخصصة لطالبي اللجوء. وكان زيهوفر قد أرجأ الإعلان"
717,"اعترف هارون سيد، إسلاموي يبلغ من العمر 19 عامًا، يوم الخميس (27 أبريل)، أمام محكمة في لندن بأنه كان يخطط لهجوم بقنبلة في شارع أوكسفورد ستريت التجاري الشهير ومهاجمة حفل لتون جون في لندن. وقد أقر سيد، الذي يقيم في غرب لندن، بأنه مذنب بتهمة ""التحضير لأعمال إرهابية"" بين أبريل وسبتمبر 2016. وقد خطط سيد لمهاجمة أوكسفورد ستريت وحفل جون في 11 سبتمبر 2016، بعد 15 عامًا من هجمات نيويورك وواشنطن، وكان قد تحدث عن خطته مع متطرف كان في الواقع عنصرًا في الاستخبارات البريطانية. ومن المتوقع أن يصدر القاضي مايكل توبولسكي حكمه في 8 يونيو بعد تلقي تقرير الطبيب النفسي. وقالت الشرطة إن سيد اعترف بأنه حاول الحصول على سلاح رشاش وم"
718,غيرد مولر، أسطورة كرة القدم الألمانية، يعاني من مرض الزهايمر منذ تسع سنوات. كان مولر لاعبًا بارزًا في المنتخب الألماني والأندية مثل بايرن ميونيخ، حيث سجل أهدافًا كثيرة، بما في ذلك هدفه الشهير في المباراة النهائية لكأس العالم 1974. على الرغم من مشاكله الصحية، لا يزال مولر يعيش في دار رعاية بالقرب من ميونيخ، حيث يتلقى الرعاية والعلاج. زوجته، أوشي مولر، تعبر عن رضاها عن الرعاية التي يتلقاها، قائلة إن حالته مستقرة.
719,"تُحقق وثائق مسربة في اتفاق بين الاتحاد الأفريقي لكرة القدم (كاف) وشركة مغمورة تُدعى تاكتيكال ستيل، وذلك في العام الذي تولى فيه أحمد أحمد رئاسة الاتحاد. وقد أثار التحول من شركة بوما الألمانية إلى تاكتيكال ستيل الفرنسية، التي تتمتع بعلاقات وثيقة بالاتحاد الأفريقي، تساؤلات حول السلوك غير المعتاد. وقد ذكرت تقارير إعلامية أن الطلبيات كانت متطابقة، لكن الوثائق التي اطلعت عليها بي بي سي تشير إلى فارق أكبر بكثير. وقد نفى أحمد، الذي يشغل أيضا منصب نائب رئيس الاتحاد الدولي لكرة القدم، أنه ألغى اتفاق بوما واعتمد بشكل شخصي الاتفاق مع تاكتيكال ستيل. وقد قال فريق العلاقات العامة الخاص به إن الاتهامات ""عارية تماما من الصحة وخبيثة وتشهيرية، وهي جزء من انتقام يقف وراءه مسؤول"
720,المقاتلون الحوثيون ينسحبون من وسط عدن بعد ضربات جوية من التحالف بقيادة السعودية، والاشتباكات تتسع في محافظة عدن بين الحوثيين والمقاومة الشعبية. الوضع الإنساني في عدن يتدهور مع اشتداد المعارك واتهامات للحوثيين بقصف أحياء سكنية.
721,أعلن الرئيس المصري، عبد الفتاح السيسي، اختتام القمة العربية الـ26 التي استمرت لمدة يومين. في الجلسة الختامية، أشار السيسي إلى أن إعلان شرم الشيخ اعتمد مبدأ إنشاء قوة عسكرية عربية مشتركة، وتم تشكيل فريق من رؤساء أركان القوات المسلحة في الدول العربية لبحث التفاصيل المتعلقة بالقوة. الهدف من هذه القوة هو حماية الأمن القومي العربي ومواجهة التحديات التي تواجه الأمة العربية. كما تضمن البيان الختامي للقمة دعوة للمقاتلين الحوثيين في اليمن إلى التوقف عن الاستيلاء على السلطة وتسليم أسلحتهم. من جهة أخرى، انتقد الأمير سعود الفيصل، وزير الخارجية السعودي، بشدة روسيا لدورها في تسليح النظام السوري، وهو ما أدى، حسب قوله، إلى تعميق محنة الشعب السوري.
722,في العراق، شهدت الأسابيع الأخيرة زيادة في العنف، مما أسفر عن مقتل وإصابة عدد من المدنيين ورجال الشرطة. في حادثة منفصلة، قتل مدنيان وأصيب سبعة آخرون عندما أطلق مسلحان النار على عدد من المتاجر في التاجي، وهي منطقة تقع شمال بغداد. في شارع فلسطين شرق بغداد، أصاب انفجار عبوة ناسفة مطعمًا شعبيًا، مما أسفر عن إصابة ستة مدنيين. وفي الوقت نفسه، في أبو غريب، غرب بغداد، انفجرت عبوتين ناسفتين قرب سوق شعبي، مما أسفر عن مقتل أربعة مدنيين وإصابة عشرة آخرين.
723,أعلنت شركة إيرباص عن فوزها بطلبية من الخطوط الجوية اليابانية لشراء 31 طائرة من طراز A350 بقيمة 9.5 مليار دولار، وذلك في آخر سوق كبيرة ما زالت تحت سيطرة منافستها بوينغ. يأتي هذا الإعلان بعد تأجيل تسليم طائرات دريملاينر 787 ووقف رحلاتها، مما أثر على صورة بوينغ. وتشمل الصفقة خيارا لشراء 25 طائرة أخرى، مما قد يرفع العدد الإجمالي إلى 56 طائرة. وقد وصف خبراء الطيران هذا الفوز بأنه خسارة كبيرة لبوينغ. ومن المقرر أن تبدأ الطائرات الجديدة الخدمة في عام 2019. وقد قالت الخطوط الجوية اليابانية وإيرباص إن هذه الطلبية هي الأكبر على الإطلاق من شركة يابانية. ومن جهتها، قالت بوينغ إنها تشعر بخيبة أمل، لكنها تحترم قرار الشركة اليابانية.
724,أقيمت خمس مباريات في المرحلة الـ22 من الدوري الألماني لكرة القدم (بوندسليغا) يوم السبت 16 فبراير/شباط 2013. لم يخسر أي من الفرق المحلية في هذه المباريات، باستثناء فيردر بريمن. وفي مدينة ليفركوزن، فاز باير ليفركوزن على أوغسبورغ بهدفين مقابل هدف واحد، بفضل هدف من ستيفان كيسلينغ الذي تعادل مع ماريو ماندزوكيتش من بايرن ميونيخ في عدد الأهداف لهذا الموسم. أما أوغسبورغ، الذي يحتل المركز 17 في الدوري، فقد تجمد رصيده عند 15 نقطة. عزز هامبورغ حظوظه في المشاركة الأوروبية الموسم المقبل بعد فوزه على بوروسيا مونشنغلادباخ بهدف واحد سجله رافايل فان در فارت. من جهة أخرى، حافظ فرايبورغ على مركزه الخامس بعد فوزه على فيردر بري
725,فاز نجم بايرن ميونخ، باستيان شفاينشتايغر، بجائزة أفضل لاعب لعام 2013 في مسابقة نظمتها صحيفة كيكر الرياضية، بعد تصويت 527 صحفي رياضي. وقد أحرز شفاينشتايغر 92 صوتًا، متقدما على زميليه، فرانك ريبري وتوماس مولر. وقد فاز يوب هاينكس، المدرب السابق لبايرن ميونخ، بجائزة أفضل مدرب لموسم 2013، بعد أن قاد الفريق لتحقيق الثلاثية (دوري أبطال أوروبا، الكأس، والدوري الألماني) قبل أن يسلم القيادة للكاتالوني بيب غوارديولا. وقد حصل هاينكس على 328 صوتًا.
726,استهدف انتحاري وزارة الداخلية الأفغانية في كابول، مما أسفر عن مقتل وإصابة عدد من الأشخاص، وفقاً لمتحدث باسم الوزارة. حاول المهاجم، مرتدياً زي الجيش، الدخول إلى قسم الموارد البشرية في المبنى ولكن تم اكتشافه عند نقاط التفتيش. ثم فجر نفسه، مما أدى إلى وقوع أضرار كبيرة. تبعت هذا الهجوم سلسلة من الهجمات التي نفذها المتشددون في الأيام التي سبقت انتخابات الرئاسة السبت.
727,وقع تفجيران خلال ماراثون بوسطن، مما أسفر عن مقتل ثلاثة أشخاص وإصابة أكثر من 140 آخرين، 17 منهم في حالة حرجة. لم تعلن أي جهة مسؤوليتها عن الهجوم، ولم يتم العثور على متفجرات إضافية. نائب الرئيس جو بايدن يقطع اجتماعاً للجنة تعديل قانون حمل السلاح ليعبر عن مواساته لعائلات الضحايا وتعاطفه مع المصابين. تم إغلاق المنطقة ومنع التحليق فوق منطقة التفجيرات، بينما عززت التدابير الأمنية حول المواقع الهامة في العاصمة واشنطن ونيويورك.
728,"حكمت محكمة يونانية يوم الخميس، الثالث من أكتوبر، لصالح بقاء زعيم حزب النازيين الجدد في اليونان ""غولدن دون""، نيكوس ميخالولياكوس، قيد الاعتقال حتى محاكمته. خلال شهادة استمرت ست ساعات، نفى ميخالولياكوس الاتهامات الموجهة إليه بإنشاء منظمة إجرامية، معتبرًا أن القضية ذات دوافع سياسية. تم اقتياده بعد ذلك إلى سجن ""كوريدالوس"" شديد الحراسة. كما قرر القضاة إبقاء قائد محلي من حزب ""الفجر الذهبي"" قيد الاعتقال بسبب تورطه في جريمة قتل مغني راب. تأتي هذه الإجراءات في أعقاب مقتل مغني راب معاد للفاشية في سبتمبر الماضي على يد أحد أعضاء الحزب. كما كثف الحزب من أعمال العنف ضد المهاجرين والنشطاء اليساريين في السنوات الأخيرة. تم اعتقال ستة من أعضاء"
729,"يشعر ديميتري، صاحب متجر لبيع الخمور في اليونان، بالقلق بسبب الفواتير المتراكمة من بطاقات الائتمان التي لم يتم تسويتها. في نهاية الأسبوع، اشترى مشروبات كحولية بقيمة 650 يورو لسيدة تزوجت و350 يورو لتاجر آخر، وكلاهما دفع ببطاقة الائتمان. وبما أن البنوك اليونانية مغلقة، يخشى ديميتري من انهيار نظام بطاقات الائتمان، مما يتركه بدون تعويض. على الرغم من ذلك، لا يزال بحاجة إلى قبول بطاقات الائتمان لأنه ""بحاجة إلى الزبائن"". كان الزبائن يدفعون نقداً في السابق، لكن الآن، أصبحت النقود ""نادرة"" بسبب إغلاق البنوك اليونانية، حيث من المقرر أن تظل مغلقة حتى الجمعة 10 يوليو. وقد أدى هذا إلى تأخير في دفع مبيعاته بينما ينتظر الحصول على سلع جديدة من تجار الجملة الذين يرفضون التعامل ببطاقات الائتمان"
730,"تواجه حركة تمرد المصرية اتهامات بالفساد المالي وتلقي أموال من جهات مشبوهة أو رموز للنظام السابق من قبل بعض قيادات الحركة الذين أعلنوا انشقاقهم عنها. هذه الاتهامات تأتي بعد أن بدأت الحركة في التحول إلى حركة سياسية تسعى نحو المناصب, كما يقول المنشقون.

ومن بين الاتهامات التي يتم توجيهها للحركة هو تورط بعض أعضائها في الفساد المالي وتلقي أموال وتبرعات من هذه الجهات أو رموز للنظام السابق.

ومن بين الاتهامات الأخرى التي يتم توجيهها للحركة هو تورطها في مواءمة سياسية فيما يتعلق بمادة محاكمة المدنيين أمام المحاكم العسكرية في مشروع الدستور المطروح للاستفتاء الشعبي.

هذه الاتهامات دفعت قيادات الحركة التي أعلنت انشقاقها إلى إطلاق حملة جديدة تحت عنوان ""تمرد - تصحيح المسار"" للتأكيد على ضرورة وجود شفافية فيما يتعلق بالهيكل التنظيمي للحركة مصادر"
731,"بعد كمين في أبين يوم السبت 24 أغسطس/ آب 2019 أدى إلى مقتل وإصابة أفراد من قوات ""الحزام الأمني""، هناك غموض حول الجهة المسؤولة: هل هي الجيش الوطني اليمني، التابع لحكومة الشرعية المدعومة من السعودية، أم تنظيم ""أنصار الشريعة"" المرتبط بتنظيم القاعدة الإرهابي. منذ بداية أغسطس، تشهد جنوب اليمن معارك بين القوات الحكومية وقوات ما يعرف بـ""الحزام الأمني"" التابعة للمجلس الانتقالي الجنوبي، الذي يسعى للانفصال عن الحكومة المعترف بها دولياً. وقد أعلنت القوات الحكومية الجمعة أنها بسطت سيطرتها على مدينة عتق، مركز محافظة شبوة، في ضربة للمجلس الانتقالي، المدعوم من الإمارات. مؤخرا، أعلن ياسر الحسني، الصحفي في مكتب الرئيس اليمني هادي، على حسابه في موقع ""تويتر"" عن مسؤولية الجيش الوطني عن كمين أبين."
732,"طلبت الأمم المتحدة من مراقبي المرشح الرئاسي الأفغاني أشرف غني الانسحاب بعد انسحاب مراقبي منافسه عبد الله عبد الله من عملية مراقبة مراجعة الأصوات، وفقا لما قاله داوود سلطان زوي، عضو في اللجنة الانتخابية المستقلة في أفغانستان. وقال سلطان زوي إن الأمم المتحدة طلبت مغادرة مراقبي غني للعملية حرصا على العدالة، وستواصل اللجنة المحايدة في مراجعة الأصوات عملها. وكان عبد الله عبد الله انسحب من عملية مراقبة مراجعة الأصوات في الانتخابات الرئاسية المختلف على نتائجها، مبديا مخاوف من التزوير. ويقول مسؤولون إن عملية المراجعة التي تشرف عليها الأمم المتحدة، لتحديد خليفة كرزاي في الحكم، علقت. وقد بدأت عملية إعادة مراجعة ثمانية ملايين صوت قبل شهر، وقد تستمر لأسابيع أخرى. وأكد متحدث باسم الأمم المتحدة في كابول وجود ""توقف مؤقت"" في المراجعة، لكنه لم يتوقع"
733,"يتداول النص الجدل القائم في مصر حول الدستور الجديد، الذي سيجري استفتاء عليه في 15 يناير/ كانون الثاني 2014. دعا الرئيس المصري، عبد الفتاح السيسي، إلى المشاركة بقوة في الاستفتاء، معتبراً أن التصويت يمثل تصحيحاً للمسار الديمقراطي. وزير الدفاع المصري، الفريق أول عبد الفتاح السيسي، خص المرأة بدعوة خاصة، مطالباً إياها بالنزول بقوة للمشاركة في الاستفتاء، مثلما نزلت بقوة في الشوارع لإعطائه تفويضاً لمكافحة الإرهاب في يوليو/ تموز الماضي. 

يشمل هذا الجدل جانباً من حملة ترويج للدستور المصري الجديد تقودها منذ فترة وسائل إعلام مصرية جلها يتبنى نفس الخطاب السياسي للسلطة الحاكمة، وتشمل أيضاً أحزاباً سياسية متحالفة مع السيسي في العملية السياسية على رأسها حزب النور السلفي إضافة إلى مؤسسات دينية رسمية مثل"
734,"يخطط مهاجم بايرن ميونيخ روبرت ليفاندوفسكي للانتقال إلى عالم السيارات بعد اعتزاله كرة القدم، وفقاً لمقابلة أجراها مع مجلة ""بلاي بوي"". أعرب اللاعب البولندي عن حبه للسيارات، وكشف عن نيته المشاركة في رالي باريس-دكار بالتعاون مع مواطنه المعتزل آدام ماليش. ومع ذلك، أعرب ليفاندوفسكي عن مخاوفه بشأن الانضباط المطلوب لهذا النوع من الرياضات، والتأثير المحتمل على عائلته. يأمل أن يفوز بايرن ميونيخ، الذي لديه عقد معه حتى نهاية موسم 2021، بالعديد من الألقاب، بما في ذلك بطولة أوروبا."
735,"كشفت دراسة أجراها فريق علمي وطبي ألماني عن وجود علاقة بين الصداع والإصابة بالتصلب المتعدد، وهو التهاب مزمن في الجهاز العصبي. وقد أظهرت الدراسة أن الصداع قد يكون أحد أعراض هذا المرض في البداية. 

وقد أظهرت الدراسة التي أجراها أطباء أعصاب وعلم نفس في مدينة روستوك الألمانية أن الشابات بالأخص ممن يعانين من التصلب المتعدد يصبن بشكل أكبر بالصداع. 

وقد أثارت هذه الدراسة اهتماما عالميا، ومن المتوقع أن يكون لها تأثيرات كبيرة في تشخيص وعلاج هذا المرض في المستقبل. 

ويقول البروفسور بيتر كروب، من معهد الطب النفسي الإكلينيكي وعلم الاجتماع الإكلينيكي بجامعة روستوك الطبية، إن ""الصداع عادة لا يشبه تلك الآلام الناجمة عن الشقيقة (الصداع النصفي)""، مضيفا"
736,"أعلنت وزارة الداخلية الألمانية أن ثمانية مدربين من الشرطة الفيدرالية سيعودون إلى السعودية في نهاية يناير/ كانون الثاني 2020 لاستئناف تدريب قوات حرس الحدود السعودية. خمسة موظفين آخرين سيعملون في مكتب إدارة المشاريع في الرياض لتنسيق هذه المهمة. تقول الحكومة الألمانية إن هذه المهمة هي لمصلحة السياسة والأمن ولقتال الإرهاب، رغم الجدل الدائر حولها. منظمة ""مراسلون بلا حدود"" تعارض هذه الخطوة، معتبرة أن تطبيع العلاقات الأمنية مع السعودية قبل محاسبة المسؤولين عن مقتل الصحفي جمال خاشقجي وقبل إطلاق سراح الصحفيين المعتقلين تعسفا، سيكون إشارة خاطئة."
737,"السلطات القضائية في تونس تودع حوالي عشرة عناصر من العائدين من ألمانيا السجن لتورطهم في قضايا إرهابية، وذلك بعد ترحيلهم من ألمانيا. السلطات بدأت في ترحيل طالبي اللجوء التونسيين المرفوضة طلباتهم في ألمانيا مقابل مزايا اقتصادية ومنح مالية. وهناك أيضا أشخاص آخرون تم ترحيلهم من إيطاليا ودول أوروبية أخرى وصدرت بحقهم بطاقات ضبط وإحضار دولية. ومع ذلك، ليس كل العائدين من ألمانيا أو الذين لهم علاقة بأنيس عامري متورطين في الإرهاب، وفقا للمتحدث باسم القطب القضائي. وأخيرا، يعيش في ألمانيا أكثر من 100 شخص مصنفين كخطرين ويمكن أن يتم ترحيلهم إلى بلدانهم، وفقا لصحيفة ""فرانكفورتر ألغيماينه زونتاغ تسايتونغ""."
738,"بعد أن أصدر الرئيس يانوكوفيتش عفوا عن المتظاهرين المعتقلين، أصدر الجيش أيضا تصريحات، بينما انتقد وزير الخارجية الأمريكي جون كيري الإجراءات التي اتخذها يانوكوفيتش، قائلا إنها غير كافية. كيري، في ألمانيا، أكد على ضرورة أن يتخذ يانوكوفيتش إجراءات أبعد من قانون العفو، وأن يعمل نحو وحدة وسلام ونبذ العنف. ومن المقرر أن يلتقي كيري بقادة المعارضة الأوكرانية في ميونيخ، وذلك دعما للمظاهرات المناوئة للحكومة التي بدأت منذ شهرين. الرئيس يانوكوفيتش، الذي أخذ إجازة مرضية مفتوحة، أدان المعارضة واصفا إياها بأنها غير مسؤولة، وهو ما اعتبرته المعارضة ""إجازة سياسية"" لا تعفيه من المسؤولية عن إنهاء الأزمة."
739,شرطة نيويورك تحتجز شخصاً بعد انفجار بالقرب من ميدان تايمز سكوير يوم الاثنين، 11 ديسمبر/ كانون الأول 2017، خلال ساعة الذروة. الانفجار، الذي يعتقد أنه قنبلة، أدى إلى إصابة شخص واحد، ولكن لا توجد إصابات خطيرة. الشخص المحتجز هو الذي أصيب. وقد أفاد مصدر بالشرطة أن الرجل المحتجز ربما كان بحوزته جهاز تفجير. كما تم الإبلاغ عن وقوع انفجار في نفق مترو الأنفاق في وقت سابق من اليوم.
740,قرر الملك عبد الله الثاني إنهاء ملحقي الباقورة والغمر من اتفاقية السلام مع إسرائيل، وذلك في تغريدة نشرها على حسابه في تويتر، معتبرا أن القرار جاء من باب الحرص على اتخاذ كل ما يلزم من أجل الأردن والأردنيين. وقد حظي هذا القرار بالاحتفاء بين الأردنيين على مواقع التواصل الاجتماعي، الذين اعتبروه انتصارا للسيادة الأردنية وقرارا يرقى إلى مطالب الشعب الغاضب. وكان الأردن قد شهد خلال الأسابيع الماضية حراكا شعبيا في الشارع الأردني وآخر افتراضيا على مواقع التواصل يطالب بإنهاء الاتفاقية.
741,"كشف تقرير إعلامي أن خطاب وزير الداخلية الألماني، هورست زيهوفر، المثير للجدل إلى ممثلي الاتحاد الأوروبي في مفاوضات خروج بريطانيا من الاتحاد الأوروبي لم يتم التشاور بشأنه داخل الحكومة الألمانية. وفقا لصحيفة ""زود دويتشه تسايتونغ""، كتب رئيس القسم السياسي في البعثة الألمانية لدى الاتحاد الأوروبي في بروكسل إلى المفوض الأوروبي للشؤون الداخلية، ديمتريس افراموبولوس، أن الخطاب لم يتم التشاور بشأنه مع الحكومة.

في هذا الخطاب، حث زيهوفر على ""تعاون أمني غير مقيد"" مع بريطانيا بعد خروجها من الاتحاد الأوروبي. هذا التدخل من زيهوفر في الموضوع يثير مشكلات لأنه يتعارض مع جهود الاتحاد الأوروبي للتظاهر بموقف موحد تجاه خروج بريطانيا من الاتحاد الأوروبي.

كما كتب إيكرت إلى افراموبولوس أن أجزاء من خطاب"
742,"استهدفت طائرات أباتشي مخابئ ومركبات يستخدمها مسلحون بالقرب من بلدة الشيخ زويد في شمال سيناء، وفقًا لمصادر. وأصيب خمسة أشخاص، بينهم سيدة وطفلان، بقذائف أطلقت على منطقة الفتيتات جنوبي الشيخ زويد. وفي حادث منفصل، قتلت سيارة مفخخة ستة جنود ومسلحين اثنين كانا يقودان السيارة في هجوم استهدف مقر المخابرات العسكرية في رفح، وأعلنت جماعة جهادية تدعى ""جند الإسلام"" مسؤوليتها عنه. وفي تطور آخر، قرر الرئيس المصري المؤقت عدلي منصور تمديد حالة الطواريء في البلاد لمدة شهرين آخرين، بدءًا من اليوم."
743,وضع القضاء الباكستاني الرئيس السابق برويز مشرف قيد الإقامة الجبرية ليومين على الأقل بسبب تهم تتعلق بالإرهاب، وعزله للقضاة بطريقة غير قانونية أثناء حكمه. هذا القرار يعتبر إذلالا إضافيا لمشرف الذي حكم إثر انقلاب عسكري في عام 1999 حتى استقالته في عام 2008، والذي عاد مؤخرا من المنفى للمشاركة في الانتخابات التشريعية المقبلة في مايو/أيار، مؤكدا أنه يريد إنقاذ البلاد من انعدام الأمن المزمن والأزمة الاقتصادية.
744,"تتعدد الطرق والنصائح لخفض الوزن والتحكم فيه، لكن النتائج ليست مضمونة دائما. السمنة قد تؤدي إلى أمراض مثل أمراض القلب والسرطان. وقد اكتشف الباحثون مادة مشتقة من الطب الصيني التقليدي قد تضمن نجاحا فعالا في خفض الوزن، وهي مادة ""سيلاسترول"" المشتقة من شجرة المغزل في شرق آسيا. وقد أثبتت التجارب على الفئران السمينة المصابة بالسكري أن هذه المادة تتحكم في الوزن وتكبح الشهية. وهي تستهدف مركز الشبع في الدماغ، مما يدفع الجسم للتحكم في الشهية والوزن. لكن الباحثين لا يعرفون ما إذا كان لهذه المادة نفس المفعول على البشر أم لا."
745,"أنصار الرئيس المصري المعزول محمد مرسي يطالبون بعودته إلى منصبه، ويعتبرون عزله انقلابا عسكريا. خلال لقاء في نوفمبر/ تشرين الثاني الماضي، نقل مرسي رسائل ""تحرض على العنف"" إلى فريق من المحامين، حسب المتحدث باسم وزارة الداخلية العقيد جمال مختار. السلطات رفضت مؤخرا طلبين لزيارة مرسي من نجله أسامة ومحام يدعى علي كمال، وبررت القرار ب""أسباب أمنية""، لكن المحامي شكك في ذلك، معربا عن اعتقاده بأن السبب الحقيقي هو نقل مرسي من سجن برج العرب إلى مكان غير معلوم. مرسي، الذي هو واحد من آلاف أعضاء جماعة الإخوان المسلمين الذين اعتقلوا في حملة تعتبرها السلطات مكافحة للإرهاب، يحاكم بتهم التحريض على العنف والقتل في ما يتعلق باشتباكات بين أنصاره ومعارضيه أمام قصر (الاتحادية) الرئاسي في القاهرة في"
746,أعلن الرئيس الفرنسي فرانسوا أولاند عدم ترشحه للانتخابات الرئاسية الفرنسية المقبلة، مشيراً إلى أن هذا القرار جاء من أجل توحيد البلاد. انتقد أولاند انشقاق اليسار في مواجهة التحديات أمام الأحزاب المحافظة واليمين المتطرف في انتخابات الربيع المقبل. وكان أولاند، الذي انتخب رئيساً في عام 2012، هو الرئيس الأول الذي يرفض الترشح لولاية ثانية منذ عام 1958. وأعطت آخر استطلاعات الرأي له أقل من عشرة بالمئة من نوايا التصويت خلال الدورة الرئاسية الأولى.
747,أنجبت امرأة من تينيسي، يُعرف اسمها بـ إيما ورين جيبسون، والتي وُلدت في الشهر الماضي، الطفل الذي تم تجميده لأطول مدة، حيث تم تجميده منذ عام 1992، عندما كانت الأم في السادسة عشرة من عمرها. تم تجميد الجنين وزرعّه في رحم الأم في العام الماضي في مركز نوكسفيل الوطني للتبرع بالأجنة. وقد أعربت الأم عن سعادتها الكبيرة بأن تكون هي والجنين أصدقاء مقربين.
748,أندريا ناليس، رئيسة الحزب الاشتراكي الديمقراطي الألماني، لم تتخذ قرارا نهائيا بشأن قبول اتفاق الهجرة بين الحزب المسيحي الديمقراطي والحزب المسيحي الاجتماعي البافاري. رحبت بالتسوية لكنها أكدت على ضرورة النظر في بعض القضايا. من المقرر عقد اجتماع للائتلاف الحاكم لمناقشة الموضوع. توصلت الأحزاب المحافظة، بقيادة أنغيلا ميركل، إلى تسوية بشأن الهجرة بعد تهديد وزير الداخلية الخاص بها، هورست زيهوفر، بالاستقالة. وافق زيهوفر على البقاء في منصبه بعد الاتفاق مع حزب ميركل على منع المهاجرين غير الشرعيين على الحدود الألمانية-النمساوية. هذا الاتفاق يهدف إلى احتجاز المهاجرين الذين تقدموا بالفعل بطلبات لجوء في دول الاتحاد الأوروبي في مراكز عبور على الحدود، بينما تتفاوض ألمانيا على اتفاقات ثنائية بشأن عودتهم. الاتفاق يعكس الانقسام داخل الاتحاد الأوروبي بين من يؤيد حرية التنقل ومن يرغب
749,"قال وزير المالية الألماني أولاف شولتس إن الاتحاد الأوروبي سيرد بقوة على قرار الولايات المتحدة بتطبيق رسوم جمركية جديدة على واردات الصلب والألومنيوم. وقال شولتس إن هذا ليس يومًا جيدًا للعلاقات عبر الأطلسي، وذلك في أعقاب إعلان الولايات المتحدة عن انتهاء العمل بالإعفاءات التي كانت قد منحتها للدول الصناعية الكبرى. وقد أعد الاتحاد الأوروبي ردودًا سيتم وضعها وفقًا لقواعد دولية وفترات زمنية محددة، كما أعلن شولتس، الذي يعتزم إبلاغ وزير الخزانة الأمريكي ستيفن منوشين بأن الاتحاد الأوروبي سيرد على الرسوم الجمركية التي ستدخل حيز التنفيذ يوم الجمعة. وقد أدان زعيم الجمهوريين في مجلس النواب، بول رايان، التعريفات، قائلاً إنه توجد ""طرق أفضل لمساعدة العمال والمستهلكين الأمريكيين""."
750,أعلنت السلطات الصينية عن تقليل حصيلة وفيات فيروس كورونا المستجد (كوفيد-19) إلى أقل من 1400، حيث تم تعداد بعض الحالات مرتين. في الوقت نفسه، اتهمت الولايات المتحدة الصين بعدم الشفافية في التعامل مع الوباء. يصل العدد الإجمالي للوفيات في الصين إلى 1380 شخصا، مع 121 حالة وفاة جديدة في الـ24 ساعة الأخيرة. بلغ عدد الإصابات في الصين القارية حوالي 64000، مع زيادة في اليومين الأخيرين بعد تطبيق نظام جديد لرصدها. توفي ستة من أصل 1716 من العاملين في المجال الصحي أصيبوا بالفيروس في الصين، مما يسلط الضوء على المخاطر التي تواجه الطواقم الطبية بسبب النقص في المعدات الوقائية. أعرب البيت الأبيض عن خيبة أمله لعدم الشفافية الكافية من الصين، مما يعيق تحليل الوضع وتقييم المخاطر المحتملة للوباء. من المتوقع أن يكون التأثير الاقتصادي للوباء
751,"تحذر حكومة أستراليا من استخدام تطبيقات الرسائل المشفرة مثل واتساب من قبل المجرمين والإرهابيين، حيث أنها لا تسمح بالوصول إلى الرسائل من قبل أي طرف ثالث، بما في ذلك السلطات. ومع ذلك، يقول الخبراء أن التشفير القوي للرسائل يحمي خصوصية المواطنين. في أستراليا، هناك قوانين تسمح بإلزام الشركات المالكة لتطبيقات المراسلة بتسليم الرسائل المتعلقة بمشتبه بهم للشرطة، ولكن الشركات لا يمكنها تسليم الرسائل المشفرة من طرف إلى طرف لأنها لا تتلقى نسخة مقروءة منها. يدعو رئيس الوزراء الأسترالي إلى تغيير هذه القوانين، مقترحًا أن تقدم الشركات ""بابًا خلفيًا"" للوصول إلى الرسائل المشفرة، ولكن هذا قد يعرض النظام للخطر."
752,أفاد تقرير إخباري أن شخصاً قتل في اشتباكات مذهبية بين العرب المالكيين والأمازيغ الإباضيين في بلدة بريان شمال ولاية غرداية، التي تبعد حوالي 600 كيلومتر جنوب الجزائر. وقعت الاشتباكات الخميس (11 نيسان/ أبريل 2014) وارتفعت حدتها بعد صلاة الجمعة في وسط البلدة التي تبعد حوالي 45 كيلومتراً عن غرداية. وقد أصيب شاب آخر بجروح وهو في حالة غيبوبة، وفقاً لمصادر محلية. بدأت الاشتباكات بعد صلاة الجمعة في أحد مساجد البلدة، حيث توجهت مجموعة من السكان إلى المسجد للانتقام من هجوم سابق. وقد وقعت خسائر مادية كبيرة، حيث أحرقت بعض المنازل والمتاجر. هذه الاشتباكات ليست الأولى من نوعها، فقد وقعت مواجهات مشابهة في شهر آذار/ مارس وأسفرت عن سبعة قتلى وأكثر من 400 جريح. وقد تصاعدت حدة التوترات بين العرب
753,منح جوزيه مورينيو ماتا شارة القيادة في مباراة يونايتد ضد بيرنلي، وهو الأمر الذي نفاه ماتا، الذي أكد أنه يشعر بأهميته في الفريق منذ انتقاله من تشيلسي إلى يونايتد. ورغم مشاركة ماتا في 13 مباراة هذا الموسم، فقد فشل في التسجيل. وأكد ماتا أن العلاقة بينه وبين مورينيو احترافية، وأنهما لم يتحدثا خارج السياق المعروف.
754,"يهود الفلاش مورا، المعروفين أيضاً بيهود إثيوبيا، يواجهون تحديات قانونية وثقافية في إسرائيل. لا يتم منحهم الجنسية بشكل آلي عند وصولهم، على عكس ما يحدث مع معظم يهود العالم. وقد سمحت عمليات سرية في الثمانينات بنقل بعضهم إلى إسرائيل، وبعضهم لديه صلات قربى مع الفلاش مورا. يتم النظر في طلبات هجرتهم بشكل فردي، ويقيم الآلاف منهم في إثيوبيا. الكثير منهم من طائفة بيتا إسرائيل، التي كانت جزءًا من مملكة أكسوم القديمة، لكنهم تحولوا إلى المسيحية في القرن التاسع عشر. ورغم عودتهم إلى اليهودية، لم يتم الاعتراف بهم ""ك يهود بالكامل"" من قبل وزارة الداخلية الإسرائيلية. وقد شهد المجتمع الإسرائيلي جدلاً حول استقدام أحفادهم. وقد تعهدت وزيرة الهجرة الإسرائيلية بنينا تامانو شاتا بجلب بقية الفلاش مورا"
755,"أم عيد، امرأة من جنوب المغرب، لا تخفي معاناتها من فيروس نقص المناعة البشري، الذي انتقل إليها من زوجها. واجهت المجتمع وأسرتها، التي كانت محافظة في السابق، بعد اكتشاف إصابة ابنتها بالفيروس خلال الحمل. رفضت أن تكون ضحية أو أن تكون متهمة بممارسة الدعارة بعد وفاة زوجها.

أم عيد، التي أصبحت ""امرأة قوية""، كسرت قيود الأسرة التي كانت ترفض تعليم البنات أو اشتغالهن. أسست مشروع خياطة وحلاق، مدعومة من جمعية محلية، وتعمل الآن على توسيعه.

سمية، ابنة أم عيد، تعبر عن استيائها من وصم المجتمع للنساء المصابات بالايدز. هي تصر على أنه لا ينبغي اتهام النساء بممارسة الدعارة بسبب ولادتهن حاملة للفيروس."
756,ارتفع عدد القتلى في العراق اليوم الجمعة إلى 51، معظمهم نتيجة لعمليات إعدام جماعية، وفقا لمصادر أمنية وطبية. وقعت الهجمات في بغداد ومحافظات ديالى ونينوى وصلاح الدين، بالإضافة إلى كركوك، وهي مدينة متعددة الأعراق. تم تأكيد مقتل 22 شخصا، بما في ذلك 18 شخصا تم اختطافهم من منازلهم وأعدموا بالرصاص في الرأس في الطارمية شمال بغداد. تم العثور على سبع جثث أخرى مقطوعة الرأس في هجوم منفصل في شمال العراق. تم العثور على الجثث الثماني عشرة في مكان واحد في بلدة المشاهدة، التي يغلب عليها السنة وتقع على بعد حوالي 30 كيلومترا شمال بغداد. يلقي مسؤول بارز في الشرطة اللوم على تنظيم القاعدة في الحادث. في حوادث أخرى، قتل أربعة أشخاص، بما في ذلك امرأة، في هجمات متفرقة شمال بغداد.
757,"ماريون دونهوف، الصحفية والأديبة الألمانية، كان لها تأثير كبير في الصحافة الألمانية. كانت تكتب في جريدة ""دي تسايت"" الأسبوعية، وهي جريدة أسسها مجموعة من الرجال في مدينة هامبورغ بعد الحرب العالمية الثانية. 

مقال دونهوف الذي تم اكتشافه من قبل هؤلاء الرجال كان يتضمن نصائح حول كيفية إدارة ألمانيا بعد نهاية الديكتاتورية الهتلرية. وقد أعجب الرجال بهذا المقال، وقرروا البحث عن الكاتب، وعرضوا عليها الانضمام إلى أسرة تحرير الجريدة.

بدخولها الصحافة، كانت دونهوف تتخلى عن حلمها السابق بأن تصبح أديبة. كانت تبلغ من العمر 36 عامًا عندما بدأت العمل في ""دي تسايت"". ورغم أنها كانت تريد أن تصبح أديبة، إلا أنها أصبحت واحدة من أبرز الصحفيات في ألمانيا بعد الحرب"
758,أجرى رئيس نادي ريال مدريد، فلورنتينو بيريز، تصريحات حول هاري كين، لاعب توتنهام هوتسبير، حيث أشاد بمهاراته ولكنه أكد على عدم الحاجة إلى انتدابه، نظرا للفريق الحالي الممتاز. وقال بيريز إن توتنهام قد طلب مبلغاً قياسياً في العالم للاستغناء عن كين، وهو ما يعادل 250 مليون يورو. وعلى الرغم من ذلك، فقد أعرب بيريز عن سعادته باللاعبين الحاليين لدى ريال مدريد، بما في ذلك المواهب التي جاءت من توتنهام، مثل لوكا مودريتش وغاريث بيل. وقد أنشأ بيريز علاقة جيدة مع دانيل ليفي، رئيس توتنهام، على حد قوله، حيث أن ريال مدريد قد فاز بدوري أبطال أوروبا باستخدام لاعبي توتنهام في عدة مناسبات.
759,تزايدت التوترات في شمال مالي، وتحديدا في مقاطعة كيدال، قبل انتخابات الرئاسة المقررة في 28 يوليو. وفي تطور جديد، تم اختطاف مسؤولين رسميين، بما في ذلك نائب رئيس بلدية تساليت، من قبل جماعات الطوراق المتمردة. وبحسب ما أفاد به حاكم كيدال آداما كميسيكو لوكالة أسوشيتد برس، فقد تم نقل المسؤولين من قبل القوات الفرنسية الخاصة إلى معسكر عسكري في تساليت. ولم يتم الكشف عن عدد المسؤولين المختطفين، لكن يعتقد أن عددهم يتراوح بين اثنين إلى ستة. وقد تم القبض على عضو في حركة تحرير أزواد للمتمردين بتهمة ترتيب عملية الاختطاف.
760,أعلنت فيسبوك عن نيتها توسيع برنامج التعرف على الأنماط السلوكية ليشمل دولاً أخرى، بعد نجاحه في الولايات المتحدة. يقوم البرنامج بتحليل النصوص في المنشورات والتعليقات للبحث عن عبارات قد تدل على الانتحار. وقد بدأ البرنامج في الولايات المتحدة في مارس/آذار، حيث يقوم بتحليل المنشورات والتعليقات للبحث عن عبارات تدل على الانتحار. عند رصد البرنامج لهذه العبارات، ينبه فريق من المتخصصين في فيسبوك يتدخلون ويقدمون المساعدة. وقد قالت فيسبوك أنها تعتزم توفير الدعم على مدار الساعة. ولم تذكر الشركة الدول التي سيشملها البرنامج، لكنها قالت أنه سيكون متاحاً في جميع أنحاء العالم باستثناء الاتحاد الأوروبي. وتستخدم فيسبوك بيانات المستخدمين لأغراض الدعاية، لكن هذا البرنامج يظهر مدى استعدادها لمسح المحادثات بشكل ممنهج بحثاً عن أنماط سلوكية ضارة.
761,قامت الشرطة الألمانية بعمليات بحث عن مشتبه بهم محتملين آخرين بعد اعتقال شخصين أمس الخميس، بما في ذلك زوجان، في بلدة شمال فرانكفورت. وكان الزوجان قد اعتقلا بعد مداهمة أدت إلى العثور على قنبلة محلية الصنع في سيارتهما. وكان الرجل البالغ من العمر 35 عاما وزوجته البالغة من العمر 34 عاما قد اعتقلا بعد عمليات تفتيش منفصلة في أوبرورسل. وكان الزوجان قد قاما بإلغاء سباق دراجات دولي كبير في فرانكفورت بسبب مخاوف أمنية، حيث يعتقد أن الزوجين كانا يخططان لهجوم محتمل على السباق. وكانت المواد المتفجرة التي عثر عليها كافية لقتل أو إصابة عدد كبير من الأشخاص.
762,تظهر استطلاعات الرأي أن رئيس الوزراء المحافظ كرياكوس ساماراس يتأخر خلف زعيم حزب سيريزا اليساري، أليكسيس تسيبراس. وقد أكد ساماراس أنه عمل بجد للحفاظ على موقع البلاد وضمان ثقة اليونان مرة أخرى، في حين يقول تسيبراس إن حزبه سيعيد الكرامة لليونان. يريد تسيبراس إعادة التفاوض على ديون البلاد وإنهاء إجراءات التقشف، لكن ساماراس يحذر من أن حزب سيريزا قد يجبر اليونان على التخلي عن اليورو. تشير الاستطلاعات إلى أن مستقبل اليونان ضمن الكتلة الأوروبية المكونة من 19 عضوا يعتمد على نتائج الانتخابات البرلمانية. ارتفعت المخاوف بين المستثمرين وقادة الاتحاد الأوروبي بشأن احتمال خروج اليونان من منطقة اليورو إذا فاز حزب سيريزا. قالت المستشارة الألمانية أنغيلا ميركل، التي يتهمها العديد من اليونانيين بأنها وراء إجراءات التقشف وست
763,"كتب وزير الخارجية التركي مولود جاويش أوغلو مقالا لصحيفة فونكه الألمانية, دعا فيه إلى بداية جديدة للتفاهم المتبادل بين ألمانيا وتركيا, مشيرا إلى أن البلدين يواجهان تحديات عديدة في عصرهما الحالي. وأعرب عن أمله في أن يتمكن الطرفان من الخروج من ""دوامة الأزمة"" الحالية من خلال الحوار والتعاون.

كما أكد جاويش أوغلو على أهمية الحوار السياسي بين البلدين, ودعا إلى استمرار قنوات الحوار غير الرسمية أيضا. وأعرب عن رغبته في أن تتخذ ألمانيا موقفا حاسما بشأن حركة فتح الله غولن وحزب العمال الكردستاني, الذين تحملهما تركيا مسؤولية محاولة الانقلاب الفاشلة في 2016.

وفي السياق نفسه, أشاد الوزير بالتعاون بين ألمانيا وتركيا في مجال الأمن, رغم الصعوبات التي تمر بها العلاقات بين البلدين. وأشار إلى التبادل الفعال للمعلومات الاستخباراتية بين الجانبين, خاصة فيما"
764,"أعرب وزير الخارجية الألماني غيدو فيسترفيله عن غضبه وانزعاجه من الأحكام القاسية الصادرة عن محكمة مصرية بحق عاملين في مؤسسة كونراد أديناور، بما في ذلك قرار إغلاق مكتب المؤسسة في القاهرة. وقد حكمت المحكمة غيابيا على مدير المكتب بالسجن خمسة أعوام بتهمة تلقي أموال بطريقة غير مشروعة والعمل دون الحصول على ترخيص رسمي. كما أغلقت المحكمة خمسة فروع لمنظمات أجنبية أخرى، بما في ذلك أربع منظمات أمريكية، وصادرت ممتلكاتها وأوراقها. وقد انتقد مدير مؤسسة كونراد أديناور الألمانية بشدة قرار المحكمة واعتبره ""ضربة قاسية ضد المجتمع المدني ودولة القانون في مصر""."
765,"ندد الأمين العام للأمم المتحدة بان كي مون بقطع المياه عن حلب، وطالب ""كل الأطراف بضمان عودة إمدادات المياه بشكل دائم"". هذا وقد قطعت المياه عن حلب لأسبوع كامل، وذلك بشكل رئيسي بسبب قيام جبهة النصرة، الفرع السوري لتنظيم القاعدة، بوقف عمل المحطة الرئيسية لضخ المياه في المدينة، كوسيلة للضغط على النظام السوري للحد من الهجمات الجوية المكثفة التي ينفذها الجيش السوري في المدينة وريفها، منذ منتصف كانون الأول/ديسمبر، وفقاً للمرصد السوري لحقوق الإنسان. ومنذ أيام عادت المياه إلى بعض أجزاء هذه المدينة التي كانت تعد العاصمة الاقتصادية لسوريا قبل اندلاع النزاع وثاني كبرى مدن البلاد."
766,"يتوقع فولكر بيرتس، الخبير الألماني في شؤون الشرق الأوسط، أن تركيا لن تحقق أهدافها من العملية العسكرية في سوريا. رغم الانتقادات الحادة في الغرب بشأن ملف حقوق الإنسان، ينصح بيرتس الحكومة الألمانية بالحفاظ على الحوار مع أنقرة. زيارة رئيس الوزراء التركي بن علي يلدريم إلى ألمانيا يوم الخميس ستشمل محادثات مع المستشارة الألمانية أنغيلا ميركل، ويقول بيرتس إن تركيا تظل شريكا مهما، اقتصاديا وسياسيا وأمنيا. ينتقد بيرتس العملية العسكرية في عفرين، ويصفها بأنها جبهة جديدة في الحرب السورية لم يكن لها ضرورة. العلاقات بين تركيا والولايات المتحدة دخلت مرحلة صعبة، بسبب تضارب مصالحهما في الحرب السورية، وتهديد الرئيس التركي رجب طيب أردوغان بتوجيه ""صفعة عثمانية"" للقوات الأمريكية، ورد الولايات المتحدة بتهديد مماثل. من المتوقع أن تكون المحادثات بين وزير"
767,"ناقشت صحف بريطانية صباح الأحد ""تعهد إيران بمواصلة عمل العالم الذي تم اغتياله"" و""مسؤولية إسرائيل عن عملية الاغتيال"" علاوة على ""أسلوب بايدن في التعامل مع إيران"".

الصنداي تليغراف نشرت تقريرا لمراسلها في القدس جيمس روزويل بعنوان ""إيران تتعهد بمواصلة عمل العالم الذي تم اغتياله"". يقول روزويل إن الحكومة الإسرائيلية رفضت التعليق على التقارير الصحفية التي نقلت اتهام طهران لها بالوقوف وراء العملية لكنه كان يعرف في تل أبيب على أنه "":أبو البرنامج النووي الإيراني"" كما أنه كان قائدا في الحرس الثوري الإيراني.

وينقل التقرير عن عاموس يادلين مدير معهد دراسات الأمن القومي في إسرائيل قوله في تغريدة على موقع تويتر ""سواء قامت إيران بالانتقام أو اختارت غير ذلك فسوف يكون من الصعب على جو بايدن"
768,"خلال زيارته للمنطقة، أكد وزير الخارجية الإيراني، محمد جواد ظريف، على أن إيران تقف إلى جانب شعوب المنطقة في مواجهة التطرف والطائفية. وتأتي هذه الدعوة خلال أول زيارة يقوم بها ظريف في المنطقة بعد توقيع الاتفاق النووي، الذي يثير مخاوف دول الخليج العربية.

وفي مؤتمر صحفي في سفارة بلاده بالكويت، قال ظريف: ""كل تهديد لأي دولة هو تهديد للجميع. ولا يمكن لأي دولة أن تحل المشاكل الإقليمية دون مساعدة الدول الأخرى"". وقد زار ظريف الكويت وقطر ثم العراق في إطار جولته في المنطقة.

وعبرت أغلب دول الخليج عن مخاوفها من أن يقرب الاتفاق النووي بين الولايات المتحدة وطهران، الذي وقع في 14 يوليو/تموز، بين واشنطن وطهران، ويطلق يدها في دعم حلفائها في الشرق الأوسط على حساب الدول العربية.

وأضاف ظريف أن ""إيران تقف"
769,"حقق العداء الكيني إليود كيبتشوغ المركز الأول في سباق الماراثون في برلين, محطما الرقم القياسي العالمي السابق الذي كان بحوزة العداء الكيني الآخر باتريك ماكاو. وكان كيبتشوغ, الذي حصل على الميدالية البرونزية في أولمبياد لندن 2012, قد اندفع من الجمهور قبل نهاية السباق, لكنه تم طرده من قبل عناصر الأمن. أما في منافسات السيدات, فقد فازت الكينية فلورنس كيبلاغات بالمركز الأول, وقطعت السباق في زمن قدره ساعتين و21 دقيقة و12 ثانية. وحلت مواطنتها شارون شيروب في المركز الثاني, بينما احتلت الألمانية إيرينا ميكيتينكو المركز الثالث."
770,"تفرقت قوات الأمن التونسية اليوم الأحد مجموعات من السلفيين الذين حاولوا نصب خيام للدعوة وتوزيع منشوراتهم في مدينتي تطاوين ومدنين في جنوب شرق البلاد, وفقا لإفادة إذاعة شمس إف إم. ومنعت الشرطة في المكان نصب خيمة أمام مقر الولاية في تطاوين, كما منعت بعض السكان من نصب خيمة في المكان نفسه تمهيدا لتظاهرة ضد البطالة. وهدد وزير الداخلية لطفي بن جدو, الذي لا ينتمي إلى أي حزب, بملاحقة ""كل شخص يدعو إلى القتل ويحرض على الحقد"" وينصب خيمة دعوة. وفي مدنين, تجمع سلفيون في وسط المدينة منددين ""بمضايقات"" الشرطة ومرددين ""الداخلية وزارة الإرهاب"" خلال تظاهرة طوقها انتشار أمني كبير. لكن لم تشر إلى وقوع أعمال عنف في المدينتين على ما أفادت الإذاعة."
771,"تعرضت كينيا لهجمات عنيفة مؤخراً، حيث قتل اثنان من رجال الشرطة الذين كانوا يحرسون إحدى الكنائس، وأصيب العديد من الأشخاص. وقع الهجوم في الكنيسة الكاثوليكية وكنيسة أخرى تسمى ""الكنيسة الأفريقية المستقلة"". أطلقت مجموعة من ""قطاع الطرق"" يرتدون أغطية للرأس النار وألقوا قنابل يدوية على الكنيستين. هذا جزء من عملية بدأت في أكتوبر تهدف إلى إنهاء حوادث الخطف والعنف في كينيا، التي اتهمت جماعة الشباب الصومالية بارتكابها. لم تعلن أي جماعة مسؤوليتها عن الهجوم، لكن من المعتقد أن تكون جماعة الشباب أو المتعاطفين معها وراء ذلك."
772,في خطاب لعمال مصنع للسيارات في فولغا، أعلن الرئيس الروسي فلاديمير بوتين عن نيته الترشح لولاية أخرى كرئيس لروسيا الاتحادية، وهو منصب يشغله منذ عام 2000. وإذا فاز في انتخابات مارس، فسوف يحق له البقاء في السلطة حتى 2024. على الرغم من منع زعيم المعارضة الرئيسي في روسيا، أليكسي نافالني، رسميا من الترشح، بسبب إدانته بالاختلاس، يعتقد أن بوتين ما زال المرشح المفضل، بفضل شعبيته بين الروس الذين يرونه زعيما قويا استعاد وضع روسيا دوليا.
773,"قال القائد السابق لمنتخب ألمانيا لكرة القدم فرانس بيكنباور يوم الاثنين إن برشلونة لن يستسلم بعد هزيمته 4-صفر في ذهاب نصف نهائي دوري أبطال أوروبا أمام بايرن ميونيخ. وقال بيكنباور لصحيفة بيلد الألمانية إن برشلونة سيحاول ""كل الحيل"" لتعديل النتيجة، بعد أن ""جرحت كرامتهم"". وقال بيكنباور، الذي قاد بايرن للفوز بثلاثة ألقاب متتالية لكأس أوروبا في السبعينيات، إن برشلونة سيحاول تشتيت تركيز لاعبي بايرن بالمواجهات الثنائية، مضيفا أن على لاعبي بايرن ألا ""ينجروا"" إلى هذه الخدعة."
774,تسبب الخلاف حول اتفاق تعيين الحدود بين مصر والسعودية في جدل سياسي وقانوني، حيث أعلن القضاء أن أي حكم صدر أو سيصدر من القضاء العادي (الأمور المستعجلة) لن يكون له أي تأثير. وقد قضت محكمة الأمور المستعجلة بوقف تنفيذ أحكام القضاء الإداري التي تبطل الاتفاقية. وقد أشار خالد علي، المرشح الرئاسي السابق، إلى أن قضاء الأمور المستعجلة ليس مختصا بأي منازعات تتعلق بأحكام القضاء الإداري. وقد قال رئيس مجلس النواب المصري، علي عبد العال، إن جميع أحكام القضاء بشأن الاتفاقية لا يعتد بها، حيث أن البرلمان هو الجهة الوحيدة المنوط بها مناقشة هذه الاتفاقية. وقد أقر البرلمان الاتفاقية بأغلبية الأصوات، لكن تنفيذها لا يزال ينتظر تصديق رئيس الجمهورية عليه. وقد دعت عدة أحزاب وحركات سياسية إلى مظاهرات حاشدة احتجاجا على الاتفاقية، التي تنص على نقل السيادة على
775,"وصلت أول مجموعة من اللاجئين السوريين إلى هانوفر، ومن المقرر أن يتم نقلهم إلى مركز خاص باللاجئين في فريدلاند، والذي يبعد 140 كم عن هانوفر. ومن المتوقع وصول مجموعة ثانية من 16 لاجئًا سوريًا في وقت لاحق من يوم الاثنين. بالإضافة إلى ذلك، وصلت عبارة تقل مهاجرين معادين من اليونان إلى مرفأ ديكيلي التركي صباح الاثنين كجزء من اتفاق الاتحاد الأوروبي مع تركيا للحد من عدد اللاجئين الذين يصلون إلى أوروبا. ينص الاتفاق على أن مقابل كل سوري يتم إعادته إلى تركيا من اليونان، سيستقبل الاتحاد الأوروبي واحدًا آخر. حتى الآن، تم نقل أكثر من 72,000 سوري إلى تركيا بموجب هذا الاتفاق."
776,"كشفت الشرطة البريطانية أن الهجوم الذي وقع في لندن في الثالث من يونيو/حزيران كان من الممكن أن يكون أكثر دموية، حيث حاول المهاجمون استئجار شاحنة تزن سبعة أطنان ونصف، ولكنهم عادوا واختاروا شاحنة أصغر حجما. وقالت الشرطة إن الرجال اختاروا شاحنة صغيرة من طراز رينو بدلا من ذلك، استخدموها لدهس المارة على الجسر قبل أن يتركوها ويبدؤوا في طعن الضحايا في منطقة بورو ماركت. وفي يوم الاعتداء، حاول أحد المهاجمين الحصول على شاحنة عبر الإنترنت، ولكن ""آلية الدفع"" فشلت، حسبما أوضح رئيس وحدة مكافحة الإرهاب في الشرطة البريطانية. وأوضح هايدن أنه لو تمكن المهاجمون من الحصول على شاحنة أكبر، لكانت العواقب أسوأ بكثير. وقال إن المحققين يعملون على مدار الساعة لفهم ما فعله المهاجمون في الفترة التي سبقت الهجوم، ولكنهم بحاجة"
777,توفي شخص وأصيب 14 آخرين في حريق في نزل للاجئين بمدينة بامبرغ في ألمانيا، حسب شرطة ألمانيا يوم الأربعاء 15 نوفمبر/تشرين الثاني 2017. ولا تزال أسباب الحريق غير معروفة، لكن الشرطة أكدت أن الحريق اندلع في ساعات الصباح الأولى وانتشر بسرعة في المبنى المكون من طابقين، والذي كان يضم في ذلك الوقت 163 شخصاً، أغلبهم قد غادروا النزل بعد تدخل السلطات. وقد تم نقل اللاجئين إلى وحدات سكنية شاغرة.
778,تمكنت قوات الجيش من تحرير أربع رهائن أجانب و600 جزائري من منشأة يحتلها مسلحون إسلاميون، وفقاً لوكالة الأنباء الجزائرية الرسمية. كما أفادت الأنباء عن مقتل عدد من الرهائن والمسلحين في العملية. ولم يتم تأكيد هذا الخبر من مصادر مستقلة بعد.
779,"أعلنت وزارة الخارجية البريطانية أن إيران أفرجت عن المواطنة البريطانية من أصل إيراني نازانين زاغاري راتكليف، بعد أربع سنوات قضتها في السجن بتهمة التجسس، لكنها أبعدتها إلى بريطانيا. وقال وزير الخارجية البريطاني جيريمي هانت إن هذه الخطوة لا ينتظر منها تحقيق ""الإفراج الفوري""، لكنها ""إجراء دبلوماسي مهم"". وأضاف أن هذا يبين للعالم كله أن ""نازانين بريئة""، وينبه إيران إلى أن تصرفها ""خاطئ تماما""."
780,بعد الغارات الجوية، نفذ الجيش حملة تمشيط في منطقة الصفراء وحجر لمطاردة الحوثيين. تسعة مسلحين قتلوا في هجوم على تعزيزات عسكرية. الوضع الإنساني في مدينة عمران يزداد سوءاً مع انقطاع الكهرباء المستمر، وتوقف خدمات ضخ المياه، وأزمة الوقود المتفاقمة. الآلاف من سكان المدينة فروا من الاشتباكات التي وقعت في المدينة يوم الأحد بين الجيش والحوثيين. واتهمت مصادر عسكرية مسلحين من أتباع الرئيس السابق وبعض الأحزاب بالمشاركة في الهجمات والقتال في صفوف الحوثيين، لكن هذه الأطراف تنفي هذه الاتهامات.
781,أعرب العديد من الأتراك الذين يعيشون في ألمانيا عن تقديرهم للزيارة المرتقبة للرئيس التركي، رجب طيب أردوغان، إلى ألمانيا. يرى الكثيرون أن أردوغان مفيد لتركيا، ويعبرون عن أملهم في أن يعمل على تحسين حياة الأتراك الذين يعيشون في ألمانيا. ومع ذلك، هناك أيضا من ينتقدون بعض جوانب سياسات أردوغان، مثل ضغطه على وسائل الإعلام وموقفه المحافظ. على الرغم من هذه الانتقادات، يدعم العديد من الأتراك في ألمانيا الرئيس وسياساته.
782,"قتل أكثر من 6000 شخص في اليمن، نصفهم من المدنيين، وفقاً للأمم المتحدة. دعا الحوثيون إلى تشكيل لجنة دولية محايدة، حيث طالب محمد الحوثي، رئيس ""اللجنة الثورية العليا"" التابعة للحوثيين، بضم شخصيات دولية إلى اللجنة مثل فيديريكا موغريني، المفوضة العليا للسياسة الخارجية في الاتحاد الأوروبي، وزيد بن الحسين، المفوض السامي للأمم المتحدة. كما طالب الحوثي الأمم المتحدة والاتحاد الأوروبي والمنظمات المستقلة بالضغط على من وصفها بـ""الدول المعتدية"" للقبول بتشكيل لجنة دولية محايدة لتقصي الحقائق.

وكان التحالف بقيادة السعودية قد أعلن عن تشكيل فريق مستقل لتقييم الحوادث والتحقيق في قواعد الاشتباك وآلية الاستهداف المتبعة. عبر التحالف عن أسفه لسقوط ضحايا مدنيين في اليمن، وطالب بتشكيل لجنة دولية محايدة للتحقيق في الانتهاكات المزعومة للقانون الإنساني الدولي."
783,"أجريت لماكجريجور، البالغ من العمر 58 عامًا، عملية جراحية غير مسبوقة استغرقت 18 ساعة، حيث استخدم الجراحون أجزاء من جلد ساقه لترقيع ذراعه وإصلاح مكان الجراحة. وكان الورم الضخم الذي كان يعاني منه ماكجريجور لمدة عشر سنوات قد انتقل من الحوض إلى الفخذين، بعد فشل محاولات لعلاجه. وكان الجراحون قلقين من أن الفراغ الذي سيتركه الورم بعد استئصاله قد يكون أكبر من أن يعالج. وعلى الرغم من ذلك، قرر الأطباء بمستشفى فريمان في نيوكاسل استئصال الساق اليسرى باستثناء العظام وعمل توصيل لها بالساعد الأيسر للحفاظ على تدفق الدم إلى الذراع. وبعد استئصال الورم الخبيث، استخدم الجراحون أجزاء من جلد الذراع لإصلاح الفجوة التي تركتها العملية. ووصف ماكجريجور ما فعله الأطباء بأنه """
784,"انفجرت قنبلة في دراجة نارية خارج مكتب هيئة علماء القلمون في عرسال، وهي منظمة من رجال الدين في البلدة، خلال اجتماع، مما أسفر عن مقتل رئيس الهيئة الشيخ عثمان منصور، حسبما أفادت وكالة الأنباء الوطنية. وكان العلماء يعملون على إطلاق سراح المحتجزين من قوات الأمن اللبنانية الذين خطفتهم جماعة جبهة النصرة الموالية لتنظيم القاعدة في سوريا في أغسطس 2014. وكان الهجوم محاولة واضحة لوقف هذه الجهود، حيث قتلت الجماعة أربعة من المحتجزين حتى الآن. وكانت البلدة مسرحاً لمعارك عنيفة العام الماضي بين قوات الأمن اللبنانية ومسلحي جبهة النصرة وتنظيم ""الدولة الإسلامية"". وكان اللاجئون السوريون في عرسال، التي يغلب عليها السنة، بين العوامل التي زدت من التوتر الطائفي في لبنان."
785,"أفاد ناشطون والمرصد السوري لحقوق الإنسان بمقتل أكثر من ستين شخصاً في سوريا يوم الجمعة، معظمهم في حلب ودمشق وريفها. وقال رامي عبد الرحمن، رئيس المرصد، لوكالة فرانس برس إن ""المعارك على نطاق غير مسبوق ولم تتوقف منذ الخميس"". وأضاف أن المواجهات كانت تجري في السابق في شارع أو شارعين من قطاع معين، لكنها الآن تدور على جبهات عدة.

وفي الأحياء التي يسيطر عليها النظام في وسط المدينة، أفاد سكان بأن هناك ""إطلاق نار غير مسبوق""، وأن هذه الأحياء تعرضت لقصف بقذائف الهاون بكثافة غير مسبوقة من قبل مقاتلي المعارضة. وقال أحد السكان: ""هذه أول مرة أرى ذلك في السيد علي. عادة نسمع إطلاقتين أو ثلاث، لكن الليلة كانت غير مسبوقة"".

كما تتعرض الأحياء التي يسيطر عليها مسلحو المعارضة شرقا"
786,"قوات الأمن الكاميرونية تتعاون في المعركة ضد بوكو حرام، وهي جماعة متشددة مقرها نيجيريا. تم إنقاذ مجموعة من الأطفال، تتراوح أعمارهم بين 5 و 18 عامًا، من معسكر تابع لبوكو حرام في شمال الكاميرون في نوفمبر. تم العثور عليهم خلال عملية أمنية استهدفت مدرسة دينية مشتبه بها. يقول مدير إقليمي من المعهد الوطني الديمقراطي الأمريكي إن الأطفال فقدوا أي صلة بماضيهم بسبب تأثير الجماعة المتشددة عليهم، حيث أصبحوا غير قادرين على التعبير عن أسماءهم أو تتبع أصولهم. وقد وسعت بوكو حرام نطاق عملياتها إلى الكاميرون، حيث تسعى لإقامة ""دولة إسلامية"". وقد أعلنت الجماعة الولاء لتنظيم الدولة الإسلامية، الذي يسيطر على مناطق واسعة في سوريا والعراق."
787,"اكتشف الباحثون في سويسرا جزيئاً حيوياً يدعى ""SIGN-R1"" يمكنه التعرف على جميع أنواع فيروس الإنفلونزا وتحييد تأثيرها على الجسم. هذا الاكتشاف قد يوفر بديلاً للقاحات الإنفلونزا التقليدية، حيث أن الفيروس يمكنه تغيير تركيبه كل عام ليتفادى تأثير اللقاحات. هذا الجزيء يمكنه أيضاً تقييد الفيروسات في الجهاز التنفسي، مما يفتح الباب لتطوير لقاحات جديدة تعتمد على هذا الجزيء. وقد تم نشر نتائج البحث في مجلة ""Nature Microbiology""."
788,تناقش القمة العربية الـ29 في الظهران العديد من القضايا الرئيسية، بما في ذلك الحرب في سوريا، نقل السفارة الأمريكية إلى القدس، والتصعيد في اليمن. تسعى المملكة العربية السعودية إلى التعبئة ضد إيران، ومن المتوقع أن تدعو إلى اتخاذ موقف أكثر حزما ضدها. كما تناقش القمة الحرب في سوريا، نقل السفارة الأمريكية إلى القدس، والتصعيد في اليمن.
789,يمكن تقليل خطر الإصابة بمرض الزهايمر بنسبة 35 في المائة، وفقاً لخبير الأعصاب ريتشارد دوديل من الجمعية الألمانية للطب العصبي. هناك خمسة عوامل حاسمة لحياة طويلة وصحية: الرياضة بانتظام، نظام غذائي صحي ومتوازن، تجنب ارتفاع ضغط الدم، الاختلاط بالآخرين بدلاً من استخدام الهواتف الذكية بشكل مفرط، والمشاركة في الأنشطة الاجتماعية. الرياضة، وبشكل خاص الرياضة التي تتطلب تحملاً، هي الأكثر فعالية. يجب أن يشمل النظام الغذائي الكثير من زيت الزيتون والفواكه والخضروات والحبوب، ويجب أن يشمل السمك مرة واحدة في الأسبوع على الأقل، ولكن يجب تجنب اللحم. يجب مراقبة ضغط الدم والكولسترول ومستويات السكر في الدم بانتظام. يجب قضاء الوقت مع الآخرين بدلاً من استخدام الهواتف الذكية بشكل مفرط، حيث أن الأنشطة الاجتماعية لها تأثير كبير على اللياقة العقلية. يجب أن يشمل الاختلاط بالآخرين
790,"تدين نقابة الصحفيين في مصر الاعتقالات العشوائية التي طالت الصحفيين عمرو بدر ومحمود السقا، حيث اقتحمت قوات الأمن مقر النقابة للقبض عليهما، دون إخطار النقابة أو توفير الحماية لهما. وقد أكدت وزارة الداخلية أن القبض على الصحفيين جاء بالتنسيق مع مسؤول الأمن في النقابة، وأن الصحفيين ""سلما نفسيهما طواعية""، وأنه تم اصطحابهما لعرضهما على النيابة المختصة. تنفي الوزارة استخدام أي نوع من القوة في تنفيذ أمر النيابة، وتشير إلى وجود ""محاولة للزج بالنقابة فى مواجهة مع أجهزة الأمن"". يواجه الصحفيان اتهامات تتعلق بمظاهرات ""يوم الأرض"" في 25 أبريل/نيسان، المناهضة لاتفاق مصر والسعودية على تبعية جزيرتي تيران وصنافير الاستراتيجيتين في البحر الأحمر للمملكة. وقد تجمع عدد من الصحفيين أمام وداخل مقر النقابة احتجاجا على دخول الأمن النقابة والقبض على الصحفي"
791,أعلن الاتحاد الألماني لكرة القدم عن مكافأة لكل لاعب في المنتخب تصل إلى 350 ألف يورو في حال احتفاظهم بلقب كأس العالم في روسيا الصيف المقبل، وهي الأعلى منذ التتويج في البرازيل عام 2014 حيث حصل كل لاعب على 300 ألف يورو. في حالة التأهل إلى الدور ثمن النهائي، ستكون المكافأة 75 ألف يورو، وإلى ربع النهائي 125 ألف يورو، وإلى دور الأربعة 150 ألف يورو، وإلى المركز الثالث في البطولة 200 ألف يورو، وإلى الفوز باللقب مليون يورو.
792,"رجل يبلغ من العمر 63 عامًا من الهند، ابتلع 33 قطعة ذهب، المعروفة بـ ""بسكويت الذهب""، في سنغافورة. حضر إلى الهند بعد 28 يومًا، لكنه لم يتمكن من إخراج القطع بعد أن استقرت في أمعائه الدقيقة. في السابع من أبريل، طلب الرجل إجراء عملية جراحية بسبب ألم ناتج عن ابتلاعه غطاء زجاجة ماء. بعد الأشعة السينية، وجد الأطباء 12 قطعة ذهب في أمعائه. تم إبلاغ الجمارك والشرطة، وتم حجز الذهب، الذي يقدر قيمته بـ 20,000 دولار. خرج الرجل من المستشفى في عهدة الشرطة يوم الثلاثاء."
793,"أوقفت محكمة مصرية الثلاثاء انتخابات تشريعية كانت مقررة هذا الشهر بعد قرار المحكمة الدستورية عدم دستورية جزء من قانون الدوائر الانتخابية، حسبما ذكرت وكالة فرانس برس نقلا عن مصادر قضائية.

وكان من المقرر أن تجرى الانتخابات البرلمانية, وهي الاستحقاق الثالث في خارطة الطريق التي وضعها الجيش بعد عزل الرئيس الإسلامي محمد مرسي في يوليو/ تموز 2013, في 21 مارس/ آذار الجاري.

وأمرت المحكمة الدستورية, أعلى هيئة قضائية في البلاد, الأحد بعدم دستورية المادة الثالثة من قانون الانتخابات المتعلقة بتقسيم الدوائر الفردية لعدم توافق هذا التقسيم مع نص في الدستور ينص على ضرورة التساوي في الوزن الديموغرافي النسبي لكل الدوائر الفردية.

وكانت عدة دعاوى قضائية أقيمت أمام محكمة القضاء الإداري تطالب بوقف انتخابات مجلس النواب لحين فصل المحكمة الدستورية العليا في الطعون المقدمة لها على قانون انتخابات مجلس النواب."
794,"اندلعت احتجاجات ومواجهات بين فلسطينيين وقوات الأمن الإسرائيلية في القدس والضفة الغربية بعد صلاة الجمعة، وذلك رداً على إعلان الرئيس الأمريكي دونالد ترامب الاعتراف بالقدس عاصمة لإسرائيل. وقد شملت الاحتجاجات مدن رام الله والخليل ونابلس وبيت لحم وأريحا في الضفة الغربية، بالإضافة إلى القدس الشرقية. وقد قام المحتجون بإلقاء الحجارة على قوات الأمن الإسرائيلية التي ردت باستخدام الغاز المسيل للدموع والرصاص المطاطي.

بالإضافة إلى ذلك، تظاهر آلاف الأشخاص في إسطنبول بعد صلاة الجمعة، وخرج الآلاف في مسيرة من مسجد الفاتح وسط العاصمة التركية، حيث هتفوا ""القدس لنا وستبقى كذلك!"" و""فلتسقط أميركا، فلتسقط اسرائيل"".

وقد أعلنت تركيا وإسرائيل العام الماضي نهاية أزمة نشبت بينهما على خلفية اقتحام وحدة من القوات الإسرائيلية سفينة مساعدات متوجهة الى غزة في 2010"
795,"وصف رئيس الوزراء التركي بن علي يلدريم منع هولندا لوزيرة الأسرة والسياسات الاجتماعية التركية فاطمة بتول صيان قايا بأنه ""غير مقبول""، ووعد بالرد ""بأشد الطرق"" على هذا الإجراء. وقد منعت السلطات الهولندية هبوط طائرة وزير الخارجية التركي مولود جاويش أوغلو في روتردام، وقامت بطرد وزيرة الأسرة بعد وصولها إلى هولندا. وقد تجمع الآلاف من الأتراك في روتردام للاحتجاج على قرار السلطات الهولندية. وقد أثارت هذه الأحداث توترا بين تركيا وهولندا، حيث رفضت الأخيرة السماح بحملة سياسية لتعزيز صلاحيات الرئيس التركي رجب طيب إردوغان."
796,"اتفق قادة الاتحاد الأوروبي على منع شركات الطيران في الاتحاد الأوروبي من استخدام المجال الجوي لبيلاروسيا، متعهدين بفرض عقوبات اقتصادية جديدة عليها بعد إجبار طائرة على تغيير مسارها بحجة الاشتباه في وجود قنبلة على متنها. ظهر بروتاسيفيتش، 26 عاما، في فيديو يبدو أنه أجبر على تسجيله، واعترفه بما يبدو أنه جرائم اتهمته حكومة بيلاروسيا بالتورط فيها. يعتقد نشطاء أن الفيديو تم إجباره، وهناك مخاوف على سلامة بروتاسيفيتش، الذي قد يتعرض للضرب أو التعذيب. وصف الرئيس الأمريكي جو بايدن الإجراءات البيلاروسية بأنها ""مشينة""، وأعرب والد الصحفي المقبوض عليه عن مخاوفه حيال احتمال تعرض ابنه للتعذيب."
797,"أطلقت الحكومة الألمانية موقعًا إلكترونيًا بعنوان ""حقائق للمهاجرين"" (RumoursAboutGermany.info) لمواجهة المعلومات الخاطئة والشائعات حول الهجرة إلى ألمانيا. يقدم الموقع معلومات دقيقة باللغات العربية والفرنسية والإنجليزية حول اللجوء في ألمانيا. يهدف الموقع إلى توضيح الحقائق والمفاهيم الخاطئة حول الهجرة إلى ألمانيا، مثل الشائعات التي يروجها المهربون حول الأموال والمنازل المخصصة لللاجئين. يأتي إطلاق الموقع كجزء من حملة أكبر انطلقت في عام 2015 تهدف إلى مكافحة المعلومات المغلوطة حول اللجوء في ألمانيا."
798,"خلال السنوات الست الماضية، لم يتمكن عازفو أوركسترا برلين الفلهارمونية، وهي فرقة موسيقية مشهورة، من اختيار قائد جديد للأوركسترا، سايمون راتل، الذي سينتهي عقده في عام 2018. بعد 11 ساعة من المداولات في اجتماعهم يوم الاثنين، لم يتوصل العازفون البالغ عددهم 123 فرداً إلى قرار. أكد عضو مجلس إدارة الأوركسترا بيتر ريغلبور أنهم سيحاولون مرة أخرى اختيار قائد ""خلال عام"". تم عقد الاجتماع في كنيسة جنوب غرب برلين، دون استخدام الهواتف المحمولة. على الرغم من الغموض الذي يحيط بكل قائد أوركسترا على قيد الحياة كمرشح محتمل، فإن الأسماء المرشحة تتضمن أندريس نيلسونس من لاتفيا، البالغ من العمر 37 عاماً والذي يقود أوركسترا سيمفونية برمنغهام وبوسطن، وغوستافو"
799,اندلعت اشتباكات عنيفة في محافظة عمران شمال العاصمة صنعاء بين مسلحي الحوثيين (أنصار الله) وأفراد من اللواء 310 والمحسوب على حزب الإصلاح (التابع للإخوان المسلمين)، مما أسفر عن عشرات القتلى والجرحى. استخدم الطرفان الأسلحة الخفيفة والثقيلة، ووصلت الاشتباكات إلى مواقع مهمة في عمران، بما في ذلك الفنادق ومصنع الأسمنت الحكومي. وقد استقبل مستشفى عمران العشرات من الجثث والجرحى، في حين يعاني من اختناق نتيجة لارتفاع عدد الضحايا. وفي جنوب البلاد، قتل ستة جنود في هجوم نفذته القاعدة في وادي ضيقة بمنطقة محفد في محافظة أبين. كما قتل عدد غير محدد من الحوثيين في غارات شنها الطيران اليمني على مواقع لهم صباح السبت.
800,"قال رامي عبد الرحمن، مدير المرصد السوري لحقوق الإنسان، في مقابلة مع DW، إن مناوشات وقعت بين عناصر من الفيلق الخامس المدعوم من روسيا وعناصر من الميليشيات الموالية للنظام السوري، والمعروفة بـ ""الشبيحة""، في ريف حماة الشمالي. وقد أدت هذه المناوشات إلى اعتقال عناصر الشبيحة من قبل قوات الفيلق الخامس.

ونفى عبد الرحمن التقارير التي تحدثت عن اشتباكات بين الفرقة الرابعة والفيلق الخامس، وأكد أن ما حدث هو اعتقال عناصر الشبيحة الذين كانوا يقاتلون إلى جانب النظام السوري سابقا. وقد طلب الروس من هذه المجموعات حل أنفسها.

وأشار عبد الرحمن إلى أن النظام السوري ليس له تأثير على القرار في الكثير من المناطق السورية، خاصة في العاصمة دمشق، حيث تسيطر أحياء تابعة لأفرع أمنية مختلفة من قوات النظام."
801,"أعلن ميشال فورست، المقرر الخاص للأمم المتحدة المعني بحالة المدافعين عن حقوق الإنسان، أن أكثر من 1100 مدافع عن حقوق الإنسان قد قتلوا بين عامي 2015 و2017 بسبب جهودهم في الدفاع عن حقوق الإنسان. وفي خطابه بمناسبة الذكرى السبعين لإصدار الجمعية العامة للأمم المتحدة ""الإعلان العالمي لحقوق الإنسان""، أشار فورست إلى أن الوضع الحالي ""لا يدعو إلى الارتياح""، حيث يزداد عدد حالات الإفلات من العقاب.

قبل تقديم تقريره للأمم المتحدة حول حالة حقوق الإنسان في 140 دولة، أكد فورست على أن جرائم القتل هذه يرتكبها بشكل متزايد ""الجريمة المنظمة""، وأحياناً بدعم من ""شركات دولية"" تعمل في قطاع التعدين.

كما أعرب فورست عن قلقه بشأن حملات التشهير والتعدي على الحقوق التي يتعرض لها المدافعون عن حقوق الإنسان، بالإضافة إلى"
802,قالت رئيسة الوزراء الدنماركية، هيلي ثورنينغ شميت، إن الهجمات الأخيرة عززت الوحدة في البلاد. وقد قتل شرطيان في الهجوم، وتوفي المشتبه فيه برصاص الشرطة. وحضر عشرات الآلاف تجمعاً في كوبنهاغن ترحماً على الضحايا، بمشاركة مسؤولين سياسيين من دول مجاورة. كما تجمع الناس في مواقع مختلفة في جميع أنحاء البلاد لدقيقة صمت ورفع المشاعل. وقد اعتقلت السلطات سابقاً رجلين بتهمة توفير الأسلحة المستخدمة في الهجوم.
803,"أعلنت الإمارات العربية المتحدة، عبر وزير الدولة للشؤون الخارجية أنور قرقاش، عن استئناف سفارتها في اليمن للعمل، وذلك ""دعما وترسيخا للشرعية الدستورية في اليمن ممثلة في الرئيس عبد ربه منصور هادي وحكومته."" يأتي هذا القرار بعد أن انضمت الإمارات إلى عدد من الدول العربية والغربية في تعليق أعمال سفاراتها في اليمن بسبب التدهور الأمني الذي عقب استحواذ الحوثيين على السلطة في صنعاء. وقد شدد الوزير قرقاش على رفض الإمارات ""المطلق للانقلاب الحوثي على الشرعية والخطوات التعسفية اللاحقة."" وكانت الإمارات قد علقت أعمال سفارتها في فبراير/شباط الماضي، إلى جانب السعودية وقطر والكويت والبحرين والولايات المتحدة وبريطانيا وفرنسا وإيطاليا وألمانيا، بسبب المخاوف الأمنية. وقد استولى الحوثيون على صنعاء في سبتمبر/أيلول 2014، مما أدى إلى استقالة الرئيس هادي ورئيس الحكومة خالد بحاح في يناير/"
804,"ارتفعت حصيلة تفجير سيارة مفخخة تبناه تنظيم ""الدولة الإسلامية"" في سوق شعبي بمنطقة خان بني سعد شمال شرق بغداد يوم أمس الجمعة إلى أكثر من 100 قتيل و17 مفقودا، بحسب مسؤول كبير. وأكد أن عدد جرحى التفجير بلغ 120 شخصا، وأن 15 طفلا قتلوا في التفجير الذي وقع وسط سوق شعبي فيما كان المواطنون يتسوقون عشية عيد الفطر."
805,التقى الرئيس الأمريكي جورج دبليو بوش مع الرئيس الروسي فلاديمير بوتين يوم الأحد لمناقشة العلاقات المتوترة بين البلدين، وخاصة الخطط الأمريكية لإنشاء نظام دفاع صاروخي في شرق أوروبا والخلافات حول كيفية التعامل مع البرنامج النووي الإيراني. عقدت المحادثات في مزرعة عائلة بوش في كينيبنكبورت، مين، حيث ناقش الزعيمان لمدة يومين سبل تحسين العلاقات التي وصلت إلى أدنى مستوى لها منذ نهاية الحرب الباردة. تتضمن القضايا الرئيسية على جدول الأعمال الدرع الصاروخي، رفض إيران الامتثال لمطالب مجلس الأمن الدولي، ومنح إقليم كوسوفو الاستقلال عن صربيا. قلل كل من البيت الأبيض والكرملين من فرص تحقيق انفراجة كبيرة خلال الاجتماعات.
806,أعلن المدعي العام الألماني، هارالد رانغه، يوم الأربعاء 4 يونيو/حزيران، عن بدء التحقيق في الاشتباه بالتجسس على هاتف المستشارة الألمانية، أنغيلا ميركل، المحمول من قبل أجهزة استخباراتية. وقد تم الإعلان عن ذلك خلال جلسة غير علنية للجنة الشؤون القانونية في البرلمان الألماني (البوندستاغ). وأكد رانغه أن المشتبه به يدور حول التجسس وأنشطة استخباراتية، وأنه يحتفظ بحقه في التحقيق في تعرض مواطنين آخرين للتجسس إذا ظهر أي دليل جديد خلال التحقيق في قضية ميركل. ومن المقرر أن تبدأ التحقيقات بالاستماع إلى إفادات الشهود، ومن المتوقع أن يكشف رانغه عن مزيد من التفاصيل في وقت لاحق من اليوم. بالإضافة إلى ذلك، تعمل لجنة تحقيق برلمانية على التحقيق في أنشطة وكالة الأمن القومي الأمريكية (إن إس إيه) والأجهزة الاستخباراتية الأخرى
807,"أعلنت انستغرام، وهي منصة تمتلكها فيسبوك، أن مستخدميها من المشاهير كانوا هدفاً لهجوم إلكتروني، حيث أرسلوا رسائل إلى أصحاب الحسابات الموثقة، والذين يعتبر معظمهم مشاهير، لإبلاغهم بذلك. استهدف المهاجمون الإلكترونيون ""أو ربما أكثر"" بيانات اتصالاتهم، وفقاً لشركة انستغرام. لم يتم سرقة كلمات المرور، ولكن تم تحذير المستخدمين لمراقبة أي أنشطة مشبوهة. تم تتبع هذا الاختراق الأمني إلى خلل في برمجيات الشركة. تم إصلاح الخلل، ونصحت المنصة المستخدمين الموثقة حساباتهم بالحذر من الاتصالات الهاتفية غير المتوقعة، والرسائل النصية، أو الرسائل الإلكترونية. تمتلك انستغرام أكثر من 500 مليون مستخدم حول العالم، و 300 مليون منهم يستخدمون التطبيق بشكل يومي."
808,تشير دراسة حديثة في ألمانيا إلى أن العديد من الأزواج، وخاصة الأصغر سنا، يختارون العيش منفصلين للحفاظ على التوازن بين العمل والحياة، أو للحفاظ على درجة معينة من الحرية الشخصية. وقد وجد الباحثون أن حوالي 15 في المائة من الأزواج انفصلوا، وأن ثلث هؤلاء يعيشون معا مرة أخرى. وتشمل الأسباب الشائعة لهذا الانفصال متطلبات العمل، والحاجة إلى المرونة، والرغبة في الحفاظ على الحرية الشخصية.
809,"النقرس هو نوع من التهاب المفاصل الناجم عن ارتفاع مستويات حمض اليوريك في الجسم، وغالبًا ما يسبب نوبات ألم شديدة وتورم والتهاب في المفاصل، وخاصة في إصبع القدم الكبير. وهو مرض وراثي شائع يؤثر على الرجال أكثر من النساء ويمكن أن يكون نتيجة لمضاعفات من أمراض أخرى مثل السرطان وأمراض القلب والكولسترول والسكري.

يمكن أن يؤدي النقرس إلى مضاعفات خطيرة إذا لم يتم علاجه بشكل صحيح، بما في ذلك حصى الكلى أو حتى الفشل الكلوي. لذا، من الضروري البحث عن العلاج فورًا إذا كنت تعاني من أعراض النقرس.

يمكن أن يشمل العلاج أدوية لتقليل الالتهاب والألم، وأدوية تساعد الجسم على التخلص من حمض اليوريك، وتغييرات في النظام الغذائي لتجنب الأطعمة التي يمكن أن تزيد من مستويات"
810,يعبر الفلسطينيون عن رفضهم لتطبيع الدول العربية مع إسرائيل، حيث يقول قاسم إن الحكومات مهزومة نفسيا وتحاول فرض هذه الهزيمة على الشعوب، التي يجب أن تقاوم. أصدرت جمعيات سياسية ومدنية، بما في ذلك جمعية المحامين، بيانا مشتركا ينتقد فيه اتفاق التطبيع مع إسرائيل. وقد أعرب الشعب البحريني عن معارضته السابقة للتطبيع، كما يتضح من الاحتجاجات ضد مؤتمرات الأعمال التي تضم مسؤولين إسرائيليين. وقد رحبت عمان بالاتفاق الإسرائيلي البحريني، معتبرة أنه أمر سيادي، مع الأمل في أن يسهم في تحقيق السلام القائم على إنهاء الاحتلال الإسرائيلي وإقامة دولة فلسطين المستقلة.
811,تتسبب لدغات النحل والدبابير في تورم وألم، وقد يصل حجم التورم إلى 10 سم، ولكنه يختفي خلال يوم واحد. يجب على الأشخاص الذين يعانون من الحساسية أن يتعلموا كيفية تجنب الأضرار الناتجة عن هذه اللدغات. يجب معالجة الحساسية فوراً بعد اللدغة. تتضمن الإسعافات الأولية للسعة الحشرة تبريد المنطقة المصابة واستخدام مرهم الكورتيزون. يمكن استخدام مضادات الهيستامين المسببة للالتهاب في حالة التورم الكبير، ويجب استشارة طبيب متخصص في الحساسية لإجراء الفحوصات اللازمة. قد تحدث ردود فعل تحسسية في الجسم، وقد تتطور إلى أعراض تهدد الحياة. يجب الاتصال بطبيب الطوارئ في حالة ظهور هذه الأعراض. بشكل عام، يمكن لأي شخص أن يصاب بالحساسية من لدغات الحشرات، ويجب إجراء فحوصات الحساسية لتحديد الأشخاص المعرضين للإصابة بالحساسية.
812,تشير دراسة أمريكية إلى أن الأمهات المرضعات لمدة ستة أشهر على الأقل يمكن أن يقللن من خطر الإصابة بمرض السكري بنسبة 48٪. هذا هو إضافة إلى العديد من الفوائد الصحية للرضاعة الطبيعية، بما في ذلك تقليل خطر الإصابة بالعدوى، الموت المفاجئ للرضع، الحساسية، البدانة، والسكري. يُنصح الأمهات بالرضاعة الطبيعية حتى عمر ستة أشهر على الأقل للحصول على هذه الفوائد.
813,تعرضت سيارة تقل مدنيين إسرائيليين لهجوم مسلح في كريات غات، مما أدى إلى مقتل شخصين وإصابة عدد آخر بجروح. وقع الهجوم بعد وقت قصير من إعلان نية وزير الخارجية الأمريكي جون كيري زيارة المنطقة في محاولة لوقف العنف. الشرطة تحقق في الهجوم، الذي يعتقد أنه ذو دوافع أيديولوجية، وليس جنائية. هذا هو الهجوم الثاني من نوعه في غضون شهر، حيث قتل 17 إسرائيليين في هجمات مماثلة وقتل الجيش الإسرائيلي 84 فلسطينيا في الفترة نفسها.
814,"في قلب العاصمة اليمنية صنعاء، تجلس أم نصر، وهي امرأة في العقد الرابع من عمرها، على الرصيف المقابل لبوابة المستشفى الجمهوري، تبيع البيض البلدي والبهارات المحلية، لتوفير ما يكفي من المال لإطعام أطفالها. وفقا لليونيسف، يعاني ما يقدر بـ 1.8 مليون طفل في اليمن من سوء التغذية الحاد، بما في ذلك 400,000 طفل يعانون من سوء التغذية الحاد الوخيم. بعد ثلاثة أشهر، خرج زوج أم نصر من المنزل بعد أن أصيب في حادث، ومنذ ذلك الحين، تعمل زوجته في بيع البيض والبهارات لتوفير الحد الأدنى من الطعام لأطفالهم.

في نفس المدينة، تعمل فاطمة عبدالله، البالغة من العمر 45 عاما، على جسر، تبيع أوراق الريحان، وهو نبات عطري يستخدم في اليمن عند الولادة للنساء وفي حفلات الزفاف"
815,"دعت وزيرة الخارجية الأمريكية هيلاري كلينتون يوم الجمعة إسرائيل والفلسطينيين إلى استئناف محادثات السلام ""بدون شروط مسبقة"". كما أعربت عن دعمها لإقامة دولة فلسطينية قابلة للحياة في حدود عام 1967 وإقامة دولة يهودية بحدود معترف بها. ومع ذلك، أوضحت كلينتون أن الحدود قد يتم تعديلها من خلال اتفاق على تبادل الأراضي للحفاظ على بعض المستوطنات الإسرائيلية. وأكدت أيضا على ضرورة تحديد وضع القدس وحدود الدولة الفلسطينية المقبلة من خلال المفاوضات. وفي سياق متصل، طالب كبير المفاوضين الفلسطينيين صائب عريقات بضرورة الوقف الشامل للاستيطان لاستئناف المفاوضات. وقال عريقات إن الفلسطينيين سيستمرون في جهودهم حتى تفرض الولايات المتحدة استئناف المفاوضات على أساس الالتزامات الإسرائيلية في خارطة الطريق، بما في ذلك وقف الأنشطة الاستيطانية في القدس الشرقية. وفي هذا الإطار، أعربت كلينتون عن قلقها بشأن الأنشطة الأخيرة في القدس، مؤكدة على معارضة الولايات المتحدة لبناء مستوطنة يهودية"
816,يتظاهر المحتجون في ميدان التحرير وغيره من المدن المصرية ضد المجلس العسكري الذي يدير البلاد، وذلك بعد أن أصدر المجلس بياناً تعهد فيه بعدم تسليم السلطة إلا لسلطة منتخبة، ولن يسمح لأحد بالقفز على السلطة. يجتمع النشطاء لبحث خطواتهم التالية بعد البيان، بما في ذلك الاستمرار في اعتصامهم في ميدان التحرير. كما أدان المجلس العسكري الشائعات والأخبار المغلوطة، ووعد باتخاذ إجراءات لمواجهة التهديدات للأمن القومي. وفي تطور آخر، وافق رئيس الوزراء عصام شرف على قبول استقالة نائبه، كما ورد في صفحته على فيسبوك.
817,"أعلنت متحدثة باسم الممثلة جودي فوستر، الفائزة بجائزة الأوسكار، يوم الأربعاء أنها تزوجت من المصورة الكسندرا هيديسون. أكد موقع E! News، الذي كان أول من نشر الخبر، أن الزواج تم خلال عطلة نهاية الأسبوع. كانت فوستر، البالغة من العمر 51 عامًا، قد كشفت عن ميولها الجنسية المثلية في خطاب متلفز أثناء حفل توزيع جوائز الغولدن غلوب في عام 2013. كانت لها علاقة سابقة مع سيدني برنارد، وقد أشارت إليها كـ ""شريكتها السابقة في الحب"". كانت الممثلة هيديسون، البالغة من العمر 44 عامًا، في علاقة مع الممثلة الكوميدية إيلين ديجينير قبل عقد من الزمن."
818,"يتبادل المرشحان، أشرف غني وعبد الله عبد الله، الاتهامات بشأن تزوير الانتخابات. وقد أعلن كيري، الذي حضر مؤتمرا صحفيا مشتركا بينهما، أن الاثنين سيلتزمان بنتائج عملية التدقيق التي ستجريها هيئة إدارة الانتخابات. وأضاف أن عملية إعادة حساب الأصوات ستبدأ خلال 24 ساعة. وقد أظهرت النتائج الأولية تقدم غني، لكن المرشحين يتبادلان الاتهامات بالتزوير. وحصل غني على 56.44 في المئة من الأصوات، بينما حصل عبد الله على 43.45 في المئة، وفقا للهيئة الانتخابية. ومن المقرر أن يغادر الرئيس كرزاي منصبه بعد عشرة أعوام في السلطة. وقد أعرب كيري عن قلقه من تقارير عن نية عبد الله تشكيل ""حكومة موازية"". وأكد أن عملية التدقيق ستشمل كل صوت للناخبين، وأن قوات إيساف ستقوم بجلب بطاقات الاقتراع من المحافظات"
819,"يستعد العداء البريطاني محمد فرح بقوة لأولمبياد لندن، حيث فاز في ثلاثة سباقات متتالية للمسافات الطويلة، بما في ذلك سباق لمسافة 1500 متر و5000 متر في كاليفورنيا. قبل تسعة أيام. على الرغم من مخاوف الإرهاق، يبدو أن هذه المخاوف قد تبددت. فرح، الذي اعترف بأنه ""فقد شعوره بأنه العداء الذي لا يقهر"" بعد هزيمته في بطولة العالم داخل الصالات في تركيا، يهدف الآن إلى تحسين أدائه في المسافات الأطول. في سباق لندن، قرر فرح العدو بسرعة أكبر في آخر مائتي متر، مما مكنه من التفوق على منافسه سكوت أوفرول. فرح، الذي كان تركيزه الأساسي على الفوز بدلاً من الوقت، يشعر بالرضا عن أدائه."
820,حظي اللاعب المصري السابق محمد أبو تريكة بشعبية واسعة في العالم العربي، حيث هتف مشجعو منتخب الجزائر باسمه في عدة مباريات خلال بطولة كأس الأمم الأفريقية الحالية. قام المعلق الرياضي الشهير حفيظ دراجي بزيارة والدة أبو تريكة في مصر، ونشر صورًا لهذه الزيارة على حسابه على تويتر. رد أبو تريكة على تغريدة دراجي بزيارة عائلة دراجي في مصر، وهو ما رأى فيه البعض سلوكًا إيجابيًا وممارسة طيبة تقوي الشعور بالوحدة العربية، بينما انتقده آخرون بسبب الاتهامات التي توجهها الحكومة المصرية لأبو تريكة. يقيم أبو تريكة حاليا في العاصمة القطرية الدوحة، ويظهر من وقت لآخر للتعليق على مباريات كرة القدم على قنوات بي إن سبورتس الرياضية القطرية.
821,"في 10 أكتوبر، وقع رئيس إقليم كاتالونيا كارليس بوتشيمون ونواب البرلمان الأغلبية إعلان الاستقلال عن مدريد، لكنهم علقوا تنفيذه لبدء ""حوار"" مع الحكومة الإسبانية. ومع ذلك، أعلنت نائبة رئيس الوزراء الإسبانية سورايا ساينز أن بوتشيمون لا يعرف أين هو أو إلى أين يذهب بتوقيعه على إعلان الاستقلال المعلق. وقد وصفت صحيفة ""إلباييس"" الإسبانية هذا الإعلان بأنه فخ، مشيرة إلى أن تعليق إعلان الاستقلال هو جزء من استراتيجية بوجديمون الانفصالية. وعلى الرغم من الدعوات الأوروبية للحوار، كتبت صحيفة ""دي ستاندارد"" البلجيكية أن تعليق إعلان الاستقلال هو علامة على الضعف الذي قد يستغلها المتشددون في حكومة راخوي. وقد وصفت صحيفة ""نويه تسوريشر تسايتونغ"" السويسرية الوضع بأنه مأساة"
822,تظاهر المحتجون ضد تعيين بعض الدول في مجلس حقوق الإنسان التابع للأمم المتحدة، الذي منعت بعض أعضائه، بما في ذلك الصين وروسيا والسعودية وفيتنام والجزائر، مراقبي الأمم المتحدة من التحقيق في انتهاكات حقوق الإنسان. وقد تم تعيين 14 عضوا جديدا في المجلس، بما في ذلك الصين وروسيا والسعودية وفيتنام والجزائر وكوبا، لكن منظمات حقوق الإنسان تقول إن هذه الدول كان ينبغي أن تحرم من عضوية المجلس بسبب سجلاتها في مجال حقوق الإنسان.
823,"دعت دول الخليج مجلس الأمن الدولي إلى استخدام القوة العسكرية أو فرض عقوبات اقتصادية على اليمن، الذي وصفته دول مجلس التعاون الخليجي بالانقلاب، بعد زيادة عدد السفارات المغلقة في صنعاء إلى 14. وقد أغلقتها دول عربية وغربية، بما في ذلك خمس دول خليجية والولايات المتحدة وفرنسا وبريطانيا وهولندا. وكان مجلس التعاون الخليجي قد أدان استيلاء الحوثيين على السلطة في اليمن وحل البرلمان الأسبوع الماضي، قائلاً إنه يتعارض مع روح التعددية والتعايش في اليمن. وكان الحوثيون قد استولوا على صنعاء في سبتمبر/أيلول الماضي واضطروا الرئيس اليمني، عبد ربه منصور هادي، إلى الاستقالة في يناير/كانون الثاني الماضي. وأعلنوا الجمعة ""إعلانهم الدستوري لتنظيم قواعد الحكم خلال المرحلة الانتقالية"" في اليمن."
824,"تُقلق الهيئات المعنية بتطبيق القانون والجمعيات الخيرية في المملكة المتحدة بشأن عدم التبليغ عن حالات الإساءة المنزلية التي تتعرض لها النساء الآسيويات، حيث إن العديد منهن يخفن من الانتقام وضغوط العائلة. وقد تم ترحيل أكثر من 500 امرأة من الهند وباكستان وبنجلاديش بعد تقدمهن بطلبات للحصول على حق الإقامة في المملكة المتحدة بين عامي 2008 و 2009، حيث لم تجد السلطات أي أدلة على تعرضهن للإساءة.

وتضع وكالة الحدود في المملكة المتحدة إجراءات جديدة لمنع تعرض هؤلاء النساء للإساءة. وينحدر معظم النساء اللواتي يشتكين من الإساءة من الهند وباكستان وبنجلاديش.

وقد روت إحدى المتضررات أن والدتها احتجزتها لمدة ثلاث سنوات، وكانت تجبرها على الاستيقاظ كل يوم في الفجر لتنظيف المنزل بالكامل، بما في ذلك الأرضيات والنوافذ"
825,"يعيش سكان الغوطة الشرقية في سوريا حالة من الترقب والقلق، حيث يتعرضون لقصف مكثف من قبل قوات الحكومة السورية، مما أسفر عن مقتل وإصابة العشرات من المدنيين، حسبما أكد المرصد السوري لحقوق الإنسان. وقد دعا الأمين العام للأمم المتحدة أنطونيو غوتيريش إلى وقف فوري للقتال في الغوطة الشرقية، مشيرا إلى أنها أصبحت ""جحيم على الأرض"" بالنسبة للمدنيين. وفي الوقت نفسه، كشف مسؤول سياسي في جماعة جيش الإسلام المعارضة عن وجود جهود للهدنة، لكنه لم يقدم تفاصيل أخرى. من جانبه، دعا السفير الروسي في الأمم المتحدة إلى عقد جلسة علنية لمجلس الأمن غدا الخميس لمناقشة الوضع في الغوطة الشرقية. وتعمل روسيا على مشروع قرار حول الموضوع في مجلس الأمن. وقد نفت موسكو اتهامات غربية لها والجيش السوري باستهداف المدنيين في الغوطة الشرقية."
826,"الجيش العراقي يكثف قصفه على الفلوجة استعداداً لهجوم بري لاستعادة السيطرة على المدينة من المسلحين. استولى المسلحون، الذين معظمهم من السنة، على الفلوجة في محافظة الأنبار الغربية في يناير/كانون الثاني وسط تدهور الأمن في العراق. الحكومة، بقيادة رئيس الوزراء نوري المالكي، الذي يتهم بالتمييز ضد الأقلية السنية، توقفت عن الهجوم في بعض الأحيان للسماح لرجال العشائر المحليين بطرد المسلحين. ومع ذلك، أكد مسؤولون أن قراراً قد اتخذ بدخول الفلوجة، وينتظرون فقط الأمر النهائي من المالكي. في تطور آخر، قتل ثلاثة جنود في هجوم لـ""داعش"" على نقطة تفتيش تابعة للجيش العراقي بالقرب من الحويجة، غربي كركوك."
827,"تأهل المنتخب الإسباني إلى دور الستة عشر في كأس العالم 2018 بعد تعادله 2/2 مع المنتخب المغربي في الجولة الأخيرة من مباريات المجموعة الثانية. وسجل خالد بوطيب للمنتخب المغربي في الدقيقة 14, وتعادل إيسكو للمنتخب الإسباني في الدقيقة 19. وتقدم المنتخب المغربي مجددا عبر اللاعب يوسف نصيري في الدقيقة 81, قبل أن يخطف اللاعب ياجو أسباس هدف التعادل القاتل للمنتخب الإسباني في الوقت بدل الضائع. وبهذا, تأهلت إسبانيا إلى دور الستة عشر كثاني المجموعة خلف البرتغال, التي تصدرت المجموعة بتعادلها 1/1 مع إيران. وخرجت كل من إيران والمغرب من البطولة."
828,يدور الجدل حول تيران وصنافير حول دعوى قضائية قدمتها مجموعة من المحامين المصريين ضد رئيس الجمهورية ورئيس مجلس الوزراء ورئيس مجلس النواب ووزراء الخارجية والداخلية والدفاع، ضد قرار موافقة مجلس الوزراء على اتفاقية ترسيم الحدود وإرسالها إلى مجلس النواب. وقد أيدت محكمة القاهرة للأمور المستعجلة الاستمرار في الاتفاقية، وذلك بعد يومين من قرار الحكومة بإحالة الاتفاقية إلى البرلمان، بينما ينتظر أن تصدر محكمة القضاء الإداري، وهي أعلى جهة قضائية في مصر، حكمها على طعن الحكومة بحكم بطلان الاتفاقية في منتصف شهر يناير/كانون الثاني. وقد وقعت المملكة العربية السعودية ومصر اتفاقية لترسيم الحدود البحرية بين البلدين أقر بمقتضاها بتبعية جزيرتي تيران وصنافير للسعودية، وتسببت الاتفاقية في مظاهرات احتجاجية في أبريل نيسان الماضي تطالب بأحقية مصر في الجزيرتين. وقد أيدت محكمة القاهرة للأمور المستع
829,"توضح المقالة كيف يتم تخزين البيانات الشخصية للمواطنين الأوروبيين على خوادم في الولايات المتحدة، ولكن هذه البيانات ليست في مأمن من الوصول إليها من قبل أطراف ثالثة. وذلك بسبب صلاحيات السلطات الأمنية الأمريكية الواسعة، التي تستند إلى قانون باتريوت أكت، وقانون الأمن الوطني. هذه السلطات الأمنية الأمريكية يمكنها الوصول إلى هذه البيانات باسم مكافحة الإرهاب، مما يثير مخاوف حول الخصوصية والأمن. ومع ذلك، يشير عضو البرلمان الأوروبي عن حزب الخضر، توماس البريشت، إلى أن قوانين مراقبة المواطنين غير الأمريكيين منفصلة عن قانون الخصوصية الأمريكي، مما يوفر حماية إضافية. ومع ذلك، يشير الناشط في مجال حماية الخصوصية، تيلو فايشاغت، إلى أن الشركات الأمريكية الكبيرة تخضع لـ ""ابتزاز"" من قبل السلطات الأمنية الأمريكية، مما يجبرها على السماح بالإطلاع على البيانات"
830,"أدى تفجير انتحاري في مدينة كركوك بشمال العراق إلى مقتل أربعة أشخاص على الأقل وإصابة 18 آخرين. كيري، بعد لقائه بمسؤولين في حلف شمال الأطلسي، حث القادة العراقيين على تشكيل حكومة توحد العراقيين في أسرع وقت ممكن. رئيس الوزراء العراقي وصف فكرة حكومة الإنقاذ الوطني بأنها ""انقلاب على الدستور ومحاولة لإنهاء التجربة الديمقراطية"". الصدر طرح مبادرة من ثمان نقاط لحل الأزمة، بينها تشكيل حكومة بوجوه جديدة بعيدا عن المحاصصة الطائفية. طالب الدول غير المحتلة بتوفير دعم دولي للجيش العراقي لضمان محاربة الإرهاب وإنهائه. المسلحون السنة بقيادة تنظيم الدولة الإسلامية في العراق والشام شنوا هجوما على إحدى أكبر القواعد الجوية في العراق، وسيطروا على حقول نفط صغيرة في منطقة البوعجيل قرب تكريت."
831,"بعد أزمة السفينة العالقة ""إيفر غيفن"", والتي أثرت على حركة التجارة العالمية, توجد السفينة حاليا في منطقة البحيرات القريبة من القناة, ولن تستكمل رحلتها إلا بعد إنهاء ملف التعويضات. الخسائر المبدئية كانت قرابة مليار دولار, ولكن بعد الحساب الرسمي قد يزيد المبلغ أو يقل قليلا. يجري الآن دراسة تقديم حوافز للسفن التي كانت عالقة بسبب الأزمة. أصدرت محكمة الإسماعيلية الإقتصادية أمرا بالحجز التحفظي على السفينة, بناء على طلب من هيئة قناة السويس, وسيتم وضع السفينة تحت سلطة المحكمة لمنع الشركة المشغلة لها من التصرف فيها بشكل يضر بمستحقات هيئة القناة. السفينة مملوكة لشركة ""شوي كيسن"" اليابانية, ومسجلة في بنما, ومستأجرة من شركة ""إيفرغرين"" التايوانية, وتحمل نحو 220 ألف طن من البضائع."
832,يتنبأ توماس هيلمار، نجم كرة القدم الألماني السابق، بموسم مثير في الدوري الألماني بين فريقي بايرن ميونيخ وبوروسيا دورتموند، بعد أن استثمروا ما يقرب من ربع مليار يورو في التعاقد مع لاعبين جدد. يسعى بايرن للتعاقد مع ليروي سانيه من مانشستر سيتي، بينما يعتزم دورتموند تعزيز صفوفه بنجوم مثل جيروم بواتينغ. يتوقع هيلمار أن يشهد الموسم تنافسا قويا بين الفريقين، وهو ما يعد بسعادة محبي الدوري الألماني.
833,أعلن الاتحاد الألماني للنقل الجوي أن هناك خطة لفرض وجود شخصين في قمرة القيادة لكل الطائرات، وذلك بعد كارثة تحطم طائرة A320 الألمانية في جبال الألب، التي تبين أن مساعد الطيار تسبب بها عمدا. ومن المقرر عقد اجتماع اليوم الجمعة لمناقشة تعزيز الإجراءات الأمنية على متن الطائرات. بالإضافة إلى ذلك، أظهرت بيانات من جهاز استقبال الإشارات الراديوية أن شخصا ما عدل ارتفاع الطائرة عبر الطيار الآلي إلى أقل من 100 قدم.
834,"أسدل الستار على الدوري الألماني لكرة القدم موسم 2012/2013 اليوم السبت 18 مايو/أيار، بعد أن بلغ المرحلة الرابعة والثلاثين من الدوري. وقد توج بايرن ميونيخ بطلا للدوري قبل نحو ثمانية مراحل من انتهاء الدوري، بينما عاد مركز الوصيف إلى حامل اللقب الموسم الماضي بروسيا دورتموند، والمركز الثالث إلى باير ليفركوزن. وتأهل الفريق الفائز باللقب إلى دوري أبطال أوروبا، بالإضافة إلى شتوتغارت الذي تأهل مباشرة إلى المسابقة الأوروبية بعد صعوده إلى نهائي كأس ألمانيا. وسيلتقي البطل الحالي للبوندسليغا مع منافسه بروسيا دورتموند في مباراة ""موقعة ويمبلي"" في الخامس والعشرين من الشهر الحالي، وهي المباراة النهائية لدوري أبطال أوروبا، والتي تأهل إليها الفريقان بعد أن أطاح بايرن ببرشلونة ودورتموند بريال مدريد الإسبانيين في نصف نهائي المسابقة الأوروبية"
835,تواجه منطقة اليورو تحديات اقتصادية كبيرة، حيث يعرقل ارتفاع الديون عملية النمو. وقد استمرت فترة الركود في المنطقة لمدة 18 شهراً، مما يشير إلى أن التعافي لا يزال بعيد المنال. ورغم أن ديون المنطقة ليست أكبر من ديون الولايات المتحدة أو بريطانيا، إلا أنها تشكل قلقاً سياسياً للعديد من الدول. وقد استفادت الدول الأضعف في المنطقة من إعانات بشرط تقليص النفقات العامة، مما أدى إلى تقليص الوظائف، والرواتب، والمعاشات، وزيادة الضرائب، والتغييرات في الخدمات العامة. ومن المتوقع أن تحقق منطقة اليورو نمواً بنسبة 1.1% في 2014، و1.7% في 2015.
836,"أدان الملك عبد الله الثاني، عاهل الأردن، بشدة قتل الطيار الأردني معاذ الكساسبة على يد تنظيم الدولة الإسلامية ووصفه بأنه ""زمرة إجرامية ضالة"". وفي كلمة بثها التلفزيون، وصف الملك الكساسبة بأنه ""شهيد""، مشيرا إلى أنه قتل ""دفاعا عن عقيدته ووطنه وأمته"". وقد وعد بالانتقام من القتلة ""بحجم مصيبة الأردنيين جميعا"". كما دعا الأردنيين إلى ""الوقوف صفا واحدا"". وقد وقع الكساسبة، الذي اختطف في ديسمبر/ كانون الأول، في أسر تنظيم الدولة الإسلامية قبل شهر من إعلانهم نبأ إعدامه."
837,في مؤتمر صحفي مشترك في باريس، ناقش الرئيسان ماكرون وأردوغان مختلف القضايا، بما في ذلك الإرهاب، وحقوق الإنسان، والمفاوضات المتعلقة بانضمام تركيا إلى الاتحاد الأوروبي. أعرب ماكرون عن مخاوفه بشأن حقوق الإنسان منذ حملة التطهير التركية بعد محاولة الانقلاب الفاشلة في عام 2016. من ناحية أخرى، قال أردوغان أن تركيا سئمت من مناشدات الاتحاد الأوروبي المستمرة للانضمام. اتهم الصحفي الذي سأل عن الأسلحة المرسلة إلى سوريا أردوغان بمهاجمة الصحفيين، متهما إياه بالتحدث كما لو كان عضوا في حركة فتح الله غولن، التي يحملها أردوغان مسؤولية محاولة الانقلاب الفاشلة في عام 2016. اقترح ماكرون أن الوقت قد حان للتوقف عن التظاهر بالتقدم في مفاوضات الانضمام إلى الاتحاد الأوروبي واقترح شراكة مع تركيا قد تربط الشعب التركي بأوروبا، بدلاً من العضوية الكاملة في الاتحاد الأوروبي.
838,"بعد تنحيه في عام 2012، شهد حكم علي عبد الله صالح سلسلة من الأحداث الرئيسية في اليمن، بما في ذلك تحوله إلى نائب الرئيس عبد ربه منصور هادي، والهجوم الذي شنه الحوثيون من صعدة إلى صنعاء، وسيطرتهم على ميناء الحديدة، والقصر الرئاسي، وفرار الرئيس هادي إلى عدن، وإطلاق عملية ""عاصفة الحزم"" بقيادة السعودية. بحلول عام 2015، استعادت القوات الموالية للحكومة خمس محافظات جنوبية، وبحلول نهاية العام، تمكنوا من السيطرة على مضيق باب المندب، وهو طريق بحري هام."
839,تم توجيه الاتهام إلى رجل ألماني بنقل بيانات ومخططات تتعلق بمجلس النواب الألماني (بوندستاغ) إلى روسيا، وفقاً لما أعلنت عنه النيابة الألمانية يوم الخميس 25 فبراير/شباط 2021. ومن المقرر أن يمثل الرجل، الذي يدعى ينس ف.، للمحاكمة بتهمة القيام بأنشطة استخبارية سرية لصالح روسيا. وقد يكون قد تمكن من الوصول إلى ملفات تحتوي على مخططات طوابق البرلمان الألماني، التي تم إرسالها إلى موظف في السفارة الروسية في برلين يشتبه بأنه عضو في الاستخبارات العسكرية الروسية.
840,الاتحاد الأوروبي عازم على تنفيذ عمل عسكري ضد مهربي اللاجئين في ليبيا، وفقاً لما أعلنته فيديريكا موغريني، مسؤولة السياسة الخارجية في الاتحاد الأوروبي، خلال اجتماع لحلف شمال الأطلسي في أنطاليا، تركيا. إذا تمت الموافقة على الخطة من قبل الأمم المتحدة والحكومات الليبية المتناحرة، سيبدأ الاتحاد الأوروبي في تشكيل أسطول عسكري لاستهداف قوارب المهربين في المياه الإقليمية الليبية أو تتبعها على الأرض وتدميرها قبل أن تبدأ رحلاتها. ومع ذلك، هناك العديد من الأسئلة التي لا تزال بلا إجابة، بما في ذلك من سيكون مسؤولاً عن تحديد قوارب التهريب التي يجب استهدافها، وما إذا كانت هذه الإجراءات ستعتقل وتقضي على قادة العصابات الإجرامية أو مجرد بعض مساعديهم. هناك أيضاً مخاوف من أن تؤدي الإجراءات إلى قتل الأبرياء، وكيف يمكن
841,تُعرض هذه العملة الأوروبية، وهي يورو، للخطر على سرير متنقل، محاطة بمجموعة من الأطباء والممرضين الذين يسعون لإنقاذها. تم إنشاء هذه الصورة بواسطة الفنان الألماني غيرهارد ميستير، الذي فاز بجائزة أفضل لوحة كاريكاتير لعام 2012. خلال حفل توزيع الجوائز، أشار أولريش أوب دي هيب، الذي جمع أكبر مخزون فني للكاريكاتير في متحف التاريخ في بون، إلى أن الكاريكاتير هو تعليق مستمر على الأحداث، حيث يتم من خلاله تحليل الأوضاع. من جانبه، أعرب غيرهارد ميستير عن امتنانه للجائزة كدعم لعمله، خاصة في ظل تدهور الأوضاع الاقتصادية التي أثرت أيضا على الصحافة المطبوعة. على الإنترنت، هناك نقص في التمثيل العادل للكاريكاتير، حيث يتم العثور عليه بشكل نادر في مواقع الصحف الإلكترونية، كما أشار راينه
842,"يتواجد أكثر من ثلاثة آلاف شخص، في منطقتين بالقرب من حلب في شمال سوريا، منذ ساعات طويلة في انتظار السماح لهم بمواصلة رحلتهم نحو وجهاتهم النهائية، بعد إجلائهم من بلدات محاصرة، وفقًا للمرصد السوري لحقوق الإنسان.

في يوم الأربعاء، تم إجلاء ثلاثة آلاف شخص، بما في ذلك حوالي 700 من الموالين لقوات النظام من بلدتي الفوعة وكفريا ذات الغالبية الشيعية في محافظة إدلب، و300 من مقاتلي الفصائل المعارضة من بلدات الزبداني وسرغايا والجبل الشرقي في ريف دمشق.

حتى يوم الخميس، لا تزال 45 حافلة تقل أهالي الفوعة وكفريا تنتظر في منطقة الراشدين التي تسيطر عليها الفصائل المعارضة، بينما تنتظر 11 حافلة قادمة من ريف دمشق منذ حوالي 12 ساعة في منطقة الراموسة التي تسيطر"
843,منذ أن تولى ناصر الخليفي رئاسة نادي باريس سان جيرمان الفرنسي في عام 2011، عمل على إعادة بناء النادي وجعله أحد الأندية الأوروبية الكبرى. وقد استثمر النادي بشكل كبير في شراء اللاعبين، بدءًا من زلاتان إبراهيموفيتش، وصولاً إلى ديفيد بيكهام ونيمار ومبابي. ومع ذلك، لم يتمكن النادي من تحقيق النجاح في دوري أبطال أوروبا، الذي يعتبر الهدف الرئيسي للنادي. في العام الماضي، خسر النادي أمام برشلونة في دوري الأبطال، ولكن الخليفي قرر التمسك بالمدرب أوناي إيمري وإعطاءه فرصة أخرى للفوز بالبطولة. ومع ذلك، خسر النادي أمس أمام ريال مدريد في دوري الأبطال، وتظهر علامات الاستفهام حول استراتيجية النادي ومدربه. وقد أظهر إيمري رعونة في التعامل مع المباراة، وفشل في الحفاظ على تقدم الفريق، وأقدم على تغييرات
844,تنطلق يوم الثلاثاء مباريات الجولة الثالثة من الدور الأول في دوري أبطال أوروبا، حيث يستضيف ريال مدريد الإسباني ميلان الإيطالي في المجموعة السابعة التي يتصدرها الفريق الملكي بست نقاط، بعد فوزه في مباراتيه السابقتين على أياكس أمستردام الهولندي وأوكسير الفرنسي. ومن المتوقع أن تكون المباراة قوية وممتعة، خاصة وأن الفريقين يمتلكان تاريخاً طويلاً في المسابقة، حيث فاز ريال باللقب تسع مرات، بينما فاز ميلان سبع مرات. وقد أظهر ريال مدريد أداءً جيداً في الدوري المحلي، حيث سجل 10 أهداف في آخر مباراتين له، ويتمتع الفريق الملكي بأفضل هجوم وأقوى دفاع. من جانبه، يرى نجم الفريق البرتغالي كريستيانو رونالدو أن الفوز على ميلان سيعني تقريباً تأهل الفريق إلى الدور الثاني. وأعرب رونالدو عن ثقته في قدرة فريقه على تحقيق الفوز، قائلاً:
845,"تبدأ الخميس 7 نوفمبر محادثات بين مجموعة 5+1 وإيران حول البرنامج النووي الإيراني. قال وزير الخارجية الإيراني محمد جواد ظريف إن التوصل إلى اتفاق ممكن هذا الأسبوع، لكن من وجهة نظر إيران. من جهة أخرى، كانت لهجة الجانب الغربي أكثر تحفظا، حيث قال متحدث باسم وزيرة خارجية الاتحاد الأوروبي كاثرين آشتون إنهم يأملون في تحقيق تقدم ملموس. من جهتها، دعت إسرائيل القوى الكبرى إلى رفض أي اقتراح إيراني محتمل وصفته بأنه ""سيء"". أعلن مسؤول أمريكي رفيع المستوى أنه يأمل في ""خطوة أولى"" نحو وقف البرنامج النووي الإيراني، مشيراً إلى ""تغيير رئيسي"" في الموقف الإيراني، بينما يواجه المفاوضون ضغوطا في واشنطن مع كونغرس يميل إلى تشديد العقوبات الاقتصادية، فيما يعارض الجناح المتشدد داخل النظام الإيراني أي تنازل بشأن تخصيب اليورانيوم الذي يعتبره حقا"
846,"بدأ خسوف القمر على مدى ثلاث ساعات في حوالي الساعة الثانية صباحا بتوقيت شرق الولايات المتحدة، عندما انتقل القمر إلى ظل الأرض. واستمر الظاهرة، المعروفة بـ ""القمر الدامي""، لمدة ساعة تقريبا، حيث كان القمر بلون أحمر أو برتقالي. وكان الطقس المحلي عاملا في تحديد ما إذا كان بالإمكان مشاهدة الخسوف في مناطق مختلفة من الولايات المتحدة. وشوهد الخسوف في مناطق مثل فلوريدا وحتى كاليفورنيا، بينما كانت السماء ملبدة بالغيوم في مناطق أخرى مثل نيو جيرسي وبيتسبرغ. وعلى الرغم من أن الخسوف كان مرئيا في معظم أنحاء الأمريكتين وأستراليا ونيوزيلندا، إلا أن بعض المناطق كانت مغطاة بالغيوم. وقالت ناسا إن الخسوف سيكون آخر خسوف كامل للقمر في الولايات المتحدة حتى عام 2019."
847,عين الملك عبد الله الثاني حفتر، الذي قاد الجيش الليبي مؤخرا، قائدا للجيش. ناقش الزعيمان الأزمة الليبية، مكافحة الإرهاب، والتعاون العسكري بين الأردن وليبيا، وفقا لبيان صادر عن البلاط الملكي الأردني.
848,قتل 82 شخصًا على الأقل وأصيب 700 آخرون في انهيار مبنى من ثمانية طوابق يعمل فيه الآلاف في دكا، عاصمة بنغلاديش، في 24 أبريل 2013. لا يزال الطابق الأرضي للمبنى، رنا بلازا، قائمًا، بينما يبحث المئات من رجال الإطفاء والجيش عن الناجين تحت الأنقاض باستخدام المعدات والرافعات. يعالج 700 شخص على الأقل في مستشفى اينام القريب، مع ارتفاع عدد القتلى بسبب خطورة بعض الإصابات. أجبر مدراء العمال على العودة إلى العمل بعد الإبلاغ عن شقوق في المبنى، مما أدى إلى الكارثة. يقدر أن 5000 شخص يعملون في المبنى، الذي يضم أيضًا شقة سكنية ومصرف ومتجر. صرح وزير الداخلية بأن المبنى كان غير قانوني ومخالف لقوانين البناء البنغلاديشية. يُشتبه في أن عدد القتلى المتزايد سيُ
849,تجمع محتجون في العاصمة الهندية دلهي، مطالبين باستقالة رئيس الوزراء مانموهان سينغ بسبب فضيحة بيع حقوق تعدين الفحم، والتي كلفت الهند 33 مليار دولار. وقد استخدمت الشرطة خراطيم المياه لتفريق المحتجين. وينتمي المحتجون الى جماعة بقيادة الناشط المناهض للفساد آنا هازاري، الذي اتهم حزب المؤتمر وحزب باهارتيا جاناتا بالتناغم في الفساد. وقد اعتقلت الشرطة بعض المحتجين.
850,"قالت جماعة ""أنصار بيت المقدس"" في بيان لها أن إطلاق الصاروخ على إيلات جاء رداً على غارة جوية نسبت لإسرائيل في سيناء. وقد تصدت منظومة الدفاع الصاروخي ""القبة الحديدية"" للصاروخ بنجاح. كما وقع انفجاران في العريش، الأول استهدف استراحة عسكرية مصرية، والثاني استهدف فندقًا للشرطة."
851,أعلن رئيس اللجنة الدولية للصليب الأحمر، بيتر ماورر، يوم الأربعاء 21 أبريل/نيسان 2014، أن اللجنة بدأت توزيع حصص غذائية على نطاق واسع على جانبي خطوط المواجهة في مدينة حلب السورية لأول مرة منذ أكتوبر/تشرين الأول 2013. وقد وافقت الحكومة السورية هذا الأسبوع على هذه الخطة التي بدأت في يناير/كانون الثاني، ويتم تنفيذها بالتعاون مع الهلال الأحمر العربي السوري لمساعدة 60 ألف شخص في المدينة الشمالية المقسمة. وفي حلب أيضا، تقترب القوات النظامية السورية من فك الحصار المفروض على سجن حلب المركزي منذ حوالي سنة، وفقا للمرصد السوري لحقوق الإنسان والإعلام الرسمي السوري. وهذا التقدم يتيح للقوات النظامية قطع طريق إمداد رئيسي لمقاتلي المعارضة في شمال شرق حلب، بين الأحياء التي يسيطرون عليها والحدود التركية.
852,جون كيري، وزير الخارجية الأمريكي، يقول في كلمة أمام أرباب الشركات الأمريكية العملاقة إن الإخوان المسلمين قد صادروا الثورة المصرية من الشباب الذين أوقدوها من خلال مواقع التواصل الاجتماعي. كيري يضيف أن الحافز الديني أو الأيديولوجي لم يكن وراء الشباب المتظاهرين في ميدان التحرير، بل كان السعي للحصول على شهادة تؤمن لهم وظيفة ومستقبل. ومع توقع أن تثير تصريحات كيري ردود فعل مختلفة، فإن التيار العلماني في مصر كان قد اتهم الولايات المتحدة بالانحياز إلى جانب الإخوان المسلمين، بينما كانت واشنطن تحجم عن وصف عزل الرئيس محمد مرسي بأنه انقلاب عسكري.
853,"تعادل برشلونة وأتلتيكو مدريد بدون أهداف في مباراة دوري الدرجة الأولى الإسباني لكرة القدم التي أقيمت يوم السبت (11 يناير/ كانون الثاني 2014) في ملعب أتلتيكو مدريد، مما أدى إلى عدم تمكن الفريقين من تسجيل أي هدف. وقد أهدر الفريقان بذلك نقطتين ثمينتين في سباقهما نحو اللقب، مما أعطى الفرصة للمنافس ريال مدريد، الذي يحتل المركز الثالث، لتقليص الفارق معهما إلى ثلاث نقاط في حال فوزه على مضيفه اسبانيول في المباراة التي ستقام يوم الأحد. وقد شهد الشوط الأول من المباراة طابعا حماسيا وعصبية شديدة من الجانبين، ولم يتمكنا من التسجيل. ورغم ذلك، تمكن برشلونة من الفوز بلقب ""بطل الشتاء""، حيث ظل في الصدارة برصيد 50 نقطة، بينما جاء أتلتيكو مدريد في المركز الثاني بنفس الرصيد."
854,"أعلن عضو مجلس السيادة الانتقالي في جوبا، جنوب السودان، محمد الحسن الأمين، أن الحكومة السودانية توافق على مثول الأشخاص المطلوبين أمام المحكمة الجنائية الدولية. وفي ذات السياق، أعلن وزير الإعلام السوداني، فيصل محمد صالح، أن الحكومة وجماعات التمرد في دارفور اتفقوا أيضا على تسليم المطلوبين إلى المحكمة الجنائية الدولية.

الرد على هذا الإعلان جاء من منظمة العفو الدولية، التي طالبت السلطات السودانية بتسليم البشير وباقي المطلوبين إلى المحكمة الجنائية الدولية في لاهاي. المسؤولون السودانيون لم يحددوا ما إذا كانت محاكمة البشير ستتم داخل السودان أم خارجه، ولم يحددوا وقتاً لتسليمه إلى المحكمة الجنائية الدولية.

الرد على هذا القرار جاء من فريق الدفاع عن البشير، الذي رفض تدخل المحكمة الجنائية الدولية، لأنها محكمة سياسية وليست عدلية، وقال إنهم يرفضون تدويل العدالة ويعتقدون أن"
855,"تتصاعد التوترات في منطقة ناغورنو كاراباخ المتنازع عليها بين أرمينيا وأذربيجان، حيث يتبادل الطرفان الاتهامات بشأن العنف المستمر. وقد نشرت وزارة الدفاع الأرمينية صورة لطائرة عسكرية من طراز سوخوي إس يو-25 زعمت أنها أسقطت بواسطة طائرة تركية من طراز إف-16. من جانبها، رفضت تركيا هذه المزاعم واصفة إياها بـ ""الدعاية الرخيصة"". وقد دعا مجلس الأمن الدولي إلى إنهاء القتال، لكن العنف مستمر، وتعهدت وزارة الخارجية الأذربيجانية بأن ""العملية المشروعة"" ستستمر إلى أن تغادر القوات الأرمينية ناغورنو كاراباخ."
856,نفى سيب بلاتر، رئيس الفيفا، وجود أي خطر يهدد استضافة قطر لكأس العالم 2022، وذلك خلال اجتماع الفيفا الذي يعقد في مدينة مراكش المغربية. كما استقال المحقق الأمريكي مايكل غارسيا، الذي كلفه الفيفا بالتحقيق في هذه المزاعم، احتجاجاً على رفض الاعتراضات على ملخص نتائج تحقيقه الذي نشرته لجنة القيم بالفيفا. وبرأ ملخص التقرير دولتي قطر وروسيا، الفائزين بحق استضافة البطولتين، من اتهامات بارتكاب مخالفات خلال سعيهما للفوز بحق الاستضافة.
857,أمر رئيس الوزراء العراقي حيدر العبادي وزير الداخلية محمد الغبان بملاحقة ومحاسبة العناصر التي اعتدت على القوات الأمنية والمواطنين وأعضاء مجلس النواب، والتخريب بالممتلكات العامة، كما أفاد مكتب العبادي في بيان. وقد جاء هذا التوجيه بعد أن احتل الآلاف من المتظاهرين مبنى البرلمان في بغداد لمدة ست ساعات يوم السبت، مطالبين بتغيير سياسي جذري في البلاد. وقد حث العبادي المحتجين على الحفاظ على الطابع السلمي للتظاهرات، بينما تقوم الحكومة بتعزيز الأمن حول المنطقة الخضراء.
858,"خلال زيارته لبيروت، أعرب الرئيس الفرنسي إيمانويل ماكرون عن دعمه للبنان باللغتين الفرنسية والعربية، وغرد ""بحب لبنان"" باللهجة اللبنانية. وعندما نزل ماكرون ببيروت، استقبله البعض استقبال الأبطال وطالبوا بعودة الانتداب الفرنسي، وهو ما أثار الانتقاد، حيث وقع عشرات الآلاف عريضة تدعو إلى عودة الانتداب الفرنسي، رغم أن عدد الموقعين لم يتجاوز خمسين ألفا، وهو ما يمثل نسبة ضئيلة من عدد سكان لبنان. وقد أشارت العريضة إلى أن العيش تحت الاحتلال أهون من الوضع الحالي في لبنان المستقل. وقد فسر البعض كلمات ماكرون وحركاته خلال زيارته لبيروت بأنها تعني تفوقه على الرئيس اللبناني ميشال عون. بالمقابل، رحب كثيرون بزيارة ماكرون، ودعموا الرئيس اللبناني تحت وسم #أنا_أفتخر_برئيسي."
859,"في عام 2008، جمعت الاستخبارات البريطانية صورا من برنامج ياهو للمحادثة عبر الكاميرا لحوالي 1.8 مليون مستخدم حول العالم، بما في ذلك صور جنسية فاضحة، وفقا لتقرير يعتمد على معلومات سربها إدوارد سنودن. البرنامج يسمح لأكثر من شخص بمشاهدة بث لنفس الكاميرا دون إرسال بث متبادل من طرف هؤلاء الأشخاص، وفقا للوثيقة المسربة. شركة ياهو وصفت هذا الانتهاك للخصوصية بأنه ""غير مقبول على الإطلاق""، وطالبت بإصلاحات في قوانين المراقبة. وكالة الأمن القومي الأمريكية ساعدت في تنفيذ هذه العملية."
860,جلال، مسيحي سوري، يعاني من صدمة واكتئاب شديدين بعد اغتيال شقيقه على يد قناص من القاعدة. يشعر بالتهديد من قبل الجهاديين الذين قدموا من دول مختلفة للقتال ضد نظام الأسد، والذين يستهدفون أيضا المسيحيين. يشعر المسيحيون بالتهديد من الجماعات المتطرفة، وقد أدى هذا إلى هجرة كبيرة، حيث غادر ثلث المسيحيين سوريا منذ بدء الصراع. يأمل رئيس أساقفة السريان الأرثوذكس في دمشق، ديونيسيوس جان قوق، ألا يتم تهجير المسيحيين من المنطقة، وهو يسعى للحصول على مساعدة من أوروبا لمنع هذا. يعتقد أن على الغرب أن يفعل المزيد لجلب طرفي الصراع إلى طاولة المفاوضات، حيث أن التسامح ممكن، لكن أي حل يجب أن يضمن رحيل الأسد. يعتقد أيضا أن الجيش السوري لا يستطيع حماية المسيحيين بشكل كاف.
861,"الاتحاد الأوروبي يحث الدول الأعضاء على تجريم التلاعب بأسعار الفائدة. تقترح اللجنة الأوروبية إضافة التلاعب بالأسعار الإرشادية للفائدة، مثل ليبور ويوريبور، إلى قائمة المخالفات المجرمة في المعاملات بين البنوك. قالت فيفيان ريدنغ، مفوضة العدل في الاتحاد الأوروبي، إن هذه الخطوة ستساعد في إنهاء ""النشاط الإجرامي"" في القطاع المصرفي. تقترح اللجنة الأوروبية قوانين جديدة للدول الأعضاء لمواءمة أفعالها مع التغيير المقترح من الاتحاد الأوروبي. قالت ريدنغ إن الثقة العامة تضررت بسبب الفضائح الأخيرة بشأن التلاعب الخطير في أسعار الإقراض من قبل البنوك."
862,"النص يتناول كيفية استجابة الجسم البشري للبرد، حيث يمتلك كل فرد أجهزة استشعار خاصة بالحرارة والبرودة تختلف في عددها وموقعها من الجسم، مما يجعل كل شخص يشعر بالبرد بطريقة مختلفة. متوسط درجة حرارة الجسم البشري هو 36.5 درجة مئوية، وإذا تجاوزت درجة الحرارة الاثنين والأربعين أو انخفضت عن الثلاثين درجة مئوية، يمكن أن يؤدي ذلك إلى مشاكل صحية خطيرة، بما في ذلك فقدان الوعي أو الموت.

لدى البشر عضلة خاصة في مكان بصلة الشعر، تعمل على شد الشعر وخلق طبقة من الهواء الدافئ لحمايته من الهواء البارد. بالإضافة إلى ذلك، يحدث اصطكاك الأسنان كرد فعل للبرد، حيث يمتلك الفك السفلي عضلات قوية تعمل على تحريك الأسنان.

هذه الطرق تساعد الجسم على التخلص من البرودة، وتعتبر الرجفة واحدة من أفضل"
863,تعرض صاحب متجر صغير في ألمانيا وضابطه العامل لديه لهجوم من قبل مجموعة من ثمانية إلى عشرة رجال، بسبب جنسية العامل السوري، الذي ينحدر من سوريا. كانت المجموعة منزعجة من جنسية العامل، واعتدت لفظيا على صاحب المتجر البالغ من العمر 53 عاما، وتصاعدت التوترات حتى حاول رجل معاد للأجانب ضرب العامل السوري، لكن تم منع ذلك من قبل الأمن. تم التعرف على زعيم المجموعة، البالغ من العمر 33 عاما، وهو حاليا قيد التحقيق.
864,"دعت الحكومة التركية روسيا وإيران للمشاركة في قمة جديدة بخصوص سوريا، تنعقد في العاصمة الإيرانية طهران في السابع من سبتمبر/أيلول 2018، وفقًا لمصادر صحفية ووسائل إعلام تركية. القمة، التي من المتوقع أن تكون جزءًا من عملية أستانا، ستشمل الرئيس التركي رجب طيب أردوغان والرئيس الروسي فلاديمير بوتين ووزير الخارجية الإيراني جواد ظريف.

تأتي هذه القمة في ظل مخاوف تركيا من هجوم محتمل للقوات النظامية السورية على إدلب، وهي آخر معاقل المعارضة السورية بالقرب من الحدود التركية. تخشى تركيا من أن يؤدي هذا الهجوم إلى وقوع ضحايا مدنيين وموجة جديدة من اللاجئين السوريين الذين قد يتدفقون على الأراضي التركية.

وتتواجد قوات تركية في محافظة إدلب، وكان وزير الخارجية التركي ونظيره الإيراني قد التقيا الرئيس الروسي ووزير الخارجية الروسي الأسبوع الماضي، في حين"
865,"مصطفى أديب، البالغ من العمر 48 عامًا، هو دبلوماسي مُكلف بتشكيل حكومة جديدة في لبنان بعد تأمين غالبية النواب له. ينحدر من طرابلس في الشمال وهو سفير لبنان في ألمانيا منذ 2013. شغل منصب مستشار لرئيس الحكومة الأسبق نجيب ميقاتي. بعد تكليفه، تعهد بإجراء إصلاحات في ""أسرع وقت ممكن"". اختار أديب أن يبدأ مهمته الصعبة من شارع الجميزة المتضرر بشدة من انفجار المرفأ، حيث تجول سيراً على الأقدام وتحدث مع السكان. تم ترشيحه من قبل أربعة رؤساء حكومة سابقين بينهم سعد الحريري، الزعيم السني الأبرز، ونجيب ميقاتي، قبل أن يتم التوافق عليه بين القوى السياسية الأبرز. يحمل أديب دكتوراه في القانون والعلوم السياسية، وبدأ مسيرته المهنية كأستاذ جامعي في جامعات عدة في لبنان، قبل أن يصبح سفيرًا. يُصف بأنه هادئ"
866,"أعلن حاكم أوهايو جون كاسيش رسمياً انسحابه من السباق الجمهوري للترشح للرئاسة الأمريكية، مما يجعل دونالد ترامب المرشح الوحيد رسمياً عن الحزب الجمهوري. وكان كاسيش قد أعلن سابقاً عن تعليق حملته، لكنه أكد اليوم أن الله سيرشده إلى الطريق الصحيح.

وتأتي هذه الخطوة بعد يوم واحد من انسحاب سيناتور تكساس تيد كروز بعد فوز ترامب الكبير في انتخابات إنديانا التمهيدية.

وبالرغم من أن ترامب لم يحصل حتى الآن على الغالبية المطلوبة من مندوبي الحزب الجمهوري، إلا أنه من المتوقع أن يفوز في الانتخابات التمهيدية القادمة التي تستمر حتى السابع من يونيو/حزيران. ويعقد مؤتمر الجمهوريين لاختيار مرشحهم في كليفلاند (أوهايو) من 18 إلى 21 يوليو/تموز المقبل.

ومنذ ذلك الحين، بدأ ترامب محاولات توحيد"
867,"كشفت تقارير صحفية أنه من المقرر إجراء جلسة مصغرة مع المدير الفني للمنتخب الألماني لكرة القدم، يوآخيم لوف، قبل اجتماعه المقرر مع إدارة الاتحاد الألماني في الرابع من ديسمبر/كانون الأول المقبل. ومن المتوقع أن يشارك في الجلسة رئيس الاتحاد الألماني، فريتز كيلر، ونائبه بيتر بيترز، بالإضافة إلى لوف. نشرت هذه المعلومات في تقرير صحفي نشرته صحيفة ""بيلد"" بعد أن أصدر الاتحاد الألماني بياناً يوم الاثنين (23 نوفمبر/تشرين الثاني) يشير فيه إلى أنه سيجري مناقشات بشأن مستقبل لوف في الرابع من ديسمبر/كانون الأول. ومن المتوقع أن يقدم أوليفر بيرهوف، أحد مدراء المنتخب الأربعة، تحليلاً لخسارة المنتخب أمام إسبانيا بستة أهداف نظيفة، وهي النتيجة الأسوأ للمنتخب منذ أكثر من خمسة عقود. كما سيقدم بيرهوف تقريرا"
868,في الثاني من أبريل 2014، أصدرت اللجنة العلمية الأممية تقريرًا في فيينا يشير إلى أن الأطفال الذين تعرضوا لمستويات عالية من الإشعاع الناجم عن محطة فوكوشيما النووية قد يصابون بسرطان الغدة الدرقية في المستقبل، بينما لن يكون هناك زيادة كبيرة في معدلات الإصابة بالسرطان بين سكان اليابان بشكل عام. تم إجلاء حوالي ألف طفل من المنطقة المجاورة لمحطة فوكوشيما النووية في مارس 2011، حيث تلقوا جرعات إشعاع تصل إلى 80 ملليغرام. قام أكثر من 80 عالمًا من 18 دولة بتحليل مستويات الإشعاع في اليابان واحتمالية زيادة معدلات الإصابة بالسرطان، بما في ذلك سرطان الغدة الدرقية، الدم، الثدي، أو غيرها.
869,"الأمين العام للأمم المتحدة، بان كي مون، يدعو مجلس الأمن الدولي إلى إنهاء حالة الشلل بخصوص سوريا واتخاذ إجراءات ""مفيد"" لوقف العنف الذي أدى إلى مقتل حوالي 70,000 شخص، وفقا لإحصائيات الأمم المتحدة. يعبر كي مون عن الحاجة الملحة للمجلس للتغلب على الجمود السياسي واتخاذ تحرك محتمل مفيد.

في الوقت نفسه، يفيد المرصد السوري لحقوق الإنسان بأن 13 شخصا قتلوا اليوم في قصف للقوات النظامية على حي جوبر في شرق دمشق. كما يشير المرصد إلى أن 51 شخصا قتلوا في معارك اليوم في مختلف أنحاء سوريا.

في لبنان، أغلق محتجون المعبر الحدودي الشمالي مع سوريا لمنع شاحنات تحمل وقودا من العبور إلى سوريا، زاعمين أن الوقود يستخدم لإمداد الجيش السوري. أجبر المحتجون نحو 30 شاحنة على التوقف على الجانب اللبناني من الحدود"
870,"الرئيس الأمريكي باراك أوباما، في مقابلة مع قناة ABC، أكد على أهمية الدبلوماسية في حل مشكلة البرنامج النووي الإيراني، مشيراً إلى الدروس المستفادة من محاولات التخلص من الأسلحة الكيماوية السورية. وأوضح أوباما أن التهديد الأمريكي بتوجيه ضربة ضد سوريا، ثم اللجوء إلى الدبلوماسية، يجب أن يكون إشارة لإيران. وأكد أوباما أن البرنامج النووي الإيراني هو ""قضية كبرى"" بالنسبة للولايات المتحدة، ""مثل قضية الأسلحة الكيماوية"". وحذر الرئيس الأمريكي الإيرانيين من أن تخلي الولايات المتحدة عن توجيه ضربة عسكرية ضد سوريا لا يعني أنهم ""لا يستطيعون"" توجيه ضربة لإيران. وأشار أوباما إلى أنه تبادل الرسائل مع الرئيس الإيراني الجديد حسن روحاني، لكنه لم يتحدث معه مباشرة. وأكد أوباما على أن إيران، على الرغم من خلافاتها مع الغرب حول برنامجها النووي، هي ""قضية أهم بكثير بالنسبة لنا من الأسلحة الكيماوية"
871,"حظرت ألمانيا جمعية ""أيتام لبنان""، وهي جمعية تتخذ من إيسن مقراً لها، بسبب دعمها لحزب الله، وفقاً لبيان أصدرته وزارة الداخلية يوم الثلاثاء. وصادرت الشرطة، في إطار عملية تفتيش، أجهزة كمبيوتر وشعارات ورموز لحزب الله ومبالغ نقدية و40 صندوقاً تحتوي على ملفات من مكاتب الجمعية. وكانت الجمعية تخضع للمراقبة منذ عام 2009 وجمعت تبرعات بقيمة 3.3 مليون يورو بين عامي 2007 و2013 وأرسلتها إلى مؤسسة في لبنان تسمى ""مؤسسة شهيد""."
872,"باستيان شفاينشتايغر، قائد فريق ""كل النجوم""، سيقود فريقًا يضم لاعبي الدوري الأمريكي الممتاز (MLS) ضد فريق ريال مدريد الإسباني في مباراة ودية بالولايات المتحدة. خلال مؤتمر صحفي قبل المباراة، رد شفاينشتايغر على سؤال من صحفي سابق، الذي طرح عليه سؤالًا محرجًا ومثيرًا للضحك عندما كان يلعب مع شيكاغو فاير، يسأل إذا كان يريد الفوز بكأس العالم مع الفريق. في المؤتمر الحالي، رد شفاينشتايغر على نفس الصحفي بسؤاله إذا كانت المباراة ودية أو مقياسًا للدوري، وسأل إذا كان يمكنه الفوز بكأس العالم مع ""كل النجوم"". ضحك شفاينشتايغر ورد بأنه دائمًا يريد الفوز، حتى في المباريات الودية، وأنه لا يحب خسارة"
873,"تم اختطاف المواطنين الهولنديين بودفيخين برينديسن وجوديث شبيغل من منزل في صنعاء في 15 يونيو من قبل مهاجمين مجهولين. وقد أعربوا في مقطع فيديو على يوتيوب عن مخاوفهم وطلبوا المساعدة من السلطات الهولندية. وقد قالت الحكومة الهولندية إنها تولي القضية ""الاهتمام الكامل"" ولكنها لم تقدم تفاصيل أخرى. وقد تحدث وزير الخارجية الهولندي، فرانز تيمرمانس، ضد الكشف العلني عن مثل هذه الحالات، قائلاً إنه نادراً ما يؤدي إلى نتائج إيجابية. وقد تم تصوير مقطع الفيديو في مكان غير معروف، وقد ناشدت برينديسن وشبيغل أقاربهم والمواطنين الهولنديين والحكومة الهولندية للمساعدة في إطلاق سراحهم. وقد ذكرت صحيفة يمن بوست أن الجماعات المحلية تستخدم عمليات الاختطاف للمساومة مع الحكومة، لكنها لم تقدم مزيدً"
874,"أطلقت الحكومة العراقية اسم ""لبيك ياعراق"" على العمليات العسكرية في الأنبار، وذلك بدلاً من الاسم السابق ""لبيك يا حسين"". وقد جاء هذا القرار بعد انتقادات من وزارة الدفاع الأميركية للتيار الشيعي الذي يستخدم هذا الاسم. ومن الجدير بالذكر أن الزعيم الشيعي مقتدى الصدر كان أيضاً من المنتقدين لهذه التسمية، وطالب بتغييرها إلى مسمى جامع مثل ""لبيك يا أنبار"" أو ""لبيك يا صلاح الدين"". وفي هذه الأثناء، تمكنت القوات العراقية من تحرير 65 كيلومتر مربعاً من مدينة الرمادي، وتخوض الآن حملة لاستعادة المناطق التي استولى عليها مقاتلو تنظيم الدولة الإسلامية."
875,"النحل القاتل، الذي يُصور عادة كنحل ضخم وسمّا قاتلا، أصغر من نحل العسل العادي، وسمه أقل قوة. نشأ في البرازيل في عام 1956، عندما جلب عالم النحل واريك كير نحل العسل الأفريقي إلى أمريكا الجنوبية لزيادة إنتاج العسل. هرب بعض هذا النحل وتزاوج مع نحل أوروبي في البرية، مما أدى إلى ظهور نوع جديد من النحل المهجن، يُعرف باسم نحل العسل الأفريقي (A. picea). انتشر هذا النوع في جميع أنحاء العالم، وصل إلى المكسيك بحلول عام 1985، وسان فرانسيسكو بحلول عام 2014. على الرغم من انتشار هذا النوع العدواني من النحل، الذي أدى إلى عدة مئات من الوفيات بسبب لدغاته، إلا أن المصطلح ""القاتل"" مضلل لأنه يوحي بأن النحل يُخرج"
876,اندلعت اشتباكات بين انفصاليين موالين لروسيا والشرطة في مكتب المدعي العام في دونيتسك، وهو مركز صناعي في شرق أوكرانيا. أزال الانفصاليون أسلحة الشرطة وأخرجوهم من المبنى، وقاموا أيضا بإلقاء قنابل مولوتوف وصواريخ على الشرطة. ردت الشرطة بإطلاق قنابل الغاز والقنابل الصوتية. وقد اتهمت أوكرانيا روسيا بالتورط في هذا الحادث، لكن روسيا تنفي ذلك. وقد احتجز مراقبو العسكرية الأجانب في سلوفيانسك من قبل انفصاليين موالين لروسيا في وقت سابق من هذا الأسبوع. وقد طلبت المستشارة الألمانية من روسيا المساعدة في إطلاق سراحهم. وقد أقر القائم بأعمال الرئيس الأوكراني بأن قواته قد فشلت في القضاء على الاضطرابات في بعض أجزاء الشرق، وأن الهدف الآن هو منع انتشار هذا.
877,قتل ما لا يقل عن 31 شخصًا عندما انفجر بركان جبل أونتاكي في هوكايدو، اليابان، وفقًا للتقارير الأولية. كان مئات المتنزهين على الجبل عندما انفجر البركان، وتمكن معظمهم من النزول بأمان، لكن البعض الآخر حُصر. يشارك أكثر من 1100 من رجال الإطفاء والشرطة والجيش في عملية الإنقاذ، حيث يستمر الدخان في الانبعاث من فوهة البركان. تم العثور على بعض الجثث في الكوخ بالقرب من القمة، بينما دفنت البعض الآخر في الرماد الذي سُمكَّ إلى حوالي 50 سنتيمترًا.
878,خلال احتفالات بدء رئاستها في الاتحاد الأوروبي، نظمت النمسا حدثين رمزيين. الأول كان صعود زعماء الاتحاد الأوروبي وآلاف المواطنين جبال الألب، مع المستشار النمساوي سيباستيان كورتس في الوسط. أما الحدث الثاني فشمل نشر قوات الأمن والمروحيات على الحدود الجنوبية لإظهار عزم النمسا على رفض استقبال المهاجرين غير الشرعيين. الحدثان، على الرغم من اختلافهما، جزء من جدول أعمال النمسا لتحويل الاتحاد الأوروبي إلى تكتل أكثر توجهاً نحو الشعب وتأمينه، خلال رئاستها التي تستمر نصف عام وما بعد ذلك.
879,تأهل فريق بوروسيا دورتموند إلى نهائي كأس ألمانيا لكرة القدم بعد فوزه على فولفسبورغ بهدفين نظيفين في نصف النهائي. بدأ دورتموند المباراة بقوة، حيث سجل هنريك مخيتاريان الهدف الأول في الدقيقة 13 بمتابعة لتسديدة ماركو رويس. وفي الدقيقة 28، أضاف روبرت ليفاندوفسكي الهدف الثاني بمتابعة لتمريرة رويس. ورغم الفرص التي أضاعها فولفسبورغ، ألغي هدف للوفتهانزا بداعي التسلل. وبهذا الفوز، ينتظر دورتموند الفائز من مباراة بايرن ميونخ وكايزرسلاوترن في النهائي.
880,"تم القبض على رجلين في بريطانيا، أحدهما في الحادية والعشرين من عمره والآخر في الثانية والعشرين، بتهمة ""التخطيط والسفر إلى سوريا عبر تركيا بغرض المشاركة في أعمال إرهابية""، وفقاً للسلطات. يعتقد أن الاثنين غادرا إلى سوريا في مايو الماضي. وقد تم القبض على رجل ثالث في مطار غاتويك أثناء عودته من إسطنبول بتهمة ""المشاركة في معسكر تدريب إرهابي"" في سوريا، لكنه أطلق سراحه بكفالة حتى استمرار التحقيقات. تؤكد الشرطة أن هذه الحالات ليست مرتبطة."
881,"في عام 2016، شهدت ألمانيا زيادة مقلقة في العنف الموجه نحو نزل اللاجئين، حيث تم تسجيل حوالي 347 اعتداء في الربع الأول من عام 2017، وفقا لتحقيقات صحفية أجرتها وسائل إعلام ألمانية. وتضمنت هذه الاعتداءات ثلاث حالات ""محاولة القتل العمد""، و37 حالة ""الحريق المتعمد""، و23 حالة من الإصابات الجسدية بحق اللاجئين ومستخدمي المساعدات والمسؤولين المحليين. وفي عام 2015، تم تسجيل 1031 اعتداء من هذا النوع. ولأول مرة، حذر المكتب الاتحادي لمكافحة الجريمة من الاعتداءات الجسدية الموجهة ضد اللاجئين. وتوقع الخبراء أن تشمل محاولات القتل المعارضين للمتطرفين اليمينيين، أي القتل على خلفية سياسية. وذكر المكتب أن المتطوعين لمساعدة اللاجئين والسياسيين المحليين والصحفيين كانوا أهدافا لاعتداءات اليمين المتطرف، بهدف نشر وترسيخ ""أجواء الخوف"" في المجتمع. وكانت ولاية"
882,"أصدر وزير الخارجية الألماني فرانك فالتر شتاينماير ورئيس الوزراء البولندي دونالد تاسك تصريحات يوم 22 فبراير/شباط 2014 يحثان فيها على الحفاظ على سلامة أراضي أوكرانيا ووحدتها الوطنية. وقد دعوا جميع الأطراف إلى تجنب الأعمال الاستفزازية التي قد تكون تداعياتها مميتة. كما وصف شتاينماير الوضع في أوكرانيا بأنه ""هش للغاية"" رغم التوصل إلى اتفاق بين أطراف الصراع. وقد حث شتاينماير السياسيين على التحلي ببعد النظر والعمل على تحقيق السلام.

من جهتها، دعت منسقة السياسة الخارجية في الاتحاد الأوروبي كاثرين أشتون جميع أطراف الأزمة السياسية في أوكرانيا إلى مواصلة الانخراط في الحوار الذي يحقق في نهاية المطاف التطلعات الديمقراطية للشعب الأوكراني. كما رحب بإطلاق سراح رئيسة الوزراء الأوكرانية السابقة يوليا تيموشينكو. وفي السياق ذاته، رحب البيت"
883,توقعات الناس من الرئيس أوباما كانت عالية جداً، حيث كانوا يأملون أن يعود بسرعة إلى القيم الشرعية في محاربته للإرهاب، وأن ينهي أساليب التعذيب وأماكن الاعتقال السوداء التي استخدمها سلفه بوش. ولكن، بعد مرور عام، لا يزال معسكر غوانتانامو قائماً، وفي مجالات أخرى من محاربة الإرهاب، واجه أوباما تحديات كبيرة على أرض الواقع. في يوم عيد الميلاد، كاد نيجيري له صلات بتنظيم القاعدة أن يفجر طائرة مدنية، رغم أن الاستخبارات الأمريكية كانت تملك معلومات عنه. اليمن أيضاً يتطور ليصبح ملجأ للإرهابيين الإسلاميين الهاربين، ومن بينهم سجناء سابقون في غوانتانامو. إدارة أوباما تحاول الآن نقل المعسكر من كوبا إلى تومسون في ولاية إلينويز على الأرض الأمريكية. إذا استمر سجن المعتقلين هناك دون رفع دعاوى قضائية ضدهم أمام محاكم نظامية، فإن
884,أدان رئيس هيئة الأركان الأمريكية المشتركة شحنة صواريخ روسية مضادة للسفن إلى سوريا، مشيراً إلى أنها قد تزيد من جرأة الرئيس بشار الأسد في استمرار الحرب الأهلية الدامية. هذا الكشف عن صادرات الأسلحة الروسية إلى دمشق يأتي بعد أكثر من أسبوع من اتفاق الولايات المتحدة وروسيا على عقد مؤتمر في محاولة لوقف الحرب. صحيفة زود دويتشه تسايتونغ انتقدت موسكو، معتبرة أن الصواريخ التي زودت بها روسيا سوريا فتاكة، ويمكن أن تستخدم ضد سفن أمريكية قد تحاول فرض منطقة حظر جوي. في الوقت نفسه، أرسلت موسكو ثلاث سفن حربية إلى شرق البحر الأبيض المتوسط، وهي تخطط، بالتعاون مع أمريكا، لعقد مؤتمر حول النزاع السوري. صحيفة نويه تسوريشر تسايتونغ شككت في جدوى عقد مؤتمر دولي حول الحرب السورية، نظراً لتسليم روسيا صواريخ مضادة للس
885,الرئيس الروسي فلاديمير بوتين يثني على انتخابات أوكرانيا المقبلة، لكنه يدعو إلى تأجيل الاستفتاءات على الاستقلال في جنوب شرق البلاد. يصر بوتين على أن التصويت لن يكون له تأثير ما لم يتم حماية حقوق جميع المواطنين.
886,"يؤكد النص على أهمية مصر، سواء على الصعيد العالمي أو الأوروبي، حيث تعتبر دولة مهمة للتطور نحو الديمقراطية في العالم العربي. ومع ذلك، يشير النص أيضا إلى أن مصر، على الرغم من أهميتها، لا تمتلك نظاماً ديمقراطياً مستقراً، كما يتضح من الفوضى التي أعقبت انتخاب برلمان في عام 2012 والانقلاب العسكري الذي قاده الرئيس عبد الفتاح السيسي.

يناقش النص قرار رئيس البرلمان الألماني، نوربرت لامرت، بإلغاء لقاء مع الرئيس المصري عبد الفتاح السيسي، رغم تأكيده على أهمية مصر. يشير النص إلى أن قرار لامرت قد يكون رمزياً، لكنه يخدم فكرة الديمقراطية ويعمل على دعم النظام البرلماني.

يشير النص أيضاً إلى أن السياسة الخارجية الألمانية تجاه مصر مثيرة للقلق، لكن الحوار المستمر مع القاهرة قد يكون مفيدا"
887,"كشف كريستيانو رونالدو عن سر احتفاله الفريد بتسجيل الأهداف، وهو القفز وفتح ذراعيه وقول ""نعم"". بدأت هذه العادة أثناء لعبه في ريال مدريد واستمرت معه حتى الآن. يعتقد رونالدو أن هذا الاحتفال يمثل الوحدة والنجاح، حيث يستخدمه عندما يفوز فريقه. استخدم هذه الطريقة للاحتفال بتسجيله هدفاً في مباراة تشيلسي في تحضيرات الموسم في لوس أنجلوس، ورغم ذلك لم يكن يعرف السبب وراء اختياره لهذا الاحتفال. قاد رونالدو فريقه يوفنتوس إلى الفوز في مباراة أمام سامبدوريا في الدوري الإيطالي، بعد بداية صعبة هذا الموسم ومشاكله مع المدرب ماوريسيو ساري."
888,اعتقلت الشرطة 34 شخصًا في أوروبا للاشتباه في انتمائهم لشبكة تتاجر بالبشر، والتي يعتقد أنها جذبت الفتيات من بلغاريا للعمل في مجال الدعارة في إسبانيا، وبشكل خاص في بورتو بانس. وقد أجرت الشرطة الإسبانية والبلغارية عمليات اعتقال وتفتيش متعددة، حيث تم إجراء معظم الاعتقالات في إسبانيا. وقد تم جلب النساء من المناطق الفقيرة في بلغاريا وأجبرن على العمل كبائعات هوى تحت تهديد العنف ضدهن وأسرهن. كما أجبرن على سرقة العملاء، بعضهم تحت تأثير المخدرات.
889,دعا الجمهوريون إلى إنهاء برنامج الرعاية الصحية للفقراء (Medicaid) وحددوا أموالًا إضافية لهذا البرنامج، وهو ما أثار انتقادات من الديمقراطيين. منذ إقرار قانون الرعاية الصحية الأمريكي في 2010، الذي يُعتبر أحد إنجازات الرئيس السابق باراك أوباما، تعهد الجمهوريون بإلغاء القانون واستبداله، لكنهم فشلوا في ذلك. الآن، وبعد سنوات من الانتقادات، أعلن البيت الأبيض أن الخطوة التي اتخذها الجمهوريون تمثل خطوة نحو استعادة خيارات الرعاية الصحية والقدرة على تحمل التكاليف للشعب الأمريكي. ومن المقرر أن يتم إلغاء عقوبة رفض شراء التأمين الصحي، التي كانت من أبرز ما جاء في قانون أوباماكير. ومع ذلك، انتقد الديمقراطيون الخطة، مؤكدين أنها ستسبب ضررًا للأمريكيين من خلال زيادة تكاليف الرعاية الصحية، وهو ما يعود بالنفع على شركات التأمين. البرنامج، الذي
890,"قضت المحكمة الدستورية العليا في مصر بوقف قرار الرئيس محمد مرسي بعودة مجلس الشعب، وذلك في جلسة عقدتها يوم الثلاثاء 10 يوليو. وقد رفضت هيئة الدفاع عن قرار الرئيس الحكم فور صدوره، واصفة إياه بأنه ""مسيس"". 

وكان الرئيس مرسي قد أصدر قرارا بإلغاء حل مجلس الشعب بموجب حكم صادر من المحكمة الدستورية العليا، على أن يعود المجلس لممارسة مهام عمله. ونص القرار على سحب القرار رقم 350 لعام 2012، باعتبار مجلس الشعب منحلا، اعتبارا من يوم الجمعة 15 يونيو 2012، وعودة مجلس الشعب المنتخب لعقد جلساته وممارسة اختصاصاته المنصوص عليها بالمادة 33 من الإعلان الدستوري الصادر بتاريخ 30 مارس 2012.

وقد أكدت المحكمة الدستورية في بيان أصدرته عقب قرار مرسي أنها ""ماضية في مباشرة اختصاصاتها، التي عقدها الدستور لها، وفي مقدمتها أنها تتولى دون غيرها"
891,أكد المتحدث باسم وزارة الداخلية المصرية أن البلاغ الذي تقدم به مدير المباحث الجنائية بقسم الأزبكية ضد مدير مكتب رويترز في القاهرة هو بلاغ شخصي، ولا يزال الوزارة تحتفظ بحقها القانوني في اتخاذ الإجراءات القانونية ضد الوكالة. وقد نفت الوزارة أي تورط في مقتل ريجيني، الذي سلط مقتله الضوء مجددا على مزاعم أوسع نطاقا حول سجل الشرطة في مصر في مجال حقوق الإنسان.
892,في هجوم جديد، قتل على الأقل 43 شخصًا وأصيب أكثر من 120 في تفجيرين انتحاريين في ضاحية بيروت الجنوبية التي يهيمن عليها الشيعة، وهي معقل لحزب الله وإيران. الجماعة السنية اللبنانية، كتائب عبد الله عزام، التي تدعم القاعدة وأعلنت مسؤوليتها عن الهجوم، تتهم إيران بدعم الرئيس السوري بشار الأسد في سوريا. إيران وحزب الله يدعمان النظام، بينما تدعم السعودية العديد من جماعات المعارضة. قد يؤدي هذا الهجوم إلى تصعيد العنف، مما يزيد التوترات الطائفية في لبنان.
893,"أدى بشار الأسد اليمين الدستورية لولاية رئاسية جديدة مدتها سبع سنوات، وذلك في مراسم أقيمت في القصر الرئاسي بدمشق. وفي خطابه، أكد الأسد على أن الدول التي دعمت الإرهاب ستدفع ثمنا غاليا، وأن الانتخابات الرئاسية كانت معركة للدفاع عن السيادة والشرعية والقرار الوطني. وقد أدلى الرئيس السوري، الذي فاز بالانتخابات التي أجراها في الشهر الماضي، بتصريحات حول الحرب الأهلية، قائلاً إن وصفها بأنها ""حرب أهلية"" هو محاولة لإعطاء الإرهابيين غطاء شرعياً، وأنه سيستغل خوف الغرب من الإسلام المتطرف ليطرح نفسه كحاجز بوجههم. وقد دعم الأسد من قبل روسيا وإيران وحزب الله في لبنان."
894,أعلن رئيس الحزب الاشتراكي الديمقراطي الألماني، مارتن شولتس، عن تخليه عن منصب وزير الخارجية في الحكومة الائتلافية المرتقبة، مشيراً إلى أن النقاش حول شخصه سيؤثر على تصويت الحزب الاشتراكي الديمقراطي في تحديد مصير الائتلاف مع التحالف المسيحي. وعبر شولتس عن أمله في أن ينتهي النقاش حول شغل المناصب داخل الحزب الاشتراكي الديمقراطي. يأتي هذا القرار بعد أزمة داخل الحزب الاشتراكي الديمقراطي حول توزيع المناصب الوزارية عقب إبرام اتفاقية الائتلاف الحاكم مع التحالف المسيحي، بزعامة المستشارة أنغيلا ميركل.
895,تم التوقيع على اتفاق بين وزير الخارجية التركي، أحمد داود أوغلو، ومفوضة الشؤون الداخلية بالاتحاد الأوروبي، سيسيليا مالمستورم، في أنقرة بخصوص محادثات حول تخلي تركيا عن طلب تأشيرة الدخول للأتراك الراغبين في زيارة دول الاتحاد الأوروبي. هذا الاتفاق قد يمثل تحسنًا في العلاقات بين تركيا والاتحاد الأوروبي. كانت المحادثات المتعلقة بإعادة المهاجرين غير الشرعيين إلى تركيا معقدة بسبب عدم الثقة بين الطرفين، لكن هذه الخطوة قد تمهد الطريق لحل هذه المشكلة. بدأت تركيا، التي تقدمت بطلب للحصول على عضوية الاتحاد الأوروبي، المفاوضات المتعلقة بالالتحاق بالاتحاد الأوروبي في عام 2005، لكن العقبات السياسية، والمشكلات المتعلقة بجزيرة قبرص، ومقاومة فرنسا وألمانيا لحصول تركيا على عضوية الاتحاد، كلها ساهمت في تباطؤ عملية الانضمام.
896,"قامت القوات الأمريكية بغارة جوية في سوريا ليل الخميس 12 نوفمبر 2015، استهدفت ""الجهادي جون""، المشتبه في ظهوره في مقاطع فيديو لتنظيم الدولة الإسلامية (داعش) تظهر عمليات قطع رؤوس الرهائن. تمت الغارة في معقل تنظيم الدولة الإسلامية في الرقة، سوريا. ومع ذلك، لم يتضح على الفور ما إذا كانت الغارة قد قتلت محمد إموازي، المعروف أيضا باسم الجهادي جون، والذي يعتقد أنه شارك في قطع رؤوس ضحايا آخرين. يتم حاليا تقييم نتائج العملية."
897,"تعرض جندي فرنسي لهجوم من قبل مسلح في متحف اللوفر في باريس، حيث كان الأخير يصيح بعبارة ""الله أكبر"". وقد أخلت الشرطة المنطقة إثر الحادث. وقد أصيب المهاجم بجروح خطيرة من قبل الجندي، بينما أصيب أحد الجنود بجروح خفيفة في رأسه. وقد حاول جنود منع المسلح من دخول المتحف بمحاولة السيطرة عليه باستخدام أسلحة غير مميتة. والمشتبه به مصري الجنسية، لكنه وصل إلى فرنسا الشهر الماضي. ولم يتم تأكيد أو نفي صحة جنسيته. وقع الهجوم في الساعة العاشرة صباحاً بالتوقيت المحلي، وقد علق عليه الرئيس الأمريكي دونالد ترامب، الذي وصفه بأنه ""إرهابي إسلامي متطرف جديد"". وقد وصف رئيس الوزراء الفرنسي برنارد كازنوف الهجوم بأنه ""ذو طبيعة إرهابية""، ولم تتضح بعد هوية وجنسية المهاجم. وقد تم اعتقال شخص آخر على إثر"
898,"مشروع البحث الدولي ""COPS""، الذي يشرف عليه الأمم المتحدة، يتم تنفيذه في منطقة الغابة السوداء في ألمانيا، ويشمل منطقة جبال فوسغ الفرنسية. يهدف المشروع إلى تقديم معلومات دقيقة حول الغيوم المحملة بالأمطار وإضافتها على النماذج الموجودة على أجهزة الكمبيوتر للتنبؤ الجوي. تم اختيار المكان بناءً على طلب من باحثين في جامعة هوينهيم الألمانية، حيث يتميز المكان بسهولة رصد بدء تكون الغيوم، والموقع المرتفع يسمح بإجراء الدراسات بشكل فعال، مع قلة الأشجار التي تعيق الرؤية. الغيوم المحملة بالأمطار هي غيوم تتكون في المناطق الجبلية، حيث يتم دفع الهواء الرطب بشكل سريع إلى الأعلى، مما يؤدي إلى تكون غيوم مثقلة بالأمطار. المشروع يهدف إلى دراسة دورة تشكيل الأمطار وهطولها، ومن ثم إضافتها إلى أدوات التنبؤ الجوي لتحسين المعلومات حول الغيوم وهطول"
899,قال رئيس المجلس الأعلى لليهود في ألمانيا، جوزيف شوستر، إن الهجمات الإرهابية في باريس وكوبنهاغن أثارت الاهتمام بقضايا معاداة الأجانب والعنصرية ومعاداة السامية في المجتمع والسياسة. وقال شوستر إن المجتمع أصبح أكثر انفتاحا تجاه اللاجئين من سوريا، لكن الناس من أصول أجنبية لا يزالون يواجهون صعوبات في الاندماج في المجتمع الألماني. وأكد شوستر أن هذه الظاهرة موجودة على مستوى العالم، حيث يواجه الناس من ثقافات مختلفة صعوبات في الاندماج في أي مكان.
900,"المتحدث باسم القوات المسلحة الليبية التابعة لمجلس النواب المنتخب، العقيد أحمد المسماري، يتهم ""داعش، والإخوان المسلمين، والتنظيمات التابعة للقاعدة"" بالتحالف في ليبيا لنشر التطرف، مشيراً إلى أن قطر تنقل مسلحي ""داعش"" من سوريا إلى ليبيا. كما يكشف المسماري عن استمرار الدعم المالي القطري للجماعات الإرهابية، ويؤكد على أن القوات الليبية تسعى للأمان في ليبيا وتتطلع لمسار سياسي محدد في المحادثات الجارية في تونس. كما يطالب المسماري الأمم المتحدة بعدم المساس بالمؤسسة العسكرية الليبية أو بقيادتها، ويكشف عن لقاء مرتقب بين المشير خليفة حفتر، قائد ""الجيش الوطني الليبي""، ومبعوث الأمم المتحدة إلى ليبيا، غسان سلامة. ليبيا تشهد انفلاتا أمنيا منذ الإطاحة بنظام العقيد معمر القذافي في عام 2011، وتنازع ثلاث حكومات على إدارتها، وهي"
901,"تم فتح تحقيق قضائي جديد ضد ناصر الخليفي، الرئيس التنفيذي لشبكة ""بي إن سبورتس""، والأمين العام السابق للاتحاد الدولي لكرة القدم، جيروم فالكه. وينطوي التحقيق على بيع حقوق بث مباريات كأس العالم لشبكة ""بي إن سبورتس"". وينفي كل من الخليفي وفالكه الاتهامات الموجهة إليهما، ويدعيان أن حقوق البث قد بيعت وفقًا لجميع القوانين والقواعد المعمول بها. ويجري التحقيق مكتب النائب العام السويسري بالتعاون مع السلطات في عدة دول أخرى. وقد تم بالفعل استجواب فالكه في سويسرا كمشتبه به، بينما تم تفتيش مقرات ""بي إن سبورتس"" في فرنسا."
902,"في محاولة للحصول على حريات شخصية محدودة في المملكة العربية السعودية، بدأ المعارضون في التوجه إلى العالم الرقمي عبر تويتر. في سلسلة ""السعوديون على وسائل التواصل الاجتماعي"" لبي بي سي، يتم تسليط الضوء على ثلاثة حسابات على تويتر، تعكس رحلة أصحابها نحو الحرية الافتراضية في السعودية. ولكن، ما هو تأثير هذا النوع من الحياة السرية على هؤلاء الأشخاص؟

حسين، الذي يمثل الأقليات الدينية في المملكة، يعيش حياة صامتة. بينما يعبر يوسف، المتحول جنسياً، عن نفسه بشجاعة من خلال حسابه على تويتر، رغم المخاطر التي يواجهها في المملكة. أما مازن، الطالب الكفيف، فقد استفاد من الأدوات المتاحة على الإنترنت لتغيير عالمه ومنحته حرية العقيدة.

هذه السلسلة الخاصة تدعوكم للمشاركة في الحوار عبر هاشتاغي:"
903,"شهدت البحرين قبل عامين تطبيق الأحكام العرفية واعتقال عدد من الأطباء بتهمة الاستيلاء على مستشفى يعملون فيه خلال ""انتفاضة ضد السلطة"". وقد حكمت محكمة عسكرية على الأطباء وغيرهم من المعتقلين الـ28 بالسجن لمدة أربعة أشهر بناءً على اعترافات قسرية. وبعد عام من بدء المحاكمة, قررت محكمة مدنية إخلاء سبيل الأطباء, إلا أن العديد منهم لا يزال خارج العمل بسبب تعرض بعضهم للتعذيب خلال الاحتجاز."
904,"مزاعم منتشرة تربط بين السعودية واختراق هاتف جيف بيزوس، مالك شركة أمازون، عبر رسالة من رقم هاتف يزعم أن ولي العهد السعودي محمد بن سلمان كان يستخدمه. السفارة السعودية في الولايات المتحدة تصف هذه المزاعم بأنها ""غير منطقية"" وتطالب بتحقيق فيها. التقارير تربط أيضا بين اختراق الهاتف ومقتل الصحفي السعودي جمال خاشقجي في قنصلية بلاده في تركيا."
905,تظاهر يمنيون للمطالبة بإعادة توزيع المعسكرات والمخازن العسكرية الموجودة في البلاد إلى المناطق الحدودية بدلاً من تهديدها لسلامة السكان، كما طالب المتظاهرون بإخلاء الأراضي الزراعية التي سيطر عليها ما يعرف بقوات الحرس الجمهوري، وإعادتها إلى ملاكها الأصليين. كما ردد المتظاهرون هتافات تندد بما وصفوه بنهب أراضيهم وتوزيعها على ضباط الحرس الجمهوري دون دفع اي تعويضات لهم.
906,تتمتع المملكة العربية السعودية بموقع قوي في مجلس التعاون الخليجي، مع تأثير إقليمي وداخلي، ولكن دولة الإمارات العربية المتحدة تكتسب نفوذاً سياسياً كبيراً، مما يثير تساؤلات حول استمرار خضوعها للنفوذ السعودي. تمتلك الإمارات العربية المتحدة وجهات نظر مختلفة، وتتحدى القيادة السعودية من خلال مشاريع اقتصادية إصلاحية وانفتاح على قضايا المرأة والدين، مما يشير إلى تفاعل بين الدولتين.
907,استند التقرير إلى وثيقة سربها المتعاقد السابق مع وكالة الأمن القومي الأمريكية إدوارد سنودن، والتي تفيد بأن الدبلوماسيين الأستراليين في آسيا استخدموا لاعتراض الاتصالات الهاتفية وجمع المعلومات لحساب الولايات المتحدة الأمريكية. وقد أثارت هذه المزاعم احتجاجات من الصين وماليزيا، حيث قال وزير الخارجية الماليزي حنيفة أمان إنه قدم مذكرة احتجاج لممثلي الولايات المتحدة وأستراليا بشأن هذه المزاعم. وقد نفت أستراليا هذه المزاعم، وقالت إنها لا تعلق على القضايا الاستخبارية، ولكنها تتفهم المخاوف الماليزية.
908,"تتسبب أعباء العمل والضغط المستمر في الشعور بالتوتر والإرهاق، وهو ما يتطلب التخلص من هذا التوتر والضغط. ويقدم غونتر هوداش، وهو مدرب متخصص في علاج التوتر الناجم عن كثرة المشاغل, ثلاثة تمارين بسيطة للتخلص من التوتر والإرهاق في العمل. 

1. تناول الطعام بوعي
التركيز على الطعام ومذاقه وشكله ورائحته يساعد في الاسترخاء والشعور بالراحة. وينصح هوداش بالعناية بالطعام الذي نتناوله، حيث يعمل العقل على البحث عن محفز باستمرار.

2. القيام بعملية مسح للجسم
يتضمن هذا التمرين الشعور بكل أجزاء الجسم, من خلال إغلاق العينين والتنفس عشر مرات على الأقل لعزل الذات عن البيئة المحيطة.

3. التركيز على خطوة العودة إلى المنزل
يتضمن هذا التمرين إدراك كل خطوة"
909,يواصل الناخبون المصريون التصويت في اليوم الثاني والأخير من الانتخابات الرئاسية، التي من المتوقع أن يفوز بها وزير الدفاع السابق عبد الفتاح السيسي. اصطف الناخبون في طوابير أمام لجنة اقتراع في شبرا بالقاهرة. يتوقع أن تصدر النتائج الأولية بعد ساعات من إغلاق لجان الاقتراع في الساعة التاسعة من مساء الثلاثاء. يواجه السيسي منافساً واحداً فقط، وهو اليساري حمدين صباحي. من المتوقع أن يحقق السيسي فوزاً كاسحاً في هذه الانتخابات. من المقرر إعلان الفائز رسمياً في موعد أقصاه الخامس من يونيو/ حزيران القادم.
910,قال المرصد السوري لحقوق الإنسان إن الاشتباكات ما زالت مستمرة في حلب وريف دمشق ودرعا، حيث تحاول القوات الحكومية التقدم باتجاه حلب من الشرق. يتم حاليا إرسال قوات النخبة إلى هناك، ويتم استخدام الصواريخ الأرضية ضد حلب في إطار هذه العملية. أكد مصدر عسكري سوري أن تعزيزات عسكرية تتجه إلى مطار حلب الدولي، حيث تدور معارك بين الجيش والمقاتلين المعارضين الذين يستخدمون العبوات الناسفة لمنع تقدم القوات. كما تم السيطرة بالكامل على موقع الكبر في محافظة دير الزور من قبل المعارضة، مما يتيح لهم السيطرة على الطريق بين مدينة دير الزور والرقة. دانت الولايات المتحدة بشدة قصف مدينة حلب بالصواريخ، وهو ما أدى إلى مقتل العشرات. قرر الائتلاف السوري المعارض تعليق أنشطته الدبلوماسية خارج البلاد احتجاجا على الفشل في وقف قصف حلب.
911,"افتتاح معرض لايبزغ الدولي للكتاب بالتزامن مع تسليم جائزة التفاهم الأوروبي للأديب المجري غيروغ دالوس عن كتابه ""رفع الستار. نهاية الديكتاتوريات في أوروبا الشرقية"". المعرض يجذب الزوار والمشاركين من 39 بلدا مختلفا ويقدم برامج في الأدب والترفيه. ومع ذلك, تأثر سوق الكتاب بالأزمة الاقتصادية العالمية, مما أدى إلى تقلص الميزانية المخصصة للدعاية والترويج من قبل دور النشر. ورغم ذلك, يحرص المعرض على الحفاظ على حجمه المعتاد وتقديم التنوع في عالم الأدب لأكبر شريحة ممكنة من الجماهير."
912,في غارة جوية في شمال وزيرستان، قتل ما لا يقل عن 13 متشددًا، بما في ذلك 12 من الأوزبك، بحسب المسؤولين. وقد نفذت الغارة طائرة بدون طيار أمريكية واستهدفت معقل المتشددين في زوي سايدغاي. وقد أثار الهجوم، الذي وقع أثناء اجتماع للمتشددين، حركة المتشددين من مدن مهمة مثل ميران شاه ومير علي، التي كانت تحت مراقبة الجيش.
913,أثناء مشاركة بوتين في جلسة للأسئلة والأجوبة مع الجمهور عبر التلفزيون، ناقش المخاوف الاقتصادية لروسيا، والعقوبات، والزراعة، والسياسة الخارجية، والدعم للمزارعين. أكد بوتين أن روسيا تحتاج إلى استغلال الوضع الاقتصادي الحالي لتحقيق التنمية. كما أشار إلى أن الاقتصاد سيستغرق حوالي عامين لاستعادة قوته أو على الأقل حتى ترتفع قيمة عملة الروبل مرة أخرى. اعترف بوتين بالتحديات التي يواجهها المزارعون، بما في ذلك تراجع أسعار الألبان في السوق وتأثيرها على دخلهم. كما ناقش الدعوات لاعتراف روسيا بالمنطقتين الانفصاليتين في شرق أوكرانيا. فيما يتعلق بالسياسة الخارجية، أشار بوتين إلى أن روسيا لن تنتهك العقوبات الأممية المفروضة على إيران بشأن برنامجها النووي، على الرغم من قرارها بتوريد صواريخ إس-300 إلى إيران.
914,"نفت قطر اليوم الأحد 27 يوليو/تموز اتهامات بشأن إدارتها لحملة سرية ضد منافسيها على استضافة كأس العالم لكرة القدم عام 2022، وذلك بعد ثمان سنوات من فوزها بالاستضافة. وقد فازت قطر بحق استضافة البطولة في تصويت أجراه الاتحاد الدولي لكرة القدم (فيفا). لكن صحيفة ""صنداي تايمز"" البريطانية ادعت أن فريق الملف القطري استخدم فريقا أمريكيا للعلاقات العامة ووكلاء سابقين في وكالة الاستخبارات المركزية الأمريكية لتشويه المنافسين سرًا، خاصة الولايات المتحدة وأستراليا. ورغم أن الفيفا قد حققت في ملابسات فوز قطر بالاستضافة، إلا أنه تم تبرئة ساحتها من ارتكاب أي مخالفة في عام 2014. وأكدت اللجنة العليا للمشاريع والإرث، وهي الهيئة القطرية المسؤولة عن تنظيم كأس العالم، رفضها لكل ""الادعاءات التي نشرتها صحيفة صنداي تايمز""، مشددة على التزامها"
915,"تتناول العديد من الصحف العربية زيارة وزير الخارجية الأمريكي مايك بومبيو إلى الشرق الأوسط، والتي تهدف، وفقاً لبعضها، إلى ""تضييق الخناق على إيران"". 

في صحيفة ""البناء"" اللبنانية، يكتب حسن حردان مقالاً بعنوان ""بومبيو والمحاولة اليائسة لاحتواء انتصار سوريا""، يقول فيه إن الهدف من الزيارة هو ""تجنيد حلفاء أمريكا والحكومات التابعة لها، في سياق هذه الخطة لاحتواء انتصار سوريا وحلفائها في محور المقاومة"". ويضيف حردان ""لا شكّ في أنّ هذه الخطة الأمريكية لاحتواء انتصار سوريا تهدف من وراء ذلك إلى محاولة منع تعزز بيئة المقاومة واستنهاض المشروع العروبي التحرّري في عموم الوطن العربي"".

وفي صحيفة ""الأخبار"" اللبنانية، تقول رنا فهد عن الزيارة إلى العراق: """
916,قام علماء ألمان بتطوير مادة فعالة قادرة على وقف عملية موت الخلايا العصبية في الدماغ، وهو اختراق قد يسهم في علاج مرض الزهايمر. المادة، التي تم تطويرها بواسطة مجموعة بحثية بقيادة البروفيسور هانس أولرش ديموت، أظهرت نتائج إيجابية في الاختبارات التي أجريت على الحيوانات، ولكن يجب إجراء المزيد من الاختبارات على البشر للتأكد من فعاليتها. مرض الزهايمر، الذي يعتبر من أكثر أمراض الشيخوخة شيوعًا، يتسبب في فقدان الذاكرة والملكات الذهنية المكتسبة، ولا يوجد له علاج حالي. يهدف البحث الذي أجراه البروفيسور ديموت إلى منع تكوين إنزيم يسبب تراكمات بروتينية تؤدي إلى موت الخلايا العصبية. بالرغم من النتائج المبشرة، يحذر العلماء من عقد آمال مبكرة جدًا على النتائج الجديدة، حيث لا يزال البحث غير مدرك لآلية موت الخلايا العصبية، ونجاح
917,"تتواصل المحادثات بين إيران والولايات المتحدة والدول الأخرى حول البرنامج النووي الإيراني في فيينا، مع تأكيد من المسؤولين على أنه قد لا يكون هناك اتفاق نهائي. نقلت تقارير عن نائب وزير الخارجية الإيراني عباس عراقجي قوله إن الأطراف وافقت على جدول عمل وإطار، ومن المتوقع عقد جولة أخرى في النصف الثاني من مارس. ووصف مسؤول بارز في وزارة الخارجية الأمريكية اليوم الثاني من المحادثات بأنه كان ""بناءً ومفيداً"". ورغم هذه التأكيدات، لا يزال من غير الواضح ما إذا كان الجانبان سيقتربان من التوصل إلى تسوية نهائية. لا يزال يتعين حل العديد من القضايا الرئيسية، بما في ذلك ما إذا كانت إيران ستلتزم بالحد من تخصيب اليورانيوم وكيف سيتم رفع العقوبات الدولية."
918,في مباراة مثيرة في برلين، فاز فريق فيردر بريمن على باير ليفركوزن بهدف واحد مقابل لا شيء، سجله اللاعب مسعود أوزيل. هذا الفوز ضمن لبريمن جائزة مالية قدرها 2.5 مليون يورو. لعب بريمن بشكل جيد لمعظم المباراة، ولكن حارس مرمى ليفركوزن، رينيه آدلر، أنقذهم من التسجيل في الشوط الأول. بعد الاستراحة، واصل بريمن الضغط على آدلر ولكن دون جدوى. ومع ذلك، في الدقيقة 58، سجل أوزيل الهدف الوحيد في المباراة بعد تلقي تمريرة رائعة من البرازيلي دييغو. كان هذا الفوز مهمًا لبريمن، حيث ضمن لهم مكانًا في الدوري الأوروبي الجديد، محل كأس الاتحاد الأوروبي. أنهى بريمن الدوري في المركز العاشر، وهو أمر مخيب للآمال
919,انفجرت قنبلتان في ماراثون بوسطن عام 2013، مما أدى إلى تكريم ستة وعشرين شخصا قتلوا في حادث إطلاق نار بمدرسة في نيوتاون، كونيتيكت. يتطلب المشاركة في ماراثون بوسطن تحقيق أزمنة تأهيلي وشروط محددة، وهي أن يكمل العداء سباق ماراثون تأهيلي خلال العام ونصف العام التي تسبق ماراثون بوسطن. في عام 2013، شارك سبعة وعشرون ألف عداء لتكريم الضحايا، وذلك بوضع علامة خاصة في نهاية الميل السادس والعشرين. كان أصغر فائز بماراثون بوسطن هو تيم فورد عام 1906، بينما يحمل الكيني جيفري موتاي الرقم القياسي في ماراثون بوسطن بعد أن سجل ساعتين وثلاث دقائق وثانيتين في عام 2011. حقق العداء الوحيد الذي فاز بسبعة مرات في بوسطن، كلارنس هاريسون ديمار، انتصاره السابع في بوسطن عام 1930 عندما
920,تظل مستقبل روبرت ليفاندوفسكي، مهاجم فريق بروسيا دورتموند، غير مؤكد حيث لم يقدم بايرن ميونيخ أي عرض رسمي حتى الآن، وفقًا لمدرب الفريق يورغن كلوب. أعلن وكيل اللاعب، تشيزاري كوشارسكي، أن ليفاندوفسكي سيترك دورتموند للانضمام إلى بايرن ميونيخ، لكن كلوب أكد أن هذه العملية لم تبدأ بعد. أكد كلوب أن اللاعب سيظل مع دورتموند في الموسم القادم، وأنه يتوقع توقف الشائعات حول مستقبله في الأيام القادمة. على الرغم من ذلك، يرتبط ليفاندوفسكي بعقد مع دورتموند حتى عام 2014، وقد أعربت أندية مثل مانشستر يونايتد ويوفنتوس وريال مدريد عن اهتمامها به.
921,"أعلنت المفوضية العليا للاجئين التابعة للأمم المتحدة أن العراق شهد الأسبوع الماضي حركة نزوح غير مسبوقة بلغت 65 ألف شخص، وهي الأكبر منذ العنف الطائفي بين عامي 2006 و2008. وقد نجم هذا النزوح عن سيطرة مسلحين من العرب السنة، بما في ذلك أولئك المرتبطين بتنظيم القاعدة، على مدينتي الفلوجة والرمادي في محافظة الأنبار. وجاء هذا بعد فض قوات الأمن لمخيمات اعتصام المحتجين من العرب السنة في الثلاثين من ديسمبر/ كانون الأول. وقد سيطر المسلحون المتحالفون مع تنظيم الدولة الإسلامية في العراق والشام (داعش) والمسلحون من العشائر على الفلوجة في مطلع يناير/ كانون الثاني، وذلك عقب اشتباكات مع قوات الأمن جراء فض الاعتصامات. ويتعرض العرب السنة في العراق للشكاوى من التهميش من قبل حكومة نوري المالكي, التي تنفي هذه الاتهامات. وقد توجه غالبية النازحين إلى"
922,قتل 15 مدنياً، بما في ذلك 13 في سوق مزدحم، في غارة جوية شنتها قوات النظام على مدينة معرة النعمان في محافظة إدلب، شمال غرب سوريا، وفقاً للمرصد السوري لحقوق الإنسان. وأصيب 18 مدنياً آخرين في الغارة. كما أفاد المرصد عن مقتل اثنين آخرين في غارات على مناطق أخرى في جنوب إدلب، بما في ذلك سجن إدلب، الذي تعرض عشر مرات على الأقل من قبل طائرات حربية روسية، مما أسفر عن مقتل وإصابة عدد غير محدد من السجناء والسجانين.
923,"قالت السلطات في ""حفل روك أم رينغ"" على فيسبوك إن تفتيشا دقيقا للمنطقة لم يكشف عن أي تهديدات خطيرة، وسمحت الشرطة باستمرار الحفل بعد القبض على ثلاثة أشخاص بتهمة قطع فعاليات مهرجان ""روك آم رينغ"" في ولاية راينلاند بفالتس المجاورة بسبب الاشتباه في وجود أنشطة إرهابية. رفضت السلطات في ولاية هيسن الألمانية التعليق على المشتبه بهم، وأكدت أن الجهات المعنية هي الشرطة والادعاء العام في راينلاند بفالتس. فتح الادعاء العام في كوبلنتس بولاية راينلاند بفالتس، التحقيق مع المشتبه بهم بتهمة الإعداد لجريمة تفجير، وتم الإفراج عنهم في وقت لاحق لكن التحقيقات مستمرة."
924,كشف استطلاع للرأي أجرته منظمة الشفافية الدولية أن الفساد قد زاد في معظم الدول العربية منذ ثورات الربيع العربي في عام 2011، مما أثار خيبة أمل المواطنين وقوض جهود الحكومات لإعادة الاستقرار السياسي. في ثلاث دول من الدول التي شهدت ثورات الربيع العربي - مصر وتونس واليمن - قال غالبية المشاركين في الاستطلاع إن الفساد قد زاد خلال العامين الماضيين. وفي مصر، قال 64% من المشاركين إن الفساد قد زاد، بينما بلغت النسبة 80% في تونس. وفي ليبيا، التي لم تشهد ثورة، كانت النسبة 46% فقط. الشرطة والقضاء والجيش في هذه الدول بحاجة إلى إصلاح لكسب ثقة المواطنين، وفقا لكريستوف ويلكه، مدير منظمة الشفافية الدولية في الشرق الأوسط وشمال أفريقيا. أكثر من نصف سكان العالم يعتبرون أن الفساد قد تفاقم في العامين الأخيرين.
925,"في العام الماضي، أعلنت جماعة تدعى ""أنصار المسلمين في بلاد السودان"" عن وجودها، مشيرة إلى أنها قتلت الرهائن الذين كانت قد اختطفتهم في شمال نيجيريا. وكانت الجماعة قد اختطفت الرهائن، وهم من الجنسية البريطانية، اليونانية، الإيطالية، واللبنانية، في غارة على موقع لشركة تدعى ستراكو. وقالت ""أنصار المسلمين"" أن الرهائن قتلوا ردا على محاولة للإنقاذ من قبل القوات البريطانية والنيجيرية، لكن المسؤولين البريطانيين نفوا علمهم بهذه المحاولة. وكانت وحدة من القوات الخاصة البريطانية قد حاولت في السابق إنقاذ رهينتين من قبضة ""أنصار المسلمين""، لكن الرجلين قتلا قبل أن يتمكن البريطانيون من إنقاذهما. وقالت الجماعة أن عملية الاختطاف الأخيرة كانت انتقاما لما وصفته ""بالفظائع التي تقوم بها الدول الأوروبية ضد الإسلام""."
926,"أعرب كلاوس ألوفس، المدير التنفيذي لنادي فولفسبورغ، عن غضبه من نادي بايرن ميونيخ ومدربه غوارديولا بعد خسارة بايرن أمام فرايبورغ، مما أدى إلى تراجعه في الترتيب العام للدوري الألماني. وقال ألوفس: ""بايرن كان قدوة فيما يتعلق بالاحترافية، لكن هذه الاحترافية لم تكن موجودة في الأسابيع الأخيرة. أنا مصدوم جدا من كيفية إهداء النقاط مؤخرا"".

تسبب خسارة بايرن ميونيخ في سلسلة من الأحداث التي أثارت غضب الأندية الأخرى في الدوري الألماني، حيث كانت الخسارة أمام فرايبورغ هي الخسارة الثالثة على التوالي للفريق البافاري في الدوري الألماني.

تأتي هذه الانتقادات من شعور الأندية بأن لاعبي بايرن ميونيخ لم يحافظوا على الفوز خلال مبارياتهم الأخيرة، وهو أمر غير معتاد بالنسبة للفريق الذي يعتبر دائماً"
927,أغلقت الحكومة السودانية المراكز الثقافية الإيرانية الثلاثة في البلاد، وأمهلت الدبلوماسيين العاملين بها 72 ساعة لمغادرة البلاد، وفقاً لما صرح به مصدر لوكالة فرانس برس. وقد جاء هذا القرار بعد تزايد نشاط هذه المراكز في التبشير بالمذهب الشيعي، كما يقول المصدر. ويقول المراسلون إن القرار قد يكون صدر نتيجة ضغوط داخلية وخارجية، تتمثل في دول الخليج والتي يقلقها التقارب السوداني الإيراني، وتيارات سلفية في الداخل.
928,تعرض متسابقو الدراجات من كازاخستان وإيطاليا للاتهامات بتعاطي المنشطات، مما أدى إلى انسحاب فرقهم من سباق فرنسا الدولي للدراجات (تور دو فرانس). كما تم فصل متسابق آخر، مايكل راسموسن، من فريق رابوبانك بسبب تغيبه عن اختبارات المنشطات. وقد أثار هذا تساؤلات حول مستقبل السباق وسمعته، حيث أعرب الممولون الرئيسيون عن قلقهم بشأن الأضرار التي قد تلحق بسمعة البنك الهولندي، تي-موبايل، وغيرولشتاينر. كما أن هناك مخاوف من أن رياضة الدراجات ككل قد تكون على حافة الانقراض.
929,"في مركز أبحاث في كلية الطب بجامعة هانوفر الألمانية، يتم تقدير العناكب بدلاً من التخلص منها. هناك، أنشأ الباحثون غرفاً مخصصة لنوع من العناكب يعيش عادة في أمريكا الجنوبية، وهو نيفيلا أو العنكبوت الذهبي. تم جلب حوالي 40 عنكبوتاً إلى المركز، حيث قاموا ببناء شبكات كبيرة فوق رؤوس الباحثين.

في المختبر، تعمل الدكتورة كريستينا ألميلينغ، المتخصصة في جراحة اليد والتجميل، في مختبرها. بجوار المصعد، يوجد مكتبها الذي تم تفريغه من معظم الأثاث، مع وضع جذوع الأشجار بأغصانها على الجدران. عندما تمشي عبر الغرفة، تتجه أنظاراها إلى السقف، حيث تتدلى العناكب في شباكها.

تقول الدكتورة ألميلينغ أن"
930,"تناول المغردون قضية جورج فلويد بالنقد، ورفض بعضهم اللغة المستخدمة في الدول العربية لوصف أصحاب البشرة السمراء، مثل ""ما ذنبهم إن خلقوا سودا""، و""أسود ولكن أخلاقه حسنة"". هذه العبارات تعكس العنصرية الموجودة، بحسب صانعة المحتوى مها جعفر. الوقت ملائم الآن ليفهم البعض أن هذه العبارات عنصرية أيضا، بحسب مغردين. في مصر وسوريا، شارك المغردون تجاربهم مع العنصرية بناءً على لون بشرتهم. وفي ألمانيا، أشار البعض إلى العنصرية تجاه العمال من الدول الإفريقية. وقد طلي مشاهير عرب وجوههم بالأسود دعما لقضية فلويد، وهو ما انتقده البعض كونه ""تصرف مهين""."
931,اكتشفت بعثة أثرية مصرية سويدية مجموعة من المقابر في منطقة جبل السلسلة في محافظة أسوان في جنوب مصر. تحتوي هذه المقابر على بقايا هياكل عظمية بشرية، وبقايا حيوانية، وأجزاء من توابيت حجرية وفخارية، ومواد أخرى مثل التمائم والقلائد. تشير البقايا العظمية إلى أن بعض الأفراد كانوا يتمتعون بصحة جيدة، بينما تشير أدلة أخرى إلى سوء التغذية، الكسور الناتجة عن زيادة المجهود العضلي، والعمليات الجراحية المتقدمة. هذه الاكتشافات تضيف إلى فهمنا لمصر القديمة وتقدم رؤى جديدة حول المنطقة المكتشفة.
932,حث الأمين العام للأمم المتحدة بان كي مون ووزير الخارجية المصري محمد كامل عمرو على إجراء حوار سلمي يشمل جميع الأطراف السياسية في مصر. وأكد كي مون على أنه لا يوجد مجال للانتقام أو للإقصاء لأي حزب أو طائفة كبيرة. وفي سياق متصل، أعلنت النيابة العامة في مصر عن اعتقال مرشد جماعة الإخوان المسلمين محمد بديع وبعض القيادات الإسلامية بتهمة التحريض على العنف. وقالت الخارجية الأمريكية أن هذه الاعتقالات وعمليات الاحتجاز السياسية تجعل من الصعب معرفة كيف ستتمكن مصر من تجاوز أزمتها السياسية الحالية.
933,ينسب تساقط الشعر، حسب المتخصصين، إلى عوامل وراثية وجينية، وإلى تأثير هرمون التستوستيرون عند الرجال. وعند النساء، يرتبط تساقط الشعر بضعف جهاز المناعة والاضطرابات النفسية كالاكتئاب. ينصح المختصون باستشارة الطبيب عند ملاحظة فقدان غير طبيعي للشعر، وعدم تناول أي أدوية أو علاجات دون استشارته.
934,"وصلت مركبة الفضاء الروسية ""سويوز"" بنجاح إلى محطة الفضاء الدولية (ISS)، حاملةً طاقمًا جديدًا من ثلاثة أفراد، حسبما أفادت وكالة إنترفاكس الروسية للأنباء. استغرقت الرحلة ست ساعات، وهي المرة الثالثة التي تستخدم فيها سويوز هذا الطريق المختصر إلى ISS، حيث كانت تستغرق الرحلة في السابق يومين. كان على متن المركبة القائد الروسي أوليج كوتوف، ومهندسي الطيران مايك هوبكنز وسيرجي ريازانسكي. ومن المقرر أن يقضي الرجال الثلاثة خمسة أشهر ونصف الشهر في الفضاء، وسينضمون إلى طاقم متنوع يضم الروسي فيودور يورتشيخين، والأمريكية كارين نيبرج، والإيطالي لوكا بارميتانو."
935,"النص يتناول تأثير البكاء على الحالة النفسية والعاطفية للأفراد، وذلك من خلال دراسة أجراها فريق من علماء النفس من جامعة كوينزلاند. الفريق قام بدراسة آراء الأشخاص وتوقعاتهم عن البكاء والسياق الاجتماعي، بالإضافة إلى تجاربهم الشخصية السابقة. 

الدراسة توصلت إلى أن آراء الشخص عن البكاء تؤثر على استعداده للبكاء وعلى حالته النفسية بعد البكاء. بمعنى أن الشخص الذي يرى البكاء كوسيلة فعالة للتعبير عن المشاعر السلبية قد يكون أكثر عرضة للبكاء وأكثر راحة بعد البكاء. 

من ناحية أخرى، الدراسة تشير إلى أن البكاء أمام الآخرين، سواء كانوا أصدقاء أو أفراد العائلة أو الزملاء، قد يجعل الشخص يشعر بالخجل أو الأحكام المسبقة. ولكن، في الوقت نفسه، الدراسة تشير إلى أن البكاء بمفردك قد يساعدك في التغلب على المشاعر السلبية.

الدراسة أيضا تناقش"
936,عبر وزير الدفاع الأمريكي هيغل عن قلقه ازاء الأجواء السياسية في مصر، وذلك في مكالمة هاتفية أجراها مع الرئيس المصري السيسي. كما أعرب هيغل عن مواساته لضحايا التفجيرات الأخيرة في مصر، وأكد على استعداد الولايات المتحدة للمساعدة في التحقيق في هذه التفجيرات. ناقش هيغل والسيسي أهمية المشاركة السياسية والموازنة بين الأمن والحريات في مصر. كما أعرب هيغل عن قلقه إزاء تنفيذ قانون التظاهر الذي يحد من الحريات في مصر.
937,"اتفق الطرفان على عقد جولة جديدة من المحادثات في طهران في 11 نوفمبر. وصفت الوكالة الدولية وإيران الاجتماع الثاني عشر من نوعه والثاني مع فريق الدبلوماسيين الجديد الذي عينه الرئيس الإيراني حسن روحاني بأنه ""جيد ومثمر"". قال تيرو فارغورانتا, نائب المدير العام للوكالة الدولية المسؤول عن عمليات التفتيش النووي, إن الاجتماع كان ""مثمرا جدا"" بشأن القضايا الماضية والحالية. قال نائب وزير الخارجية الإيراني إن بلاده ستقدم منظورا جديدا لحل الأزمة الدولية بخصوص برنامجها النووي."
938,يلعب المنتخب الجزائري مباراة حاسمة ضد الولايات المتحدة. المدرب هو رابح سعدان. الجزائر، التي تملك نقطة واحدة، في حاجة للفوز مع عدم فوز إنجلترا. إذا فازت إنجلترا، فإن فارق الأهداف سيكون حاسما في تحديد من سيتأهل. الجزائر لم تسجل أي أهداف في مبارياتها الأخيرة، مما يشير إلى مشكلة في الهجوم. اللاعب الوحيد الذي يمكن أن يحل هذه المشكلة هو عبد القادر غزال، مهاجم سيينا الإيطالي، لكنه تلقى بطاقة حمراء في وقت قصير، مما أثر على نتيجة المباراة الأخيرة.
939,قالت وزارة الداخلية التابعة لحركة حماس في قطاع غزة أن حوالي 300 فلسطيني قد تمكنوا من العبور إلى مصر عبر معبر رفح الحدودي يوم السبت، ومن المتوقع أن يصل عدد الذين سيجتازونه في الأيام الثلاثة المقبلة إلى حوالي 8000. يعتمد سكان قطاع غزة، الذي يزيد عددهم على 1.5 مليون نسمة، بشكل كبير على الأنفاق الموجودة تحت الحدود لتأمين احتياجاتهم الأساسية، وذلك منذ أن شددت كل من الحكومتين المصرية والإسرائيلية الحصار على القطاع بعد سيطرة حماس على مقاليد الأمور فيه في يونيو 2007. تقوم مصر ببناء جدار فولاذي يمتد تحت الأرض على طول حدودها مع قطاع غزة في محاولة لإغلاق هذه الأنفاق، التي يتهم الإسرائيليون حماس باستخدامها لتهريب الأسلحة والأموال.
940,"أعطت الأرجنتين جنوب أفريقيا قائمة تضم 800 من المشاغبين، وتم اعتقال عشرة أشخاص من هذه المجموعة، وهم من يسببون العنف، ويتبعون لعصابة ""بارا برافا""، وذلك بعد وصولهم إلى مطار جوهانسبرغ. تم العثور على أسمائهم في قائمة سوداء. كانوا يحاولون دخول البلاد برفقة 80 مشجعاً آخرين، وتم ترحيلهم في اليوم التالي. أكدت الشرطة أن هذه الخطوة تأتي في إطار الإجراءات الأمنية الفعالة والناجحة التي تم تطبيقها، وهي ثمرة الجهود المبذولة استعداداً لكأس العالم الذي سيقام في أفريقيا لأول مرة."
941,دعا اللاعب السابق في الاتحاد الأسترالي لكرة القدم، سميث، الاتحاد لتحسين أسلوب معاملة اللاعبين الذين يتعرضون لارتجاجات المخ بعد تعرضهم للإصابة، قائلاً إنه تعرض لإصابة في المخ أدت إلى إعاقته بشكل دائم. وقد أجرت شركة تأمين دراسة حالة سميث، وأكدت أنه يستحق التعويض بناءً على إعاقته الجسدية الكاملة والدائمة. وقد أظهرت الدراسات أن العديد من لاعبي كرة القدم في الدوري الأسترالي لكرة القدم يعانون من مشاكل عقلية حادة بعد التقاعد، وأن الارتجاجات المتكررة في المخ التي يتعرضون لها خلال ممارستهم اللعبة قد تكون لها آثار طويلة الأمد.
942,اجتمعت اللجنة الدولية للتغيرات المناخية التابعة للأمم المتحدة في إنتشون، كوريا الجنوبية، الأسبوع الماضي لوضع اللمسات الأخيرة على تقرير حول التغيرات المناخية، والذي يعتبر الدليل العلمي الرئيسي لصانعي السياسات لتنفيذ اتفاقية باريس لعام 2015. الهدف من اتفاقية باريس هو الحد من ارتفاع متوسط درجة الحرارة العالمية ليكون أقل بكثير من درجتين مئويتين فوق مستويات ما قبل العصر الصناعي، مع السعي لزيادة الهدف إلى 1.5 درجة مئوية. وقد حدث ارتفاع درجة مئوية واحدة منذ منتصف القرن الثامن عشر بسبب التصنيع، الذي زاد من انبعاثات ثاني أكسيد الكربون، الغاز الدفيئة الرئيسي المسؤول عن التغيرات المناخية. وفقًا للملخص، فإن زيادة درجة مئوية واحدة ينطوي على مخاطر مرتبطة بالمناخ للطبيعة والبشر، ولكنها ستكون أقل من زيادة درجتين مئويتين. لتحقيق عدم تجاوز
943,"وفقاً لصحيفة ""بيلد آم زونتاج"" الألمانية، تخطط ألمانيا لتوفير الرعاية لأطفال النساء الألمانيات اللواتي انضممن إلى تنظيم الدولة الإسلامية (داعش)، وفقاً لتقرير داخلي لوزارة الداخلية الألمانية. يقيم حوالي 270 امرأة تحمل جواز سفر ألماني وأطفالهن في مناطق قتال في سوريا أو العراق. ولد ما يقرب من نصف هؤلاء الأطفال في مناطق حرب. حذر رئيس هيئة حماية الدستور (الاستخبارات الداخلية) هانز-غيورغ ماسن في السابق من الخطر الذي يشكله هؤلاء الأفراد، مشيراً إلى أن النساء والأطفال والشباب يمكن أن يمثلوا تهديداً."
944,"اتهم الرئيس السوري بشار الأسد تركيا بتقديم مزيد من الأسلحة والدعم للمجموعات المعارضة، وفقاً لتقرير من وكالة الأنباء السورية الرسمية ""سانا"". جاء هذا الاتهام في الوقت الذي أفادت فيه تقارير بمقتل 18 مدنياً على الأقل في غارات جوية يعتقد أن الطائرات الروسية نفذتها في شمال غرب سوريا. وفي لقاء مع علي أكبر ولايتي، مستشار القائد الأعلى الإيراني, أكد الأسد أن ""الانتصارات التي يحققها الجيش السوري في مواجهة الإرهاب بدعم من الأصدقاء، خاصة إيران وروسيا، دفعت بعض الدول المعادية لسوريا لزيادة تمويل وتسليح العصابات الإرهابية"". من ناحية أخرى، أشار المرصد السوري لحقوق الإنسان، وهو كيان معارض, إلى أن غارات جوية على مدينة أريحا في شمال غرب سوريا أسفرت عن مقتل 18 مدنياً على الأقل وإصابة أكثر من 40 آخرين بجروح. ومع ذلك، أشار ناشطون إلى أن عدد القتلى قد"
945,"دعت المتحدثة باسم شؤون الدفاع في الاتحاد المسيحي الديمقراطي، الذي تنتمي إليه المستشارة الألمانية أنغيلا ميركل، إلى استمرار مشاركة ألمانيا في التحالف الدولي ضد تنظيم الدولة الإسلامية في سوريا والعراق. وقالت هنينغ أوته لصحيفة ""بيلد أم زونتاغ"" الألمانية الأسبوعية إن مشاركة ألمانيا العسكرية مهمة ومجدية، مؤكدة أن أي إنهاء للمهمة سيكون ""إهمالاً وغير موثوق فيه وغير مسؤول ولذلك سيكون خاطئاً"". يذكر أن ساسة الاتحاد المسيحي الديمقراطي دعوا أكثر من مرة لتمديد المهمة، لكن هناك معارضة شديدة لذلك من شريكهم في الائتلاف الحاكم، الحزب الاشتراكي الديمقراطي. ومن المقرر أن تستمر مهمة طائرات الاستطلاع الألمانية ""تورنيدو"" وكذلك طائرة التزويد بالوقود لطائرات التحالف الدولي ضد ""داعش"" حتى نهاية شهر أكتوبر/ تشرين الأول، لكن القرار النهائي"
946,"أعلنت تركيا اليوم الثلاثاء (السادس من فبراير/ شباط 2018) عن مقتل جندي في هجوم استهدف نقطة مراقبة في محافظة إدلب شمالي سوريا، وذلك بعد يوم واحد من الإعلان عن بدء الجيش التركي في إقامة نقطة مراقبة رابعة في منطقة خفض التصعيد في إدلب، وفقا لاتفاق منطقة خفض التصعيد الذي تم التوصل إليه في آستانة. ومن المتوقع أن يشكل الجيش التركي 12 نقطة مراقبة تدريجيا تمتد من شمال إدلب إلى جنوبها، ومن المقرر أن تنتشر قوات روسية منضوية في ""قوة مراقبة منطقة خفض التصعيد"" على الحدود الخارجية لمنطقة خفض التصعيد في إدلب، على خط الجبهة بين القوات الحكومية والمعارضة، وذلك بعد استكمال الجيش التركي تشكيل نقاط المراقبة."
947,أفاد تقرير مشترك لبرنامج الغذاء العالمي ومنظمة الأغذية والزراعة (FAO) بأن أكثر من مليار شخص يعانون من سوء التغذية، وهو أعلى رقم منذ أربعة عقود. وقد ارتفع هذا العدد بنحو 100 مليون شخص مقارنة بالعام الماضي، مما يشكل سدس سكان العالم. يعيش معظم الذين يعانون من سوء التغذية في الدول النامية، حيث يعاني 642 مليون شخص في منطقة آسيا والمحيط الهادئ، و265 مليون في جنوب الصحراء الكبرى في أفريقيا، و53 مليون في أمريكا اللاتينية والكاريبي، و42 مليون في الشرق الأدنى وشمال أفريقيا. كما كشف التقرير أن حوالي 15 مليون شخص يعانون من الجوع في الدول المتقدمة. على الرغم من التقدم الذي تم تحقيقه في التخفيف من مشكلة الجوع المزمنة في الثمانينيات والتسعينيات، إلا أن التقرير يشير إلى أن عدد الجوعى بشكل مطرد خلال العقد الماضي
948,أعلن وزير الخارجية الفرنسي، جان-إيف لودريان، أن المجلس الأوروبي الذي سيعقد في نهاية سبتمبر/أيلول سيخصص بشكل أساسي للمسألة التركية والتوتر في شرق البحر المتوسط، وسيتم خلاله مناقشة فرض عقوبات على أنقرة. وقد تم تحضير الملف التركي منذ أيام مع وزراء الخارجية في برلين لتعداد أدوات الرد على تركيا. يتوقع أن يتم خلال المجلس الأوروبي تقييم الوضع في شرق البحر المتوسط، وأن يكون النقاش حوله من أولويات المجلس. وقد أعلن لودريان أن فرنسا تتوقع من تركيا أن تظهر القدرة على مناقشة الوضع في شرق البحر المتوسط قبل المجلس الأوروبي، وأن الدخول في مرحلة فعالة حول جميع المشاكل المطروحة سيكون بعد ذلك. وقد والتوتر قد تصاعد في المنطقة بعد شهر من التصعيد الذي بدأ في 10 أغسطس عندما أرسلت تركيا سفينة المسح الزلزالي إلى المياه التي تطالب بها أثينا. وقد
949,تناقش المقالة الحظر المفروض على تبرع الرجال المثليين بالدم، وهو ممارسة تم تطبيقها منذ انتشار فيروس نقص المناعة البشرية في منتصف الثمانينات. وقد تم انتقاد هذا الحظر باعتباره تمييزًا ويعزز الصور النمطية السلبية. ومع ذلك، أعلنت الإدارة الأمريكية للغذاء والدواء (FDA) أنها ستوصي بتغيير فترة الحظر من أجل التبرع بالدم من التأجيل لأجل غير مسمى إلى التأجيل لمدة عام منذ آخر اتصال جنسي. وهذا القرار سيجعل الولايات المتحدة تتسق مع دول أخرى رفعت مؤخرًا مثل هذه القيود. وستضع الإدارة إرشادات جديدة في أوائل عام 2015، تليها فترة استشارة. يجادل النشطاء بأن الحظر لا يزال غير ضروري بسبب التقدم في اختبارات فيروس نقص المناعة البشرية، والتي يمكن أن تكتشف وجود الفيروس في غضون أسابيع قليلة. ومع ذلك، تفرض الإدارة تأجيلًا لمدة 12 شهرًا لأن
950,أنقذ الجيش النيجيري 234 امرأة وطفلا من معسكرات تابعة لبوكو حرام، الجماعة الإسلامية المتشددة، في عملية تمت يوم الخميس 30 أبريل/نيسان 2015 في منطقة غابات سامبيسا. هذا هو أحدث عملية إنقاذ من بين العديد من العمليات التي شهدت تحرير حوالي 500 امرأة وطفل في الأيام الأخيرة، مع تحرير حوالي 300 امرأة وطفل في نفس المنطقة يوم الثلاثاء الماضي. ومن غير المتوقع أن تكون الفتيات اللاتي اختطفن من مدرسة شيبوك في أبريل/نيسان 2014، واللاتي يبلغ عددهن حوالي 200 فتاة، من بين المحررات في هذه العملية.
951,"أطلقت إيران صاروخا طويل المدى خلال تدريبات عسكرية، وفقا لما أعلنه وزير الخارجية الفرنسي. وقد جاء هذا الإطلاق بعد محادثات في باريس مع نظرائه الأوروبيين والأمريكيين، وخلال وقت تتعرض فيه إيران لانتقادات حادة بسبب تجارب إطلاق صاروخية أخرى. وقد فرضت الولايات المتحدة عقوبات على شركات وأفراد إيرانيين ردا على هذه التجارب. وكانت الولايات المتحدة قد رفعت العقوبات الدولية على إيران فيما يخص برنامجها النووي في يناير/كانون الثاني الماضي. وتؤكد إيران أن صواريخها تستخدم فقط كسلاح ردع تقليدي, مشيرة إلى أنها تمتلك صواريخ باليستية يصل مداها إلى ألفي كيلومتر, وهو ما يعني أنه يمكنها الوصول إلى إسرائيل والقواعد العسكرية الأمريكية في الشرق الأوسط. وقد دعا رئيس الوزراء الإسرائيلي بنيامين نتنياهو القوى الدولية التي أيدت الاتفاق النووي الإيراني إلى معاقبة إيران بسبب تجاربها الصاروخية الأخيرة."
952,"أعلن وزير الآثار المصري يوم الخميس عن اكتشاف أدلة جديدة تشير إلى احتمال وجود غرفة سرية في قبر الملك توت عنخ آمون, خلف قبر آخر تم اكتشافه في عام 1922. وقد أثار هذا الاهتمام العالمي, حيث يعتقد البعض أن الغرفة السرية قد تحتوي على قبر الملكة نفرتيتي, التي يعتقد أنها زوجة توت عنخ آمون. وقال الوزير إن المسح الراداري أظهر وجود منطقتين فارغتين خلف جدارين في قبر الملك توت. وكشف أن الجدارين يختلفان عن بعضهما البعض, مما يشير إلى أن الجدار الأول ليس هو نفسه الجدار الموجود خلف المنطقة الفارغة. وأكد أنه سيتم إجراء مسح أكثر تقدما في وقت لاحق من هذا الشهر لتأكيد ما إذا كانت هذه المناطق الفارغة في الواقع في غرف. وإذا تم التأكد من هذا الاكتشاف, فقد يكون واحدا من أكثر الاكتشافات الأثرية أهمية"
953,حدث أكبر خسوف للقمر في الساعة 08:45 بتوقيت بريطانيا الصيفي، حيث تحول القمر إلى لون أحمر أو بني. بدأ الخسوف الكامل في الساعة 05:58 بتوقيت غرينتش واستمر لمدة ثلاث ساعات. بدأ الخسوف الكامل للقمر الذي استمر لأكثر من 75 دقيقة في الساعة 07:06 بتوقيت غرينتش. يمكن رؤية الخسوف الأول لعام 2014 في معظم أمريكا الشمالية وأمريكا اللاتينية والكاريبي. يمكن رؤية الخسوف في شمال غرب أفريقيا والنصف الشرقي من أمريكا الجنوبية، ولكن بعض المراحل ستحدث بعد انحسار القمر. ستحدث ثلاث ظواهر أخرى خلال عام 2014، بما في ذلك كسوف الشمس السنوي في 29 أبريل، وخسوف كلي للقمر في 8 أكتوبر، وكسوف جزئي للشمس في 23 أكتوبر.
954,تقوم الرياضية لو جونج، التي تأتي من التبت، على تحقيق التوازن بين الجسد والروح، وتساعد في التغلب على التوتر، وفقا لرأي يوليا بيكر، صحفية تبلغ من العمر 45 عاما، والتي بدأت ممارسة هذه الرياضة للتغلب على التعب الناجم عن عملها. تتضمن الرياضة تمارين مستوحاة من الحيوانات، وتساعد في تحسين أداء الأعضاء الحيوية، وفقا للخبيرة نيللي بورشيت أبيرلر، التي تعلم رياضة لو جونج.
955,"لم يتم الإعلان رسمياً عن أرقام مبيعات iPhone X، ولكن التقارير تشير إلى مبيعات كبيرة في الأيام الأولى من إطلاقه. ومع ذلك، قامت شركة Apple بخفض عدد الوحدات التي تم طرحها في السوق. تتوقع مؤسسة JL Warren Capital أن يكون الرقم حوالي 25 مليون جهاز.

على الرغم من ذلك، لا يزال iPhone X بعيداً عن الرقم القياسي الذي حققه أحد أشهر الهواتف المحمولة في التاريخ، وهو Nokia 1100. بيعت من هذا الهاتف الفنلندي حوالي 250 مليون نسخة حول العالم عند إصداره في عام 2003، قبل بداية عصر الهواتف الذكية.

من الجدير بالذكر أن نجاح Nokia 1100 يعود إلى تركيز الشركة على الأسواق النامية، حيث كان سعره معقولاً مقارنة بالهواتف الأخرى في ذلك الوقت، خاصة تلك التي كانت تتوفر على شاشة ملونة وكاميرا.

من"
956,تعرضت مديرية الأمن في مدينة ميدان شار بمقاطعة ورداك لهجوم من قبل ستة مهاجمين مسلحين بالرشاشات والأحزمة الناسفة، مما أدى إلى مقتل خمسة مهاجمين وأربعة من رجال الاستخبارات وإصابة 30 مدنياً. وقتل أحد المهاجمين عندما صدم سيارته المفخخة ببوابة مبنى الاستخبارات، مما سمح للخمسة الباقين باقتحام البناية. واستمر القتال لمدة ساعة، وانتهى بمقتل جميع المهاجمين. كما أسفر الهجوم عن إصابة أكثر من 150 شخصاً، معظمهم من المدنيين، بينهم 23 امرأة وطفلان، بالإضافة إلى 12 مدنياً في حالة حرجة. وقد أعلنت حركة طالبان مسؤوليتها عن الهجوم، مشيرة إلى أنها كبدت القوات الأمنية الأفغانية خسائر كبيرة.
957,"تم استخدام تلسكوب عملاق يتألف من عشر أجزاء، يعرف بـ""في إل بي ايه"" (VLBA)، لقياس موقع كوكب زحل بدقة غير مسبوقة. المركبة الفضائية كاسيني، التي بدأت رحلتها في عام 1997، وصلت إلى زحل في عام 2004، وبدأت القياسات الدقيقة من بعيد. بدون هذا التلسكوب العملاق، كانت القياسات لتحديد موقع زحل أقل دقة بنحو 20 مرة. يمكن للتلسكوب تغطية منطقة جغرافية واسعة، مما يسمح بصور عالية الوضوح للغاية. يمكن لهذه القياسات تحديد موقع زحل بدقة تصل إلى نحو ميل واحد، وهو أمر مفيد بشكل خاص عند التعامل مع كوكب ضخم مثل زحل. ستتحسن التقويم الفلكي، وهو نظام يحدد المواقع المحتملة للأجسام في الفضاء، بشكل كبير بفضل هذه القياسات. سيتيح هذا"
958,"قبل مؤتمر تستضيفه بروكسل يوم الجمعة (23 فبراير/ شباط 2018)، أكد رئيس المفوضية الأوروبية جان كلود يونكر على الرغبة في مساعدة منطقة الساحل على أن تصبح أكثر أمانا وقوة، وتوفير فرص عمل لسكانها، وخاصة الشباب. وأكد على أهمية ضمان أن يسير الأمن والتنمية جنبا إلى جنب.

من جهتها، قالت مسؤولة السياسة الخارجية بالاتحاد الأوروبي فيديريكا موجيريني إن الاتحاد سيضاعف مساهماته في قوة مجموعة دول الساحل ""جي5"", متعهدة بمبلغ إضافي قيمته 50 مليون يورو. لكنها شددت على أن الدعم التنموي مهم مثل الأمن.

وأضافت موجيريني أن هناك أي شروط حقيقية للأمن بدون تنمية اجتماعية واقتصادية وفرص عمل للشباب والنساء في المنطقة.

منطقة الساحل، وهي مساحة شاسعة تواجه تحديات تشمل الفقر المدقع، نقص الغذاء،"
959,"أعلن الاتحاد الألماني لكرة القدم أنه سيتخذ قرارا بشأن استخدام تكنولوجيا خط المرمى في مباريات الدوري الألماني (البوندسليغا) بحلول مارس/ آذار 2014. وفي الوقت الحالي, ستقدم الأندية المعلومات اللازمة لاتخاذ القرار. ومن المتوقع أن يتم استخدام التكنولوجيا في موسم 2014/2015."
960,في 15 ديسمبر/كانون الأول، قتل مسلح يدعى مان هارون مونس ستة عشر شخصاً واحتجز ثمانية عشر شخصاً رهينة في مقهى ليندت شيكولاته في سيدني، أستراليا. قتلت الشرطة مونس خلال عملية إنقاذ الرهائن. وقد أصيبت الرهينة كاترينا دوسون بشظايا من رصاص الشرطة، مما أدى إلى وفاتها. وقد دخل مونس المقهى ببندقية وكان يحمل قنبلة مزيفة. وكان معظم الرهائن قد هربوا أو حررتهم الشرطة قبل اقتحام المقهى. وقد شهدت جلسة الاستماع في التحقيق في الحادث أدلة من الشرطة وناجين عن الحادث.
961,"مثل سيب بلاتر، رئيس الاتحاد الدولي لكرة القدم (الفيفا)، أمام لجنة القيم في الاتحاد الخميس 17 ديسمبر/كانون الأول للنظر في إمكانية رفع الإيقاف عنه. يواجه بلاتر، الذي من المقرر أن يغادر منصبه في 26 فبراير/شباط المقبل، تحقيقات جنائية في سويسرا. وكان بلاتر قد تعرض للإيقاف في 8 أكتوبر/تشرين الأول الماضي لمدة 90 يوماً، وقد تم تمديد هذا الإيقاف لمدة مماثلة مؤخراً. ومن المقرر أن يستمع بلاتر إلى لجنة القيم الجمعة 18 ديسمبر/كانون الأول، لكنه لن يحضر الجلسة بسبب احتجاجاته على ما يعتبره ""اجراءات سياسية"" ضدها، حيث قرر بلاتيني، رئيس الاتحاد الأوروبي لكرة القدم، عدم حضور الجلسة. وقد بدأت اللجنة التحقيق في عقد بيع حقوق تلفزيونية يعتبر غير منصف لفيفا، وقد منحه بلاتر لـ جاك وارنر"
962,استخدم باحثان جهازين مزيفين لأشعة الرنين المغناطيسي لتوضيح أن آلاف الأجهزة الطبية، بما في ذلك من الهيئات الصحية الأمريكية، قد تعرضت للاختراق بالفعل. وقد أظهرت دراستهما، التي عرضت في مؤتمر ديربيكون لمكافحة القرصنة، أن هذه الأجهزة جذبت آلاف القراصنة. وقال الباحثان إن الوسائط المرتبطة بالأجهزة الطبية متاحة عبر محرك البحث شودان، الذي يبحث في البرمجيات المعرضة للقرصنة في الشركات المزودة للخدمات الطبية. وكشف الباحثان عن نقاط ضعف في منتجي الأجهزة الطبية، وأشارا إلى أن الأجهزة الطبية المتصلة بالإنترنت قد تكون عرضة لهجمات القراصنة، مما يعرض بيانات المرضى للخطر. وأكد أحد الباحثين على ضرورة تأمين الأجهزة الطبية بشكل أكبر.
963,دعت مصر رفقة عدد من الدول الأخرى مجلس الأمن لعقد جلسة طارئة لمناقشة تطورات أزمة الروهينغا في ميانمار. يأتي هذا في ظل دعوات متزايدة لحث المجتمع الدولي على القيام بواجبه الأخلاقي تجاه الروهينغا. وفي هذا السياق، أعلنت الحائزة على جائزة نوبل للسلام، أونغ سان سو تشي، التي تقود الحكومة البورمية الفعلية، عن خطط لحضور الجمعية العامة للأمم المتحدة في وقت لاحق من هذا الشهر.
964,في أبريل 2012، تحطمت طائرة مماثلة في مبنى سكني، على بُعد 70 كيلومترًا من قاعدة أوشيانا البحرية في فرجينيا. وقع الحادث في الساعة السابعة والنصف مساءً بتوقيت غرينتش، ولم يتضح بعد السبب. كانت هذه ليست الحادثة الوحيدة؛ فقد حدث حادث مماثل في 20 أبريل 2012، مما تسبب في أضرار مادية كبيرة وتسع إصابات.
965,"حقق البريطاني لويس هاميلتون، سائق مرسيدس، صدارة الترتيب العام لفئة السائقين بعد فوزه بسباق ""جائزة إيطاليا الكبرى"" اليوم الأحد (الثالث من أيلول/سبتمبر 2017) في بطولة العالم لسباقات سيارات فورمولا-1. حطم هاميلتون الرقم القياسي لعدد مرات الفوز بمركز الانطلاق الأول في تاريخ فورمولا-1، حيث حقق فوزه رقم 69، متجاوزاً الرقم القياسي الذي كان مسجلاً باسم الأسطورة الألماني مايكل شوماخر برصيد 68 انتصاراً. وقد تفوق هاميلتون على الفنلندي فالتيري بوتاس زميله في مرسيدس الذي حل في المركز الثاني، فيما جاء الألماني سيباستيان فيتيل سائق فيراري في المركز الثالث، بعد أن كان في المركز الثامن خلال السباق. وقد حقق هاميلتون فوزه السادس هذا الموسم، والـ59 له خلال مسيرته في سباقات الجائزة الكبرى. ويتصدر"
966,يتبادل زعماء الشمال والجنوب الاتهامات بحشد القوات على الحدود مع اقتراب موعد الاستفتاء، الذي من المتوقع أن يصوت فيه الجنوب لصالح الانفصال عن الشمال. وقد نفى كلا الجانبين الهجمات الأخيرة، حيث اتهم الجيش الشعبي القوات المسلحة السودانية (الجيش السوداني) بمهاجمة موقعهم، مما أسفر عن إصابة ستة أشخاص. وقد أكد الجيش السوداني أنه لم يهاجم الجنوب. وقد أفادت الأمم المتحدة بعدم وجود معلومات عن الهجوم.
967,"قامت مجموعة مجهولة بسرقة أجهزة الكمبيوتر التي تستخدم كخوادم في مراكز البيانات في أيسلندا، والتي تشتهر بتوليد الطاقة من مصادر متجددة. وقد تم تنفيذ هذه السرقة خلال أربع مداهمات لمراكز البيانات، وقد احتجز اثنان من المشتبه بهم، بينما تم إطلاق سراح تسعة آخرين بكفالة. وما زالت السلطات تبحث عن الأجهزة المسروقة، وتقدر قيمتها بحوالي مليوني دولار. وقد أثارت هذه السرقة الانتباه بسبب الزيادة ""الاستثنائية"" في استهلاك الطاقة في مراكز البيانات في عمليات إصدار العملات المشفرة والتحقق من التحويلات، حيث تجاوزت الطاقة المطلوبة ما يستخدمه سكان أيسلندا، البالغ عددهم 340,000 نسمة، من الطاقة في منازلهم."
968,في جرف الصخر، قتل متطوعون في الحشد الشعبي وأصيب عدد آخر عندما فجر انتحاري نفسه في جرف الصخر، وهو هجوم يشبه الهجمات التي ينفذها تنظيم الدولة الإسلامية. وفي الكرادة، قتل مدنيون وأصيب سبعة في انفجار سيارة مفخخة. ولم تدعي أي جهة مسؤوليتها عن هذه الهجمات. وفي جرف الصخر أيضا، استعادت القوات العراقية المدعومة من المتطوعين المنطقة من أيدي مسلحي تنظيم الدولة الإسلامية. وفي هجوم منفصل، فجر انتحاري سيارة عسكرية مصفحة مليئة بالمتفجرات عند نقطة تفتيش في جرف الصخر، مما أدى إلى سقوط ضحايا. وفي العراق، قتل أفراد الجيش والمتطوعين ستة من الجيش والحشد الشعبي وأصيب عشرة في معركة مع تنظيم الدولة الإسلامية في منطقة الصدور في المقدادية. وفي وقت لاحق، تمكنت قوات الأمن من تطهير 14 منطقة من أيدي تنظيم الدولة الإسلامية في محافظة الأنبار.
969,"الدراسة تشير إلى أن الجلوس لفترات طويلة قد يكون أكثر خطورة من التدخين. الجلوس لفترات طويلة يمكن أن يؤدي إلى العديد من المشاكل الصحية، بما في ذلك أمراض القلب والأوعية الدموية، البدانة، ارتفاع مستوى الكوليسترول الضار، ومشاكل ضغط الدم. هذه الدراسة، التي نشرت في مجلة Annals of Internal Medicine، تشير إلى أن الجلوس لفترات طويلة هو نوع جديد من التدخين، حيث يمكن أن يؤدي إلى الوفاة المبكرة، حتى مع ممارسة الرياضة اليومية.

الحلول المقترحة للحد من مخاطر الجلوس لفترات طويلة تتضمن التحرك كل نصف ساعة، وضبط المنبه للمشي كل 30 دقيقة، وتناول وجبة واحدة على الأقل يومياً وقوفاً، وإنجاز بعض المهام أثناء المشي. بالإضافة إلى ذلك، يمكن شرب الكثير من الماء لتحفيز الرغبة في التحرك والتبول بشكل متكرر."
970,"تعتزم السلطات الألمانية إجلاء 21,000 شخص من منازلهم في مدينة كوبلنتس، السبت (2 أيلول/سبتمبر)، بسبب وجود قنبلة من مخلفات الحرب العالمية الثانية، والتي سيتم إبطال مفعولها. وفي الوقت نفسه، يتم إجلاء عشرات الآلاف من المواطنين في فرانكفورت يوم الأحد لنفس السبب. سيتم تنفيذ عملية الإجلاء في كوبلنتس على مساحة كيلومتر مربع. عقب السيطرة على المنطقة المحظورة، سيتم نزع فتيل القنبلة في حوالي الساعة 3 مساءً. ومن المتوقع أن يتم تدمير المدينة بشكل كبير خلال قصف الحلفاء لألمانيا في الحرب العالمية الثانية. يُقدر الخبراء أن حوالي عُشر القنابل التي تم إلقاؤها على ألمانيا خلال هذه الحرب لم تنفجر. في فرانكفورت، يتم اتخاذ الاستعدادات لأكبر عملية إجلاء في تاريخ ألمانيا الاتحادية. سيتم نقل المرضى من"
971,يتوقع النشطاء أن يتخذ الرئيس الصيني شي جين بينغ، الذي تسلم للتو قيادة البلاد، موقفاً من قضية الحائز على جائزة نوبل للسلام ليو شياو بو، الذي سجن بتهمة التحريض على التمرد. وقد وقع العديد من الحائزين على جوائز نوبل، بما في ذلك الدلاي لاما وتوني موريسون، رسالة تدعو إلى إطلاق سراح ليو وزوجته ليو شيا. وقد وقع على الرسالة مئات الكتاب والمحامين والنشطاء، مؤكدين أن ليو ليس وحده، وأن الاعتقال السياسي لا يزال مشكلة في الصين. وقد رد المتحدث باسم وزارة الخارجية الصينية برفض التدخل الخارجي في الشؤون الداخلية، بينما هنأ مو يان، الروائي الصيني، الذي يستعد لاستلام جائزة نوبل للآداب.
972,تأهل الفريق المغربي الرجاء البيضاوي للدور التالي لملاقاة فريق مونتيري المكسيكي بطل الكونكاكاف في مباراة السبت القادم على ملعب أجادير. الرجاء واجه صعوبات في بداية المباراة بعد إقالة مدربه محمد فاخر بسبب تواضع نتائج الفريق في الدوري المحلي، ولكن مدرب الفريق الجديد التونسي فوزي البنزرتي نجح في تحضير الفريق نفسيا وخططيا للبطولة. جماهير الرجاء البيضاوي أضافت روحا حماسية على المباراة بتشجيعها المتواصل منذ الدقيقة الأولى وحتى صافرة النهاية. ورغم الضغط الرجاوي منذ الدقائق الأولى، إلا أن أوكلاند سيتي النيوزيلندي استطاع التعادل عبر روي كريشنا في الدقيقة الثالثة والستين. ولكن الفريق الرجاوي تمكن من تحقيق الفوز في الدقيقة الأخيرة من الوقت الأصلي عبر عبدالله حفيظي الذي تابع كرة عرضية صدها حارس أوكلاند. مدرب الرجاء البنزرتي أعرب عن شكره جماهير الفريق
973,نقلت وكالة الأنباء اليمنية الرسمية عن ممثل صندوق النقد الدولي في اليمن، غازي شبيكات، أن الحكومة اليمنية تتوقع عجزاً أكبر في موازنة العام الجديد مقارنةً بموازنة 2013، وأن إيجاد تمويل لهذا العجز سيكون تحدياً حقيقياً للحكومة. وأرجع ذلك إلى محدودية المبالغ التي يمكن توفيرها من الجهاز المصرفي اليمني، وحذر من أن الاستمرار في التوسع في الاستدانة عبر بيع أذون الخزانة والسندات لتغطية عجز الموازنة سيؤثر سلباً على عملية الإقراض الذي يمكن أن توفره البنوك للقطاع الخاص المستثمر. وأضاف أن الاستمرار في خفض النفقات الرأسمالية لا يتناسب مع متطلبات المرحلة التي ينبغي فيها تحقيق معدلات نمو أعلى للمساهمة في تخفيض نسب الفقر والبطالة. وقال شبيكات إن الاقتصاد اليمني استمر بالتعافي من أزمة عام 2011، حيث نما العام الماضي بنسبة 4.5 بالمئة، وهي نسبة أقل مما كان
974,في ضاحية بون الجنوبية، تقع منطقة سكنية هادئة ومشجرة حيث يمكن سماع صوت العصافير بشكل مستمر. بالقرب من هنا، يقع مبنى يعود تاريخه إلى السبعينيات، والذي أصبح الآن مقرًا لمركز الدفاع الجديد. يدير هذا المركز المكتب الاتحادي الألماني لتقنية الأمن والمعلومات، وهو جزء من استراتيجية الحكومة الألمانية للأمن السيبراني. يعمل في المركز عشرة موظفين، بالإضافة إلى موظفين من المكتب الاتحادي لحماية الدستور ومكتب الحماية من الكوارث. تتمثل مهمة المركز في التعرف على الهجمات المحتملة، وتقييمها، ووضع استراتيجيات لمواجهتها، نظرًا للزيادة المستمرة في عدد الهجمات السيبرانية. وقد صرحت المستشارة الألمانية، أنغيلا ميركل، أن خطر الحرب السيبرانية، مثل الحرب التقليدية، هو موضوع يثير القلق. وقد ناقش المؤتمر الأمني الأخير في ميونيخ هذا الخطر. وقد حذر وزير الداخلية آنذاك
975,"توقع محللون سياسيون أن تكون معركة الجنوب السوري, والتي بدأت بالفعل, جزءاً من مخطط دولي أكبر يشمل إعادة فرض سيطرة النظام السوري على آخر معاقل المعارضة المسلحة, وذلك بالتنسيق مع إسرائيل وروسيا والولايات المتحدة.

توني أبي نجم, المحلل السياسي, أكد على دور التفاهمات الدولية التي حصلت قبل انطلاق المعركة, ومن أهم محطاتها زيارة رئيس الوزراء الإسرائيلي بنيامين نتنياهو إلى موسكو وانسحاب القوات الإيرانية والميليشيات التابعة لها من حزب الله وغيره مسافة 30 إلى 40 كيلومتراً بعيداً عن الحدود مع الجولان المحتل.

خطار أبو دياب, أستاذ العلوم السياسية في جامعة باريس, أشار إلى الصمت الأمريكي تجاه تصعيد عسكري بدأه النظام السوري في منطقة ""خفض التوتر"" التي تعهدت واشنطن بحمايتها, ورجح أن يكون الانسحاب الإيراني من المنطقة مؤقتاً, وأن"
976,أوقفت القوى الأمنية اللبنانية شبكة للاتجار بالنساء لأغراض جنسية، وهي الأكبر التي يتم الكشف عنها في البلاد منذ اندلاع النزاع في سوريا، وأنقذت 75 فتاة، غالبيتهن سوريات، كما أعلنت قوى الأمن الداخلي في بيان لها. الفتيات تعرضن للضرب، والتعذيب النفسي والجسدي، وأجبرن على ممارسة الجنس تحت تأثير التهديد بنشر صورهن عاريات وغيرها من الأساليب. بعضهن تعرضن للتشويه الجسدي نتيجة التعذيب. خلال العملية أيضا، تم توقيف عشرة رجال وثماني نساء يعملن على حراسة الشقق التي تستخدم لإيواء الفتيات، ولا يزال اثنان من الذين يديرون هذه الشبكة متوارين عن الأنظار. وفي بيان ثان، اعتقلت القوى الأمنية اللبنانية طبيبا وممرضة كانا يعملان لصالح الشبكة ويقومان بإجهاض الفتيات. الطبيب اعترف بإجرائه حوالي
977,الخلايا التائية، وهي نوع من خلايا الدم البيضاء، تلعب دوراً حاسماً في مناعة الجسم ضد الأمراض. ومع ذلك، كشفت دراسة حديثة أن هذه الخلايا قد تساهم في تسريع عملية الشيخوخة. أجرت الدراسة على الفئران، وأشارت إلى أن الخلايا التائية، التي تعمل على تقليل الالتهاب وتعزيز إمدادات الجسم بالطاقة، قد ترتبط بشدة أعراض الشيخوخة. مع التقدم في العمر، تبدأ الخلايا التائية في التراجع، مما يجعل كبار السن أكثر عرضة للإصابة بالأمراض وأقل استجابة للعلاج. قرر العلماء في هذه الدراسة اختبار ما إذا كان بإمكانهم تأخير الشيخوخة عن طريق تعديل الخلايا التائية لدى الفئران. حقنوا الفئران بعلاج يقلل من إفراز الخلايا التائية لواحدة من المواد المحفزة للالتهابات، وأدى ذلك إلى تحسين أداء الفئران وزيادة قوة ضربات القلب لديهم. كما حقنوا الفئران بعلاج يعزز قدرة الفئران
978,أعلن وزير الداخلية الألماني أن التحذير من وجود قنبلة في سوق عيد الميلاد في بوتسدام كان ابتزازاً يستهدف شركة البريد السريع DHL، وفقاً للأدلة الأولية التي جمعها المحققون. وأكد رئيس شرطة بوتسدام أن القنبلة المزيفة التي عثر عليها في السوق كانت معها رسالة ابتزاز مشفرة عبر رمز الاستجابة السريعة QR Code. واستبعدت الشرطة أن يكون السوق هدفاً لهجوم إرهابي مرتبط بالطرد المريب الذي عثر عليه، والذي احتوى على مئات المسامير الصغيرة وجزء من الألعاب النارية.
979,اندلعت اشتباكات بين القوات الحكومية والقوات الكردية في مدينة القامشلي، مما أسفر عن مقتل 27 شخصا من الجانبين. تدخلت القوات الحكومية بعد سيطرة القوات الكردية على سجن القامشلي واستهدفته بقذائف الهاون والدبابات. أدت هذه الاشتباكات إلى انقطاع اتفاق وقف إطلاق النار الذي لم يدم طويلاً، نتيجة الاستفزازات المتبادلة. وقد أدت الاشتباكات إلى حركة نزوح للسكان من المدينة.
980,"من المقرر أن يلقي الرئيس الأمريكي جورج بوش اليوم الأربعاء 19 مارس/آذار كلمة يعترف فيها بأن تكلفة الحرب في العراق كانت عالية، لكنه سيؤكد أن هذه الحرب قد مهدت الطريق أمام ""نصر استراتيجي كبير"" ضد المتطرفين الإسلاميين. وفي هذه الكلمة، يتوقع أن يشيد بوش بزيادة تعاون السنة العراقيين في التصدي لتنظيم القاعدة، الذي أطلق عليه اسم ""أول انتفاضة عربية واسعة النطاق ضد أسامة بن لادن وأيديولوجيته المروعة وشبكته الإرهابية."" ومن المتوقع أن يحذر بوش أيضا من الانسحاب السريع للقوات الأمريكية من العراق."
981,"أفاد بحث علمي حديث بأن تناول النساء الحوامل لمسكن باراسيتامول قد يعرض أبناءهن لمستويات غير مرغوبة من هرمون التستوستيرون، مما قد يسبب لهم مشكلات تناسلية في مراحل لاحقة من حياتهم. الدراسة، التي نشرت في مجلة العلوم، استخدمت الفئران كتجربة, حيث وجد الباحثون أن إعطاء الفئران الحوامل باراسيتامول أدى إلى انخفاض حاد في إنتاج هرمون التستوستيرون. وفي بريطانيا، يتم حاليا تحذير النساء الحوامل من تناول الباراسيتامول إلا في حالة الضرورة وتحت إشراف الطبيب."
982,كيفين دي بروين، لاعب كرة القدم البلجيكي البالغ من العمر 23 عامًا، يحقق رقمًا قياسيًا في الدوري الألماني هذا الموسم. لقد حقق 21 تمريرة حاسمة، متجاوزًا الرقم القياسي السابق الذي كان 20 تمريرة حاسمة. وقد حقق هذا الرقم القياسي كل من ميسيموفيتش من فولفسبورغ وفرانك ريبري من بايرن ميونيخ في مواسم سابقة. دي بروين حقق هذا الإنجاز في مباراة ضد بروسيا دورتموند، حيث مرر الكرة إلى زميله دانيل كاليغيوري الذي سجل الهدف الأول. رغم أن دي بروين لديه عقد مع فولفسبورغ حتى عام 2019، إلا أن موهبته الاستثنائية جعلت العديد من الأندية الأوروبية الكبرى، بما في ذلك بايرن ميونيخ ومانشستر سيتي وباريس سان جيرمان، مهتمة به. ومع ذلك، أكد فولفسبورغ أن
983,"أعلنت إدارة الدولة لمعلومات الإنترنت في الصين أن الشركات التي لن تتمكن من اجتياز الفحص سيتم إيقاف نشاطها. لن يُسمح للشركات التي تفشل في الفحص بتقديم منتجاتها وخدماتها في الصين. سيتم أيضا حظر المنتجات التي لا تفي بالمعايير الأمنية. يهدف هذا الفحص إلى منع الشركات من استغلال منتجاتها في السيطرة، التعطيل، الإغلاق، أو جمع وتخزين معلومات العملاء واستخدامها. كما حظرت الحكومة الصينية استخدام نظام التشغيل ""ويندوز 8"" على أجهزة الكمبيوتر الجديدة في الحكومة المركزية بسبب مخاوف أمنية."
984,"أصدر الرئيس الأمريكي باراك أوباما بيانا بشأن الاتفاق الذي توصل إليه الدبلوماسيون الأمريكيون والروس بشأن الأسلحة الكيمياوية السورية. واعتبر أوباما الاتفاق خطوة مهمة نحو وضع هذه الأسلحة تحت رقابة دولية, تمهيدا لتدميرها. وجاء الاتفاق عقب محادثات بين وزير الخارجية الأمريكي جون كيري ونظيره الروسي سيرجي لافروف في جنيف. ورغم أن الاتفاق لا يتضمن التهديد باستخدام القوة العسكرية, فإن أوباما أكد أن الولايات المتحدة ""لا تزال جاهزة للتحرك"" إذا فشلت الجهود الدبلوماسية. وأعرب عدد من المشرعين الجمهوريين عن معارضتهم الشديدة للاتفاق, واصفين إياه بأنه ""طريق دبلوماسي ضيق ومعتم"", وأنه بلا معنى إلا في سياق التهديد باستخدام القوة. لكن زعيمة الأقلية الديمقراطية في مجلس النواب, نانسي بيلوسي, قالت إن الاتفاق سيسمح بتطبيق الفصل السابع من ميثاق الأمم المتحدة, الذي يشمل استخدام القوة العسكرية."
985,"الكذب هو ممارسة شائعة تتضمن العديد من الأنواع، بدءًا من الكلمات الرقيقة وصولاً إلى الأكاذيب الصارخة. يمكن الكشف عن الكذب من خلال لغة الجسد، حيث يتحدث الكذاب بصوت مرتفع قليلاً، ويغير موضوع الحديث بشكل متكرر. الشخص الذي يكذب قد يلمس فمه أو عنقه أو يحك أنفه بشكل متكرر. إذا لاحظت أن الشخص الذي تعرفه يكذب عليك، فقد يتحدث بشكل أكثر من المعتاد، ويدخل في تفاصيل غير جوهرية، ويستخدم النكات أو التعبيرات الساخرة لتجنب الموضوع الأساسي. الإجابة على الأسئلة قد تشير أيضاً إلى صدق أو كذب المتحدث، حيث يستخدم الكذاب غالباً نفس التعبيرات بشكل متكرر. في العلاقات العاطفية، هناك ما يُعرف بالأكاذيب البيضاء، حيث يتجنب الأزواج الردود الصريحة على الأسئلة مثل ""هل أبدو سمينة في"
986,أكد نادي بوروسيا دورتموند أن إلكاي غوندوغان، لاعب خط وسط المنتخب الألماني، سيغيب عن بطولة أمم أوروبا (يورو 2016) بسبب إصابة في الركبة. أصيب غوندوغان خلال التدريبات وسيغيب عن آخر مباراتين في الدوري الألماني والمباراة النهائية لكأس ألمانيا، التي ستلعب في مايو/ أيار. كما أنه لن يتمكن من تمثيل ألمانيا في يورو 2016، التي ستبدأ في يونيو/ حزيران. هذا الغياب يعد ضربة قوية للمنتخب الألماني، الذي يعاني بالفعل من عدة إصابات بين لاعبيه، بما في ذلك باستيان شفاينشتايغر، وجوليان دراكسلر، وإيمري كان، وجيروم بواتينج، وبنيديكت هويديس.
987,"قتل تسعة عناصر ""إرهابية"" وأصيب خمسة من رجال الشرطة في تبادل لإطلاق النار أثناء مداهمة أمنية في منطقة العجوزة بمحافظة الجيزة في مصر، حسب مصدر رفيع المستوى في وزارة الداخلية. وكانت المعلومات المتوفرة لدى الأمن الوطني تفيد بإختباء مجموعة من العناصر الإرهابية في شقتين بمنطقة السكة البيضاء في أرض اللواء بالعجوزة. وعند اقتراب القوات من إحدى الشقتين بادروا بإطلاق النار على القوات، مما اضطرها إلى مبادلتهم إطلاق النار. أحد المسلحين فجر عبوة ناسفة كانت بحوزته قبل إطلاق النار. عثرت قوات الأمن على أسلحة نارية وذخائر ومواد متفجرة وأوراق تنظيمية داخل الشقتين. ولم تشر وسائل الإعلام الرسمية إلى الجماعة أو التنظيم الذي ينتمي له هؤلاء الأشخاص."
988,"في أعقاب اجتماع مجموعة ""أصدقاء سوريا"" في العاصمة القطرية الدوحة، تم الاتفاق على تقديم الدعم للمعارضة السورية على الأرض، بما في ذلك المواد والمعدات اللازمة. ودان الوزراء مشاركة عناصر من حزب الله وإيران والعراق في القتال في سوريا، وطالبوا بضرورة مغادرتهم الأراضي السورية على الفور.

ولم يتطرق البيان إلى وجود مقاتلين من دول أخرى في صفوف المعارضة، لكنه أكد على الحاجة لمكافحة التطرف في سوريا، الذي يرى أنه ينمو بسبب الوضع الراهن.

وفي تصريحات خاصة، كشف رئيس الوزراء القطري وزير الخارجية حمد بن جاسم آل ثاني أن الاجتماع اتخذ قرارات تتضمن اجراءات عملية لتغيير الموقف على الأرض، دون الإفصاح عن طبيعتها.

وكان وزير الخارجية الأمريكي جون كيري قد أشار إلى أن الدول المشاركة في المؤتمر ستعمل على زيادة نطاق وحجم المساعدات للمعارضة السياسية والعسكرية.

ويعد"
989,أكدت وزيرة الخارجية الباكستانية أن مسألة دعم باكستان لحركة طالبان في أفغانستان قديمة ومستهلكة. جاء ذلك خلال زيارتها الرسمية للعاصمة الأفغانية كابول، حيث رفضت الاعتراف بالتقرير الذي كشف عن دعم باكستان لحركة طالبان. وقد أعرب البنتاغون عن قلقه من العلاقات بين الاستخبارات الباكستانية وشبكات المتشددين منذ وقت طويل، لكنه لم يطلع على التقرير حتى الآن. وقد حصلت بي بي سي على نسخة من التقرير الذي يشير إلى دعم باكستان لحركة طالبان في أفغانستان، ويستند التقرير إلى اعترافات آلاف المشتبه بهم من طالبان ومقاتلين أجانب. ويكشف التقرير عن تعاون بعض عناصر الشرطة الأفغانية مع طالبان، وهو ما قد يؤدي إلى توترات بين القوات الدولية والحكومة الأفغانية.
990,"الاعتناء بالأسنان أمر ضروري، لكن الكثيرين يتجاهلون هذا الجانب من النظافة الشخصية. الأطباء يحذرون من هذا الإهمال، حيث يمكن أن يؤدي إلى مضاعفات صحية خطيرة مثل أمراض القلب والسكتة الدماغية.

وقد أظهرت الدراسات الحديثة وجود علاقة بين أمراض اللثة واحتمال التعرض لنوبات قلبية أو جلطات. فالتهاب اللثة يمكن أن يفرز هرمونات ضارة في الجسم، والتي يمكن أن تسبب التهاب المفاصل، الأوعية الدموية، وضعف في عمل القلب.

الباحثون وجدوا أيضا أن بعض الأشخاص الذين يعانون من مشاكل في القلب يمارسون الرياضة ويتناولون غذاء صحيا، لكنهم يعانون من تلف الأسنان. هذا التلف في الأسنان يمكن أن يكون السبب المباشر لأمراض القلب، وفقا لفرضيات الباحثين.

وتظهر الدراسات أن معالجة أمراض اللثة يمكن أن تساهم في تحسين صحة الأوعية"
991,"في أغسطس 2013، كان من المقرر أن يستمتع وزراء خارجية الاتحاد الأوروبي بعطلتهم الصيفية. ومع ذلك، أدى الوضع في مصر إلى تغيير في الخطط. عقد رئيس المفوضية الأوروبية، خوسيه مانويل باروسو، ورئيس المجلس الأوروبي، هيرمان فان رومبوي، اجتماعا استثنائيا لمناقشة الأزمة المصرية. أعرب الاتحاد الأوروبي عن نيته في ""مراجعة علاقاته مع مصر في الأيام المقبلة"". ردا على الأحداث في مصر، قرر وزراء خارجية الاتحاد الأوروبي تعليق تراخيص تصدير المعدات الأمنية والأسلحة إلى مصر. تمت إعادة تقييم المساعدات، مع توقف بعض الدول الأوروبية عن تقديمها لمصر بسبب تصاعد العنف. كما تمت مناقشة إمكانية تعليق مساعدات أوروبية بقيمة خمسة مليارات يورو، تم الاتفاق عليها سابقا مع مصر. ومع ذلك، يقول الخبراء إنه من الصعب على أوروبا أن تتصرف وكأن شيئا لم يحدث، حيث أن وقف"
992,"قدم محامي كارلوس غصن، فرانسوا زيمراي، بيانًا يعبر فيه عن قلقه بشأن محاكمة موكله في اليابان، معتبرًا أن النظام القضائي الياباني فشل في توفير محاكمة عادلة. كما أدان زيمراي المدعين اليابانيين، مشددًا على أنه كان يجب أن يثبتوا إدانة غصن، وليس أن يثبت غصن نفسه براءته.

بالإضافة إلى ذلك، أفادت تقارير بأن المدعين اليابانيين صادروا جهاز كمبيوتر من مكتب محامي غصن في طوكيو. وكان غصن قد هرب من اليابان إلى لبنان مؤخرًا، وهو الأمر الذي وصفه زيمراي بأنه ""شأن سياسي"".

من جهة أخرى، انتقدت ماساكو موري، وزيرة العدل اليابانية، كارلوس غصن لانتقاده النظام القانوني في اليابان، معتبرة أن هروبه يعد بحد ذاته """
993,"أفاد مصدر طبي في قطاع غزة بمقتل ثلاثة فلسطينيين من أعضاء حركة الجهاد الإسلامي، ومن بينهم القيادي البارز عوض أبو نصير. وقد توعد المتحدثون باسم الحركة بالانتقام لمقتل أبو نصير. وفي وقت سابق، أفاد الإسرائيليون بأن عدة قذائف فلسطينية سقطت في أراضيهم دون أن تحدث أضرارًا. وقال رئيس الوزراء الإسرائيلي بنيامين نتنياهو إن هناك زيادة في عدد الصواريخ وقذائف الهاون التي تطلق من قطاع غزة على الأراضي الإسرائيلية، ووصف ذلك بأنه ""خطير جدًا"". وأكد نتنياهو أن سياسة الحكومة الإسرائيلية تتمثل في الرد على أي إطلاق نار على أراضيها برد فعل ""فوري وحاسم"". وقد شهدت المناطق الحدودية بين قطاع غزة وإسرائيل تصعيدًا في الأسابيع الأخيرة بعد فترة من الهدوء النسبي منذ الهجوم الإسرائيلي على القطاع في بداية العام الماضي. وقد قتل ثلاثة فلسطينيين في سلسلة غارات جوية"
994,انفجر قنبلة بالقرب من المكان الذي كان يعقد فيه وزير الدفاع الأمريكي الجديد تشاك هاغل اجتماعاً في أفغانستان، لكنه لم يصب بأذى.
995,"بعد خروج فريق باريس سان جيرمان من دور الستة عشر لدوري أبطال أوروبا على يد ريال مدريد، تساءل أحد مشجعي الفريق الإسباني على تويتر عن المبلغ الإضافي الذي قد يتعين على قطر دفعه للاستثمار في النادي، وهو المبلغ الذي يمثل القيمة الأولية للاستثمار الذي قامت به قطر في النادي.

ومع ذلك، يبدو أن هذا الاستثمار قد يكون على وشك أن يشهد بعض التغييرات، حيث يتوقع أن يتم إقالة المدرب الإسباني أوناي إيمري بعد الفشل في التأهل إلى نصف النهائي. وقد أعرب رئيس النادي ناصر الخليفة عن انزعاجه، ووعد بالنظر في التغييرات المستقبلية.

وقد أثارت هذه التصريحات التكهنات حول هوية المدرب الجديد، حيث تم تداول أسماء مثل أنطونيو كونتي، مدرب تشيلسي، وكارلو أنشيلوتي، مدرب بايرن ميونخ السابق، ولويس أنريكه، مدرب برشلونة السابق، بالإضافة"
996,تم تأكيد إطلاق سراح إيزابيل بريم، الرهينة الفرنسية، من قبل السلطات الفرنسية في يونيو. وكانت بريم، البالغة من العمر 30 عامًا، تعمل كمستشارة في مشروع ممول من البنك الدولي واختطفت أثناء سفرها إلى صنعاء. وستعود إلى فرنسا قريبًا، وفقًا لمكتب الرئيس، دون تقديم تفاصيل أخرى. وكانت مترجمتها، شيرين ومكاوي، قد تم إطلاق سراحها أيضًا في مارس. ودأب رجال القبائل على اختطاف الأجانب للضغط على الحكومة أو لمبادلتهم بسجناء من أقاربهم. وكانت فرنسا قد أكدت في وقت سابق صحة صور الفيديو لبريم. وكانت في لباس أسود وقد ناشدت الرئيس الفرنسي والسلطات اليمنية للمساعدة في إطلاق سراحها، مشيرة إلى إرهاقها ومحاولة الانتحار عدة مرات. وكانت
997,يخطط ماين-نيكولاس، الرئيس السابق لاتحاد كرة القدم في تشيلي، للطعن على قرار منعه من المشاركة في أي نشاطات كرة قدم لسبعة أعوام، الذي اتخذته لجنة الأخلاقيات في الفيفا. تم اتخاذ القرار بناءً على مخاوف بشأن نزاهة تقييمه لعروض استضافة بطولتي كأس العالم 2018 و2022، بسبب حديثه مع مسؤولين عن العرض القطري حول فرص عمل لثلاثة من أقارب. يرى ماين-نيكولاس أن هذا الحديث لا ينبغي أن يكون سبباً للشك في نزاهته، ويطالب بنشر كامل نتائج التحقيق المستقل في آلية منح البطولتين.
998,"ليونيل ميسي، نجم برشلونة الأرجنتيني الشهير بـ ""البرغوث""، يواصل تقديم أداء استثنائي على مستوى عالٍ مع فريقه، مما ساهم في فوزه بالعديد من البطولات المحلية والقارية. مهارات ميسي الخيالية وقدرته على التلاعب بالخصوم قد أثارت إعجاب حتى رفاقه السابقين الذين لعبوا معه لسنوات في أكاديمية ""لا ماسيا"" لبرشلونة.

أحد هؤلاء اللاعبين هو سيسك فابريغاس، لاعب برشلونة السابق ولاعب تشيلسي الحالي، الذي ذكر أن ميسي كان صديقه المقرب وأنه لعب معه في الأكاديمية. فابريغاس أشار إلى حادثة معينة عندما كان عليه الدفاع عن ميسي في مباراة، حيث توقع أن ميسي سيختار الجهة اليسرى من الملعب، وهو ما حدث بالفعل، لكن مراوغة ميسي أسقطته أرضاً.

فابريغاس أكد أن ميسي"
999,"تواجه الشرطة اليونانية عشرات من الشباب الذين يرتدون ملابس سوداء يلقون الحجارة والقنابل الحارقة والزجاجات على قوات مكافحة الشغب، والتي ترد بإلقاء قنابل الغاز المسيل للدموع. هذه الأحداث تأتي في أعقاب مسيرة ضخمة لأكثر من 50 ألف شخص إلى مقر البرلمان، يهتفون ""لن نخضع للترويكا""، وهي إشارة إلى الاتفاق بين اليونان والاتحاد الأوروبي وصندوق النقد الدولي على جولة جديدة من خفض الإنفاق. وقد ألغيت أكثر من 12 رحلة جوية بسبب الإضراب الذي دعت إليه أكبر نقابتين في اليونان، والذي يعتبر أول اختبار لقدرة رئيس الوزراء انتونيس ساماراس على الصمود في وجه الأزمة."
